事業コード,開発コード,部番,販社,SF-CODE,ランク,年月,経過月,月次使用数,累積販売台数
E1,M01,100-0,A,SF-100,A,202101,0,1,850
E1,M01,100-0,C,SF-100,A,202101,0,2,500
E1,M01,100-0,ALL,SF-100,A,202101,0,3,2500
E1,M01,100-0,ALL,SF-100,A,202102,1,0,2630
E1,M01,100-0,A,SF-100,A,202103,2,1,938
E1,M01,100-0,B,SF-100,A,202103,2,1,662
E1,M01,100-0,C,SF-100,A,202103,2,0,552
E1,M01,100-0,D,SF-100,A,202103,2,2,414
E1,M01,100-0,ALL,SF-100,A,202103,2,4,2760
E1,M01,100-0,A,SF-100,A,202104,3,1,983
E1,M01,100-0,B,SF-100,A,202104,3,1,694
E1,M01,100-0,C,SF-100,A,202104,3,1,578
E1,M01,100-0,D,SF-100,A,202104,3,0,434
E1,M01,100-0,ALL,SF-100,A,202104,3,3,2890
E1,M01,100-0,A,SF-100,A,202105,4,1,1027
E1,M01,100-0,B,SF-100,A,202105,4,0,725
E1,M01,100-0,C,SF-100,A,202105,4,0,604
E1,M01,100-0,D,SF-100,A,202105,4,0,453
E1,M01,100-0,ALL,SF-100,A,202105,4,1,3020
E1,M01,100-0,A,SF-100,A,202106,5,0,1071
E1,M01,100-0,B,SF-100,A,202106,5,1,756
E1,M01,100-0,C,SF-100,A,202106,5,1,630
E1,M01,100-0,D,SF-100,A,202106,5,0,472
E1,M01,100-0,ALL,SF-100,A,202106,5,2,3150
E1,M01,100-0,A,SF-100,A,202107,6,2,1115
E1,M01,100-0,B,SF-100,A,202107,6,0,787
E1,M01,100-0,C,SF-100,A,202107,6,0,656
E1,M01,100-0,D,SF-100,A,202107,6,1,492
E1,M01,100-0,ALL,SF-100,A,202107,6,3,3280
E1,M01,100-0,A,SF-100,A,202108,7,2,1159
E1,M01,100-0,B,SF-100,A,202108,7,1,818
E1,M01,100-0,C,SF-100,A,202108,7,0,682
E1,M01,100-0,D,SF-100,A,202108,7,1,512
E1,M01,100-0,ALL,SF-100,A,202108,7,4,3410
E1,M01,100-0,A,SF-100,A,202109,8,1,1204
E1,M01,100-0,B,SF-100,A,202109,8,0,850
E1,M01,100-0,C,SF-100,A,202109,8,1,708
E1,M01,100-0,D,SF-100,A,202109,8,0,531
E1,M01,100-0,E,SF-100,A,202109,8,0,248
E1,M01,100-0,ALL,SF-100,A,202109,8,2,3540
E1,M01,100-0,A,SF-100,A,202110,9,2,1248
E1,M01,100-0,B,SF-100,A,202110,9,2,881
E1,M01,100-0,C,SF-100,A,202110,9,0,734
E1,M01,100-0,D,SF-100,A,202110,9,1,550
E1,M01,100-0,E,SF-100,A,202110,9,0,257
E1,M01,100-0,ALL,SF-100,A,202110,9,5,3670
E1,M01,100-0,A,SF-100,A,202111,10,1,1292
E1,M01,100-0,B,SF-100,A,202111,10,0,912
E1,M01,100-0,C,SF-100,A,202111,10,0,760
E1,M01,100-0,D,SF-100,A,202111,10,0,570
E1,M01,100-0,E,SF-100,A,202111,10,1,266
E1,M01,100-0,ALL,SF-100,A,202111,10,2,3800
E1,M01,100-0,A,SF-100,A,202112,11,2,1336
E1,M01,100-0,B,SF-100,A,202112,11,0,943
E1,M01,100-0,C,SF-100,A,202112,11,1,786
E1,M01,100-0,D,SF-100,A,202112,11,0,590
E1,M01,100-0,E,SF-100,A,202112,11,0,275
E1,M01,100-0,ALL,SF-100,A,202112,11,3,3930
E1,M01,100-0,A,SF-100,A,202201,12,1,1380
E1,M01,100-0,B,SF-100,A,202201,12,0,974
E1,M01,100-0,C,SF-100,A,202201,12,1,812
E1,M01,100-0,D,SF-100,A,202201,12,0,609
E1,M01,100-0,E,SF-100,A,202201,12,0,284
E1,M01,100-0,ALL,SF-100,A,202201,12,2,4060
E1,M01,100-0,A,SF-100,A,202202,13,0,1425
E1,M01,100-0,B,SF-100,A,202202,13,1,1006
E1,M01,100-0,C,SF-100,A,202202,13,1,838
E1,M01,100-0,D,SF-100,A,202202,13,2,628
E1,M01,100-0,E,SF-100,A,202202,13,0,293
E1,M01,100-0,ALL,SF-100,A,202202,13,4,4190
E1,M01,100-0,A,SF-100,A,202203,14,1,1469
E1,M01,100-0,B,SF-100,A,202203,14,0,1037
E1,M01,100-0,C,SF-100,A,202203,14,0,864
E1,M01,100-0,D,SF-100,A,202203,14,1,648
E1,M01,100-0,E,SF-100,A,202203,14,0,302
E1,M01,100-0,ALL,SF-100,A,202203,14,2,4320
E1,M01,100-0,A,SF-100,A,202204,15,2,1513
E1,M01,100-0,B,SF-100,A,202204,15,0,1068
E1,M01,100-0,C,SF-100,A,202204,15,1,890
E1,M01,100-0,D,SF-100,A,202204,15,0,668
E1,M01,100-0,E,SF-100,A,202204,15,1,312
E1,M01,100-0,ALL,SF-100,A,202204,15,4,4450
E1,M01,100-0,A,SF-100,A,202205,16,3,1557
E1,M01,100-0,B,SF-100,A,202205,16,3,1099
E1,M01,100-0,C,SF-100,A,202205,16,0,916
E1,M01,100-0,D,SF-100,A,202205,16,2,687
E1,M01,100-0,E,SF-100,A,202205,16,0,321
E1,M01,100-0,ALL,SF-100,A,202205,16,8,4580
E1,M01,100-0,A,SF-100,A,202206,17,1,1601
E1,M01,100-0,B,SF-100,A,202206,17,1,1130
E1,M01,100-0,C,SF-100,A,202206,17,0,942
E1,M01,100-0,D,SF-100,A,202206,17,0,706
E1,M01,100-0,E,SF-100,A,202206,17,0,330
E1,M01,100-0,ALL,SF-100,A,202206,17,2,4710
E1,M01,100-0,A,SF-100,A,202207,18,2,1646
E1,M01,100-0,B,SF-100,A,202207,18,0,1162
E1,M01,100-0,C,SF-100,A,202207,18,0,968
E1,M01,100-0,D,SF-100,A,202207,18,0,726
E1,M01,100-0,E,SF-100,A,202207,18,0,339
E1,M01,100-0,ALL,SF-100,A,202207,18,2,4840
E1,M01,100-0,A,SF-100,A,202208,19,3,1690
E1,M01,100-0,B,SF-100,A,202208,19,1,1193
E1,M01,100-0,C,SF-100,A,202208,19,1,994
E1,M01,100-0,D,SF-100,A,202208,19,0,746
E1,M01,100-0,E,SF-100,A,202208,19,0,348
E1,M01,100-0,ALL,SF-100,A,202208,19,5,4970
E1,M01,100-0,A,SF-100,A,202209,20,7,1734
E1,M01,100-0,B,SF-100,A,202209,20,1,1224
E1,M01,100-0,C,SF-100,A,202209,20,0,1020
E1,M01,100-0,D,SF-100,A,202209,20,1,765
E1,M01,100-0,E,SF-100,A,202209,20,0,357
E1,M01,100-0,ALL,SF-100,A,202209,20,9,5100
E1,M01,100-0,A,SF-100,A,202210,21,3,1778
E1,M01,100-0,B,SF-100,A,202210,21,2,1255
E1,M01,100-0,C,SF-100,A,202210,21,3,1046
E1,M01,100-0,D,SF-100,A,202210,21,0,784
E1,M01,100-0,E,SF-100,A,202210,21,0,366
E1,M01,100-0,ALL,SF-100,A,202210,21,8,5230
E1,M01,100-0,A,SF-100,A,202211,22,1,1822
E1,M01,100-0,B,SF-100,A,202211,22,1,1286
E1,M01,100-0,C,SF-100,A,202211,22,0,1072
E1,M01,100-0,D,SF-100,A,202211,22,1,804
E1,M01,100-0,E,SF-100,A,202211,22,0,375
E1,M01,100-0,ALL,SF-100,A,202211,22,3,5360
E1,M01,100-0,A,SF-100,A,202212,23,0,1867
E1,M01,100-0,B,SF-100,A,202212,23,2,1318
E1,M01,100-0,C,SF-100,A,202212,23,6,1098
E1,M01,100-0,D,SF-100,A,202212,23,0,824
E1,M01,100-0,E,SF-100,A,202212,23,2,384
E1,M01,100-0,ALL,SF-100,A,202212,23,10,5490
E1,M01,100-0,A,SF-100,A,202301,24,4,1911
E1,M01,100-0,B,SF-100,A,202301,24,1,1349
E1,M01,100-0,C,SF-100,A,202301,24,2,1124
E1,M01,100-0,D,SF-100,A,202301,24,0,843
E1,M01,100-0,E,SF-100,A,202301,24,0,393
E1,M01,100-0,ALL,SF-100,A,202301,24,7,5620
E1,M01,100-0,A,SF-100,A,202302,25,1,1955
E1,M01,100-0,B,SF-100,A,202302,25,4,1380
E1,M01,100-0,C,SF-100,A,202302,25,2,1150
E1,M01,100-0,D,SF-100,A,202302,25,1,862
E1,M01,100-0,E,SF-100,A,202302,25,1,403
E1,M01,100-0,ALL,SF-100,A,202302,25,9,5750
E1,M01,100-0,A,SF-100,A,202303,26,2,1999
E1,M01,100-0,B,SF-100,A,202303,26,3,1411
E1,M01,100-0,C,SF-100,A,202303,26,1,1176
E1,M01,100-0,D,SF-100,A,202303,26,0,882
E1,M01,100-0,E,SF-100,A,202303,26,3,412
E1,M01,100-0,ALL,SF-100,A,202303,26,9,5880
E1,M01,100-0,A,SF-100,A,202304,27,1,2043
E1,M01,100-0,B,SF-100,A,202304,27,0,1442
E1,M01,100-0,C,SF-100,A,202304,27,0,1202
E1,M01,100-0,D,SF-100,A,202304,27,1,902
E1,M01,100-0,E,SF-100,A,202304,27,0,421
E1,M01,100-0,ALL,SF-100,A,202304,27,2,6010
E1,M01,100-0,A,SF-100,A,202305,28,2,2088
E1,M01,100-0,B,SF-100,A,202305,28,2,1474
E1,M01,100-0,C,SF-100,A,202305,28,0,1228
E1,M01,100-0,D,SF-100,A,202305,28,3,921
E1,M01,100-0,E,SF-100,A,202305,28,2,430
E1,M01,100-0,ALL,SF-100,A,202305,28,9,6140
E1,M01,100-0,A,SF-100,A,202306,29,5,2132
E1,M01,100-0,B,SF-100,A,202306,29,2,1505
E1,M01,100-0,C,SF-100,A,202306,29,0,1254
E1,M01,100-0,D,SF-100,A,202306,29,2,940
E1,M01,100-0,E,SF-100,A,202306,29,0,439
E1,M01,100-0,ALL,SF-100,A,202306,29,9,6270
E1,M01,100-0,A,SF-100,A,202307,30,1,2176
E1,M01,100-0,B,SF-100,A,202307,30,2,1536
E1,M01,100-0,C,SF-100,A,202307,30,1,1280
E1,M01,100-0,D,SF-100,A,202307,30,0,960
E1,M01,100-0,E,SF-100,A,202307,30,0,448
E1,M01,100-0,ALL,SF-100,A,202307,30,4,6400
E1,M01,100-0,A,SF-100,A,202308,31,1,2220
E1,M01,100-0,B,SF-100,A,202308,31,4,1567
E1,M01,100-0,C,SF-100,A,202308,31,2,1306
E1,M01,100-0,D,SF-100,A,202308,31,1,980
E1,M01,100-0,E,SF-100,A,202308,31,1,457
E1,M01,100-0,ALL,SF-100,A,202308,31,9,6530
E1,M01,100-0,A,SF-100,A,202309,32,5,2264
E1,M01,100-0,B,SF-100,A,202309,32,1,1598
E1,M01,100-0,C,SF-100,A,202309,32,2,1332
E1,M01,100-0,D,SF-100,A,202309,32,0,999
E1,M01,100-0,E,SF-100,A,202309,32,0,466
E1,M01,100-0,ALL,SF-100,A,202309,32,8,6660
E1,M01,100-0,A,SF-100,A,202310,33,3,2309
E1,M01,100-0,B,SF-100,A,202310,33,0,1630
E1,M01,100-0,C,SF-100,A,202310,33,2,1358
E1,M01,100-0,D,SF-100,A,202310,33,0,1018
E1,M01,100-0,E,SF-100,A,202310,33,0,475
E1,M01,100-0,ALL,SF-100,A,202310,33,5,6790
E1,M01,100-0,A,SF-100,A,202311,34,2,2353
E1,M01,100-0,B,SF-100,A,202311,34,3,1661
E1,M01,100-0,C,SF-100,A,202311,34,2,1384
E1,M01,100-0,D,SF-100,A,202311,34,2,1038
E1,M01,100-0,E,SF-100,A,202311,34,0,484
E1,M01,100-0,ALL,SF-100,A,202311,34,9,6920
E1,M01,100-0,A,SF-100,A,202312,35,4,2397
E1,M01,100-0,B,SF-100,A,202312,35,0,1692
E1,M01,100-0,C,SF-100,A,202312,35,3,1410
E1,M01,100-0,D,SF-100,A,202312,35,2,1058
E1,M01,100-0,E,SF-100,A,202312,35,0,494
E1,M01,100-0,ALL,SF-100,A,202312,35,9,7050
E1,M01,100-0,A,SF-100,A,202401,36,3,2441
E1,M01,100-0,B,SF-100,A,202401,36,1,1723
E1,M01,100-0,C,SF-100,A,202401,36,1,1436
E1,M01,100-0,D,SF-100,A,202401,36,1,1077
E1,M01,100-0,E,SF-100,A,202401,36,0,503
E1,M01,100-0,ALL,SF-100,A,202401,36,6,7180
E1,M01,100-0,A,SF-100,A,202402,37,5,2485
E1,M01,100-0,B,SF-100,A,202402,37,0,1754
E1,M01,100-0,C,SF-100,A,202402,37,1,1462
E1,M01,100-0,D,SF-100,A,202402,37,0,1096
E1,M01,100-0,E,SF-100,A,202402,37,0,512
E1,M01,100-0,ALL,SF-100,A,202402,37,6,7310
E1,M01,100-0,A,SF-100,A,202403,38,4,2530
E1,M01,100-0,B,SF-100,A,202403,38,5,1786
E1,M01,100-0,C,SF-100,A,202403,38,1,1488
E1,M01,100-0,D,SF-100,A,202403,38,2,1116
E1,M01,100-0,E,SF-100,A,202403,38,0,521
E1,M01,100-0,ALL,SF-100,A,202403,38,12,7440
E1,M01,100-0,A,SF-100,A,202404,39,4,2574
E1,M01,100-0,B,SF-100,A,202404,39,1,1817
E1,M01,100-0,C,SF-100,A,202404,39,0,1514
E1,M01,100-0,D,SF-100,A,202404,39,1,1136
E1,M01,100-0,E,SF-100,A,202404,39,2,530
E1,M01,100-0,ALL,SF-100,A,202404,39,8,7570
E1,M01,100-0,A,SF-100,A,202405,40,5,2618
E1,M01,100-0,B,SF-100,A,202405,40,1,1848
E1,M01,100-0,C,SF-100,A,202405,40,4,1540
E1,M01,100-0,D,SF-100,A,202405,40,1,1155
E1,M01,100-0,E,SF-100,A,202405,40,0,539
E1,M01,100-0,ALL,SF-100,A,202405,40,11,7700
E1,M01,100-0,A,SF-100,A,202406,41,5,2662
E1,M01,100-0,B,SF-100,A,202406,41,0,1879
E1,M01,100-0,C,SF-100,A,202406,41,2,1566
E1,M01,100-0,D,SF-100,A,202406,41,2,1174
E1,M01,100-0,E,SF-100,A,202406,41,1,548
E1,M01,100-0,ALL,SF-100,A,202406,41,10,7830
E1,M01,100-0,A,SF-100,A,202407,42,4,2706
E1,M01,100-0,B,SF-100,A,202407,42,4,1910
E1,M01,100-0,C,SF-100,A,202407,42,4,1592
E1,M01,100-0,D,SF-100,A,202407,42,1,1194
E1,M01,100-0,E,SF-100,A,202407,42,1,557
E1,M01,100-0,ALL,SF-100,A,202407,42,14,7960
E1,M01,100-0,A,SF-100,A,202408,43,3,2751
E1,M01,100-0,B,SF-100,A,202408,43,2,1942
E1,M01,100-0,C,SF-100,A,202408,43,1,1618
E1,M01,100-0,D,SF-100,A,202408,43,3,1214
E1,M01,100-0,E,SF-100,A,202408,43,2,566
E1,M01,100-0,ALL,SF-100,A,202408,43,11,8090
E1,M01,100-0,A,SF-100,A,202409,44,1,2795
E1,M01,100-0,B,SF-100,A,202409,44,3,1973
E1,M01,100-0,C,SF-100,A,202409,44,3,1644
E1,M01,100-0,D,SF-100,A,202409,44,2,1233
E1,M01,100-0,E,SF-100,A,202409,44,1,575
E1,M01,100-0,ALL,SF-100,A,202409,44,10,8220
E1,M01,100-0,A,SF-100,A,202410,45,3,2839
E1,M01,100-0,B,SF-100,A,202410,45,2,2004
E1,M01,100-0,C,SF-100,A,202410,45,2,1670
E1,M01,100-0,D,SF-100,A,202410,45,3,1252
E1,M01,100-0,E,SF-100,A,202410,45,0,584
E1,M01,100-0,ALL,SF-100,A,202410,45,10,8350
E1,M01,100-0,A,SF-100,A,202411,46,5,2883
E1,M01,100-0,B,SF-100,A,202411,46,6,2035
E1,M01,100-0,C,SF-100,A,202411,46,1,1696
E1,M01,100-0,D,SF-100,A,202411,46,1,1272
E1,M01,100-0,E,SF-100,A,202411,46,0,594
E1,M01,100-0,ALL,SF-100,A,202411,46,13,8480
E1,M01,100-0,A,SF-100,A,202412,47,2,2927
E1,M01,100-0,B,SF-100,A,202412,47,2,2066
E1,M01,100-0,C,SF-100,A,202412,47,16,1722
E1,M01,100-0,D,SF-100,A,202412,47,0,1292
E1,M01,100-0,E,SF-100,A,202412,47,3,603
E1,M01,100-0,ALL,SF-100,A,202412,47,23,8610
E1,M01,101-0,A,SF-101,A,202101,0,1,850
E1,M01,101-0,B,SF-101,A,202101,0,1,600
E1,M01,101-0,ALL,SF-101,A,202101,0,2,2500
E1,M01,101-0,A,SF-101,A,202102,1,1,894
E1,M01,101-0,ALL,SF-101,A,202102,1,1,2630
E1,M01,101-0,A,SF-101,A,202103,2,1,938
E1,M01,101-0,B,SF-101,A,202103,2,0,662
E1,M01,101-0,C,SF-101,A,202103,2,1,552
E1,M01,101-0,D,SF-101,A,202103,2,0,414
E1,M01,101-0,ALL,SF-101,A,202103,2,2,2760
E1,M01,101-0,A,SF-101,A,202104,3,1,983
E1,M01,101-0,B,SF-101,A,202104,3,1,694
E1,M01,101-0,C,SF-101,A,202104,3,2,578
E1,M01,101-0,D,SF-101,A,202104,3,0,434
E1,M01,101-0,ALL,SF-101,A,202104,3,4,2890
E1,M01,101-0,A,SF-101,A,202105,4,0,1027
E1,M01,101-0,B,SF-101,A,202105,4,1,725
E1,M01,101-0,C,SF-101,A,202105,4,1,604
E1,M01,101-0,D,SF-101,A,202105,4,0,453
E1,M01,101-0,ALL,SF-101,A,202105,4,2,3020
E1,M01,101-0,A,SF-101,A,202106,5,1,1071
E1,M01,101-0,B,SF-101,A,202106,5,1,756
E1,M01,101-0,C,SF-101,A,202106,5,0,630
E1,M01,101-0,D,SF-101,A,202106,5,1,472
E1,M01,101-0,ALL,SF-101,A,202106,5,3,3150
E1,M01,101-0,A,SF-101,A,202107,6,2,1115
E1,M01,101-0,B,SF-101,A,202107,6,0,787
E1,M01,101-0,C,SF-101,A,202107,6,1,656
E1,M01,101-0,D,SF-101,A,202107,6,0,492
E1,M01,101-0,ALL,SF-101,A,202107,6,3,3280
E1,M01,101-0,A,SF-101,A,202108,7,2,1159
E1,M01,101-0,B,SF-101,A,202108,7,4,818
E1,M01,101-0,C,SF-101,A,202108,7,3,682
E1,M01,101-0,D,SF-101,A,202108,7,0,512
E1,M01,101-0,ALL,SF-101,A,202108,7,9,3410
E1,M01,101-0,A,SF-101,A,202109,8,0,1204
E1,M01,101-0,B,SF-101,A,202109,8,2,850
E1,M01,101-0,C,SF-101,A,202109,8,0,708
E1,M01,101-0,D,SF-101,A,202109,8,1,531
E1,M01,101-0,E,SF-101,A,202109,8,0,248
E1,M01,101-0,ALL,SF-101,A,202109,8,3,3540
E1,M01,101-0,A,SF-101,A,202110,9,2,1248
E1,M01,101-0,B,SF-101,A,202110,9,1,881
E1,M01,101-0,C,SF-101,A,202110,9,1,734
E1,M01,101-0,D,SF-101,A,202110,9,1,550
E1,M01,101-0,E,SF-101,A,202110,9,1,257
E1,M01,101-0,ALL,SF-101,A,202110,9,6,3670
E1,M01,101-0,A,SF-101,A,202111,10,1,1292
E1,M01,101-0,B,SF-101,A,202111,10,0,912
E1,M01,101-0,C,SF-101,A,202111,10,1,760
E1,M01,101-0,D,SF-101,A,202111,10,1,570
E1,M01,101-0,E,SF-101,A,202111,10,0,266
E1,M01,101-0,ALL,SF-101,A,202111,10,3,3800
E1,M01,101-0,A,SF-101,A,202112,11,0,1336
E1,M01,101-0,B,SF-101,A,202112,11,0,943
E1,M01,101-0,C,SF-101,A,202112,11,2,786
E1,M01,101-0,D,SF-101,A,202112,11,1,590
E1,M01,101-0,E,SF-101,A,202112,11,0,275
E1,M01,101-0,ALL,SF-101,A,202112,11,3,3930
E1,M01,101-0,A,SF-101,A,202201,12,1,1380
E1,M01,101-0,B,SF-101,A,202201,12,0,974
E1,M01,101-0,C,SF-101,A,202201,12,0,812
E1,M01,101-0,D,SF-101,A,202201,12,1,609
E1,M01,101-0,E,SF-101,A,202201,12,1,284
E1,M01,101-0,ALL,SF-101,A,202201,12,3,4060
E1,M01,101-0,A,SF-101,A,202202,13,0,1425
E1,M01,101-0,B,SF-101,A,202202,13,3,1006
E1,M01,101-0,C,SF-101,A,202202,13,1,838
E1,M01,101-0,D,SF-101,A,202202,13,2,628
E1,M01,101-0,E,SF-101,A,202202,13,0,293
E1,M01,101-0,ALL,SF-101,A,202202,13,6,4190
E1,M01,101-0,A,SF-101,A,202203,14,3,1469
E1,M01,101-0,B,SF-101,A,202203,14,1,1037
E1,M01,101-0,C,SF-101,A,202203,14,1,864
E1,M01,101-0,D,SF-101,A,202203,14,0,648
E1,M01,101-0,E,SF-101,A,202203,14,0,302
E1,M01,101-0,ALL,SF-101,A,202203,14,5,4320
E1,M01,101-0,A,SF-101,A,202204,15,0,1513
E1,M01,101-0,B,SF-101,A,202204,15,1,1068
E1,M01,101-0,C,SF-101,A,202204,15,0,890
E1,M01,101-0,D,SF-101,A,202204,15,0,668
E1,M01,101-0,E,SF-101,A,202204,15,0,312
E1,M01,101-0,ALL,SF-101,A,202204,15,1,4450
E1,M01,101-0,A,SF-101,A,202205,16,3,1557
E1,M01,101-0,B,SF-101,A,202205,16,1,1099
E1,M01,101-0,C,SF-101,A,202205,16,1,916
E1,M01,101-0,D,SF-101,A,202205,16,0,687
E1,M01,101-0,E,SF-101,A,202205,16,0,321
E1,M01,101-0,ALL,SF-101,A,202205,16,5,4580
E1,M01,101-0,A,SF-101,A,202206,17,1,1601
E1,M01,101-0,B,SF-101,A,202206,17,1,1130
E1,M01,101-0,C,SF-101,A,202206,17,0,942
E1,M01,101-0,D,SF-101,A,202206,17,0,706
E1,M01,101-0,E,SF-101,A,202206,17,0,330
E1,M01,101-0,ALL,SF-101,A,202206,17,2,4710
E1,M01,101-0,A,SF-101,A,202207,18,0,1646
E1,M01,101-0,B,SF-101,A,202207,18,3,1162
E1,M01,101-0,C,SF-101,A,202207,18,0,968
E1,M01,101-0,D,SF-101,A,202207,18,0,726
E1,M01,101-0,E,SF-101,A,202207,18,0,339
E1,M01,101-0,ALL,SF-101,A,202207,18,3,4840
E1,M01,101-0,A,SF-101,A,202208,19,0,1690
E1,M01,101-0,B,SF-101,A,202208,19,4,1193
E1,M01,101-0,C,SF-101,A,202208,19,2,994
E1,M01,101-0,D,SF-101,A,202208,19,4,746
E1,M01,101-0,E,SF-101,A,202208,19,0,348
E1,M01,101-0,ALL,SF-101,A,202208,19,10,4970
E1,M01,101-0,A,SF-101,A,202209,20,1,1734
E1,M01,101-0,B,SF-101,A,202209,20,0,1224
E1,M01,101-0,C,SF-101,A,202209,20,1,1020
E1,M01,101-0,D,SF-101,A,202209,20,0,765
E1,M01,101-0,E,SF-101,A,202209,20,1,357
E1,M01,101-0,ALL,SF-101,A,202209,20,3,5100
E1,M01,101-0,A,SF-101,A,202210,21,2,1778
E1,M01,101-0,B,SF-101,A,202210,21,4,1255
E1,M01,101-0,C,SF-101,A,202210,21,0,1046
E1,M01,101-0,D,SF-101,A,202210,21,2,784
E1,M01,101-0,E,SF-101,A,202210,21,0,366
E1,M01,101-0,ALL,SF-101,A,202210,21,8,5230
E1,M01,101-0,A,SF-101,A,202211,22,1,1822
E1,M01,101-0,B,SF-101,A,202211,22,1,1286
E1,M01,101-0,C,SF-101,A,202211,22,1,1072
E1,M01,101-0,D,SF-101,A,202211,22,1,804
E1,M01,101-0,E,SF-101,A,202211,22,0,375
E1,M01,101-0,ALL,SF-101,A,202211,22,4,5360
E1,M01,101-0,A,SF-101,A,202212,23,4,1867
E1,M01,101-0,B,SF-101,A,202212,23,0,1318
E1,M01,101-0,C,SF-101,A,202212,23,0,1098
E1,M01,101-0,D,SF-101,A,202212,23,1,824
E1,M01,101-0,E,SF-101,A,202212,23,0,384
E1,M01,101-0,ALL,SF-101,A,202212,23,5,5490
E1,M01,101-0,A,SF-101,A,202301,24,0,1911
E1,M01,101-0,B,SF-101,A,202301,24,0,1349
E1,M01,101-0,C,SF-101,A,202301,24,1,1124
E1,M01,101-0,D,SF-101,A,202301,24,0,843
E1,M01,101-0,E,SF-101,A,202301,24,0,393
E1,M01,101-0,ALL,SF-101,A,202301,24,1,5620
E1,M01,101-0,A,SF-101,A,202302,25,2,1955
E1,M01,101-0,B,SF-101,A,202302,25,1,1380
E1,M01,101-0,C,SF-101,A,202302,25,0,1150
E1,M01,101-0,D,SF-101,A,202302,25,2,862
E1,M01,101-0,E,SF-101,A,202302,25,0,403
E1,M01,101-0,ALL,SF-101,A,202302,25,5,5750
E1,M01,101-0,A,SF-101,A,202303,26,2,1999
E1,M01,101-0,B,SF-101,A,202303,26,2,1411
E1,M01,101-0,C,SF-101,A,202303,26,2,1176
E1,M01,101-0,D,SF-101,A,202303,26,1,882
E1,M01,101-0,E,SF-101,A,202303,26,0,412
E1,M01,101-0,ALL,SF-101,A,202303,26,7,5880
E1,M01,101-0,A,SF-101,A,202304,27,2,2043
E1,M01,101-0,B,SF-101,A,202304,27,0,1442
E1,M01,101-0,C,SF-101,A,202304,27,0,1202
E1,M01,101-0,D,SF-101,A,202304,27,3,902
E1,M01,101-0,E,SF-101,A,202304,27,0,421
E1,M01,101-0,ALL,SF-101,A,202304,27,5,6010
E1,M01,101-0,A,SF-101,A,202305,28,6,2088
E1,M01,101-0,B,SF-101,A,202305,28,2,1474
E1,M01,101-0,C,SF-101,A,202305,28,0,1228
E1,M01,101-0,D,SF-101,A,202305,28,1,921
E1,M01,101-0,E,SF-101,A,202305,28,0,430
E1,M01,101-0,ALL,SF-101,A,202305,28,9,6140
E1,M01,101-0,A,SF-101,A,202306,29,4,2132
E1,M01,101-0,B,SF-101,A,202306,29,3,1505
E1,M01,101-0,C,SF-101,A,202306,29,0,1254
E1,M01,101-0,D,SF-101,A,202306,29,1,940
E1,M01,101-0,E,SF-101,A,202306,29,1,439
E1,M01,101-0,ALL,SF-101,A,202306,29,9,6270
E1,M01,101-0,A,SF-101,A,202307,30,1,2176
E1,M01,101-0,B,SF-101,A,202307,30,2,1536
E1,M01,101-0,C,SF-101,A,202307,30,0,1280
E1,M01,101-0,D,SF-101,A,202307,30,0,960
E1,M01,101-0,E,SF-101,A,202307,30,0,448
E1,M01,101-0,ALL,SF-101,A,202307,30,3,6400
E1,M01,101-0,A,SF-101,A,202308,31,3,2220
E1,M01,101-0,B,SF-101,A,202308,31,2,1567
E1,M01,101-0,C,SF-101,A,202308,31,1,1306
E1,M01,101-0,D,SF-101,A,202308,31,1,980
E1,M01,101-0,E,SF-101,A,202308,31,0,457
E1,M01,101-0,ALL,SF-101,A,202308,31,7,6530
E1,M01,101-0,A,SF-101,A,202309,32,2,2264
E1,M01,101-0,B,SF-101,A,202309,32,2,1598
E1,M01,101-0,C,SF-101,A,202309,32,2,1332
E1,M01,101-0,D,SF-101,A,202309,32,0,999
E1,M01,101-0,E,SF-101,A,202309,32,0,466
E1,M01,101-0,ALL,SF-101,A,202309,32,6,6660
E1,M01,101-0,A,SF-101,A,202310,33,1,2309
E1,M01,101-0,B,SF-101,A,202310,33,0,1630
E1,M01,101-0,C,SF-101,A,202310,33,2,1358
E1,M01,101-0,D,SF-101,A,202310,33,3,1018
E1,M01,101-0,E,SF-101,A,202310,33,0,475
E1,M01,101-0,ALL,SF-101,A,202310,33,6,6790
E1,M01,101-0,A,SF-101,A,202311,34,3,2353
E1,M01,101-0,B,SF-101,A,202311,34,4,1661
E1,M01,101-0,C,SF-101,A,202311,34,0,1384
E1,M01,101-0,D,SF-101,A,202311,34,1,1038
E1,M01,101-0,E,SF-101,A,202311,34,1,484
E1,M01,101-0,ALL,SF-101,A,202311,34,9,6920
E1,M01,101-0,A,SF-101,A,202312,35,1,2397
E1,M01,101-0,B,SF-101,A,202312,35,2,1692
E1,M01,101-0,C,SF-101,A,202312,35,1,1410
E1,M01,101-0,D,SF-101,A,202312,35,3,1058
E1,M01,101-0,E,SF-101,A,202312,35,0,494
E1,M01,101-0,ALL,SF-101,A,202312,35,7,7050
E1,M01,101-0,A,SF-101,A,202401,36,1,2441
E1,M01,101-0,B,SF-101,A,202401,36,1,1723
E1,M01,101-0,C,SF-101,A,202401,36,0,1436
E1,M01,101-0,D,SF-101,A,202401,36,1,1077
E1,M01,101-0,E,SF-101,A,202401,36,1,503
E1,M01,101-0,ALL,SF-101,A,202401,36,4,7180
E1,M01,101-0,A,SF-101,A,202402,37,3,2485
E1,M01,101-0,B,SF-101,A,202402,37,2,1754
E1,M01,101-0,C,SF-101,A,202402,37,0,1462
E1,M01,101-0,D,SF-101,A,202402,37,2,1096
E1,M01,101-0,E,SF-101,A,202402,37,0,512
E1,M01,101-0,ALL,SF-101,A,202402,37,7,7310
E1,M01,101-0,A,SF-101,A,202403,38,1,2530
E1,M01,101-0,B,SF-101,A,202403,38,2,1786
E1,M01,101-0,C,SF-101,A,202403,38,1,1488
E1,M01,101-0,D,SF-101,A,202403,38,1,1116
E1,M01,101-0,E,SF-101,A,202403,38,0,521
E1,M01,101-0,ALL,SF-101,A,202403,38,5,7440
E1,M01,101-0,A,SF-101,A,202404,39,4,2574
E1,M01,101-0,B,SF-101,A,202404,39,2,1817
E1,M01,101-0,C,SF-101,A,202404,39,2,1514
E1,M01,101-0,D,SF-101,A,202404,39,2,1136
E1,M01,101-0,E,SF-101,A,202404,39,1,530
E1,M01,101-0,ALL,SF-101,A,202404,39,11,7570
E1,M01,101-0,A,SF-101,A,202405,40,1,2618
E1,M01,101-0,B,SF-101,A,202405,40,3,1848
E1,M01,101-0,C,SF-101,A,202405,40,2,1540
E1,M01,101-0,D,SF-101,A,202405,40,1,1155
E1,M01,101-0,E,SF-101,A,202405,40,0,539
E1,M01,101-0,ALL,SF-101,A,202405,40,7,7700
E1,M01,101-0,A,SF-101,A,202406,41,6,2662
E1,M01,101-0,B,SF-101,A,202406,41,1,1879
E1,M01,101-0,C,SF-101,A,202406,41,1,1566
E1,M01,101-0,D,SF-101,A,202406,41,2,1174
E1,M01,101-0,E,SF-101,A,202406,41,1,548
E1,M01,101-0,ALL,SF-101,A,202406,41,11,7830
E1,M01,101-0,A,SF-101,A,202407,42,1,2706
E1,M01,101-0,B,SF-101,A,202407,42,3,1910
E1,M01,101-0,C,SF-101,A,202407,42,3,1592
E1,M01,101-0,D,SF-101,A,202407,42,1,1194
E1,M01,101-0,E,SF-101,A,202407,42,1,557
E1,M01,101-0,ALL,SF-101,A,202407,42,9,7960
E1,M01,101-0,A,SF-101,A,202408,43,1,2751
E1,M01,101-0,B,SF-101,A,202408,43,2,1942
E1,M01,101-0,C,SF-101,A,202408,43,1,1618
E1,M01,101-0,D,SF-101,A,202408,43,0,1214
E1,M01,101-0,E,SF-101,A,202408,43,0,566
E1,M01,101-0,ALL,SF-101,A,202408,43,4,8090
E1,M01,101-0,A,SF-101,A,202409,44,8,2795
E1,M01,101-0,B,SF-101,A,202409,44,0,1973
E1,M01,101-0,C,SF-101,A,202409,44,2,1644
E1,M01,101-0,D,SF-101,A,202409,44,0,1233
E1,M01,101-0,E,SF-101,A,202409,44,1,575
E1,M01,101-0,ALL,SF-101,A,202409,44,11,8220
E1,M01,101-0,A,SF-101,A,202410,45,4,2839
E1,M01,101-0,B,SF-101,A,202410,45,0,2004
E1,M01,101-0,C,SF-101,A,202410,45,1,1670
E1,M01,101-0,D,SF-101,A,202410,45,1,1252
E1,M01,101-0,E,SF-101,A,202410,45,0,584
E1,M01,101-0,ALL,SF-101,A,202410,45,6,8350
E1,M01,101-0,A,SF-101,A,202411,46,2,2883
E1,M01,101-0,B,SF-101,A,202411,46,5,2035
E1,M01,101-0,C,SF-101,A,202411,46,1,1696
E1,M01,101-0,D,SF-101,A,202411,46,3,1272
E1,M01,101-0,E,SF-101,A,202411,46,0,594
E1,M01,101-0,ALL,SF-101,A,202411,46,11,8480
E1,M01,101-0,A,SF-101,A,202412,47,2,2927
E1,M01,101-0,B,SF-101,A,202412,47,3,2066
E1,M01,101-0,C,SF-101,A,202412,47,1,1722
E1,M01,101-0,D,SF-101,A,202412,47,0,1292
E1,M01,101-0,E,SF-101,A,202412,47,0,603
E1,M01,101-0,ALL,SF-101,A,202412,47,6,8610
E1,M01,102-0,A,SF-102,A,202101,0,1,850
E1,M01,102-0,C,SF-102,A,202101,0,1,500
E1,M01,102-0,D,SF-102,A,202101,0,1,375
E1,M01,102-0,ALL,SF-102,A,202101,0,3,2500
E1,M01,102-0,A,SF-102,A,202102,1,2,894
E1,M01,102-0,B,SF-102,A,202102,1,1,631
E1,M01,102-0,C,SF-102,A,202102,1,1,526
E1,M01,102-0,ALL,SF-102,A,202102,1,4,2630
E1,M01,102-0,A,SF-102,A,202103,2,2,938
E1,M01,102-0,B,SF-102,A,202103,2,0,662
E1,M01,102-0,C,SF-102,A,202103,2,0,552
E1,M01,102-0,D,SF-102,A,202103,2,1,414
E1,M01,102-0,ALL,SF-102,A,202103,2,3,2760
E1,M01,102-0,A,SF-102,A,202104,3,1,983
E1,M01,102-0,B,SF-102,A,202104,3,1,694
E1,M01,102-0,C,SF-102,A,202104,3,0,578
E1,M01,102-0,D,SF-102,A,202104,3,0,434
E1,M01,102-0,ALL,SF-102,A,202104,3,2,2890
E1,M01,102-0,A,SF-102,A,202105,4,4,1027
E1,M01,102-0,B,SF-102,A,202105,4,1,725
E1,M01,102-0,C,SF-102,A,202105,4,0,604
E1,M01,102-0,D,SF-102,A,202105,4,0,453
E1,M01,102-0,ALL,SF-102,A,202105,4,5,3020
E1,M01,102-0,A,SF-102,A,202106,5,0,1071
E1,M01,102-0,B,SF-102,A,202106,5,1,756
E1,M01,102-0,C,SF-102,A,202106,5,1,630
E1,M01,102-0,D,SF-102,A,202106,5,1,472
E1,M01,102-0,ALL,SF-102,A,202106,5,3,3150
E1,M01,102-0,A,SF-102,A,202107,6,1,1115
E1,M01,102-0,B,SF-102,A,202107,6,1,787
E1,M01,102-0,C,SF-102,A,202107,6,1,656
E1,M01,102-0,D,SF-102,A,202107,6,0,492
E1,M01,102-0,ALL,SF-102,A,202107,6,3,3280
E1,M01,102-0,A,SF-102,A,202108,7,0,1159
E1,M01,102-0,B,SF-102,A,202108,7,1,818
E1,M01,102-0,C,SF-102,A,202108,7,1,682
E1,M01,102-0,D,SF-102,A,202108,7,0,512
E1,M01,102-0,ALL,SF-102,A,202108,7,2,3410
E1,M01,102-0,A,SF-102,A,202109,8,0,1204
E1,M01,102-0,B,SF-102,A,202109,8,1,850
E1,M01,102-0,C,SF-102,A,202109,8,0,708
E1,M01,102-0,D,SF-102,A,202109,8,1,531
E1,M01,102-0,E,SF-102,A,202109,8,0,248
E1,M01,102-0,ALL,SF-102,A,202109,8,2,3540
E1,M01,102-0,A,SF-102,A,202110,9,1,1248
E1,M01,102-0,B,SF-102,A,202110,9,1,881
E1,M01,102-0,C,SF-102,A,202110,9,2,734
E1,M01,102-0,D,SF-102,A,202110,9,0,550
E1,M01,102-0,E,SF-102,A,202110,9,0,257
E1,M01,102-0,ALL,SF-102,A,202110,9,4,3670
E1,M01,102-0,A,SF-102,A,202111,10,3,1292
E1,M01,102-0,B,SF-102,A,202111,10,0,912
E1,M01,102-0,C,SF-102,A,202111,10,3,760
E1,M01,102-0,D,SF-102,A,202111,10,0,570
E1,M01,102-0,E,SF-102,A,202111,10,0,266
E1,M01,102-0,ALL,SF-102,A,202111,10,6,3800
E1,M01,102-0,A,SF-102,A,202112,11,3,1336
E1,M01,102-0,B,SF-102,A,202112,11,2,943
E1,M01,102-0,C,SF-102,A,202112,11,2,786
E1,M01,102-0,D,SF-102,A,202112,11,0,590
E1,M01,102-0,E,SF-102,A,202112,11,0,275
E1,M01,102-0,ALL,SF-102,A,202112,11,7,3930
E1,M01,102-0,A,SF-102,A,202201,12,1,1380
E1,M01,102-0,B,SF-102,A,202201,12,4,974
E1,M01,102-0,C,SF-102,A,202201,12,2,812
E1,M01,102-0,D,SF-102,A,202201,12,1,609
E1,M01,102-0,E,SF-102,A,202201,12,1,284
E1,M01,102-0,ALL,SF-102,A,202201,12,9,4060
E1,M01,102-0,A,SF-102,A,202202,13,1,1425
E1,M01,102-0,B,SF-102,A,202202,13,1,1006
E1,M01,102-0,C,SF-102,A,202202,13,2,838
E1,M01,102-0,D,SF-102,A,202202,13,0,628
E1,M01,102-0,E,SF-102,A,202202,13,0,293
E1,M01,102-0,ALL,SF-102,A,202202,13,4,4190
E1,M01,102-0,A,SF-102,A,202203,14,2,1469
E1,M01,102-0,B,SF-102,A,202203,14,0,1037
E1,M01,102-0,C,SF-102,A,202203,14,3,864
E1,M01,102-0,D,SF-102,A,202203,14,0,648
E1,M01,102-0,E,SF-102,A,202203,14,1,302
E1,M01,102-0,ALL,SF-102,A,202203,14,6,4320
E1,M01,102-0,A,SF-102,A,202204,15,1,1513
E1,M01,102-0,B,SF-102,A,202204,15,2,1068
E1,M01,102-0,C,SF-102,A,202204,15,1,890
E1,M01,102-0,D,SF-102,A,202204,15,1,668
E1,M01,102-0,E,SF-102,A,202204,15,0,312
E1,M01,102-0,ALL,SF-102,A,202204,15,5,4450
E1,M01,102-0,A,SF-102,A,202205,16,0,1557
E1,M01,102-0,B,SF-102,A,202205,16,0,1099
E1,M01,102-0,C,SF-102,A,202205,16,0,916
E1,M01,102-0,D,SF-102,A,202205,16,0,687
E1,M01,102-0,E,SF-102,A,202205,16,0,321
E1,M01,102-0,ALL,SF-102,A,202205,16,0,4580
E1,M01,102-0,A,SF-102,A,202206,17,1,1601
E1,M01,102-0,B,SF-102,A,202206,17,2,1130
E1,M01,102-0,C,SF-102,A,202206,17,0,942
E1,M01,102-0,D,SF-102,A,202206,17,0,706
E1,M01,102-0,E,SF-102,A,202206,17,0,330
E1,M01,102-0,ALL,SF-102,A,202206,17,3,4710
E1,M01,102-0,A,SF-102,A,202207,18,5,1646
E1,M01,102-0,B,SF-102,A,202207,18,3,1162
E1,M01,102-0,C,SF-102,A,202207,18,1,968
E1,M01,102-0,D,SF-102,A,202207,18,1,726
E1,M01,102-0,E,SF-102,A,202207,18,1,339
E1,M01,102-0,ALL,SF-102,A,202207,18,11,4840
E1,M01,102-0,A,SF-102,A,202208,19,0,1690
E1,M01,102-0,B,SF-102,A,202208,19,2,1193
E1,M01,102-0,C,SF-102,A,202208,19,2,994
E1,M01,102-0,D,SF-102,A,202208,19,0,746
E1,M01,102-0,E,SF-102,A,202208,19,1,348
E1,M01,102-0,ALL,SF-102,A,202208,19,5,4970
E1,M01,102-0,A,SF-102,A,202209,20,1,1734
E1,M01,102-0,B,SF-102,A,202209,20,1,1224
E1,M01,102-0,C,SF-102,A,202209,20,0,1020
E1,M01,102-0,D,SF-102,A,202209,20,0,765
E1,M01,102-0,E,SF-102,A,202209,20,1,357
E1,M01,102-0,ALL,SF-102,A,202209,20,3,5100
E1,M01,102-0,A,SF-102,A,202210,21,2,1778
E1,M01,102-0,B,SF-102,A,202210,21,1,1255
E1,M01,102-0,C,SF-102,A,202210,21,0,1046
E1,M01,102-0,D,SF-102,A,202210,21,2,784
E1,M01,102-0,E,SF-102,A,202210,21,1,366
E1,M01,102-0,ALL,SF-102,A,202210,21,6,5230
E1,M01,102-0,A,SF-102,A,202211,22,2,1822
E1,M01,102-0,B,SF-102,A,202211,22,2,1286
E1,M01,102-0,C,SF-102,A,202211,22,1,1072
E1,M01,102-0,D,SF-102,A,202211,22,1,804
E1,M01,102-0,E,SF-102,A,202211,22,1,375
E1,M01,102-0,ALL,SF-102,A,202211,22,7,5360
E1,M01,102-0,A,SF-102,A,202212,23,2,1867
E1,M01,102-0,B,SF-102,A,202212,23,2,1318
E1,M01,102-0,C,SF-102,A,202212,23,2,1098
E1,M01,102-0,D,SF-102,A,202212,23,1,824
E1,M01,102-0,E,SF-102,A,202212,23,2,384
E1,M01,102-0,ALL,SF-102,A,202212,23,9,5490
E1,M01,102-0,A,SF-102,A,202301,24,3,1911
E1,M01,102-0,B,SF-102,A,202301,24,2,1349
E1,M01,102-0,C,SF-102,A,202301,24,1,1124
E1,M01,102-0,D,SF-102,A,202301,24,2,843
E1,M01,102-0,E,SF-102,A,202301,24,0,393
E1,M01,102-0,ALL,SF-102,A,202301,24,8,5620
E1,M01,102-0,A,SF-102,A,202302,25,5,1955
E1,M01,102-0,B,SF-102,A,202302,25,4,1380
E1,M01,102-0,C,SF-102,A,202302,25,2,1150
E1,M01,102-0,D,SF-102,A,202302,25,0,862
E1,M01,102-0,E,SF-102,A,202302,25,1,403
E1,M01,102-0,ALL,SF-102,A,202302,25,12,5750
E1,M01,102-0,A,SF-102,A,202303,26,0,1999
E1,M01,102-0,B,SF-102,A,202303,26,0,1411
E1,M01,102-0,C,SF-102,A,202303,26,2,1176
E1,M01,102-0,D,SF-102,A,202303,26,1,882
E1,M01,102-0,E,SF-102,A,202303,26,2,412
E1,M01,102-0,ALL,SF-102,A,202303,26,5,5880
E1,M01,102-0,A,SF-102,A,202304,27,2,2043
E1,M01,102-0,B,SF-102,A,202304,27,4,1442
E1,M01,102-0,C,SF-102,A,202304,27,2,1202
E1,M01,102-0,D,SF-102,A,202304,27,2,902
E1,M01,102-0,E,SF-102,A,202304,27,0,421
E1,M01,102-0,ALL,SF-102,A,202304,27,10,6010
E1,M01,102-0,A,SF-102,A,202305,28,2,2088
E1,M01,102-0,B,SF-102,A,202305,28,2,1474
E1,M01,102-0,C,SF-102,A,202305,28,2,1228
E1,M01,102-0,D,SF-102,A,202305,28,0,921
E1,M01,102-0,E,SF-102,A,202305,28,1,430
E1,M01,102-0,ALL,SF-102,A,202305,28,7,6140
E1,M01,102-0,A,SF-102,A,202306,29,1,2132
E1,M01,102-0,B,SF-102,A,202306,29,1,1505
E1,M01,102-0,C,SF-102,A,202306,29,1,1254
E1,M01,102-0,D,SF-102,A,202306,29,2,940
E1,M01,102-0,E,SF-102,A,202306,29,0,439
E1,M01,102-0,ALL,SF-102,A,202306,29,5,6270
E1,M01,102-0,A,SF-102,A,202307,30,2,2176
E1,M01,102-0,B,SF-102,A,202307,30,3,1536
E1,M01,102-0,C,SF-102,A,202307,30,3,1280
E1,M01,102-0,D,SF-102,A,202307,30,0,960
E1,M01,102-0,E,SF-102,A,202307,30,0,448
E1,M01,102-0,ALL,SF-102,A,202307,30,8,6400
E1,M01,102-0,A,SF-102,A,202308,31,3,2220
E1,M01,102-0,B,SF-102,A,202308,31,1,1567
E1,M01,102-0,C,SF-102,A,202308,31,1,1306
E1,M01,102-0,D,SF-102,A,202308,31,0,980
E1,M01,102-0,E,SF-102,A,202308,31,0,457
E1,M01,102-0,ALL,SF-102,A,202308,31,5,6530
E1,M01,102-0,A,SF-102,A,202309,32,1,2264
E1,M01,102-0,B,SF-102,A,202309,32,2,1598
E1,M01,102-0,C,SF-102,A,202309,32,1,1332
E1,M01,102-0,D,SF-102,A,202309,32,2,999
E1,M01,102-0,E,SF-102,A,202309,32,1,466
E1,M01,102-0,ALL,SF-102,A,202309,32,7,6660
E1,M01,102-0,A,SF-102,A,202310,33,5,2309
E1,M01,102-0,B,SF-102,A,202310,33,4,1630
E1,M01,102-0,C,SF-102,A,202310,33,2,1358
E1,M01,102-0,D,SF-102,A,202310,33,0,1018
E1,M01,102-0,E,SF-102,A,202310,33,0,475
E1,M01,102-0,ALL,SF-102,A,202310,33,11,6790
E1,M01,102-0,A,SF-102,A,202311,34,6,2353
E1,M01,102-0,B,SF-102,A,202311,34,2,1661
E1,M01,102-0,C,SF-102,A,202311,34,1,1384
E1,M01,102-0,D,SF-102,A,202311,34,0,1038
E1,M01,102-0,E,SF-102,A,202311,34,2,484
E1,M01,102-0,ALL,SF-102,A,202311,34,11,6920
E1,M01,102-0,A,SF-102,A,202312,35,4,2397
E1,M01,102-0,B,SF-102,A,202312,35,3,1692
E1,M01,102-0,C,SF-102,A,202312,35,0,1410
E1,M01,102-0,D,SF-102,A,202312,35,1,1058
E1,M01,102-0,E,SF-102,A,202312,35,0,494
E1,M01,102-0,ALL,SF-102,A,202312,35,8,7050
E1,M01,102-0,A,SF-102,A,202401,36,2,2441
E1,M01,102-0,B,SF-102,A,202401,36,0,1723
E1,M01,102-0,C,SF-102,A,202401,36,0,1436
E1,M01,102-0,D,SF-102,A,202401,36,3,1077
E1,M01,102-0,E,SF-102,A,202401,36,0,503
E1,M01,102-0,ALL,SF-102,A,202401,36,5,7180
E1,M01,102-0,A,SF-102,A,202402,37,3,2485
E1,M01,102-0,B,SF-102,A,202402,37,5,1754
E1,M01,102-0,C,SF-102,A,202402,37,2,1462
E1,M01,102-0,D,SF-102,A,202402,37,1,1096
E1,M01,102-0,E,SF-102,A,202402,37,0,512
E1,M01,102-0,ALL,SF-102,A,202402,37,11,7310
E1,M01,102-0,A,SF-102,A,202403,38,6,2530
E1,M01,102-0,B,SF-102,A,202403,38,3,1786
E1,M01,102-0,C,SF-102,A,202403,38,4,1488
E1,M01,102-0,D,SF-102,A,202403,38,3,1116
E1,M01,102-0,E,SF-102,A,202403,38,1,521
E1,M01,102-0,ALL,SF-102,A,202403,38,17,7440
E1,M01,102-0,A,SF-102,A,202404,39,1,2574
E1,M01,102-0,B,SF-102,A,202404,39,1,1817
E1,M01,102-0,C,SF-102,A,202404,39,3,1514
E1,M01,102-0,D,SF-102,A,202404,39,3,1136
E1,M01,102-0,E,SF-102,A,202404,39,1,530
E1,M01,102-0,ALL,SF-102,A,202404,39,9,7570
E1,M01,102-0,A,SF-102,A,202405,40,4,2618
E1,M01,102-0,B,SF-102,A,202405,40,2,1848
E1,M01,102-0,C,SF-102,A,202405,40,1,1540
E1,M01,102-0,D,SF-102,A,202405,40,2,1155
E1,M01,102-0,E,SF-102,A,202405,40,1,539
E1,M01,102-0,ALL,SF-102,A,202405,40,10,7700
E1,M01,102-0,A,SF-102,A,202406,41,2,2662
E1,M01,102-0,B,SF-102,A,202406,41,3,1879
E1,M01,102-0,C,SF-102,A,202406,41,2,1566
E1,M01,102-0,D,SF-102,A,202406,41,1,1174
E1,M01,102-0,E,SF-102,A,202406,41,0,548
E1,M01,102-0,ALL,SF-102,A,202406,41,8,7830
E1,M01,102-0,A,SF-102,A,202407,42,1,2706
E1,M01,102-0,B,SF-102,A,202407,42,2,1910
E1,M01,102-0,C,SF-102,A,202407,42,1,1592
E1,M01,102-0,D,SF-102,A,202407,42,0,1194
E1,M01,102-0,E,SF-102,A,202407,42,1,557
E1,M01,102-0,ALL,SF-102,A,202407,42,5,7960
E1,M01,102-0,A,SF-102,A,202408,43,2,2751
E1,M01,102-0,B,SF-102,A,202408,43,1,1942
E1,M01,102-0,C,SF-102,A,202408,43,0,1618
E1,M01,102-0,D,SF-102,A,202408,43,2,1214
E1,M01,102-0,E,SF-102,A,202408,43,0,566
E1,M01,102-0,ALL,SF-102,A,202408,43,5,8090
E1,M01,102-0,A,SF-102,A,202409,44,5,2795
E1,M01,102-0,B,SF-102,A,202409,44,3,1973
E1,M01,102-0,C,SF-102,A,202409,44,1,1644
E1,M01,102-0,D,SF-102,A,202409,44,1,1233
E1,M01,102-0,E,SF-102,A,202409,44,1,575
E1,M01,102-0,ALL,SF-102,A,202409,44,11,8220
E1,M01,102-0,A,SF-102,A,202410,45,2,2839
E1,M01,102-0,B,SF-102,A,202410,45,2,2004
E1,M01,102-0,C,SF-102,A,202410,45,2,1670
E1,M01,102-0,D,SF-102,A,202410,45,1,1252
E1,M01,102-0,E,SF-102,A,202410,45,0,584
E1,M01,102-0,ALL,SF-102,A,202410,45,7,8350
E1,M01,102-0,A,SF-102,A,202411,46,4,2883
E1,M01,102-0,B,SF-102,A,202411,46,3,2035
E1,M01,102-0,C,SF-102,A,202411,46,2,1696
E1,M01,102-0,D,SF-102,A,202411,46,1,1272
E1,M01,102-0,E,SF-102,A,202411,46,1,594
E1,M01,102-0,ALL,SF-102,A,202411,46,11,8480
E1,M01,102-0,A,SF-102,A,202412,47,1,2927
E1,M01,102-0,B,SF-102,A,202412,47,1,2066
E1,M01,102-0,C,SF-102,A,202412,47,2,1722
E1,M01,102-0,D,SF-102,A,202412,47,0,1292
E1,M01,102-0,E,SF-102,A,202412,47,1,603
E1,M01,102-0,ALL,SF-102,A,202412,47,5,8610
E1,M01,103-0,C,SF-103,A,202101,0,1,500
E1,M01,103-0,ALL,SF-103,A,202101,0,1,2500
E1,M01,103-1,ALL,SF-103,A,202101,0,0,2500
E1,M01,103-0,A,SF-103,A,202102,1,1,894
E1,M01,103-0,C,SF-103,A,202102,1,1,526
E1,M01,103-0,D,SF-103,A,202102,1,1,394
E1,M01,103-0,ALL,SF-103,A,202102,1,3,2630
E1,M01,103-1,ALL,SF-103,A,202102,1,0,2630
E1,M01,103-0,A,SF-103,A,202103,2,1,938
E1,M01,103-0,B,SF-103,A,202103,2,0,662
E1,M01,103-0,C,SF-103,A,202103,2,0,552
E1,M01,103-0,D,SF-103,A,202103,2,0,414
E1,M01,103-0,ALL,SF-103,A,202103,2,1,2760
E1,M01,103-1,A,SF-103,A,202103,2,0,938
E1,M01,103-1,B,SF-103,A,202103,2,1,662
E1,M01,103-1,C,SF-103,A,202103,2,1,552
E1,M01,103-1,D,SF-103,A,202103,2,0,414
E1,M01,103-1,ALL,SF-103,A,202103,2,2,2760
E1,M01,103-0,A,SF-103,A,202104,3,0,983
E1,M01,103-0,B,SF-103,A,202104,3,0,694
E1,M01,103-0,C,SF-103,A,202104,3,1,578
E1,M01,103-0,D,SF-103,A,202104,3,0,434
E1,M01,103-0,ALL,SF-103,A,202104,3,1,2890
E1,M01,103-1,A,SF-103,A,202104,3,2,983
E1,M01,103-1,B,SF-103,A,202104,3,0,694
E1,M01,103-1,C,SF-103,A,202104,3,0,578
E1,M01,103-1,D,SF-103,A,202104,3,0,434
E1,M01,103-1,ALL,SF-103,A,202104,3,2,2890
E1,M01,103-0,A,SF-103,A,202105,4,2,1027
E1,M01,103-0,B,SF-103,A,202105,4,0,725
E1,M01,103-0,C,SF-103,A,202105,4,1,604
E1,M01,103-0,D,SF-103,A,202105,4,0,453
E1,M01,103-0,ALL,SF-103,A,202105,4,3,3020
E1,M01,103-1,A,SF-103,A,202105,4,0,1027
E1,M01,103-1,B,SF-103,A,202105,4,0,725
E1,M01,103-1,C,SF-103,A,202105,4,0,604
E1,M01,103-1,D,SF-103,A,202105,4,2,453
E1,M01,103-1,ALL,SF-103,A,202105,4,2,3020
E1,M01,103-0,A,SF-103,A,202106,5,0,1071
E1,M01,103-0,B,SF-103,A,202106,5,0,756
E1,M01,103-0,C,SF-103,A,202106,5,0,630
E1,M01,103-0,D,SF-103,A,202106,5,0,472
E1,M01,103-0,ALL,SF-103,A,202106,5,0,3150
E1,M01,103-1,A,SF-103,A,202106,5,1,1071
E1,M01,103-1,B,SF-103,A,202106,5,0,756
E1,M01,103-1,C,SF-103,A,202106,5,3,630
E1,M01,103-1,D,SF-103,A,202106,5,0,472
E1,M01,103-1,ALL,SF-103,A,202106,5,4,3150
E1,M01,103-0,A,SF-103,A,202107,6,2,1115
E1,M01,103-0,B,SF-103,A,202107,6,0,787
E1,M01,103-0,C,SF-103,A,202107,6,0,656
E1,M01,103-0,D,SF-103,A,202107,6,0,492
E1,M01,103-0,ALL,SF-103,A,202107,6,2,3280
E1,M01,103-1,A,SF-103,A,202107,6,1,1115
E1,M01,103-1,B,SF-103,A,202107,6,0,787
E1,M01,103-1,C,SF-103,A,202107,6,0,656
E1,M01,103-1,D,SF-103,A,202107,6,0,492
E1,M01,103-1,ALL,SF-103,A,202107,6,1,3280
E1,M01,103-0,A,SF-103,A,202108,7,2,1159
E1,M01,103-0,B,SF-103,A,202108,7,0,818
E1,M01,103-0,C,SF-103,A,202108,7,0,682
E1,M01,103-0,D,SF-103,A,202108,7,2,512
E1,M01,103-0,ALL,SF-103,A,202108,7,4,3410
E1,M01,103-1,A,SF-103,A,202108,7,0,1159
E1,M01,103-1,B,SF-103,A,202108,7,0,818
E1,M01,103-1,C,SF-103,A,202108,7,0,682
E1,M01,103-1,D,SF-103,A,202108,7,0,512
E1,M01,103-1,ALL,SF-103,A,202108,7,0,3410
E1,M01,103-0,A,SF-103,A,202109,8,1,1204
E1,M01,103-0,B,SF-103,A,202109,8,1,850
E1,M01,103-0,C,SF-103,A,202109,8,0,708
E1,M01,103-0,D,SF-103,A,202109,8,0,531
E1,M01,103-0,E,SF-103,A,202109,8,0,248
E1,M01,103-0,ALL,SF-103,A,202109,8,2,3540
E1,M01,103-1,A,SF-103,A,202109,8,0,1204
E1,M01,103-1,B,SF-103,A,202109,8,0,850
E1,M01,103-1,C,SF-103,A,202109,8,2,708
E1,M01,103-1,D,SF-103,A,202109,8,0,531
E1,M01,103-1,E,SF-103,A,202109,8,1,248
E1,M01,103-1,ALL,SF-103,A,202109,8,3,3540
E1,M01,103-0,A,SF-103,A,202110,9,2,1248
E1,M01,103-0,B,SF-103,A,202110,9,0,881
E1,M01,103-0,C,SF-103,A,202110,9,0,734
E1,M01,103-0,D,SF-103,A,202110,9,0,550
E1,M01,103-0,E,SF-103,A,202110,9,1,257
E1,M01,103-0,ALL,SF-103,A,202110,9,3,3670
E1,M01,103-1,A,SF-103,A,202110,9,0,1248
E1,M01,103-1,B,SF-103,A,202110,9,0,881
E1,M01,103-1,C,SF-103,A,202110,9,0,734
E1,M01,103-1,D,SF-103,A,202110,9,2,550
E1,M01,103-1,E,SF-103,A,202110,9,0,257
E1,M01,103-1,ALL,SF-103,A,202110,9,2,3670
E1,M01,103-0,A,SF-103,A,202111,10,1,1292
E1,M01,103-0,B,SF-103,A,202111,10,1,912
E1,M01,103-0,C,SF-103,A,202111,10,1,760
E1,M01,103-0,D,SF-103,A,202111,10,1,570
E1,M01,103-0,E,SF-103,A,202111,10,0,266
E1,M01,103-0,ALL,SF-103,A,202111,10,4,3800
E1,M01,103-1,A,SF-103,A,202111,10,1,1292
E1,M01,103-1,B,SF-103,A,202111,10,0,912
E1,M01,103-1,C,SF-103,A,202111,10,0,760
E1,M01,103-1,D,SF-103,A,202111,10,0,570
E1,M01,103-1,E,SF-103,A,202111,10,0,266
E1,M01,103-1,ALL,SF-103,A,202111,10,1,3800
E1,M01,103-0,A,SF-103,A,202112,11,1,1336
E1,M01,103-0,B,SF-103,A,202112,11,0,943
E1,M01,103-0,C,SF-103,A,202112,11,0,786
E1,M01,103-0,D,SF-103,A,202112,11,0,590
E1,M01,103-0,E,SF-103,A,202112,11,0,275
E1,M01,103-0,ALL,SF-103,A,202112,11,1,3930
E1,M01,103-1,A,SF-103,A,202112,11,1,1336
E1,M01,103-1,B,SF-103,A,202112,11,0,943
E1,M01,103-1,C,SF-103,A,202112,11,0,786
E1,M01,103-1,D,SF-103,A,202112,11,0,590
E1,M01,103-1,E,SF-103,A,202112,11,0,275
E1,M01,103-1,ALL,SF-103,A,202112,11,1,3930
E1,M01,103-0,A,SF-103,A,202201,12,1,1380
E1,M01,103-0,B,SF-103,A,202201,12,0,974
E1,M01,103-0,C,SF-103,A,202201,12,2,812
E1,M01,103-0,D,SF-103,A,202201,12,1,609
E1,M01,103-0,E,SF-103,A,202201,12,1,284
E1,M01,103-0,ALL,SF-103,A,202201,12,5,4060
E1,M01,103-1,A,SF-103,A,202201,12,3,1380
E1,M01,103-1,B,SF-103,A,202201,12,1,974
E1,M01,103-1,C,SF-103,A,202201,12,1,812
E1,M01,103-1,D,SF-103,A,202201,12,0,609
E1,M01,103-1,E,SF-103,A,202201,12,0,284
E1,M01,103-1,ALL,SF-103,A,202201,12,5,4060
E1,M01,103-0,A,SF-103,A,202202,13,0,1425
E1,M01,103-0,B,SF-103,A,202202,13,0,1006
E1,M01,103-0,C,SF-103,A,202202,13,0,838
E1,M01,103-0,D,SF-103,A,202202,13,0,628
E1,M01,103-0,E,SF-103,A,202202,13,1,293
E1,M01,103-0,ALL,SF-103,A,202202,13,1,4190
E1,M01,103-1,A,SF-103,A,202202,13,0,1425
E1,M01,103-1,B,SF-103,A,202202,13,0,1006
E1,M01,103-1,C,SF-103,A,202202,13,1,838
E1,M01,103-1,D,SF-103,A,202202,13,1,628
E1,M01,103-1,E,SF-103,A,202202,13,1,293
E1,M01,103-1,ALL,SF-103,A,202202,13,3,4190
E1,M01,103-0,A,SF-103,A,202203,14,0,1469
E1,M01,103-0,B,SF-103,A,202203,14,1,1037
E1,M01,103-0,C,SF-103,A,202203,14,2,864
E1,M01,103-0,D,SF-103,A,202203,14,0,648
E1,M01,103-0,E,SF-103,A,202203,14,0,302
E1,M01,103-0,ALL,SF-103,A,202203,14,3,4320
E1,M01,103-1,A,SF-103,A,202203,14,1,1469
E1,M01,103-1,B,SF-103,A,202203,14,1,1037
E1,M01,103-1,C,SF-103,A,202203,14,0,864
E1,M01,103-1,D,SF-103,A,202203,14,1,648
E1,M01,103-1,E,SF-103,A,202203,14,0,302
E1,M01,103-1,ALL,SF-103,A,202203,14,3,4320
E1,M01,103-0,A,SF-103,A,202204,15,3,1513
E1,M01,103-0,B,SF-103,A,202204,15,0,1068
E1,M01,103-0,C,SF-103,A,202204,15,1,890
E1,M01,103-0,D,SF-103,A,202204,15,0,668
E1,M01,103-0,E,SF-103,A,202204,15,0,312
E1,M01,103-0,ALL,SF-103,A,202204,15,4,4450
E1,M01,103-1,A,SF-103,A,202204,15,1,1513
E1,M01,103-1,B,SF-103,A,202204,15,0,1068
E1,M01,103-1,C,SF-103,A,202204,15,0,890
E1,M01,103-1,D,SF-103,A,202204,15,0,668
E1,M01,103-1,E,SF-103,A,202204,15,0,312
E1,M01,103-1,ALL,SF-103,A,202204,15,1,4450
E1,M01,103-0,A,SF-103,A,202205,16,2,1557
E1,M01,103-0,B,SF-103,A,202205,16,1,1099
E1,M01,103-0,C,SF-103,A,202205,16,1,916
E1,M01,103-0,D,SF-103,A,202205,16,0,687
E1,M01,103-0,E,SF-103,A,202205,16,0,321
E1,M01,103-0,ALL,SF-103,A,202205,16,4,4580
E1,M01,103-1,A,SF-103,A,202205,16,1,1557
E1,M01,103-1,B,SF-103,A,202205,16,1,1099
E1,M01,103-1,C,SF-103,A,202205,16,0,916
E1,M01,103-1,D,SF-103,A,202205,16,0,687
E1,M01,103-1,E,SF-103,A,202205,16,1,321
E1,M01,103-1,ALL,SF-103,A,202205,16,3,4580
E1,M01,103-0,A,SF-103,A,202206,17,2,1601
E1,M01,103-0,B,SF-103,A,202206,17,0,1130
E1,M01,103-0,C,SF-103,A,202206,17,0,942
E1,M01,103-0,D,SF-103,A,202206,17,0,706
E1,M01,103-0,E,SF-103,A,202206,17,0,330
E1,M01,103-0,ALL,SF-103,A,202206,17,2,4710
E1,M01,103-1,A,SF-103,A,202206,17,0,1601
E1,M01,103-1,B,SF-103,A,202206,17,0,1130
E1,M01,103-1,C,SF-103,A,202206,17,0,942
E1,M01,103-1,D,SF-103,A,202206,17,1,706
E1,M01,103-1,E,SF-103,A,202206,17,0,330
E1,M01,103-1,ALL,SF-103,A,202206,17,1,4710
E1,M01,103-0,A,SF-103,A,202207,18,1,1646
E1,M01,103-0,B,SF-103,A,202207,18,0,1162
E1,M01,103-0,C,SF-103,A,202207,18,0,968
E1,M01,103-0,D,SF-103,A,202207,18,0,726
E1,M01,103-0,E,SF-103,A,202207,18,0,339
E1,M01,103-0,ALL,SF-103,A,202207,18,1,4840
E1,M01,103-1,A,SF-103,A,202207,18,3,1646
E1,M01,103-1,B,SF-103,A,202207,18,0,1162
E1,M01,103-1,C,SF-103,A,202207,18,0,968
E1,M01,103-1,D,SF-103,A,202207,18,0,726
E1,M01,103-1,E,SF-103,A,202207,18,1,339
E1,M01,103-1,ALL,SF-103,A,202207,18,4,4840
E1,M01,103-0,A,SF-103,A,202208,19,0,1690
E1,M01,103-0,B,SF-103,A,202208,19,3,1193
E1,M01,103-0,C,SF-103,A,202208,19,2,994
E1,M01,103-0,D,SF-103,A,202208,19,0,746
E1,M01,103-0,E,SF-103,A,202208,19,0,348
E1,M01,103-0,ALL,SF-103,A,202208,19,5,4970
E1,M01,103-1,A,SF-103,A,202208,19,2,1690
E1,M01,103-1,B,SF-103,A,202208,19,1,1193
E1,M01,103-1,C,SF-103,A,202208,19,0,994
E1,M01,103-1,D,SF-103,A,202208,19,0,746
E1,M01,103-1,E,SF-103,A,202208,19,0,348
E1,M01,103-1,ALL,SF-103,A,202208,19,3,4970
E1,M01,103-0,A,SF-103,A,202209,20,0,1734
E1,M01,103-0,B,SF-103,A,202209,20,1,1224
E1,M01,103-0,C,SF-103,A,202209,20,2,1020
E1,M01,103-0,D,SF-103,A,202209,20,0,765
E1,M01,103-0,E,SF-103,A,202209,20,0,357
E1,M01,103-0,ALL,SF-103,A,202209,20,3,5100
E1,M01,103-1,A,SF-103,A,202209,20,0,1734
E1,M01,103-1,B,SF-103,A,202209,20,0,1224
E1,M01,103-1,C,SF-103,A,202209,20,1,1020
E1,M01,103-1,D,SF-103,A,202209,20,1,765
E1,M01,103-1,E,SF-103,A,202209,20,0,357
E1,M01,103-1,ALL,SF-103,A,202209,20,2,5100
E1,M01,103-0,A,SF-103,A,202210,21,0,1778
E1,M01,103-0,B,SF-103,A,202210,21,2,1255
E1,M01,103-0,C,SF-103,A,202210,21,0,1046
E1,M01,103-0,D,SF-103,A,202210,21,0,784
E1,M01,103-0,E,SF-103,A,202210,21,0,366
E1,M01,103-0,ALL,SF-103,A,202210,21,2,5230
E1,M01,103-1,A,SF-103,A,202210,21,0,1778
E1,M01,103-1,B,SF-103,A,202210,21,2,1255
E1,M01,103-1,C,SF-103,A,202210,21,1,1046
E1,M01,103-1,D,SF-103,A,202210,21,0,784
E1,M01,103-1,E,SF-103,A,202210,21,1,366
E1,M01,103-1,ALL,SF-103,A,202210,21,4,5230
E1,M01,103-0,A,SF-103,A,202211,22,2,1822
E1,M01,103-0,B,SF-103,A,202211,22,0,1286
E1,M01,103-0,C,SF-103,A,202211,22,1,1072
E1,M01,103-0,D,SF-103,A,202211,22,1,804
E1,M01,103-0,E,SF-103,A,202211,22,1,375
E1,M01,103-0,ALL,SF-103,A,202211,22,5,5360
E1,M01,103-1,A,SF-103,A,202211,22,2,1822
E1,M01,103-1,B,SF-103,A,202211,22,1,1286
E1,M01,103-1,C,SF-103,A,202211,22,1,1072
E1,M01,103-1,D,SF-103,A,202211,22,0,804
E1,M01,103-1,E,SF-103,A,202211,22,0,375
E1,M01,103-1,ALL,SF-103,A,202211,22,4,5360
E1,M01,103-0,A,SF-103,A,202212,23,0,1867
E1,M01,103-0,B,SF-103,A,202212,23,2,1318
E1,M01,103-0,C,SF-103,A,202212,23,1,1098
E1,M01,103-0,D,SF-103,A,202212,23,4,824
E1,M01,103-0,E,SF-103,A,202212,23,0,384
E1,M01,103-0,ALL,SF-103,A,202212,23,7,5490
E1,M01,103-1,A,SF-103,A,202212,23,0,1867
E1,M01,103-1,B,SF-103,A,202212,23,0,1318
E1,M01,103-1,C,SF-103,A,202212,23,0,1098
E1,M01,103-1,D,SF-103,A,202212,23,0,824
E1,M01,103-1,E,SF-103,A,202212,23,1,384
E1,M01,103-1,ALL,SF-103,A,202212,23,1,5490
E1,M01,103-0,A,SF-103,A,202301,24,2,1911
E1,M01,103-0,B,SF-103,A,202301,24,1,1349
E1,M01,103-0,C,SF-103,A,202301,24,0,1124
E1,M01,103-0,D,SF-103,A,202301,24,1,843
E1,M01,103-0,E,SF-103,A,202301,24,0,393
E1,M01,103-0,ALL,SF-103,A,202301,24,4,5620
E1,M01,103-1,A,SF-103,A,202301,24,0,1911
E1,M01,103-1,B,SF-103,A,202301,24,3,1349
E1,M01,103-1,C,SF-103,A,202301,24,0,1124
E1,M01,103-1,D,SF-103,A,202301,24,0,843
E1,M01,103-1,E,SF-103,A,202301,24,0,393
E1,M01,103-1,ALL,SF-103,A,202301,24,3,5620
E1,M01,103-0,A,SF-103,A,202302,25,1,1955
E1,M01,103-0,B,SF-103,A,202302,25,2,1380
E1,M01,103-0,C,SF-103,A,202302,25,2,1150
E1,M01,103-0,D,SF-103,A,202302,25,0,862
E1,M01,103-0,E,SF-103,A,202302,25,1,403
E1,M01,103-0,ALL,SF-103,A,202302,25,6,5750
E1,M01,103-1,A,SF-103,A,202302,25,1,1955
E1,M01,103-1,B,SF-103,A,202302,25,2,1380
E1,M01,103-1,C,SF-103,A,202302,25,1,1150
E1,M01,103-1,D,SF-103,A,202302,25,0,862
E1,M01,103-1,E,SF-103,A,202302,25,0,403
E1,M01,103-1,ALL,SF-103,A,202302,25,4,5750
E1,M01,103-0,A,SF-103,A,202303,26,0,1999
E1,M01,103-0,B,SF-103,A,202303,26,1,1411
E1,M01,103-0,C,SF-103,A,202303,26,2,1176
E1,M01,103-0,D,SF-103,A,202303,26,1,882
E1,M01,103-0,E,SF-103,A,202303,26,0,412
E1,M01,103-0,ALL,SF-103,A,202303,26,4,5880
E1,M01,103-1,A,SF-103,A,202303,26,0,1999
E1,M01,103-1,B,SF-103,A,202303,26,2,1411
E1,M01,103-1,C,SF-103,A,202303,26,0,1176
E1,M01,103-1,D,SF-103,A,202303,26,0,882
E1,M01,103-1,E,SF-103,A,202303,26,1,412
E1,M01,103-1,ALL,SF-103,A,202303,26,3,5880
E1,M01,103-0,A,SF-103,A,202304,27,1,2043
E1,M01,103-0,B,SF-103,A,202304,27,0,1442
E1,M01,103-0,C,SF-103,A,202304,27,2,1202
E1,M01,103-0,D,SF-103,A,202304,27,1,902
E1,M01,103-0,E,SF-103,A,202304,27,0,421
E1,M01,103-0,ALL,SF-103,A,202304,27,4,6010
E1,M01,103-1,A,SF-103,A,202304,27,2,2043
E1,M01,103-1,B,SF-103,A,202304,27,1,1442
E1,M01,103-1,C,SF-103,A,202304,27,1,1202
E1,M01,103-1,D,SF-103,A,202304,27,0,902
E1,M01,103-1,E,SF-103,A,202304,27,1,421
E1,M01,103-1,ALL,SF-103,A,202304,27,5,6010
E1,M01,103-0,A,SF-103,A,202305,28,0,2088
E1,M01,103-0,B,SF-103,A,202305,28,1,1474
E1,M01,103-0,C,SF-103,A,202305,28,4,1228
E1,M01,103-0,D,SF-103,A,202305,28,2,921
E1,M01,103-0,E,SF-103,A,202305,28,0,430
E1,M01,103-0,ALL,SF-103,A,202305,28,7,6140
E1,M01,103-1,A,SF-103,A,202305,28,2,2088
E1,M01,103-1,B,SF-103,A,202305,28,2,1474
E1,M01,103-1,C,SF-103,A,202305,28,1,1228
E1,M01,103-1,D,SF-103,A,202305,28,1,921
E1,M01,103-1,E,SF-103,A,202305,28,0,430
E1,M01,103-1,ALL,SF-103,A,202305,28,6,6140
E1,M01,103-0,A,SF-103,A,202306,29,3,2132
E1,M01,103-0,B,SF-103,A,202306,29,0,1505
E1,M01,103-0,C,SF-103,A,202306,29,1,1254
E1,M01,103-0,D,SF-103,A,202306,29,0,940
E1,M01,103-0,E,SF-103,A,202306,29,0,439
E1,M01,103-0,ALL,SF-103,A,202306,29,4,6270
E1,M01,103-1,A,SF-103,A,202306,29,0,2132
E1,M01,103-1,B,SF-103,A,202306,29,0,1505
E1,M01,103-1,C,SF-103,A,202306,29,2,1254
E1,M01,103-1,D,SF-103,A,202306,29,0,940
E1,M01,103-1,E,SF-103,A,202306,29,0,439
E1,M01,103-1,ALL,SF-103,A,202306,29,2,6270
E1,M01,103-0,A,SF-103,A,202307,30,2,2176
E1,M01,103-0,B,SF-103,A,202307,30,1,1536
E1,M01,103-0,C,SF-103,A,202307,30,1,1280
E1,M01,103-0,D,SF-103,A,202307,30,0,960
E1,M01,103-0,E,SF-103,A,202307,30,0,448
E1,M01,103-0,ALL,SF-103,A,202307,30,4,6400
E1,M01,103-1,A,SF-103,A,202307,30,1,2176
E1,M01,103-1,B,SF-103,A,202307,30,1,1536
E1,M01,103-1,C,SF-103,A,202307,30,0,1280
E1,M01,103-1,D,SF-103,A,202307,30,0,960
E1,M01,103-1,E,SF-103,A,202307,30,1,448
E1,M01,103-1,ALL,SF-103,A,202307,30,3,6400
E1,M01,103-0,A,SF-103,A,202308,31,2,2220
E1,M01,103-0,B,SF-103,A,202308,31,1,1567
E1,M01,103-0,C,SF-103,A,202308,31,0,1306
E1,M01,103-0,D,SF-103,A,202308,31,2,980
E1,M01,103-0,E,SF-103,A,202308,31,0,457
E1,M01,103-0,ALL,SF-103,A,202308,31,5,6530
E1,M01,103-1,A,SF-103,A,202308,31,4,2220
E1,M01,103-1,B,SF-103,A,202308,31,1,1567
E1,M01,103-1,C,SF-103,A,202308,31,1,1306
E1,M01,103-1,D,SF-103,A,202308,31,1,980
E1,M01,103-1,E,SF-103,A,202308,31,0,457
E1,M01,103-1,ALL,SF-103,A,202308,31,7,6530
E1,M01,103-0,A,SF-103,A,202309,32,1,2264
E1,M01,103-0,B,SF-103,A,202309,32,1,1598
E1,M01,103-0,C,SF-103,A,202309,32,0,1332
E1,M01,103-0,D,SF-103,A,202309,32,0,999
E1,M01,103-0,E,SF-103,A,202309,32,0,466
E1,M01,103-0,ALL,SF-103,A,202309,32,2,6660
E1,M01,103-1,A,SF-103,A,202309,32,1,2264
E1,M01,103-1,B,SF-103,A,202309,32,1,1598
E1,M01,103-1,C,SF-103,A,202309,32,1,1332
E1,M01,103-1,D,SF-103,A,202309,32,0,999
E1,M01,103-1,E,SF-103,A,202309,32,1,466
E1,M01,103-1,ALL,SF-103,A,202309,32,4,6660
E1,M01,103-0,A,SF-103,A,202310,33,3,2309
E1,M01,103-0,B,SF-103,A,202310,33,1,1630
E1,M01,103-0,C,SF-103,A,202310,33,1,1358
E1,M01,103-0,D,SF-103,A,202310,33,1,1018
E1,M01,103-0,E,SF-103,A,202310,33,0,475
E1,M01,103-0,ALL,SF-103,A,202310,33,6,6790
E1,M01,103-1,A,SF-103,A,202310,33,3,2309
E1,M01,103-1,B,SF-103,A,202310,33,0,1630
E1,M01,103-1,C,SF-103,A,202310,33,1,1358
E1,M01,103-1,D,SF-103,A,202310,33,1,1018
E1,M01,103-1,E,SF-103,A,202310,33,0,475
E1,M01,103-1,ALL,SF-103,A,202310,33,5,6790
E1,M01,103-0,A,SF-103,A,202311,34,3,2353
E1,M01,103-0,B,SF-103,A,202311,34,1,1661
E1,M01,103-0,C,SF-103,A,202311,34,0,1384
E1,M01,103-0,D,SF-103,A,202311,34,1,1038
E1,M01,103-0,E,SF-103,A,202311,34,0,484
E1,M01,103-0,ALL,SF-103,A,202311,34,5,6920
E1,M01,103-1,A,SF-103,A,202311,34,4,2353
E1,M01,103-1,B,SF-103,A,202311,34,0,1661
E1,M01,103-1,C,SF-103,A,202311,34,0,1384
E1,M01,103-1,D,SF-103,A,202311,34,1,1038
E1,M01,103-1,E,SF-103,A,202311,34,0,484
E1,M01,103-1,ALL,SF-103,A,202311,34,5,6920
E1,M01,103-0,A,SF-103,A,202312,35,1,2397
E1,M01,103-0,B,SF-103,A,202312,35,5,1692
E1,M01,103-0,C,SF-103,A,202312,35,0,1410
E1,M01,103-0,D,SF-103,A,202312,35,1,1058
E1,M01,103-0,E,SF-103,A,202312,35,0,494
E1,M01,103-0,ALL,SF-103,A,202312,35,7,7050
E1,M01,103-1,A,SF-103,A,202312,35,3,2397
E1,M01,103-1,B,SF-103,A,202312,35,0,1692
E1,M01,103-1,C,SF-103,A,202312,35,0,1410
E1,M01,103-1,D,SF-103,A,202312,35,0,1058
E1,M01,103-1,E,SF-103,A,202312,35,0,494
E1,M01,103-1,ALL,SF-103,A,202312,35,3,7050
E1,M01,103-0,A,SF-103,A,202401,36,1,2441
E1,M01,103-0,B,SF-103,A,202401,36,5,1723
E1,M01,103-0,C,SF-103,A,202401,36,1,1436
E1,M01,103-0,D,SF-103,A,202401,36,1,1077
E1,M01,103-0,E,SF-103,A,202401,36,0,503
E1,M01,103-0,ALL,SF-103,A,202401,36,8,7180
E1,M01,103-1,A,SF-103,A,202401,36,2,2441
E1,M01,103-1,B,SF-103,A,202401,36,3,1723
E1,M01,103-1,C,SF-103,A,202401,36,0,1436
E1,M01,103-1,D,SF-103,A,202401,36,2,1077
E1,M01,103-1,E,SF-103,A,202401,36,0,503
E1,M01,103-1,ALL,SF-103,A,202401,36,7,7180
E1,M01,103-0,A,SF-103,A,202402,37,1,2485
E1,M01,103-0,B,SF-103,A,202402,37,3,1754
E1,M01,103-0,C,SF-103,A,202402,37,3,1462
E1,M01,103-0,D,SF-103,A,202402,37,1,1096
E1,M01,103-0,E,SF-103,A,202402,37,1,512
E1,M01,103-0,ALL,SF-103,A,202402,37,9,7310
E1,M01,103-1,A,SF-103,A,202402,37,3,2485
E1,M01,103-1,B,SF-103,A,202402,37,1,1754
E1,M01,103-1,C,SF-103,A,202402,37,0,1462
E1,M01,103-1,D,SF-103,A,202402,37,1,1096
E1,M01,103-1,E,SF-103,A,202402,37,1,512
E1,M01,103-1,ALL,SF-103,A,202402,37,6,7310
E1,M01,103-0,A,SF-103,A,202403,38,2,2530
E1,M01,103-0,B,SF-103,A,202403,38,0,1786
E1,M01,103-0,C,SF-103,A,202403,38,0,1488
E1,M01,103-0,D,SF-103,A,202403,38,2,1116
E1,M01,103-0,E,SF-103,A,202403,38,0,521
E1,M01,103-0,ALL,SF-103,A,202403,38,4,7440
E1,M01,103-1,A,SF-103,A,202403,38,0,2530
E1,M01,103-1,B,SF-103,A,202403,38,1,1786
E1,M01,103-1,C,SF-103,A,202403,38,1,1488
E1,M01,103-1,D,SF-103,A,202403,38,2,1116
E1,M01,103-1,E,SF-103,A,202403,38,0,521
E1,M01,103-1,ALL,SF-103,A,202403,38,4,7440
E1,M01,103-0,A,SF-103,A,202404,39,3,2574
E1,M01,103-0,B,SF-103,A,202404,39,0,1817
E1,M01,103-0,C,SF-103,A,202404,39,0,1514
E1,M01,103-0,D,SF-103,A,202404,39,2,1136
E1,M01,103-0,E,SF-103,A,202404,39,0,530
E1,M01,103-0,ALL,SF-103,A,202404,39,5,7570
E1,M01,103-1,A,SF-103,A,202404,39,2,2574
E1,M01,103-1,B,SF-103,A,202404,39,1,1817
E1,M01,103-1,C,SF-103,A,202404,39,0,1514
E1,M01,103-1,D,SF-103,A,202404,39,1,1136
E1,M01,103-1,E,SF-103,A,202404,39,1,530
E1,M01,103-1,ALL,SF-103,A,202404,39,5,7570
E1,M01,103-0,A,SF-103,A,202405,40,2,2618
E1,M01,103-0,B,SF-103,A,202405,40,1,1848
E1,M01,103-0,C,SF-103,A,202405,40,2,1540
E1,M01,103-0,D,SF-103,A,202405,40,0,1155
E1,M01,103-0,E,SF-103,A,202405,40,0,539
E1,M01,103-0,ALL,SF-103,A,202405,40,5,7700
E1,M01,103-1,A,SF-103,A,202405,40,3,2618
E1,M01,103-1,B,SF-103,A,202405,40,1,1848
E1,M01,103-1,C,SF-103,A,202405,40,1,1540
E1,M01,103-1,D,SF-103,A,202405,40,1,1155
E1,M01,103-1,E,SF-103,A,202405,40,0,539
E1,M01,103-1,ALL,SF-103,A,202405,40,6,7700
E1,M01,103-0,A,SF-103,A,202406,41,3,2662
E1,M01,103-0,B,SF-103,A,202406,41,1,1879
E1,M01,103-0,C,SF-103,A,202406,41,2,1566
E1,M01,103-0,D,SF-103,A,202406,41,0,1174
E1,M01,103-0,E,SF-103,A,202406,41,0,548
E1,M01,103-0,ALL,SF-103,A,202406,41,6,7830
E1,M01,103-1,A,SF-103,A,202406,41,4,2662
E1,M01,103-1,B,SF-103,A,202406,41,1,1879
E1,M01,103-1,C,SF-103,A,202406,41,2,1566
E1,M01,103-1,D,SF-103,A,202406,41,1,1174
E1,M01,103-1,E,SF-103,A,202406,41,1,548
E1,M01,103-1,ALL,SF-103,A,202406,41,9,7830
E1,M01,103-0,A,SF-103,A,202407,42,2,2706
E1,M01,103-0,B,SF-103,A,202407,42,1,1910
E1,M01,103-0,C,SF-103,A,202407,42,1,1592
E1,M01,103-0,D,SF-103,A,202407,42,1,1194
E1,M01,103-0,E,SF-103,A,202407,42,0,557
E1,M01,103-0,ALL,SF-103,A,202407,42,5,7960
E1,M01,103-1,A,SF-103,A,202407,42,4,2706
E1,M01,103-1,B,SF-103,A,202407,42,1,1910
E1,M01,103-1,C,SF-103,A,202407,42,2,1592
E1,M01,103-1,D,SF-103,A,202407,42,1,1194
E1,M01,103-1,E,SF-103,A,202407,42,0,557
E1,M01,103-1,ALL,SF-103,A,202407,42,8,7960
E1,M01,103-0,A,SF-103,A,202408,43,3,2751
E1,M01,103-0,B,SF-103,A,202408,43,2,1942
E1,M01,103-0,C,SF-103,A,202408,43,0,1618
E1,M01,103-0,D,SF-103,A,202408,43,1,1214
E1,M01,103-0,E,SF-103,A,202408,43,0,566
E1,M01,103-0,ALL,SF-103,A,202408,43,6,8090
E1,M01,103-1,A,SF-103,A,202408,43,2,2751
E1,M01,103-1,B,SF-103,A,202408,43,1,1942
E1,M01,103-1,C,SF-103,A,202408,43,0,1618
E1,M01,103-1,D,SF-103,A,202408,43,1,1214
E1,M01,103-1,E,SF-103,A,202408,43,0,566
E1,M01,103-1,ALL,SF-103,A,202408,43,4,8090
E1,M01,103-0,A,SF-103,A,202409,44,2,2795
E1,M01,103-0,B,SF-103,A,202409,44,0,1973
E1,M01,103-0,C,SF-103,A,202409,44,2,1644
E1,M01,103-0,D,SF-103,A,202409,44,1,1233
E1,M01,103-0,E,SF-103,A,202409,44,0,575
E1,M01,103-0,ALL,SF-103,A,202409,44,5,8220
E1,M01,103-1,A,SF-103,A,202409,44,4,2795
E1,M01,103-1,B,SF-103,A,202409,44,1,1973
E1,M01,103-1,C,SF-103,A,202409,44,1,1644
E1,M01,103-1,D,SF-103,A,202409,44,1,1233
E1,M01,103-1,E,SF-103,A,202409,44,0,575
E1,M01,103-1,ALL,SF-103,A,202409,44,7,8220
E1,M01,103-0,A,SF-103,A,202410,45,3,2839
E1,M01,103-0,B,SF-103,A,202410,45,3,2004
E1,M01,103-0,C,SF-103,A,202410,45,2,1670
E1,M01,103-0,D,SF-103,A,202410,45,1,1252
E1,M01,103-0,E,SF-103,A,202410,45,0,584
E1,M01,103-0,ALL,SF-103,A,202410,45,9,8350
E1,M01,103-1,A,SF-103,A,202410,45,5,2839
E1,M01,103-1,B,SF-103,A,202410,45,1,2004
E1,M01,103-1,C,SF-103,A,202410,45,4,1670
E1,M01,103-1,D,SF-103,A,202410,45,0,1252
E1,M01,103-1,E,SF-103,A,202410,45,1,584
E1,M01,103-1,ALL,SF-103,A,202410,45,11,8350
E1,M01,103-0,A,SF-103,A,202411,46,1,2883
E1,M01,103-0,B,SF-103,A,202411,46,2,2035
E1,M01,103-0,C,SF-103,A,202411,46,1,1696
E1,M01,103-0,D,SF-103,A,202411,46,2,1272
E1,M01,103-0,E,SF-103,A,202411,46,0,594
E1,M01,103-0,ALL,SF-103,A,202411,46,6,8480
E1,M01,103-1,A,SF-103,A,202411,46,1,2883
E1,M01,103-1,B,SF-103,A,202411,46,2,2035
E1,M01,103-1,C,SF-103,A,202411,46,1,1696
E1,M01,103-1,D,SF-103,A,202411,46,0,1272
E1,M01,103-1,E,SF-103,A,202411,46,1,594
E1,M01,103-1,ALL,SF-103,A,202411,46,5,8480
E1,M01,103-0,A,SF-103,A,202412,47,1,2927
E1,M01,103-0,B,SF-103,A,202412,47,1,2066
E1,M01,103-0,C,SF-103,A,202412,47,2,1722
E1,M01,103-0,D,SF-103,A,202412,47,1,1292
E1,M01,103-0,E,SF-103,A,202412,47,0,603
E1,M01,103-0,ALL,SF-103,A,202412,47,5,8610
E1,M01,103-1,A,SF-103,A,202412,47,3,2927
E1,M01,103-1,B,SF-103,A,202412,47,0,2066
E1,M01,103-1,C,SF-103,A,202412,47,2,1722
E1,M01,103-1,D,SF-103,A,202412,47,1,1292
E1,M01,103-1,E,SF-103,A,202412,47,0,603
E1,M01,103-1,ALL,SF-103,A,202412,47,6,8610
E1,M01,104-0,B,SF-104,A,202101,0,3,600
E1,M01,104-0,ALL,SF-104,A,202101,0,3,2500
E1,M01,104-0,ALL,SF-104,A,202102,1,0,2630
E1,M01,104-0,A,SF-104,A,202103,2,0,938
E1,M01,104-0,B,SF-104,A,202103,2,1,662
E1,M01,104-0,C,SF-104,A,202103,2,0,552
E1,M01,104-0,D,SF-104,A,202103,2,0,414
E1,M01,104-0,ALL,SF-104,A,202103,2,1,2760
E1,M01,104-0,A,SF-104,A,202104,3,0,983
E1,M01,104-0,B,SF-104,A,202104,3,0,694
E1,M01,104-0,C,SF-104,A,202104,3,0,578
E1,M01,104-0,D,SF-104,A,202104,3,1,434
E1,M01,104-0,ALL,SF-104,A,202104,3,1,2890
E1,M01,104-0,A,SF-104,A,202105,4,0,1027
E1,M01,104-0,B,SF-104,A,202105,4,0,725
E1,M01,104-0,C,SF-104,A,202105,4,0,604
E1,M01,104-0,D,SF-104,A,202105,4,0,453
E1,M01,104-0,ALL,SF-104,A,202105,4,0,3020
E1,M01,104-0,A,SF-104,A,202106,5,1,1071
E1,M01,104-0,B,SF-104,A,202106,5,1,756
E1,M01,104-0,C,SF-104,A,202106,5,0,630
E1,M01,104-0,D,SF-104,A,202106,5,2,472
E1,M01,104-0,ALL,SF-104,A,202106,5,4,3150
E1,M01,104-0,A,SF-104,A,202107,6,0,1115
E1,M01,104-0,B,SF-104,A,202107,6,0,787
E1,M01,104-0,C,SF-104,A,202107,6,0,656
E1,M01,104-0,D,SF-104,A,202107,6,0,492
E1,M01,104-0,ALL,SF-104,A,202107,6,0,3280
E1,M01,104-0,A,SF-104,A,202108,7,1,1159
E1,M01,104-0,B,SF-104,A,202108,7,1,818
E1,M01,104-0,C,SF-104,A,202108,7,0,682
E1,M01,104-0,D,SF-104,A,202108,7,1,512
E1,M01,104-0,ALL,SF-104,A,202108,7,3,3410
E1,M01,104-0,A,SF-104,A,202109,8,2,1204
E1,M01,104-0,B,SF-104,A,202109,8,0,850
E1,M01,104-0,C,SF-104,A,202109,8,2,708
E1,M01,104-0,D,SF-104,A,202109,8,1,531
E1,M01,104-0,E,SF-104,A,202109,8,0,248
E1,M01,104-0,ALL,SF-104,A,202109,8,5,3540
E1,M01,104-0,A,SF-104,A,202110,9,2,1248
E1,M01,104-0,B,SF-104,A,202110,9,1,881
E1,M01,104-0,C,SF-104,A,202110,9,2,734
E1,M01,104-0,D,SF-104,A,202110,9,1,550
E1,M01,104-0,E,SF-104,A,202110,9,1,257
E1,M01,104-0,ALL,SF-104,A,202110,9,7,3670
E1,M01,104-0,A,SF-104,A,202111,10,0,1292
E1,M01,104-0,B,SF-104,A,202111,10,1,912
E1,M01,104-0,C,SF-104,A,202111,10,1,760
E1,M01,104-0,D,SF-104,A,202111,10,0,570
E1,M01,104-0,E,SF-104,A,202111,10,1,266
E1,M01,104-0,ALL,SF-104,A,202111,10,3,3800
E1,M01,104-0,A,SF-104,A,202112,11,1,1336
E1,M01,104-0,B,SF-104,A,202112,11,0,943
E1,M01,104-0,C,SF-104,A,202112,11,0,786
E1,M01,104-0,D,SF-104,A,202112,11,1,590
E1,M01,104-0,E,SF-104,A,202112,11,0,275
E1,M01,104-0,ALL,SF-104,A,202112,11,2,3930
E1,M01,104-0,A,SF-104,A,202201,12,1,1380
E1,M01,104-0,B,SF-104,A,202201,12,0,974
E1,M01,104-0,C,SF-104,A,202201,12,1,812
E1,M01,104-0,D,SF-104,A,202201,12,2,609
E1,M01,104-0,E,SF-104,A,202201,12,0,284
E1,M01,104-0,ALL,SF-104,A,202201,12,4,4060
E1,M01,104-0,A,SF-104,A,202202,13,1,1425
E1,M01,104-0,B,SF-104,A,202202,13,2,1006
E1,M01,104-0,C,SF-104,A,202202,13,2,838
E1,M01,104-0,D,SF-104,A,202202,13,0,628
E1,M01,104-0,E,SF-104,A,202202,13,0,293
E1,M01,104-0,ALL,SF-104,A,202202,13,5,4190
E1,M01,104-0,A,SF-104,A,202203,14,1,1469
E1,M01,104-0,B,SF-104,A,202203,14,0,1037
E1,M01,104-0,C,SF-104,A,202203,14,0,864
E1,M01,104-0,D,SF-104,A,202203,14,2,648
E1,M01,104-0,E,SF-104,A,202203,14,0,302
E1,M01,104-0,ALL,SF-104,A,202203,14,3,4320
E1,M01,104-0,A,SF-104,A,202204,15,2,1513
E1,M01,104-0,B,SF-104,A,202204,15,0,1068
E1,M01,104-0,C,SF-104,A,202204,15,0,890
E1,M01,104-0,D,SF-104,A,202204,15,0,668
E1,M01,104-0,E,SF-104,A,202204,15,1,312
E1,M01,104-0,ALL,SF-104,A,202204,15,3,4450
E1,M01,104-0,A,SF-104,A,202205,16,1,1557
E1,M01,104-0,B,SF-104,A,202205,16,1,1099
E1,M01,104-0,C,SF-104,A,202205,16,0,916
E1,M01,104-0,D,SF-104,A,202205,16,1,687
E1,M01,104-0,E,SF-104,A,202205,16,0,321
E1,M01,104-0,ALL,SF-104,A,202205,16,3,4580
E1,M01,104-0,A,SF-104,A,202206,17,3,1601
E1,M01,104-0,B,SF-104,A,202206,17,0,1130
E1,M01,104-0,C,SF-104,A,202206,17,1,942
E1,M01,104-0,D,SF-104,A,202206,17,0,706
E1,M01,104-0,E,SF-104,A,202206,17,1,330
E1,M01,104-0,ALL,SF-104,A,202206,17,5,4710
E1,M01,104-0,A,SF-104,A,202207,18,1,1646
E1,M01,104-0,B,SF-104,A,202207,18,0,1162
E1,M01,104-0,C,SF-104,A,202207,18,1,968
E1,M01,104-0,D,SF-104,A,202207,18,1,726
E1,M01,104-0,E,SF-104,A,202207,18,0,339
E1,M01,104-0,ALL,SF-104,A,202207,18,3,4840
E1,M01,104-0,A,SF-104,A,202208,19,0,1690
E1,M01,104-0,B,SF-104,A,202208,19,2,1193
E1,M01,104-0,C,SF-104,A,202208,19,2,994
E1,M01,104-0,D,SF-104,A,202208,19,2,746
E1,M01,104-0,E,SF-104,A,202208,19,0,348
E1,M01,104-0,ALL,SF-104,A,202208,19,6,4970
E1,M01,104-0,A,SF-104,A,202209,20,2,1734
E1,M01,104-0,B,SF-104,A,202209,20,2,1224
E1,M01,104-0,C,SF-104,A,202209,20,1,1020
E1,M01,104-0,D,SF-104,A,202209,20,2,765
E1,M01,104-0,E,SF-104,A,202209,20,0,357
E1,M01,104-0,ALL,SF-104,A,202209,20,7,5100
E1,M01,104-0,A,SF-104,A,202210,21,2,1778
E1,M01,104-0,B,SF-104,A,202210,21,0,1255
E1,M01,104-0,C,SF-104,A,202210,21,0,1046
E1,M01,104-0,D,SF-104,A,202210,21,1,784
E1,M01,104-0,E,SF-104,A,202210,21,0,366
E1,M01,104-0,ALL,SF-104,A,202210,21,3,5230
E1,M01,104-0,A,SF-104,A,202211,22,1,1822
E1,M01,104-0,B,SF-104,A,202211,22,1,1286
E1,M01,104-0,C,SF-104,A,202211,22,0,1072
E1,M01,104-0,D,SF-104,A,202211,22,0,804
E1,M01,104-0,E,SF-104,A,202211,22,0,375
E1,M01,104-0,ALL,SF-104,A,202211,22,2,5360
E1,M01,104-0,A,SF-104,A,202212,23,4,1867
E1,M01,104-0,B,SF-104,A,202212,23,2,1318
E1,M01,104-0,C,SF-104,A,202212,23,0,1098
E1,M01,104-0,D,SF-104,A,202212,23,2,824
E1,M01,104-0,E,SF-104,A,202212,23,0,384
E1,M01,104-0,ALL,SF-104,A,202212,23,8,5490
E1,M01,104-0,A,SF-104,A,202301,24,3,1911
E1,M01,104-0,B,SF-104,A,202301,24,1,1349
E1,M01,104-0,C,SF-104,A,202301,24,1,1124
E1,M01,104-0,D,SF-104,A,202301,24,1,843
E1,M01,104-0,E,SF-104,A,202301,24,1,393
E1,M01,104-0,ALL,SF-104,A,202301,24,7,5620
E1,M01,104-0,A,SF-104,A,202302,25,3,1955
E1,M01,104-0,B,SF-104,A,202302,25,0,1380
E1,M01,104-0,C,SF-104,A,202302,25,1,1150
E1,M01,104-0,D,SF-104,A,202302,25,0,862
E1,M01,104-0,E,SF-104,A,202302,25,0,403
E1,M01,104-0,ALL,SF-104,A,202302,25,4,5750
E1,M01,104-0,A,SF-104,A,202303,26,2,1999
E1,M01,104-0,B,SF-104,A,202303,26,2,1411
E1,M01,104-0,C,SF-104,A,202303,26,0,1176
E1,M01,104-0,D,SF-104,A,202303,26,1,882
E1,M01,104-0,E,SF-104,A,202303,26,2,412
E1,M01,104-0,ALL,SF-104,A,202303,26,7,5880
E1,M01,104-0,A,SF-104,A,202304,27,1,2043
E1,M01,104-0,B,SF-104,A,202304,27,1,1442
E1,M01,104-0,C,SF-104,A,202304,27,2,1202
E1,M01,104-0,D,SF-104,A,202304,27,0,902
E1,M01,104-0,E,SF-104,A,202304,27,0,421
E1,M01,104-0,ALL,SF-104,A,202304,27,4,6010
E1,M01,104-0,A,SF-104,A,202305,28,0,2088
E1,M01,104-0,B,SF-104,A,202305,28,3,1474
E1,M01,104-0,C,SF-104,A,202305,28,0,1228
E1,M01,104-0,D,SF-104,A,202305,28,1,921
E1,M01,104-0,E,SF-104,A,202305,28,0,430
E1,M01,104-0,ALL,SF-104,A,202305,28,4,6140
E1,M01,104-0,A,SF-104,A,202306,29,4,2132
E1,M01,104-0,B,SF-104,A,202306,29,4,1505
E1,M01,104-0,C,SF-104,A,202306,29,1,1254
E1,M01,104-0,D,SF-104,A,202306,29,1,940
E1,M01,104-0,E,SF-104,A,202306,29,0,439
E1,M01,104-0,ALL,SF-104,A,202306,29,10,6270
E1,M01,104-0,A,SF-104,A,202307,30,2,2176
E1,M01,104-0,B,SF-104,A,202307,30,0,1536
E1,M01,104-0,C,SF-104,A,202307,30,0,1280
E1,M01,104-0,D,SF-104,A,202307,30,2,960
E1,M01,104-0,E,SF-104,A,202307,30,1,448
E1,M01,104-0,ALL,SF-104,A,202307,30,5,6400
E1,M01,104-0,A,SF-104,A,202308,31,1,2220
E1,M01,104-0,B,SF-104,A,202308,31,1,1567
E1,M01,104-0,C,SF-104,A,202308,31,0,1306
E1,M01,104-0,D,SF-104,A,202308,31,0,980
E1,M01,104-0,E,SF-104,A,202308,31,1,457
E1,M01,104-0,ALL,SF-104,A,202308,31,3,6530
E1,M01,104-0,A,SF-104,A,202309,32,4,2264
E1,M01,104-0,B,SF-104,A,202309,32,4,1598
E1,M01,104-0,C,SF-104,A,202309,32,0,1332
E1,M01,104-0,D,SF-104,A,202309,32,1,999
E1,M01,104-0,E,SF-104,A,202309,32,1,466
E1,M01,104-0,ALL,SF-104,A,202309,32,10,6660
E1,M01,104-0,A,SF-104,A,202310,33,1,2309
E1,M01,104-0,B,SF-104,A,202310,33,0,1630
E1,M01,104-0,C,SF-104,A,202310,33,1,1358
E1,M01,104-0,D,SF-104,A,202310,33,0,1018
E1,M01,104-0,E,SF-104,A,202310,33,1,475
E1,M01,104-0,ALL,SF-104,A,202310,33,3,6790
E1,M01,104-0,A,SF-104,A,202311,34,3,2353
E1,M01,104-0,B,SF-104,A,202311,34,1,1661
E1,M01,104-0,C,SF-104,A,202311,34,2,1384
E1,M01,104-0,D,SF-104,A,202311,34,1,1038
E1,M01,104-0,E,SF-104,A,202311,34,1,484
E1,M01,104-0,ALL,SF-104,A,202311,34,8,6920
E1,M01,104-0,A,SF-104,A,202312,35,1,2397
E1,M01,104-0,B,SF-104,A,202312,35,2,1692
E1,M01,104-0,C,SF-104,A,202312,35,2,1410
E1,M01,104-0,D,SF-104,A,202312,35,3,1058
E1,M01,104-0,E,SF-104,A,202312,35,0,494
E1,M01,104-0,ALL,SF-104,A,202312,35,8,7050
E1,M01,104-0,A,SF-104,A,202401,36,2,2441
E1,M01,104-0,B,SF-104,A,202401,36,2,1723
E1,M01,104-0,C,SF-104,A,202401,36,1,1436
E1,M01,104-0,D,SF-104,A,202401,36,1,1077
E1,M01,104-0,E,SF-104,A,202401,36,0,503
E1,M01,104-0,ALL,SF-104,A,202401,36,6,7180
E1,M01,104-0,A,SF-104,A,202402,37,2,2485
E1,M01,104-0,B,SF-104,A,202402,37,2,1754
E1,M01,104-0,C,SF-104,A,202402,37,2,1462
E1,M01,104-0,D,SF-104,A,202402,37,2,1096
E1,M01,104-0,E,SF-104,A,202402,37,0,512
E1,M01,104-0,ALL,SF-104,A,202402,37,8,7310
E1,M01,104-0,A,SF-104,A,202403,38,3,2530
E1,M01,104-0,B,SF-104,A,202403,38,1,1786
E1,M01,104-0,C,SF-104,A,202403,38,1,1488
E1,M01,104-0,D,SF-104,A,202403,38,0,1116
E1,M01,104-0,E,SF-104,A,202403,38,0,521
E1,M01,104-0,ALL,SF-104,A,202403,38,5,7440
E1,M01,104-0,A,SF-104,A,202404,39,5,2574
E1,M01,104-0,B,SF-104,A,202404,39,1,1817
E1,M01,104-0,C,SF-104,A,202404,39,1,1514
E1,M01,104-0,D,SF-104,A,202404,39,0,1136
E1,M01,104-0,E,SF-104,A,202404,39,0,530
E1,M01,104-0,ALL,SF-104,A,202404,39,7,7570
E1,M01,104-0,A,SF-104,A,202405,40,3,2618
E1,M01,104-0,B,SF-104,A,202405,40,1,1848
E1,M01,104-0,C,SF-104,A,202405,40,3,1540
E1,M01,104-0,D,SF-104,A,202405,40,1,1155
E1,M01,104-0,E,SF-104,A,202405,40,0,539
E1,M01,104-0,ALL,SF-104,A,202405,40,8,7700
E1,M01,104-0,A,SF-104,A,202406,41,1,2662
E1,M01,104-0,B,SF-104,A,202406,41,1,1879
E1,M01,104-0,C,SF-104,A,202406,41,4,1566
E1,M01,104-0,D,SF-104,A,202406,41,2,1174
E1,M01,104-0,E,SF-104,A,202406,41,0,548
E1,M01,104-0,ALL,SF-104,A,202406,41,8,7830
E1,M01,104-0,A,SF-104,A,202407,42,1,2706
E1,M01,104-0,B,SF-104,A,202407,42,1,1910
E1,M01,104-0,C,SF-104,A,202407,42,2,1592
E1,M01,104-0,D,SF-104,A,202407,42,3,1194
E1,M01,104-0,E,SF-104,A,202407,42,0,557
E1,M01,104-0,ALL,SF-104,A,202407,42,7,7960
E1,M01,104-0,A,SF-104,A,202408,43,6,2751
E1,M01,104-0,B,SF-104,A,202408,43,1,1942
E1,M01,104-0,C,SF-104,A,202408,43,3,1618
E1,M01,104-0,D,SF-104,A,202408,43,0,1214
E1,M01,104-0,E,SF-104,A,202408,43,0,566
E1,M01,104-0,ALL,SF-104,A,202408,43,10,8090
E1,M01,104-0,A,SF-104,A,202409,44,8,2795
E1,M01,104-0,B,SF-104,A,202409,44,2,1973
E1,M01,104-0,C,SF-104,A,202409,44,3,1644
E1,M01,104-0,D,SF-104,A,202409,44,1,1233
E1,M01,104-0,E,SF-104,A,202409,44,1,575
E1,M01,104-0,ALL,SF-104,A,202409,44,15,8220
E1,M01,104-0,A,SF-104,A,202410,45,1,2839
E1,M01,104-0,B,SF-104,A,202410,45,5,2004
E1,M01,104-0,C,SF-104,A,202410,45,1,1670
E1,M01,104-0,D,SF-104,A,202410,45,3,1252
E1,M01,104-0,E,SF-104,A,202410,45,1,584
E1,M01,104-0,ALL,SF-104,A,202410,45,11,8350
E1,M01,104-0,A,SF-104,A,202411,46,2,2883
E1,M01,104-0,B,SF-104,A,202411,46,2,2035
E1,M01,104-0,C,SF-104,A,202411,46,2,1696
E1,M01,104-0,D,SF-104,A,202411,46,0,1272
E1,M01,104-0,E,SF-104,A,202411,46,0,594
E1,M01,104-0,ALL,SF-104,A,202411,46,6,8480
E1,M01,104-0,A,SF-104,A,202412,47,3,2927
E1,M01,104-0,B,SF-104,A,202412,47,3,2066
E1,M01,104-0,C,SF-104,A,202412,47,3,1722
E1,M01,104-0,D,SF-104,A,202412,47,0,1292
E1,M01,104-0,E,SF-104,A,202412,47,0,603
E1,M01,104-0,ALL,SF-104,A,202412,47,9,8610
E1,M01,105-0,B,SF-105,A,202101,0,1,600
E1,M01,105-0,C,SF-105,A,202101,0,2,500
E1,M01,105-0,ALL,SF-105,A,202101,0,3,2500
E1,M01,105-0,ALL,SF-105,A,202102,1,0,2630
E1,M01,105-0,A,SF-105,A,202103,2,0,938
E1,M01,105-0,B,SF-105,A,202103,2,0,662
E1,M01,105-0,C,SF-105,A,202103,2,1,552
E1,M01,105-0,D,SF-105,A,202103,2,0,414
E1,M01,105-0,ALL,SF-105,A,202103,2,1,2760
E1,M01,105-0,A,SF-105,A,202104,3,0,983
E1,M01,105-0,B,SF-105,A,202104,3,0,694
E1,M01,105-0,C,SF-105,A,202104,3,0,578
E1,M01,105-0,D,SF-105,A,202104,3,0,434
E1,M01,105-0,ALL,SF-105,A,202104,3,0,2890
E1,M01,105-0,A,SF-105,A,202105,4,1,1027
E1,M01,105-0,B,SF-105,A,202105,4,0,725
E1,M01,105-0,C,SF-105,A,202105,4,1,604
E1,M01,105-0,D,SF-105,A,202105,4,0,453
E1,M01,105-0,ALL,SF-105,A,202105,4,2,3020
E1,M01,105-0,A,SF-105,A,202106,5,0,1071
E1,M01,105-0,B,SF-105,A,202106,5,1,756
E1,M01,105-0,C,SF-105,A,202106,5,0,630
E1,M01,105-0,D,SF-105,A,202106,5,0,472
E1,M01,105-0,ALL,SF-105,A,202106,5,1,3150
E1,M01,105-0,A,SF-105,A,202107,6,1,1115
E1,M01,105-0,B,SF-105,A,202107,6,0,787
E1,M01,105-0,C,SF-105,A,202107,6,0,656
E1,M01,105-0,D,SF-105,A,202107,6,0,492
E1,M01,105-0,ALL,SF-105,A,202107,6,1,3280
E1,M01,105-0,A,SF-105,A,202108,7,1,1159
E1,M01,105-0,B,SF-105,A,202108,7,1,818
E1,M01,105-0,C,SF-105,A,202108,7,0,682
E1,M01,105-0,D,SF-105,A,202108,7,0,512
E1,M01,105-0,ALL,SF-105,A,202108,7,2,3410
E1,M01,105-0,A,SF-105,A,202109,8,0,1204
E1,M01,105-0,B,SF-105,A,202109,8,0,850
E1,M01,105-0,C,SF-105,A,202109,8,0,708
E1,M01,105-0,D,SF-105,A,202109,8,0,531
E1,M01,105-0,E,SF-105,A,202109,8,0,248
E1,M01,105-0,ALL,SF-105,A,202109,8,0,3540
E1,M01,105-0,A,SF-105,A,202110,9,1,1248
E1,M01,105-0,B,SF-105,A,202110,9,1,881
E1,M01,105-0,C,SF-105,A,202110,9,0,734
E1,M01,105-0,D,SF-105,A,202110,9,1,550
E1,M01,105-0,E,SF-105,A,202110,9,0,257
E1,M01,105-0,ALL,SF-105,A,202110,9,3,3670
E1,M01,105-0,A,SF-105,A,202111,10,1,1292
E1,M01,105-0,B,SF-105,A,202111,10,0,912
E1,M01,105-0,C,SF-105,A,202111,10,0,760
E1,M01,105-0,D,SF-105,A,202111,10,0,570
E1,M01,105-0,E,SF-105,A,202111,10,0,266
E1,M01,105-0,ALL,SF-105,A,202111,10,1,3800
E1,M01,105-0,A,SF-105,A,202112,11,1,1336
E1,M01,105-0,B,SF-105,A,202112,11,1,943
E1,M01,105-0,C,SF-105,A,202112,11,0,786
E1,M01,105-0,D,SF-105,A,202112,11,0,590
E1,M01,105-0,E,SF-105,A,202112,11,0,275
E1,M01,105-0,ALL,SF-105,A,202112,11,2,3930
E1,M01,105-0,A,SF-105,A,202201,12,0,1380
E1,M01,105-0,B,SF-105,A,202201,12,0,974
E1,M01,105-0,C,SF-105,A,202201,12,0,812
E1,M01,105-0,D,SF-105,A,202201,12,0,609
E1,M01,105-0,E,SF-105,A,202201,12,0,284
E1,M01,105-0,ALL,SF-105,A,202201,12,0,4060
E1,M01,105-0,A,SF-105,A,202202,13,1,1425
E1,M01,105-0,B,SF-105,A,202202,13,0,1006
E1,M01,105-0,C,SF-105,A,202202,13,1,838
E1,M01,105-0,D,SF-105,A,202202,13,0,628
E1,M01,105-0,E,SF-105,A,202202,13,0,293
E1,M01,105-0,ALL,SF-105,A,202202,13,2,4190
E1,M01,105-0,A,SF-105,A,202203,14,1,1469
E1,M01,105-0,B,SF-105,A,202203,14,0,1037
E1,M01,105-0,C,SF-105,A,202203,14,0,864
E1,M01,105-0,D,SF-105,A,202203,14,2,648
E1,M01,105-0,E,SF-105,A,202203,14,0,302
E1,M01,105-0,ALL,SF-105,A,202203,14,3,4320
E1,M01,105-0,A,SF-105,A,202204,15,0,1513
E1,M01,105-0,B,SF-105,A,202204,15,0,1068
E1,M01,105-0,C,SF-105,A,202204,15,0,890
E1,M01,105-0,D,SF-105,A,202204,15,0,668
E1,M01,105-0,E,SF-105,A,202204,15,0,312
E1,M01,105-0,ALL,SF-105,A,202204,15,0,4450
E1,M01,105-0,A,SF-105,A,202205,16,0,1557
E1,M01,105-0,B,SF-105,A,202205,16,0,1099
E1,M01,105-0,C,SF-105,A,202205,16,0,916
E1,M01,105-0,D,SF-105,A,202205,16,0,687
E1,M01,105-0,E,SF-105,A,202205,16,0,321
E1,M01,105-0,ALL,SF-105,A,202205,16,0,4580
E1,M01,105-0,A,SF-105,A,202206,17,2,1601
E1,M01,105-0,B,SF-105,A,202206,17,0,1130
E1,M01,105-0,C,SF-105,A,202206,17,0,942
E1,M01,105-0,D,SF-105,A,202206,17,0,706
E1,M01,105-0,E,SF-105,A,202206,17,0,330
E1,M01,105-0,ALL,SF-105,A,202206,17,2,4710
E1,M01,105-0,A,SF-105,A,202207,18,0,1646
E1,M01,105-0,B,SF-105,A,202207,18,0,1162
E1,M01,105-0,C,SF-105,A,202207,18,0,968
E1,M01,105-0,D,SF-105,A,202207,18,0,726
E1,M01,105-0,E,SF-105,A,202207,18,1,339
E1,M01,105-0,ALL,SF-105,A,202207,18,1,4840
E1,M01,105-0,A,SF-105,A,202208,19,0,1690
E1,M01,105-0,B,SF-105,A,202208,19,1,1193
E1,M01,105-0,C,SF-105,A,202208,19,0,994
E1,M01,105-0,D,SF-105,A,202208,19,0,746
E1,M01,105-0,E,SF-105,A,202208,19,0,348
E1,M01,105-0,ALL,SF-105,A,202208,19,1,4970
E1,M01,105-0,A,SF-105,A,202209,20,3,1734
E1,M01,105-0,B,SF-105,A,202209,20,1,1224
E1,M01,105-0,C,SF-105,A,202209,20,0,1020
E1,M01,105-0,D,SF-105,A,202209,20,1,765
E1,M01,105-0,E,SF-105,A,202209,20,0,357
E1,M01,105-0,ALL,SF-105,A,202209,20,5,5100
E1,M01,105-0,A,SF-105,A,202210,21,1,1778
E1,M01,105-0,B,SF-105,A,202210,21,0,1255
E1,M01,105-0,C,SF-105,A,202210,21,2,1046
E1,M01,105-0,D,SF-105,A,202210,21,0,784
E1,M01,105-0,E,SF-105,A,202210,21,0,366
E1,M01,105-0,ALL,SF-105,A,202210,21,3,5230
E1,M01,105-0,A,SF-105,A,202211,22,0,1822
E1,M01,105-0,B,SF-105,A,202211,22,0,1286
E1,M01,105-0,C,SF-105,A,202211,22,0,1072
E1,M01,105-0,D,SF-105,A,202211,22,0,804
E1,M01,105-0,E,SF-105,A,202211,22,0,375
E1,M01,105-0,ALL,SF-105,A,202211,22,0,5360
E1,M01,105-0,A,SF-105,A,202212,23,0,1867
E1,M01,105-0,B,SF-105,A,202212,23,0,1318
E1,M01,105-0,C,SF-105,A,202212,23,0,1098
E1,M01,105-0,D,SF-105,A,202212,23,0,824
E1,M01,105-0,E,SF-105,A,202212,23,0,384
E1,M01,105-0,ALL,SF-105,A,202212,23,0,5490
E1,M01,105-0,A,SF-105,A,202301,24,1,1911
E1,M01,105-0,B,SF-105,A,202301,24,0,1349
E1,M01,105-0,C,SF-105,A,202301,24,0,1124
E1,M01,105-0,D,SF-105,A,202301,24,0,843
E1,M01,105-0,E,SF-105,A,202301,24,0,393
E1,M01,105-0,ALL,SF-105,A,202301,24,1,5620
E1,M01,105-0,A,SF-105,A,202302,25,2,1955
E1,M01,105-0,B,SF-105,A,202302,25,1,1380
E1,M01,105-0,C,SF-105,A,202302,25,0,1150
E1,M01,105-0,D,SF-105,A,202302,25,0,862
E1,M01,105-0,E,SF-105,A,202302,25,0,403
E1,M01,105-0,ALL,SF-105,A,202302,25,3,5750
E1,M01,105-0,A,SF-105,A,202303,26,0,1999
E1,M01,105-0,B,SF-105,A,202303,26,1,1411
E1,M01,105-0,C,SF-105,A,202303,26,1,1176
E1,M01,105-0,D,SF-105,A,202303,26,0,882
E1,M01,105-0,E,SF-105,A,202303,26,0,412
E1,M01,105-0,ALL,SF-105,A,202303,26,2,5880
E1,M01,105-0,A,SF-105,A,202304,27,1,2043
E1,M01,105-0,B,SF-105,A,202304,27,1,1442
E1,M01,105-0,C,SF-105,A,202304,27,0,1202
E1,M01,105-0,D,SF-105,A,202304,27,0,902
E1,M01,105-0,E,SF-105,A,202304,27,0,421
E1,M01,105-0,ALL,SF-105,A,202304,27,2,6010
E1,M01,105-0,A,SF-105,A,202305,28,4,2088
E1,M01,105-0,B,SF-105,A,202305,28,0,1474
E1,M01,105-0,C,SF-105,A,202305,28,0,1228
E1,M01,105-0,D,SF-105,A,202305,28,1,921
E1,M01,105-0,E,SF-105,A,202305,28,0,430
E1,M01,105-0,ALL,SF-105,A,202305,28,5,6140
E1,M01,105-0,A,SF-105,A,202306,29,0,2132
E1,M01,105-0,B,SF-105,A,202306,29,1,1505
E1,M01,105-0,C,SF-105,A,202306,29,0,1254
E1,M01,105-0,D,SF-105,A,202306,29,0,940
E1,M01,105-0,E,SF-105,A,202306,29,0,439
E1,M01,105-0,ALL,SF-105,A,202306,29,1,6270
E1,M01,105-0,A,SF-105,A,202307,30,0,2176
E1,M01,105-0,B,SF-105,A,202307,30,0,1536
E1,M01,105-0,C,SF-105,A,202307,30,0,1280
E1,M01,105-0,D,SF-105,A,202307,30,0,960
E1,M01,105-0,E,SF-105,A,202307,30,0,448
E1,M01,105-0,ALL,SF-105,A,202307,30,0,6400
E1,M01,105-0,A,SF-105,A,202308,31,1,2220
E1,M01,105-0,B,SF-105,A,202308,31,1,1567
E1,M01,105-0,C,SF-105,A,202308,31,0,1306
E1,M01,105-0,D,SF-105,A,202308,31,1,980
E1,M01,105-0,E,SF-105,A,202308,31,0,457
E1,M01,105-0,ALL,SF-105,A,202308,31,3,6530
E1,M01,105-0,A,SF-105,A,202309,32,1,2264
E1,M01,105-0,B,SF-105,A,202309,32,0,1598
E1,M01,105-0,C,SF-105,A,202309,32,0,1332
E1,M01,105-0,D,SF-105,A,202309,32,0,999
E1,M01,105-0,E,SF-105,A,202309,32,0,466
E1,M01,105-0,ALL,SF-105,A,202309,32,1,6660
E1,M01,105-0,A,SF-105,A,202310,33,0,2309
E1,M01,105-0,B,SF-105,A,202310,33,1,1630
E1,M01,105-0,C,SF-105,A,202310,33,0,1358
E1,M01,105-0,D,SF-105,A,202310,33,0,1018
E1,M01,105-0,E,SF-105,A,202310,33,0,475
E1,M01,105-0,ALL,SF-105,A,202310,33,1,6790
E1,M01,105-0,A,SF-105,A,202311,34,0,2353
E1,M01,105-0,B,SF-105,A,202311,34,0,1661
E1,M01,105-0,C,SF-105,A,202311,34,0,1384
E1,M01,105-0,D,SF-105,A,202311,34,0,1038
E1,M01,105-0,E,SF-105,A,202311,34,1,484
E1,M01,105-0,ALL,SF-105,A,202311,34,1,6920
E1,M01,105-0,A,SF-105,A,202312,35,1,2397
E1,M01,105-0,B,SF-105,A,202312,35,1,1692
E1,M01,105-0,C,SF-105,A,202312,35,0,1410
E1,M01,105-0,D,SF-105,A,202312,35,0,1058
E1,M01,105-0,E,SF-105,A,202312,35,0,494
E1,M01,105-0,ALL,SF-105,A,202312,35,2,7050
E1,M01,105-0,A,SF-105,A,202401,36,1,2441
E1,M01,105-0,B,SF-105,A,202401,36,1,1723
E1,M01,105-0,C,SF-105,A,202401,36,0,1436
E1,M01,105-0,D,SF-105,A,202401,36,0,1077
E1,M01,105-0,E,SF-105,A,202401,36,0,503
E1,M01,105-0,ALL,SF-105,A,202401,36,2,7180
E1,M01,105-0,A,SF-105,A,202402,37,0,2485
E1,M01,105-0,B,SF-105,A,202402,37,0,1754
E1,M01,105-0,C,SF-105,A,202402,37,0,1462
E1,M01,105-0,D,SF-105,A,202402,37,0,1096
E1,M01,105-0,E,SF-105,A,202402,37,0,512
E1,M01,105-0,ALL,SF-105,A,202402,37,0,7310
E1,M01,105-0,A,SF-105,A,202403,38,2,2530
E1,M01,105-0,B,SF-105,A,202403,38,0,1786
E1,M01,105-0,C,SF-105,A,202403,38,1,1488
E1,M01,105-0,D,SF-105,A,202403,38,0,1116
E1,M01,105-0,E,SF-105,A,202403,38,0,521
E1,M01,105-0,ALL,SF-105,A,202403,38,3,7440
E1,M01,105-0,A,SF-105,A,202404,39,0,2574
E1,M01,105-0,B,SF-105,A,202404,39,0,1817
E1,M01,105-0,C,SF-105,A,202404,39,0,1514
E1,M01,105-0,D,SF-105,A,202404,39,0,1136
E1,M01,105-0,E,SF-105,A,202404,39,0,530
E1,M01,105-0,ALL,SF-105,A,202404,39,0,7570
E1,M01,105-0,A,SF-105,A,202405,40,1,2618
E1,M01,105-0,B,SF-105,A,202405,40,1,1848
E1,M01,105-0,C,SF-105,A,202405,40,0,1540
E1,M01,105-0,D,SF-105,A,202405,40,1,1155
E1,M01,105-0,E,SF-105,A,202405,40,0,539
E1,M01,105-0,ALL,SF-105,A,202405,40,3,7700
E1,M01,105-0,A,SF-105,A,202406,41,0,2662
E1,M01,105-0,B,SF-105,A,202406,41,0,1879
E1,M01,105-0,C,SF-105,A,202406,41,0,1566
E1,M01,105-0,D,SF-105,A,202406,41,0,1174
E1,M01,105-0,E,SF-105,A,202406,41,0,548
E1,M01,105-0,ALL,SF-105,A,202406,41,0,7830
E1,M01,105-0,A,SF-105,A,202407,42,0,2706
E1,M01,105-0,B,SF-105,A,202407,42,0,1910
E1,M01,105-0,C,SF-105,A,202407,42,1,1592
E1,M01,105-0,D,SF-105,A,202407,42,0,1194
E1,M01,105-0,E,SF-105,A,202407,42,0,557
E1,M01,105-0,ALL,SF-105,A,202407,42,1,7960
E1,M01,105-0,A,SF-105,A,202408,43,1,2751
E1,M01,105-0,B,SF-105,A,202408,43,1,1942
E1,M01,105-0,C,SF-105,A,202408,43,0,1618
E1,M01,105-0,D,SF-105,A,202408,43,2,1214
E1,M01,105-0,E,SF-105,A,202408,43,0,566
E1,M01,105-0,ALL,SF-105,A,202408,43,4,8090
E1,M01,105-0,A,SF-105,A,202409,44,0,2795
E1,M01,105-0,B,SF-105,A,202409,44,1,1973
E1,M01,105-0,C,SF-105,A,202409,44,0,1644
E1,M01,105-0,D,SF-105,A,202409,44,0,1233
E1,M01,105-0,E,SF-105,A,202409,44,0,575
E1,M01,105-0,ALL,SF-105,A,202409,44,1,8220
E1,M01,105-0,A,SF-105,A,202410,45,1,2839
E1,M01,105-0,B,SF-105,A,202410,45,1,2004
E1,M01,105-0,C,SF-105,A,202410,45,0,1670
E1,M01,105-0,D,SF-105,A,202410,45,0,1252
E1,M01,105-0,E,SF-105,A,202410,45,0,584
E1,M01,105-0,ALL,SF-105,A,202410,45,2,8350
E1,M01,105-0,A,SF-105,A,202411,46,0,2883
E1,M01,105-0,B,SF-105,A,202411,46,0,2035
E1,M01,105-0,C,SF-105,A,202411,46,1,1696
E1,M01,105-0,D,SF-105,A,202411,46,0,1272
E1,M01,105-0,E,SF-105,A,202411,46,0,594
E1,M01,105-0,ALL,SF-105,A,202411,46,1,8480
E1,M01,105-0,A,SF-105,A,202412,47,1,2927
E1,M01,105-0,B,SF-105,A,202412,47,1,2066
E1,M01,105-0,C,SF-105,A,202412,47,2,1722
E1,M01,105-0,D,SF-105,A,202412,47,1,1292
E1,M01,105-0,E,SF-105,A,202412,47,0,603
E1,M01,105-0,ALL,SF-105,A,202412,47,5,8610
E1,M02,100-0,A,SF-100,A,202103,0,2,850
E1,M02,100-0,C,SF-100,A,202103,0,2,500
E1,M02,100-0,D,SF-100,A,202103,0,1,375
E1,M02,100-0,ALL,SF-100,A,202103,0,5,2500
E1,M02,100-0,A,SF-100,A,202104,1,3,894
E1,M02,100-0,B,SF-100,A,202104,1,1,631
E1,M02,100-0,ALL,SF-100,A,202104,1,4,2630
E1,M02,100-0,A,SF-100,A,202105,2,1,938
E1,M02,100-0,B,SF-100,A,202105,2,2,662
E1,M02,100-0,C,SF-100,A,202105,2,2,552
E1,M02,100-0,D,SF-100,A,202105,2,1,414
E1,M02,100-0,ALL,SF-100,A,202105,2,6,2760
E1,M02,100-0,A,SF-100,A,202106,3,3,983
E1,M02,100-0,B,SF-100,A,202106,3,1,694
E1,M02,100-0,C,SF-100,A,202106,3,0,578
E1,M02,100-0,D,SF-100,A,202106,3,0,434
E1,M02,100-0,ALL,SF-100,A,202106,3,4,2890
E1,M02,100-0,A,SF-100,A,202107,4,0,1027
E1,M02,100-0,B,SF-100,A,202107,4,2,725
E1,M02,100-0,C,SF-100,A,202107,4,2,604
E1,M02,100-0,D,SF-100,A,202107,4,2,453
E1,M02,100-0,ALL,SF-100,A,202107,4,6,3020
E1,M02,100-0,A,SF-100,A,202108,5,0,1071
E1,M02,100-0,B,SF-100,A,202108,5,3,756
E1,M02,100-0,C,SF-100,A,202108,5,0,630
E1,M02,100-0,D,SF-100,A,202108,5,1,472
E1,M02,100-0,ALL,SF-100,A,202108,5,4,3150
E1,M02,100-0,A,SF-100,A,202109,6,0,1115
E1,M02,100-0,B,SF-100,A,202109,6,1,787
E1,M02,100-0,C,SF-100,A,202109,6,0,656
E1,M02,100-0,D,SF-100,A,202109,6,0,492
E1,M02,100-0,ALL,SF-100,A,202109,6,1,3280
E1,M02,100-0,A,SF-100,A,202110,7,3,1159
E1,M02,100-0,B,SF-100,A,202110,7,1,818
E1,M02,100-0,C,SF-100,A,202110,7,1,682
E1,M02,100-0,D,SF-100,A,202110,7,1,512
E1,M02,100-0,ALL,SF-100,A,202110,7,6,3410
E1,M02,100-0,A,SF-100,A,202111,8,1,1204
E1,M02,100-0,B,SF-100,A,202111,8,1,850
E1,M02,100-0,C,SF-100,A,202111,8,0,708
E1,M02,100-0,D,SF-100,A,202111,8,1,531
E1,M02,100-0,E,SF-100,A,202111,8,0,248
E1,M02,100-0,ALL,SF-100,A,202111,8,3,3540
E1,M02,100-0,A,SF-100,A,202112,9,1,1248
E1,M02,100-0,B,SF-100,A,202112,9,0,881
E1,M02,100-0,C,SF-100,A,202112,9,1,734
E1,M02,100-0,D,SF-100,A,202112,9,1,550
E1,M02,100-0,E,SF-100,A,202112,9,0,257
E1,M02,100-0,ALL,SF-100,A,202112,9,3,3670
E1,M02,100-0,A,SF-100,A,202201,10,1,1292
E1,M02,100-0,B,SF-100,A,202201,10,1,912
E1,M02,100-0,C,SF-100,A,202201,10,0,760
E1,M02,100-0,D,SF-100,A,202201,10,0,570
E1,M02,100-0,E,SF-100,A,202201,10,1,266
E1,M02,100-0,ALL,SF-100,A,202201,10,3,3800
E1,M02,100-0,A,SF-100,A,202202,11,0,1336
E1,M02,100-0,B,SF-100,A,202202,11,3,943
E1,M02,100-0,C,SF-100,A,202202,11,2,786
E1,M02,100-0,D,SF-100,A,202202,11,1,590
E1,M02,100-0,E,SF-100,A,202202,11,0,275
E1,M02,100-0,ALL,SF-100,A,202202,11,6,3930
E1,M02,100-0,A,SF-100,A,202203,12,2,1380
E1,M02,100-0,B,SF-100,A,202203,12,0,974
E1,M02,100-0,C,SF-100,A,202203,12,3,812
E1,M02,100-0,D,SF-100,A,202203,12,0,609
E1,M02,100-0,E,SF-100,A,202203,12,0,284
E1,M02,100-0,ALL,SF-100,A,202203,12,5,4060
E1,M02,100-0,A,SF-100,A,202204,13,3,1425
E1,M02,100-0,B,SF-100,A,202204,13,1,1006
E1,M02,100-0,C,SF-100,A,202204,13,0,838
E1,M02,100-0,D,SF-100,A,202204,13,2,628
E1,M02,100-0,E,SF-100,A,202204,13,0,293
E1,M02,100-0,ALL,SF-100,A,202204,13,6,4190
E1,M02,100-0,A,SF-100,A,202205,14,0,1469
E1,M02,100-0,B,SF-100,A,202205,14,1,1037
E1,M02,100-0,C,SF-100,A,202205,14,2,864
E1,M02,100-0,D,SF-100,A,202205,14,0,648
E1,M02,100-0,E,SF-100,A,202205,14,0,302
E1,M02,100-0,ALL,SF-100,A,202205,14,3,4320
E1,M02,100-0,A,SF-100,A,202206,15,4,1513
E1,M02,100-0,B,SF-100,A,202206,15,0,1068
E1,M02,100-0,C,SF-100,A,202206,15,2,890
E1,M02,100-0,D,SF-100,A,202206,15,0,668
E1,M02,100-0,E,SF-100,A,202206,15,0,312
E1,M02,100-0,ALL,SF-100,A,202206,15,6,4450
E1,M02,100-0,A,SF-100,A,202207,16,4,1557
E1,M02,100-0,B,SF-100,A,202207,16,1,1099
E1,M02,100-0,C,SF-100,A,202207,16,1,916
E1,M02,100-0,D,SF-100,A,202207,16,1,687
E1,M02,100-0,E,SF-100,A,202207,16,0,321
E1,M02,100-0,ALL,SF-100,A,202207,16,7,4580
E1,M02,100-0,A,SF-100,A,202208,17,2,1601
E1,M02,100-0,B,SF-100,A,202208,17,2,1130
E1,M02,100-0,C,SF-100,A,202208,17,1,942
E1,M02,100-0,D,SF-100,A,202208,17,1,706
E1,M02,100-0,E,SF-100,A,202208,17,1,330
E1,M02,100-0,ALL,SF-100,A,202208,17,7,4710
E1,M02,100-0,A,SF-100,A,202209,18,5,1646
E1,M02,100-0,B,SF-100,A,202209,18,0,1162
E1,M02,100-0,C,SF-100,A,202209,18,2,968
E1,M02,100-0,D,SF-100,A,202209,18,1,726
E1,M02,100-0,E,SF-100,A,202209,18,0,339
E1,M02,100-0,ALL,SF-100,A,202209,18,8,4840
E1,M02,100-0,A,SF-100,A,202210,19,5,1690
E1,M02,100-0,B,SF-100,A,202210,19,1,1193
E1,M02,100-0,C,SF-100,A,202210,19,0,994
E1,M02,100-0,D,SF-100,A,202210,19,1,746
E1,M02,100-0,E,SF-100,A,202210,19,1,348
E1,M02,100-0,ALL,SF-100,A,202210,19,8,4970
E1,M02,100-0,A,SF-100,A,202211,20,2,1734
E1,M02,100-0,B,SF-100,A,202211,20,2,1224
E1,M02,100-0,C,SF-100,A,202211,20,0,1020
E1,M02,100-0,D,SF-100,A,202211,20,2,765
E1,M02,100-0,E,SF-100,A,202211,20,0,357
E1,M02,100-0,ALL,SF-100,A,202211,20,6,5100
E1,M02,100-0,A,SF-100,A,202212,21,3,1778
E1,M02,100-0,B,SF-100,A,202212,21,3,1255
E1,M02,100-0,C,SF-100,A,202212,21,0,1046
E1,M02,100-0,D,SF-100,A,202212,21,1,784
E1,M02,100-0,E,SF-100,A,202212,21,1,366
E1,M02,100-0,ALL,SF-100,A,202212,21,8,5230
E1,M02,100-0,A,SF-100,A,202301,22,5,1822
E1,M02,100-0,B,SF-100,A,202301,22,1,1286
E1,M02,100-0,C,SF-100,A,202301,22,1,1072
E1,M02,100-0,D,SF-100,A,202301,22,0,804
E1,M02,100-0,E,SF-100,A,202301,22,1,375
E1,M02,100-0,ALL,SF-100,A,202301,22,8,5360
E1,M02,100-0,A,SF-100,A,202302,23,0,1867
E1,M02,100-0,B,SF-100,A,202302,23,0,1318
E1,M02,100-0,C,SF-100,A,202302,23,0,1098
E1,M02,100-0,D,SF-100,A,202302,23,1,824
E1,M02,100-0,E,SF-100,A,202302,23,0,384
E1,M02,100-0,ALL,SF-100,A,202302,23,1,5490
E1,M02,100-0,A,SF-100,A,202303,24,2,1911
E1,M02,100-0,B,SF-100,A,202303,24,2,1349
E1,M02,100-0,C,SF-100,A,202303,24,2,1124
E1,M02,100-0,D,SF-100,A,202303,24,2,843
E1,M02,100-0,E,SF-100,A,202303,24,0,393
E1,M02,100-0,ALL,SF-100,A,202303,24,8,5620
E1,M02,100-0,A,SF-100,A,202304,25,0,1955
E1,M02,100-0,B,SF-100,A,202304,25,0,1380
E1,M02,100-0,C,SF-100,A,202304,25,0,1150
E1,M02,100-0,D,SF-100,A,202304,25,1,862
E1,M02,100-0,E,SF-100,A,202304,25,0,403
E1,M02,100-0,ALL,SF-100,A,202304,25,1,5750
E1,M02,100-0,A,SF-100,A,202305,26,1,1999
E1,M02,100-0,B,SF-100,A,202305,26,1,1411
E1,M02,100-0,C,SF-100,A,202305,26,0,1176
E1,M02,100-0,D,SF-100,A,202305,26,1,882
E1,M02,100-0,E,SF-100,A,202305,26,0,412
E1,M02,100-0,ALL,SF-100,A,202305,26,3,5880
E1,M02,100-0,A,SF-100,A,202306,27,2,2043
E1,M02,100-0,B,SF-100,A,202306,27,2,1442
E1,M02,100-0,C,SF-100,A,202306,27,0,1202
E1,M02,100-0,D,SF-100,A,202306,27,1,902
E1,M02,100-0,E,SF-100,A,202306,27,0,421
E1,M02,100-0,ALL,SF-100,A,202306,27,5,6010
E1,M02,100-0,A,SF-100,A,202307,28,4,2088
E1,M02,100-0,B,SF-100,A,202307,28,1,1474
E1,M02,100-0,C,SF-100,A,202307,28,0,1228
E1,M02,100-0,D,SF-100,A,202307,28,1,921
E1,M02,100-0,E,SF-100,A,202307,28,0,430
E1,M02,100-0,ALL,SF-100,A,202307,28,6,6140
E1,M02,100-0,A,SF-100,A,202308,29,1,2132
E1,M02,100-0,B,SF-100,A,202308,29,1,1505
E1,M02,100-0,C,SF-100,A,202308,29,4,1254
E1,M02,100-0,D,SF-100,A,202308,29,1,940
E1,M02,100-0,E,SF-100,A,202308,29,2,439
E1,M02,100-0,ALL,SF-100,A,202308,29,9,6270
E1,M02,100-0,A,SF-100,A,202309,30,1,2176
E1,M02,100-0,B,SF-100,A,202309,30,2,1536
E1,M02,100-0,C,SF-100,A,202309,30,0,1280
E1,M02,100-0,D,SF-100,A,202309,30,1,960
E1,M02,100-0,E,SF-100,A,202309,30,0,448
E1,M02,100-0,ALL,SF-100,A,202309,30,4,6400
E1,M02,100-0,A,SF-100,A,202310,31,2,2220
E1,M02,100-0,B,SF-100,A,202310,31,1,1567
E1,M02,100-0,C,SF-100,A,202310,31,1,1306
E1,M02,100-0,D,SF-100,A,202310,31,0,980
E1,M02,100-0,E,SF-100,A,202310,31,0,457
E1,M02,100-0,ALL,SF-100,A,202310,31,4,6530
E1,M02,100-0,A,SF-100,A,202311,32,3,2264
E1,M02,100-0,B,SF-100,A,202311,32,2,1598
E1,M02,100-0,C,SF-100,A,202311,32,5,1332
E1,M02,100-0,D,SF-100,A,202311,32,2,999
E1,M02,100-0,E,SF-100,A,202311,32,2,466
E1,M02,100-0,ALL,SF-100,A,202311,32,14,6660
E1,M02,100-0,A,SF-100,A,202312,33,1,2309
E1,M02,100-0,B,SF-100,A,202312,33,2,1630
E1,M02,100-0,C,SF-100,A,202312,33,2,1358
E1,M02,100-0,D,SF-100,A,202312,33,1,1018
E1,M02,100-0,E,SF-100,A,202312,33,0,475
E1,M02,100-0,ALL,SF-100,A,202312,33,6,6790
E1,M02,100-0,A,SF-100,A,202401,34,6,2353
E1,M02,100-0,B,SF-100,A,202401,34,0,1661
E1,M02,100-0,C,SF-100,A,202401,34,1,1384
E1,M02,100-0,D,SF-100,A,202401,34,0,1038
E1,M02,100-0,E,SF-100,A,202401,34,0,484
E1,M02,100-0,ALL,SF-100,A,202401,34,7,6920
E1,M02,100-0,A,SF-100,A,202402,35,7,2397
E1,M02,100-0,B,SF-100,A,202402,35,2,1692
E1,M02,100-0,C,SF-100,A,202402,35,2,1410
E1,M02,100-0,D,SF-100,A,202402,35,1,1058
E1,M02,100-0,E,SF-100,A,202402,35,1,494
E1,M02,100-0,ALL,SF-100,A,202402,35,13,7050
E1,M02,100-0,A,SF-100,A,202403,36,3,2441
E1,M02,100-0,B,SF-100,A,202403,36,2,1723
E1,M02,100-0,C,SF-100,A,202403,36,0,1436
E1,M02,100-0,D,SF-100,A,202403,36,4,1077
E1,M02,100-0,E,SF-100,A,202403,36,2,503
E1,M02,100-0,ALL,SF-100,A,202403,36,11,7180
E1,M02,100-0,A,SF-100,A,202404,37,4,2485
E1,M02,100-0,B,SF-100,A,202404,37,2,1754
E1,M02,100-0,C,SF-100,A,202404,37,3,1462
E1,M02,100-0,D,SF-100,A,202404,37,1,1096
E1,M02,100-0,E,SF-100,A,202404,37,1,512
E1,M02,100-0,ALL,SF-100,A,202404,37,11,7310
E1,M02,100-0,A,SF-100,A,202405,38,4,2530
E1,M02,100-0,B,SF-100,A,202405,38,3,1786
E1,M02,100-0,C,SF-100,A,202405,38,3,1488
E1,M02,100-0,D,SF-100,A,202405,38,1,1116
E1,M02,100-0,E,SF-100,A,202405,38,1,521
E1,M02,100-0,ALL,SF-100,A,202405,38,12,7440
E1,M02,100-0,A,SF-100,A,202406,39,8,2574
E1,M02,100-0,B,SF-100,A,202406,39,3,1817
E1,M02,100-0,C,SF-100,A,202406,39,4,1514
E1,M02,100-0,D,SF-100,A,202406,39,2,1136
E1,M02,100-0,E,SF-100,A,202406,39,0,530
E1,M02,100-0,ALL,SF-100,A,202406,39,17,7570
E1,M02,100-0,A,SF-100,A,202407,40,3,2618
E1,M02,100-0,B,SF-100,A,202407,40,4,1848
E1,M02,100-0,C,SF-100,A,202407,40,2,1540
E1,M02,100-0,D,SF-100,A,202407,40,2,1155
E1,M02,100-0,E,SF-100,A,202407,40,1,539
E1,M02,100-0,ALL,SF-100,A,202407,40,12,7700
E1,M02,100-0,A,SF-100,A,202408,41,4,2662
E1,M02,100-0,B,SF-100,A,202408,41,1,1879
E1,M02,100-0,C,SF-100,A,202408,41,0,1566
E1,M02,100-0,D,SF-100,A,202408,41,2,1174
E1,M02,100-0,E,SF-100,A,202408,41,0,548
E1,M02,100-0,ALL,SF-100,A,202408,41,7,7830
E1,M02,100-0,A,SF-100,A,202409,42,6,2706
E1,M02,100-0,B,SF-100,A,202409,42,2,1910
E1,M02,100-0,C,SF-100,A,202409,42,0,1592
E1,M02,100-0,D,SF-100,A,202409,42,1,1194
E1,M02,100-0,E,SF-100,A,202409,42,2,557
E1,M02,100-0,ALL,SF-100,A,202409,42,11,7960
E1,M02,100-0,A,SF-100,A,202410,43,4,2751
E1,M02,100-0,B,SF-100,A,202410,43,1,1942
E1,M02,100-0,C,SF-100,A,202410,43,2,1618
E1,M02,100-0,D,SF-100,A,202410,43,1,1214
E1,M02,100-0,E,SF-100,A,202410,43,0,566
E1,M02,100-0,ALL,SF-100,A,202410,43,8,8090
E1,M02,100-0,A,SF-100,A,202411,44,3,2795
E1,M02,100-0,B,SF-100,A,202411,44,2,1973
E1,M02,100-0,C,SF-100,A,202411,44,3,1644
E1,M02,100-0,D,SF-100,A,202411,44,1,1233
E1,M02,100-0,E,SF-100,A,202411,44,0,575
E1,M02,100-0,ALL,SF-100,A,202411,44,9,8220
E1,M02,100-0,A,SF-100,A,202412,45,2,2839
E1,M02,100-0,B,SF-100,A,202412,45,5,2004
E1,M02,100-0,C,SF-100,A,202412,45,2,1670
E1,M02,100-0,D,SF-100,A,202412,45,0,1252
E1,M02,100-0,E,SF-100,A,202412,45,0,584
E1,M02,100-0,ALL,SF-100,A,202412,45,9,8350
E1,M02,101-0,B,SF-101,A,202103,0,1,600
E1,M02,101-0,C,SF-101,A,202103,0,1,500
E1,M02,101-0,ALL,SF-101,A,202103,0,2,2500
E1,M02,101-0,A,SF-101,A,202104,1,4,894
E1,M02,101-0,C,SF-101,A,202104,1,4,526
E1,M02,101-0,D,SF-101,A,202104,1,3,394
E1,M02,101-0,ALL,SF-101,A,202104,1,11,2630
E1,M02,101-0,A,SF-101,A,202105,2,4,938
E1,M02,101-0,B,SF-101,A,202105,2,3,662
E1,M02,101-0,C,SF-101,A,202105,2,2,552
E1,M02,101-0,D,SF-101,A,202105,2,3,414
E1,M02,101-0,ALL,SF-101,A,202105,2,12,2760
E1,M02,101-0,A,SF-101,A,202106,3,1,983
E1,M02,101-0,B,SF-101,A,202106,3,2,694
E1,M02,101-0,C,SF-101,A,202106,3,0,578
E1,M02,101-0,D,SF-101,A,202106,3,2,434
E1,M02,101-0,ALL,SF-101,A,202106,3,5,2890
E1,M02,101-0,A,SF-101,A,202107,4,1,1027
E1,M02,101-0,B,SF-101,A,202107,4,0,725
E1,M02,101-0,C,SF-101,A,202107,4,1,604
E1,M02,101-0,D,SF-101,A,202107,4,3,453
E1,M02,101-0,ALL,SF-101,A,202107,4,5,3020
E1,M02,101-0,A,SF-101,A,202108,5,5,1071
E1,M02,101-0,B,SF-101,A,202108,5,5,756
E1,M02,101-0,C,SF-101,A,202108,5,1,630
E1,M02,101-0,D,SF-101,A,202108,5,5,472
E1,M02,101-0,ALL,SF-101,A,202108,5,16,3150
E1,M02,101-0,A,SF-101,A,202109,6,4,1115
E1,M02,101-0,B,SF-101,A,202109,6,3,787
E1,M02,101-0,C,SF-101,A,202109,6,1,656
E1,M02,101-0,D,SF-101,A,202109,6,3,492
E1,M02,101-0,ALL,SF-101,A,202109,6,11,3280
E1,M02,101-0,A,SF-101,A,202110,7,5,1159
E1,M02,101-0,B,SF-101,A,202110,7,1,818
E1,M02,101-0,C,SF-101,A,202110,7,0,682
E1,M02,101-0,D,SF-101,A,202110,7,3,512
E1,M02,101-0,ALL,SF-101,A,202110,7,9,3410
E1,M02,101-0,A,SF-101,A,202111,8,5,1204
E1,M02,101-0,B,SF-101,A,202111,8,3,850
E1,M02,101-0,C,SF-101,A,202111,8,5,708
E1,M02,101-0,D,SF-101,A,202111,8,1,531
E1,M02,101-0,E,SF-101,A,202111,8,1,248
E1,M02,101-0,ALL,SF-101,A,202111,8,15,3540
E1,M02,101-0,A,SF-101,A,202112,9,5,1248
E1,M02,101-0,B,SF-101,A,202112,9,5,881
E1,M02,101-0,C,SF-101,A,202112,9,1,734
E1,M02,101-0,D,SF-101,A,202112,9,1,550
E1,M02,101-0,E,SF-101,A,202112,9,1,257
E1,M02,101-0,ALL,SF-101,A,202112,9,13,3670
E1,M02,101-0,A,SF-101,A,202201,10,6,1292
E1,M02,101-0,B,SF-101,A,202201,10,3,912
E1,M02,101-0,C,SF-101,A,202201,10,4,760
E1,M02,101-0,D,SF-101,A,202201,10,4,570
E1,M02,101-0,E,SF-101,A,202201,10,3,266
E1,M02,101-0,ALL,SF-101,A,202201,10,20,3800
E1,M02,101-0,A,SF-101,A,202202,11,10,1336
E1,M02,101-0,B,SF-101,A,202202,11,1,943
E1,M02,101-0,C,SF-101,A,202202,11,3,786
E1,M02,101-0,D,SF-101,A,202202,11,4,590
E1,M02,101-0,E,SF-101,A,202202,11,0,275
E1,M02,101-0,ALL,SF-101,A,202202,11,18,3930
E1,M02,101-0,A,SF-101,A,202203,12,4,1380
E1,M02,101-0,B,SF-101,A,202203,12,4,974
E1,M02,101-0,C,SF-101,A,202203,12,2,812
E1,M02,101-0,D,SF-101,A,202203,12,4,609
E1,M02,101-0,E,SF-101,A,202203,12,2,284
E1,M02,101-0,ALL,SF-101,A,202203,12,16,4060
E1,M02,101-0,A,SF-101,A,202204,13,4,1425
E1,M02,101-0,B,SF-101,A,202204,13,4,1006
E1,M02,101-0,C,SF-101,A,202204,13,2,838
E1,M02,101-0,D,SF-101,A,202204,13,5,628
E1,M02,101-0,E,SF-101,A,202204,13,0,293
E1,M02,101-0,ALL,SF-101,A,202204,13,15,4190
E1,M02,101-0,A,SF-101,A,202205,14,4,1469
E1,M02,101-0,B,SF-101,A,202205,14,6,1037
E1,M02,101-0,C,SF-101,A,202205,14,2,864
E1,M02,101-0,D,SF-101,A,202205,14,1,648
E1,M02,101-0,E,SF-101,A,202205,14,0,302
E1,M02,101-0,ALL,SF-101,A,202205,14,13,4320
E1,M02,101-0,A,SF-101,A,202206,15,4,1513
E1,M02,101-0,B,SF-101,A,202206,15,3,1068
E1,M02,101-0,C,SF-101,A,202206,15,3,890
E1,M02,101-0,D,SF-101,A,202206,15,3,668
E1,M02,101-0,E,SF-101,A,202206,15,0,312
E1,M02,101-0,ALL,SF-101,A,202206,15,13,4450
E1,M02,101-0,A,SF-101,A,202207,16,8,1557
E1,M02,101-0,B,SF-101,A,202207,16,4,1099
E1,M02,101-0,C,SF-101,A,202207,16,2,916
E1,M02,101-0,D,SF-101,A,202207,16,3,687
E1,M02,101-0,E,SF-101,A,202207,16,1,321
E1,M02,101-0,ALL,SF-101,A,202207,16,18,4580
E1,M02,101-0,A,SF-101,A,202208,17,7,1601
E1,M02,101-0,B,SF-101,A,202208,17,2,1130
E1,M02,101-0,C,SF-101,A,202208,17,5,942
E1,M02,101-0,D,SF-101,A,202208,17,3,706
E1,M02,101-0,E,SF-101,A,202208,17,0,330
E1,M02,101-0,ALL,SF-101,A,202208,17,17,4710
E1,M02,101-0,A,SF-101,A,202209,18,7,1646
E1,M02,101-0,B,SF-101,A,202209,18,4,1162
E1,M02,101-0,C,SF-101,A,202209,18,10,968
E1,M02,101-0,D,SF-101,A,202209,18,2,726
E1,M02,101-0,E,SF-101,A,202209,18,2,339
E1,M02,101-0,ALL,SF-101,A,202209,18,25,4840
E1,M02,101-0,A,SF-101,A,202210,19,8,1690
E1,M02,101-0,B,SF-101,A,202210,19,3,1193
E1,M02,101-0,C,SF-101,A,202210,19,5,994
E1,M02,101-0,D,SF-101,A,202210,19,5,746
E1,M02,101-0,E,SF-101,A,202210,19,2,348
E1,M02,101-0,ALL,SF-101,A,202210,19,23,4970
E1,M02,101-0,A,SF-101,A,202211,20,2,1734
E1,M02,101-0,B,SF-101,A,202211,20,6,1224
E1,M02,101-0,C,SF-101,A,202211,20,4,1020
E1,M02,101-0,D,SF-101,A,202211,20,4,765
E1,M02,101-0,E,SF-101,A,202211,20,0,357
E1,M02,101-0,ALL,SF-101,A,202211,20,16,5100
E1,M02,101-0,A,SF-101,A,202212,21,12,1778
E1,M02,101-0,B,SF-101,A,202212,21,0,1255
E1,M02,101-0,C,SF-101,A,202212,21,4,1046
E1,M02,101-0,D,SF-101,A,202212,21,4,784
E1,M02,101-0,E,SF-101,A,202212,21,1,366
E1,M02,101-0,ALL,SF-101,A,202212,21,21,5230
E1,M02,101-0,A,SF-101,A,202301,22,4,1822
E1,M02,101-0,B,SF-101,A,202301,22,4,1286
E1,M02,101-0,C,SF-101,A,202301,22,4,1072
E1,M02,101-0,D,SF-101,A,202301,22,3,804
E1,M02,101-0,E,SF-101,A,202301,22,2,375
E1,M02,101-0,ALL,SF-101,A,202301,22,17,5360
E1,M02,101-0,A,SF-101,A,202302,23,9,1867
E1,M02,101-0,B,SF-101,A,202302,23,1,1318
E1,M02,101-0,C,SF-101,A,202302,23,4,1098
E1,M02,101-0,D,SF-101,A,202302,23,2,824
E1,M02,101-0,E,SF-101,A,202302,23,0,384
E1,M02,101-0,ALL,SF-101,A,202302,23,16,5490
E1,M02,101-0,A,SF-101,A,202303,24,12,1911
E1,M02,101-0,B,SF-101,A,202303,24,4,1349
E1,M02,101-0,C,SF-101,A,202303,24,4,1124
E1,M02,101-0,D,SF-101,A,202303,24,1,843
E1,M02,101-0,E,SF-101,A,202303,24,1,393
E1,M02,101-0,ALL,SF-101,A,202303,24,22,5620
E1,M02,101-0,A,SF-101,A,202304,25,7,1955
E1,M02,101-0,B,SF-101,A,202304,25,2,1380
E1,M02,101-0,C,SF-101,A,202304,25,8,1150
E1,M02,101-0,D,SF-101,A,202304,25,6,862
E1,M02,101-0,E,SF-101,A,202304,25,1,403
E1,M02,101-0,ALL,SF-101,A,202304,25,24,5750
E1,M02,101-0,A,SF-101,A,202305,26,9,1999
E1,M02,101-0,B,SF-101,A,202305,26,7,1411
E1,M02,101-0,C,SF-101,A,202305,26,9,1176
E1,M02,101-0,D,SF-101,A,202305,26,3,882
E1,M02,101-0,E,SF-101,A,202305,26,3,412
E1,M02,101-0,ALL,SF-101,A,202305,26,31,5880
E1,M02,101-0,A,SF-101,A,202306,27,9,2043
E1,M02,101-0,B,SF-101,A,202306,27,3,1442
E1,M02,101-0,C,SF-101,A,202306,27,4,1202
E1,M02,101-0,D,SF-101,A,202306,27,3,902
E1,M02,101-0,E,SF-101,A,202306,27,2,421
E1,M02,101-0,ALL,SF-101,A,202306,27,21,6010
E1,M02,101-0,A,SF-101,A,202307,28,10,2088
E1,M02,101-0,B,SF-101,A,202307,28,3,1474
E1,M02,101-0,C,SF-101,A,202307,28,7,1228
E1,M02,101-0,D,SF-101,A,202307,28,6,921
E1,M02,101-0,E,SF-101,A,202307,28,2,430
E1,M02,101-0,ALL,SF-101,A,202307,28,28,6140
E1,M02,101-0,A,SF-101,A,202308,29,6,2132
E1,M02,101-0,B,SF-101,A,202308,29,3,1505
E1,M02,101-0,C,SF-101,A,202308,29,4,1254
E1,M02,101-0,D,SF-101,A,202308,29,3,940
E1,M02,101-0,E,SF-101,A,202308,29,0,439
E1,M02,101-0,ALL,SF-101,A,202308,29,16,6270
E1,M02,101-0,A,SF-101,A,202309,30,12,2176
E1,M02,101-0,B,SF-101,A,202309,30,8,1536
E1,M02,101-0,C,SF-101,A,202309,30,6,1280
E1,M02,101-0,D,SF-101,A,202309,30,4,960
E1,M02,101-0,E,SF-101,A,202309,30,0,448
E1,M02,101-0,ALL,SF-101,A,202309,30,30,6400
E1,M02,101-0,A,SF-101,A,202310,31,12,2220
E1,M02,101-0,B,SF-101,A,202310,31,3,1567
E1,M02,101-0,C,SF-101,A,202310,31,8,1306
E1,M02,101-0,D,SF-101,A,202310,31,8,980
E1,M02,101-0,E,SF-101,A,202310,31,3,457
E1,M02,101-0,ALL,SF-101,A,202310,31,34,6530
E1,M02,101-0,A,SF-101,A,202311,32,12,2264
E1,M02,101-0,B,SF-101,A,202311,32,8,1598
E1,M02,101-0,C,SF-101,A,202311,32,4,1332
E1,M02,101-0,D,SF-101,A,202311,32,3,999
E1,M02,101-0,E,SF-101,A,202311,32,1,466
E1,M02,101-0,ALL,SF-101,A,202311,32,28,6660
E1,M02,101-0,A,SF-101,A,202312,33,13,2309
E1,M02,101-0,B,SF-101,A,202312,33,6,1630
E1,M02,101-0,C,SF-101,A,202312,33,4,1358
E1,M02,101-0,D,SF-101,A,202312,33,3,1018
E1,M02,101-0,E,SF-101,A,202312,33,3,475
E1,M02,101-0,ALL,SF-101,A,202312,33,29,6790
E1,M02,101-0,A,SF-101,A,202401,34,6,2353
E1,M02,101-0,B,SF-101,A,202401,34,5,1661
E1,M02,101-0,C,SF-101,A,202401,34,7,1384
E1,M02,101-0,D,SF-101,A,202401,34,3,1038
E1,M02,101-0,E,SF-101,A,202401,34,5,484
E1,M02,101-0,ALL,SF-101,A,202401,34,26,6920
E1,M02,101-0,A,SF-101,A,202402,35,11,2397
E1,M02,101-0,B,SF-101,A,202402,35,9,1692
E1,M02,101-0,C,SF-101,A,202402,35,8,1410
E1,M02,101-0,D,SF-101,A,202402,35,5,1058
E1,M02,101-0,E,SF-101,A,202402,35,3,494
E1,M02,101-0,ALL,SF-101,A,202402,35,36,7050
E1,M02,101-0,A,SF-101,A,202403,36,6,2441
E1,M02,101-0,B,SF-101,A,202403,36,4,1723
E1,M02,101-0,C,SF-101,A,202403,36,7,1436
E1,M02,101-0,D,SF-101,A,202403,36,2,1077
E1,M02,101-0,E,SF-101,A,202403,36,0,503
E1,M02,101-0,ALL,SF-101,A,202403,36,19,7180
E1,M02,101-0,A,SF-101,A,202404,37,14,2485
E1,M02,101-0,B,SF-101,A,202404,37,7,1754
E1,M02,101-0,C,SF-101,A,202404,37,4,1462
E1,M02,101-0,D,SF-101,A,202404,37,4,1096
E1,M02,101-0,E,SF-101,A,202404,37,7,512
E1,M02,101-0,ALL,SF-101,A,202404,37,36,7310
E1,M02,101-0,A,SF-101,A,202405,38,10,2530
E1,M02,101-0,B,SF-101,A,202405,38,7,1786
E1,M02,101-0,C,SF-101,A,202405,38,4,1488
E1,M02,101-0,D,SF-101,A,202405,38,5,1116
E1,M02,101-0,E,SF-101,A,202405,38,2,521
E1,M02,101-0,ALL,SF-101,A,202405,38,28,7440
E1,M02,101-0,A,SF-101,A,202406,39,8,2574
E1,M02,101-0,B,SF-101,A,202406,39,3,1817
E1,M02,101-0,C,SF-101,A,202406,39,7,1514
E1,M02,101-0,D,SF-101,A,202406,39,7,1136
E1,M02,101-0,E,SF-101,A,202406,39,2,530
E1,M02,101-0,ALL,SF-101,A,202406,39,27,7570
E1,M02,101-0,A,SF-101,A,202407,40,11,2618
E1,M02,101-0,B,SF-101,A,202407,40,7,1848
E1,M02,101-0,C,SF-101,A,202407,40,7,1540
E1,M02,101-0,D,SF-101,A,202407,40,2,1155
E1,M02,101-0,E,SF-101,A,202407,40,5,539
E1,M02,101-0,ALL,SF-101,A,202407,40,32,7700
E1,M02,101-0,A,SF-101,A,202408,41,7,2662
E1,M02,101-0,B,SF-101,A,202408,41,10,1879
E1,M02,101-0,C,SF-101,A,202408,41,11,1566
E1,M02,101-0,D,SF-101,A,202408,41,3,1174
E1,M02,101-0,E,SF-101,A,202408,41,3,548
E1,M02,101-0,ALL,SF-101,A,202408,41,34,7830
E1,M02,101-0,A,SF-101,A,202409,42,11,2706
E1,M02,101-0,B,SF-101,A,202409,42,8,1910
E1,M02,101-0,C,SF-101,A,202409,42,9,1592
E1,M02,101-0,D,SF-101,A,202409,42,6,1194
E1,M02,101-0,E,SF-101,A,202409,42,4,557
E1,M02,101-0,ALL,SF-101,A,202409,42,38,7960
E1,M02,101-0,A,SF-101,A,202410,43,13,2751
E1,M02,101-0,B,SF-101,A,202410,43,8,1942
E1,M02,101-0,C,SF-101,A,202410,43,7,1618
E1,M02,101-0,D,SF-101,A,202410,43,4,1214
E1,M02,101-0,E,SF-101,A,202410,43,2,566
E1,M02,101-0,ALL,SF-101,A,202410,43,34,8090
E1,M02,101-0,A,SF-101,A,202411,44,4,2795
E1,M02,101-0,B,SF-101,A,202411,44,9,1973
E1,M02,101-0,C,SF-101,A,202411,44,8,1644
E1,M02,101-0,D,SF-101,A,202411,44,3,1233
E1,M02,101-0,E,SF-101,A,202411,44,1,575
E1,M02,101-0,ALL,SF-101,A,202411,44,25,8220
E1,M02,101-0,A,SF-101,A,202412,45,9,2839
E1,M02,101-0,B,SF-101,A,202412,45,7,2004
E1,M02,101-0,C,SF-101,A,202412,45,5,1670
E1,M02,101-0,D,SF-101,A,202412,45,2,1252
E1,M02,101-0,E,SF-101,A,202412,45,1,584
E1,M02,101-0,ALL,SF-101,A,202412,45,24,8350
E1,M02,102-0,B,SF-102,A,202103,0,1,600
E1,M02,102-0,ALL,SF-102,A,202103,0,1,2500
E1,M02,102-0,B,SF-102,A,202104,1,2,631
E1,M02,102-0,D,SF-102,A,202104,1,1,394
E1,M02,102-0,ALL,SF-102,A,202104,1,3,2630
E1,M02,102-0,A,SF-102,A,202105,2,2,938
E1,M02,102-0,B,SF-102,A,202105,2,1,662
E1,M02,102-0,C,SF-102,A,202105,2,0,552
E1,M02,102-0,D,SF-102,A,202105,2,0,414
E1,M02,102-0,ALL,SF-102,A,202105,2,3,2760
E1,M02,102-0,A,SF-102,A,202106,3,2,983
E1,M02,102-0,B,SF-102,A,202106,3,1,694
E1,M02,102-0,C,SF-102,A,202106,3,0,578
E1,M02,102-0,D,SF-102,A,202106,3,1,434
E1,M02,102-0,ALL,SF-102,A,202106,3,4,2890
E1,M02,102-0,A,SF-102,A,202107,4,0,1027
E1,M02,102-0,B,SF-102,A,202107,4,1,725
E1,M02,102-0,C,SF-102,A,202107,4,0,604
E1,M02,102-0,D,SF-102,A,202107,4,0,453
E1,M02,102-0,ALL,SF-102,A,202107,4,1,3020
E1,M02,102-0,A,SF-102,A,202108,5,1,1071
E1,M02,102-0,B,SF-102,A,202108,5,0,756
E1,M02,102-0,C,SF-102,A,202108,5,0,630
E1,M02,102-0,D,SF-102,A,202108,5,1,472
E1,M02,102-0,ALL,SF-102,A,202108,5,2,3150
E1,M02,102-0,A,SF-102,A,202109,6,1,1115
E1,M02,102-0,B,SF-102,A,202109,6,0,787
E1,M02,102-0,C,SF-102,A,202109,6,1,656
E1,M02,102-0,D,SF-102,A,202109,6,0,492
E1,M02,102-0,ALL,SF-102,A,202109,6,2,3280
E1,M02,102-0,A,SF-102,A,202110,7,0,1159
E1,M02,102-0,B,SF-102,A,202110,7,0,818
E1,M02,102-0,C,SF-102,A,202110,7,1,682
E1,M02,102-0,D,SF-102,A,202110,7,0,512
E1,M02,102-0,ALL,SF-102,A,202110,7,1,3410
E1,M02,102-0,A,SF-102,A,202111,8,0,1204
E1,M02,102-0,B,SF-102,A,202111,8,0,850
E1,M02,102-0,C,SF-102,A,202111,8,0,708
E1,M02,102-0,D,SF-102,A,202111,8,0,531
E1,M02,102-0,E,SF-102,A,202111,8,0,248
E1,M02,102-0,ALL,SF-102,A,202111,8,0,3540
E1,M02,102-0,A,SF-102,A,202112,9,1,1248
E1,M02,102-0,B,SF-102,A,202112,9,0,881
E1,M02,102-0,C,SF-102,A,202112,9,1,734
E1,M02,102-0,D,SF-102,A,202112,9,1,550
E1,M02,102-0,E,SF-102,A,202112,9,0,257
E1,M02,102-0,ALL,SF-102,A,202112,9,3,3670
E1,M02,102-0,A,SF-102,A,202201,10,2,1292
E1,M02,102-0,B,SF-102,A,202201,10,0,912
E1,M02,102-0,C,SF-102,A,202201,10,0,760
E1,M02,102-0,D,SF-102,A,202201,10,0,570
E1,M02,102-0,E,SF-102,A,202201,10,0,266
E1,M02,102-0,ALL,SF-102,A,202201,10,2,3800
E1,M02,102-0,A,SF-102,A,202202,11,1,1336
E1,M02,102-0,B,SF-102,A,202202,11,0,943
E1,M02,102-0,C,SF-102,A,202202,11,2,786
E1,M02,102-0,D,SF-102,A,202202,11,0,590
E1,M02,102-0,E,SF-102,A,202202,11,0,275
E1,M02,102-0,ALL,SF-102,A,202202,11,3,3930
E1,M02,102-0,A,SF-102,A,202203,12,2,1380
E1,M02,102-0,B,SF-102,A,202203,12,1,974
E1,M02,102-0,C,SF-102,A,202203,12,2,812
E1,M02,102-0,D,SF-102,A,202203,12,1,609
E1,M02,102-0,E,SF-102,A,202203,12,0,284
E1,M02,102-0,ALL,SF-102,A,202203,12,6,4060
E1,M02,102-0,A,SF-102,A,202204,13,0,1425
E1,M02,102-0,B,SF-102,A,202204,13,1,1006
E1,M02,102-0,C,SF-102,A,202204,13,3,838
E1,M02,102-0,D,SF-102,A,202204,13,1,628
E1,M02,102-0,E,SF-102,A,202204,13,0,293
E1,M02,102-0,ALL,SF-102,A,202204,13,5,4190
E1,M02,102-0,A,SF-102,A,202205,14,1,1469
E1,M02,102-0,B,SF-102,A,202205,14,0,1037
E1,M02,102-0,C,SF-102,A,202205,14,0,864
E1,M02,102-0,D,SF-102,A,202205,14,2,648
E1,M02,102-0,E,SF-102,A,202205,14,1,302
E1,M02,102-0,ALL,SF-102,A,202205,14,4,4320
E1,M02,102-0,A,SF-102,A,202206,15,3,1513
E1,M02,102-0,B,SF-102,A,202206,15,0,1068
E1,M02,102-0,C,SF-102,A,202206,15,1,890
E1,M02,102-0,D,SF-102,A,202206,15,0,668
E1,M02,102-0,E,SF-102,A,202206,15,0,312
E1,M02,102-0,ALL,SF-102,A,202206,15,4,4450
E1,M02,102-0,A,SF-102,A,202207,16,2,1557
E1,M02,102-0,B,SF-102,A,202207,16,4,1099
E1,M02,102-0,C,SF-102,A,202207,16,0,916
E1,M02,102-0,D,SF-102,A,202207,16,0,687
E1,M02,102-0,E,SF-102,A,202207,16,2,321
E1,M02,102-0,ALL,SF-102,A,202207,16,8,4580
E1,M02,102-0,A,SF-102,A,202208,17,1,1601
E1,M02,102-0,B,SF-102,A,202208,17,0,1130
E1,M02,102-0,C,SF-102,A,202208,17,0,942
E1,M02,102-0,D,SF-102,A,202208,17,2,706
E1,M02,102-0,E,SF-102,A,202208,17,0,330
E1,M02,102-0,ALL,SF-102,A,202208,17,3,4710
E1,M02,102-0,A,SF-102,A,202209,18,3,1646
E1,M02,102-0,B,SF-102,A,202209,18,2,1162
E1,M02,102-0,C,SF-102,A,202209,18,2,968
E1,M02,102-0,D,SF-102,A,202209,18,1,726
E1,M02,102-0,E,SF-102,A,202209,18,0,339
E1,M02,102-0,ALL,SF-102,A,202209,18,8,4840
E1,M02,102-0,A,SF-102,A,202210,19,3,1690
E1,M02,102-0,B,SF-102,A,202210,19,1,1193
E1,M02,102-0,C,SF-102,A,202210,19,1,994
E1,M02,102-0,D,SF-102,A,202210,19,1,746
E1,M02,102-0,E,SF-102,A,202210,19,0,348
E1,M02,102-0,ALL,SF-102,A,202210,19,6,4970
E1,M02,102-0,A,SF-102,A,202211,20,1,1734
E1,M02,102-0,B,SF-102,A,202211,20,0,1224
E1,M02,102-0,C,SF-102,A,202211,20,0,1020
E1,M02,102-0,D,SF-102,A,202211,20,2,765
E1,M02,102-0,E,SF-102,A,202211,20,0,357
E1,M02,102-0,ALL,SF-102,A,202211,20,3,5100
E1,M02,102-0,A,SF-102,A,202212,21,2,1778
E1,M02,102-0,B,SF-102,A,202212,21,1,1255
E1,M02,102-0,C,SF-102,A,202212,21,2,1046
E1,M02,102-0,D,SF-102,A,202212,21,2,784
E1,M02,102-0,E,SF-102,A,202212,21,0,366
E1,M02,102-0,ALL,SF-102,A,202212,21,7,5230
E1,M02,102-0,A,SF-102,A,202301,22,3,1822
E1,M02,102-0,B,SF-102,A,202301,22,1,1286
E1,M02,102-0,C,SF-102,A,202301,22,1,1072
E1,M02,102-0,D,SF-102,A,202301,22,0,804
E1,M02,102-0,E,SF-102,A,202301,22,0,375
E1,M02,102-0,ALL,SF-102,A,202301,22,5,5360
E1,M02,102-0,A,SF-102,A,202302,23,1,1867
E1,M02,102-0,B,SF-102,A,202302,23,4,1318
E1,M02,102-0,C,SF-102,A,202302,23,1,1098
E1,M02,102-0,D,SF-102,A,202302,23,0,824
E1,M02,102-0,E,SF-102,A,202302,23,0,384
E1,M02,102-0,ALL,SF-102,A,202302,23,6,5490
E1,M02,102-0,A,SF-102,A,202303,24,2,1911
E1,M02,102-0,B,SF-102,A,202303,24,3,1349
E1,M02,102-0,C,SF-102,A,202303,24,4,1124
E1,M02,102-0,D,SF-102,A,202303,24,2,843
E1,M02,102-0,E,SF-102,A,202303,24,0,393
E1,M02,102-0,ALL,SF-102,A,202303,24,11,5620
E1,M02,102-0,A,SF-102,A,202304,25,5,1955
E1,M02,102-0,B,SF-102,A,202304,25,2,1380
E1,M02,102-0,C,SF-102,A,202304,25,2,1150
E1,M02,102-0,D,SF-102,A,202304,25,2,862
E1,M02,102-0,E,SF-102,A,202304,25,0,403
E1,M02,102-0,ALL,SF-102,A,202304,25,11,5750
E1,M02,102-0,A,SF-102,A,202305,26,2,1999
E1,M02,102-0,B,SF-102,A,202305,26,1,1411
E1,M02,102-0,C,SF-102,A,202305,26,0,1176
E1,M02,102-0,D,SF-102,A,202305,26,0,882
E1,M02,102-0,E,SF-102,A,202305,26,1,412
E1,M02,102-0,ALL,SF-102,A,202305,26,4,5880
E1,M02,102-0,A,SF-102,A,202306,27,1,2043
E1,M02,102-0,B,SF-102,A,202306,27,1,1442
E1,M02,102-0,C,SF-102,A,202306,27,2,1202
E1,M02,102-0,D,SF-102,A,202306,27,0,902
E1,M02,102-0,E,SF-102,A,202306,27,0,421
E1,M02,102-0,ALL,SF-102,A,202306,27,4,6010
E1,M02,102-0,A,SF-102,A,202307,28,0,2088
E1,M02,102-0,B,SF-102,A,202307,28,0,1474
E1,M02,102-0,C,SF-102,A,202307,28,3,1228
E1,M02,102-0,D,SF-102,A,202307,28,1,921
E1,M02,102-0,E,SF-102,A,202307,28,0,430
E1,M02,102-0,ALL,SF-102,A,202307,28,4,6140
E1,M02,102-0,A,SF-102,A,202308,29,1,2132
E1,M02,102-0,B,SF-102,A,202308,29,1,1505
E1,M02,102-0,C,SF-102,A,202308,29,3,1254
E1,M02,102-0,D,SF-102,A,202308,29,1,940
E1,M02,102-0,E,SF-102,A,202308,29,2,439
E1,M02,102-0,ALL,SF-102,A,202308,29,8,6270
E1,M02,102-0,A,SF-102,A,202309,30,3,2176
E1,M02,102-0,B,SF-102,A,202309,30,3,1536
E1,M02,102-0,C,SF-102,A,202309,30,3,1280
E1,M02,102-0,D,SF-102,A,202309,30,2,960
E1,M02,102-0,E,SF-102,A,202309,30,0,448
E1,M02,102-0,ALL,SF-102,A,202309,30,11,6400
E1,M02,102-0,A,SF-102,A,202310,31,1,2220
E1,M02,102-0,B,SF-102,A,202310,31,3,1567
E1,M02,102-0,C,SF-102,A,202310,31,1,1306
E1,M02,102-0,D,SF-102,A,202310,31,1,980
E1,M02,102-0,E,SF-102,A,202310,31,1,457
E1,M02,102-0,ALL,SF-102,A,202310,31,7,6530
E1,M02,102-0,A,SF-102,A,202311,32,2,2264
E1,M02,102-0,B,SF-102,A,202311,32,1,1598
E1,M02,102-0,C,SF-102,A,202311,32,0,1332
E1,M02,102-0,D,SF-102,A,202311,32,1,999
E1,M02,102-0,E,SF-102,A,202311,32,0,466
E1,M02,102-0,ALL,SF-102,A,202311,32,4,6660
E1,M02,102-0,A,SF-102,A,202312,33,1,2309
E1,M02,102-0,B,SF-102,A,202312,33,0,1630
E1,M02,102-0,C,SF-102,A,202312,33,0,1358
E1,M02,102-0,D,SF-102,A,202312,33,1,1018
E1,M02,102-0,E,SF-102,A,202312,33,1,475
E1,M02,102-0,ALL,SF-102,A,202312,33,3,6790
E1,M02,102-0,A,SF-102,A,202401,34,1,2353
E1,M02,102-0,B,SF-102,A,202401,34,3,1661
E1,M02,102-0,C,SF-102,A,202401,34,1,1384
E1,M02,102-0,D,SF-102,A,202401,34,0,1038
E1,M02,102-0,E,SF-102,A,202401,34,0,484
E1,M02,102-0,ALL,SF-102,A,202401,34,5,6920
E1,M02,102-0,A,SF-102,A,202402,35,3,2397
E1,M02,102-0,B,SF-102,A,202402,35,2,1692
E1,M02,102-0,C,SF-102,A,202402,35,1,1410
E1,M02,102-0,D,SF-102,A,202402,35,1,1058
E1,M02,102-0,E,SF-102,A,202402,35,0,494
E1,M02,102-0,ALL,SF-102,A,202402,35,7,7050
E1,M02,102-0,A,SF-102,A,202403,36,2,2441
E1,M02,102-0,B,SF-102,A,202403,36,2,1723
E1,M02,102-0,C,SF-102,A,202403,36,2,1436
E1,M02,102-0,D,SF-102,A,202403,36,1,1077
E1,M02,102-0,E,SF-102,A,202403,36,3,503
E1,M02,102-0,ALL,SF-102,A,202403,36,10,7180
E1,M02,102-0,A,SF-102,A,202404,37,2,2485
E1,M02,102-0,B,SF-102,A,202404,37,0,1754
E1,M02,102-0,C,SF-102,A,202404,37,5,1462
E1,M02,102-0,D,SF-102,A,202404,37,0,1096
E1,M02,102-0,E,SF-102,A,202404,37,0,512
E1,M02,102-0,ALL,SF-102,A,202404,37,7,7310
E1,M02,102-0,A,SF-102,A,202405,38,2,2530
E1,M02,102-0,B,SF-102,A,202405,38,4,1786
E1,M02,102-0,C,SF-102,A,202405,38,2,1488
E1,M02,102-0,D,SF-102,A,202405,38,2,1116
E1,M02,102-0,E,SF-102,A,202405,38,0,521
E1,M02,102-0,ALL,SF-102,A,202405,38,10,7440
E1,M02,102-0,A,SF-102,A,202406,39,0,2574
E1,M02,102-0,B,SF-102,A,202406,39,2,1817
E1,M02,102-0,C,SF-102,A,202406,39,2,1514
E1,M02,102-0,D,SF-102,A,202406,39,1,1136
E1,M02,102-0,E,SF-102,A,202406,39,1,530
E1,M02,102-0,ALL,SF-102,A,202406,39,6,7570
E1,M02,102-0,A,SF-102,A,202407,40,2,2618
E1,M02,102-0,B,SF-102,A,202407,40,3,1848
E1,M02,102-0,C,SF-102,A,202407,40,1,1540
E1,M02,102-0,D,SF-102,A,202407,40,1,1155
E1,M02,102-0,E,SF-102,A,202407,40,0,539
E1,M02,102-0,ALL,SF-102,A,202407,40,7,7700
E1,M02,102-0,A,SF-102,A,202408,41,6,2662
E1,M02,102-0,B,SF-102,A,202408,41,2,1879
E1,M02,102-0,C,SF-102,A,202408,41,0,1566
E1,M02,102-0,D,SF-102,A,202408,41,0,1174
E1,M02,102-0,E,SF-102,A,202408,41,3,548
E1,M02,102-0,ALL,SF-102,A,202408,41,11,7830
E1,M02,102-0,A,SF-102,A,202409,42,6,2706
E1,M02,102-0,B,SF-102,A,202409,42,1,1910
E1,M02,102-0,C,SF-102,A,202409,42,0,1592
E1,M02,102-0,D,SF-102,A,202409,42,1,1194
E1,M02,102-0,E,SF-102,A,202409,42,0,557
E1,M02,102-0,ALL,SF-102,A,202409,42,8,7960
E1,M02,102-0,A,SF-102,A,202410,43,5,2751
E1,M02,102-0,B,SF-102,A,202410,43,3,1942
E1,M02,102-0,C,SF-102,A,202410,43,3,1618
E1,M02,102-0,D,SF-102,A,202410,43,1,1214
E1,M02,102-0,E,SF-102,A,202410,43,0,566
E1,M02,102-0,ALL,SF-102,A,202410,43,12,8090
E1,M02,102-0,A,SF-102,A,202411,44,3,2795
E1,M02,102-0,B,SF-102,A,202411,44,1,1973
E1,M02,102-0,C,SF-102,A,202411,44,1,1644
E1,M02,102-0,D,SF-102,A,202411,44,4,1233
E1,M02,102-0,E,SF-102,A,202411,44,0,575
E1,M02,102-0,ALL,SF-102,A,202411,44,9,8220
E1,M02,102-0,A,SF-102,A,202412,45,6,2839
E1,M02,102-0,B,SF-102,A,202412,45,2,2004
E1,M02,102-0,C,SF-102,A,202412,45,2,1670
E1,M02,102-0,D,SF-102,A,202412,45,2,1252
E1,M02,102-0,E,SF-102,A,202412,45,0,584
E1,M02,102-0,ALL,SF-102,A,202412,45,12,8350
E1,M02,103-0,A,SF-103,A,202103,0,1,850
E1,M02,103-0,D,SF-103,A,202103,0,1,375
E1,M02,103-0,ALL,SF-103,A,202103,0,2,2500
E1,M02,103-1,D,SF-103,A,202103,0,1,375
E1,M02,103-1,ALL,SF-103,A,202103,0,1,2500
E1,M02,103-0,A,SF-103,A,202104,1,3,894
E1,M02,103-0,B,SF-103,A,202104,1,1,631
E1,M02,103-0,ALL,SF-103,A,202104,1,4,2630
E1,M02,103-1,B,SF-103,A,202104,1,1,631
E1,M02,103-1,C,SF-103,A,202104,1,1,526
E1,M02,103-1,D,SF-103,A,202104,1,1,394
E1,M02,103-1,ALL,SF-103,A,202104,1,3,2630
E1,M02,103-0,A,SF-103,A,202105,2,0,938
E1,M02,103-0,B,SF-103,A,202105,2,1,662
E1,M02,103-0,C,SF-103,A,202105,2,0,552
E1,M02,103-0,D,SF-103,A,202105,2,0,414
E1,M02,103-0,ALL,SF-103,A,202105,2,1,2760
E1,M02,103-1,A,SF-103,A,202105,2,1,938
E1,M02,103-1,B,SF-103,A,202105,2,0,662
E1,M02,103-1,C,SF-103,A,202105,2,0,552
E1,M02,103-1,D,SF-103,A,202105,2,0,414
E1,M02,103-1,ALL,SF-103,A,202105,2,1,2760
E1,M02,103-0,A,SF-103,A,202106,3,0,983
E1,M02,103-0,B,SF-103,A,202106,3,2,694
E1,M02,103-0,C,SF-103,A,202106,3,0,578
E1,M02,103-0,D,SF-103,A,202106,3,0,434
E1,M02,103-0,ALL,SF-103,A,202106,3,2,2890
E1,M02,103-1,A,SF-103,A,202106,3,1,983
E1,M02,103-1,B,SF-103,A,202106,3,0,694
E1,M02,103-1,C,SF-103,A,202106,3,0,578
E1,M02,103-1,D,SF-103,A,202106,3,0,434
E1,M02,103-1,ALL,SF-103,A,202106,3,1,2890
E1,M02,103-0,A,SF-103,A,202107,4,3,1027
E1,M02,103-0,B,SF-103,A,202107,4,0,725
E1,M02,103-0,C,SF-103,A,202107,4,0,604
E1,M02,103-0,D,SF-103,A,202107,4,0,453
E1,M02,103-0,ALL,SF-103,A,202107,4,3,3020
E1,M02,103-1,A,SF-103,A,202107,4,0,1027
E1,M02,103-1,B,SF-103,A,202107,4,0,725
E1,M02,103-1,C,SF-103,A,202107,4,2,604
E1,M02,103-1,D,SF-103,A,202107,4,0,453
E1,M02,103-1,ALL,SF-103,A,202107,4,2,3020
E1,M02,103-0,A,SF-103,A,202108,5,0,1071
E1,M02,103-0,B,SF-103,A,202108,5,0,756
E1,M02,103-0,C,SF-103,A,202108,5,1,630
E1,M02,103-0,D,SF-103,A,202108,5,1,472
E1,M02,103-0,ALL,SF-103,A,202108,5,2,3150
E1,M02,103-1,A,SF-103,A,202108,5,0,1071
E1,M02,103-1,B,SF-103,A,202108,5,0,756
E1,M02,103-1,C,SF-103,A,202108,5,0,630
E1,M02,103-1,D,SF-103,A,202108,5,0,472
E1,M02,103-1,ALL,SF-103,A,202108,5,0,3150
E1,M02,103-0,A,SF-103,A,202109,6,0,1115
E1,M02,103-0,B,SF-103,A,202109,6,1,787
E1,M02,103-0,C,SF-103,A,202109,6,0,656
E1,M02,103-0,D,SF-103,A,202109,6,0,492
E1,M02,103-0,ALL,SF-103,A,202109,6,1,3280
E1,M02,103-1,A,SF-103,A,202109,6,0,1115
E1,M02,103-1,B,SF-103,A,202109,6,0,787
E1,M02,103-1,C,SF-103,A,202109,6,1,656
E1,M02,103-1,D,SF-103,A,202109,6,0,492
E1,M02,103-1,ALL,SF-103,A,202109,6,1,3280
E1,M02,103-0,A,SF-103,A,202110,7,0,1159
E1,M02,103-0,B,SF-103,A,202110,7,0,818
E1,M02,103-0,C,SF-103,A,202110,7,1,682
E1,M02,103-0,D,SF-103,A,202110,7,1,512
E1,M02,103-0,ALL,SF-103,A,202110,7,2,3410
E1,M02,103-1,A,SF-103,A,202110,7,2,1159
E1,M02,103-1,B,SF-103,A,202110,7,0,818
E1,M02,103-1,C,SF-103,A,202110,7,1,682
E1,M02,103-1,D,SF-103,A,202110,7,0,512
E1,M02,103-1,ALL,SF-103,A,202110,7,3,3410
E1,M02,103-0,A,SF-103,A,202111,8,3,1204
E1,M02,103-0,B,SF-103,A,202111,8,1,850
E1,M02,103-0,C,SF-103,A,202111,8,0,708
E1,M02,103-0,D,SF-103,A,202111,8,1,531
E1,M02,103-0,E,SF-103,A,202111,8,1,248
E1,M02,103-0,ALL,SF-103,A,202111,8,6,3540
E1,M02,103-1,A,SF-103,A,202111,8,1,1204
E1,M02,103-1,B,SF-103,A,202111,8,1,850
E1,M02,103-1,C,SF-103,A,202111,8,0,708
E1,M02,103-1,D,SF-103,A,202111,8,0,531
E1,M02,103-1,E,SF-103,A,202111,8,0,248
E1,M02,103-1,ALL,SF-103,A,202111,8,2,3540
E1,M02,103-0,A,SF-103,A,202112,9,2,1248
E1,M02,103-0,B,SF-103,A,202112,9,1,881
E1,M02,103-0,C,SF-103,A,202112,9,0,734
E1,M02,103-0,D,SF-103,A,202112,9,1,550
E1,M02,103-0,E,SF-103,A,202112,9,0,257
E1,M02,103-0,ALL,SF-103,A,202112,9,4,3670
E1,M02,103-1,A,SF-103,A,202112,9,2,1248
E1,M02,103-1,B,SF-103,A,202112,9,0,881
E1,M02,103-1,C,SF-103,A,202112,9,0,734
E1,M02,103-1,D,SF-103,A,202112,9,0,550
E1,M02,103-1,E,SF-103,A,202112,9,0,257
E1,M02,103-1,ALL,SF-103,A,202112,9,2,3670
E1,M02,103-0,A,SF-103,A,202201,10,2,1292
E1,M02,103-0,B,SF-103,A,202201,10,0,912
E1,M02,103-0,C,SF-103,A,202201,10,2,760
E1,M02,103-0,D,SF-103,A,202201,10,0,570
E1,M02,103-0,E,SF-103,A,202201,10,1,266
E1,M02,103-0,ALL,SF-103,A,202201,10,5,3800
E1,M02,103-1,A,SF-103,A,202201,10,0,1292
E1,M02,103-1,B,SF-103,A,202201,10,1,912
E1,M02,103-1,C,SF-103,A,202201,10,1,760
E1,M02,103-1,D,SF-103,A,202201,10,0,570
E1,M02,103-1,E,SF-103,A,202201,10,0,266
E1,M02,103-1,ALL,SF-103,A,202201,10,2,3800
E1,M02,103-0,A,SF-103,A,202202,11,0,1336
E1,M02,103-0,B,SF-103,A,202202,11,2,943
E1,M02,103-0,C,SF-103,A,202202,11,1,786
E1,M02,103-0,D,SF-103,A,202202,11,0,590
E1,M02,103-0,E,SF-103,A,202202,11,0,275
E1,M02,103-0,ALL,SF-103,A,202202,11,3,3930
E1,M02,103-1,A,SF-103,A,202202,11,2,1336
E1,M02,103-1,B,SF-103,A,202202,11,0,943
E1,M02,103-1,C,SF-103,A,202202,11,0,786
E1,M02,103-1,D,SF-103,A,202202,11,1,590
E1,M02,103-1,E,SF-103,A,202202,11,0,275
E1,M02,103-1,ALL,SF-103,A,202202,11,3,3930
E1,M02,103-0,A,SF-103,A,202203,12,2,1380
E1,M02,103-0,B,SF-103,A,202203,12,1,974
E1,M02,103-0,C,SF-103,A,202203,12,0,812
E1,M02,103-0,D,SF-103,A,202203,12,0,609
E1,M02,103-0,E,SF-103,A,202203,12,0,284
E1,M02,103-0,ALL,SF-103,A,202203,12,3,4060
E1,M02,103-1,A,SF-103,A,202203,12,2,1380
E1,M02,103-1,B,SF-103,A,202203,12,0,974
E1,M02,103-1,C,SF-103,A,202203,12,0,812
E1,M02,103-1,D,SF-103,A,202203,12,0,609
E1,M02,103-1,E,SF-103,A,202203,12,0,284
E1,M02,103-1,ALL,SF-103,A,202203,12,2,4060
E1,M02,103-0,A,SF-103,A,202204,13,0,1425
E1,M02,103-0,B,SF-103,A,202204,13,2,1006
E1,M02,103-0,C,SF-103,A,202204,13,2,838
E1,M02,103-0,D,SF-103,A,202204,13,1,628
E1,M02,103-0,E,SF-103,A,202204,13,0,293
E1,M02,103-0,ALL,SF-103,A,202204,13,5,4190
E1,M02,103-1,A,SF-103,A,202204,13,1,1425
E1,M02,103-1,B,SF-103,A,202204,13,0,1006
E1,M02,103-1,C,SF-103,A,202204,13,0,838
E1,M02,103-1,D,SF-103,A,202204,13,2,628
E1,M02,103-1,E,SF-103,A,202204,13,0,293
E1,M02,103-1,ALL,SF-103,A,202204,13,3,4190
E1,M02,103-0,A,SF-103,A,202205,14,1,1469
E1,M02,103-0,B,SF-103,A,202205,14,0,1037
E1,M02,103-0,C,SF-103,A,202205,14,2,864
E1,M02,103-0,D,SF-103,A,202205,14,0,648
E1,M02,103-0,E,SF-103,A,202205,14,1,302
E1,M02,103-0,ALL,SF-103,A,202205,14,4,4320
E1,M02,103-1,A,SF-103,A,202205,14,1,1469
E1,M02,103-1,B,SF-103,A,202205,14,0,1037
E1,M02,103-1,C,SF-103,A,202205,14,2,864
E1,M02,103-1,D,SF-103,A,202205,14,0,648
E1,M02,103-1,E,SF-103,A,202205,14,1,302
E1,M02,103-1,ALL,SF-103,A,202205,14,4,4320
E1,M02,103-0,A,SF-103,A,202206,15,0,1513
E1,M02,103-0,B,SF-103,A,202206,15,0,1068
E1,M02,103-0,C,SF-103,A,202206,15,2,890
E1,M02,103-0,D,SF-103,A,202206,15,0,668
E1,M02,103-0,E,SF-103,A,202206,15,0,312
E1,M02,103-0,ALL,SF-103,A,202206,15,2,4450
E1,M02,103-1,A,SF-103,A,202206,15,0,1513
E1,M02,103-1,B,SF-103,A,202206,15,0,1068
E1,M02,103-1,C,SF-103,A,202206,15,0,890
E1,M02,103-1,D,SF-103,A,202206,15,1,668
E1,M02,103-1,E,SF-103,A,202206,15,1,312
E1,M02,103-1,ALL,SF-103,A,202206,15,2,4450
E1,M02,103-0,A,SF-103,A,202207,16,0,1557
E1,M02,103-0,B,SF-103,A,202207,16,0,1099
E1,M02,103-0,C,SF-103,A,202207,16,0,916
E1,M02,103-0,D,SF-103,A,202207,16,1,687
E1,M02,103-0,E,SF-103,A,202207,16,0,321
E1,M02,103-0,ALL,SF-103,A,202207,16,1,4580
E1,M02,103-1,A,SF-103,A,202207,16,1,1557
E1,M02,103-1,B,SF-103,A,202207,16,0,1099
E1,M02,103-1,C,SF-103,A,202207,16,0,916
E1,M02,103-1,D,SF-103,A,202207,16,1,687
E1,M02,103-1,E,SF-103,A,202207,16,1,321
E1,M02,103-1,ALL,SF-103,A,202207,16,3,4580
E1,M02,103-0,A,SF-103,A,202208,17,2,1601
E1,M02,103-0,B,SF-103,A,202208,17,2,1130
E1,M02,103-0,C,SF-103,A,202208,17,1,942
E1,M02,103-0,D,SF-103,A,202208,17,0,706
E1,M02,103-0,E,SF-103,A,202208,17,0,330
E1,M02,103-0,ALL,SF-103,A,202208,17,5,4710
E1,M02,103-1,A,SF-103,A,202208,17,0,1601
E1,M02,103-1,B,SF-103,A,202208,17,0,1130
E1,M02,103-1,C,SF-103,A,202208,17,1,942
E1,M02,103-1,D,SF-103,A,202208,17,0,706
E1,M02,103-1,E,SF-103,A,202208,17,0,330
E1,M02,103-1,ALL,SF-103,A,202208,17,1,4710
E1,M02,103-0,A,SF-103,A,202209,18,0,1646
E1,M02,103-0,B,SF-103,A,202209,18,0,1162
E1,M02,103-0,C,SF-103,A,202209,18,1,968
E1,M02,103-0,D,SF-103,A,202209,18,0,726
E1,M02,103-0,E,SF-103,A,202209,18,1,339
E1,M02,103-0,ALL,SF-103,A,202209,18,2,4840
E1,M02,103-1,A,SF-103,A,202209,18,2,1646
E1,M02,103-1,B,SF-103,A,202209,18,2,1162
E1,M02,103-1,C,SF-103,A,202209,18,1,968
E1,M02,103-1,D,SF-103,A,202209,18,0,726
E1,M02,103-1,E,SF-103,A,202209,18,0,339
E1,M02,103-1,ALL,SF-103,A,202209,18,5,4840
E1,M02,103-0,A,SF-103,A,202210,19,0,1690
E1,M02,103-0,B,SF-103,A,202210,19,1,1193
E1,M02,103-0,C,SF-103,A,202210,19,1,994
E1,M02,103-0,D,SF-103,A,202210,19,0,746
E1,M02,103-0,E,SF-103,A,202210,19,0,348
E1,M02,103-0,ALL,SF-103,A,202210,19,2,4970
E1,M02,103-1,A,SF-103,A,202210,19,2,1690
E1,M02,103-1,B,SF-103,A,202210,19,0,1193
E1,M02,103-1,C,SF-103,A,202210,19,0,994
E1,M02,103-1,D,SF-103,A,202210,19,1,746
E1,M02,103-1,E,SF-103,A,202210,19,0,348
E1,M02,103-1,ALL,SF-103,A,202210,19,3,4970
E1,M02,103-0,A,SF-103,A,202211,20,1,1734
E1,M02,103-0,B,SF-103,A,202211,20,0,1224
E1,M02,103-0,C,SF-103,A,202211,20,1,1020
E1,M02,103-0,D,SF-103,A,202211,20,1,765
E1,M02,103-0,E,SF-103,A,202211,20,0,357
E1,M02,103-0,ALL,SF-103,A,202211,20,3,5100
E1,M02,103-1,A,SF-103,A,202211,20,2,1734
E1,M02,103-1,B,SF-103,A,202211,20,1,1224
E1,M02,103-1,C,SF-103,A,202211,20,3,1020
E1,M02,103-1,D,SF-103,A,202211,20,0,765
E1,M02,103-1,E,SF-103,A,202211,20,0,357
E1,M02,103-1,ALL,SF-103,A,202211,20,6,5100
E1,M02,103-0,A,SF-103,A,202212,21,0,1778
E1,M02,103-0,B,SF-103,A,202212,21,2,1255
E1,M02,103-0,C,SF-103,A,202212,21,1,1046
E1,M02,103-0,D,SF-103,A,202212,21,2,784
E1,M02,103-0,E,SF-103,A,202212,21,0,366
E1,M02,103-0,ALL,SF-103,A,202212,21,5,5230
E1,M02,103-1,A,SF-103,A,202212,21,2,1778
E1,M02,103-1,B,SF-103,A,202212,21,0,1255
E1,M02,103-1,C,SF-103,A,202212,21,2,1046
E1,M02,103-1,D,SF-103,A,202212,21,0,784
E1,M02,103-1,E,SF-103,A,202212,21,1,366
E1,M02,103-1,ALL,SF-103,A,202212,21,5,5230
E1,M02,103-0,A,SF-103,A,202301,22,0,1822
E1,M02,103-0,B,SF-103,A,202301,22,0,1286
E1,M02,103-0,C,SF-103,A,202301,22,0,1072
E1,M02,103-0,D,SF-103,A,202301,22,0,804
E1,M02,103-0,E,SF-103,A,202301,22,0,375
E1,M02,103-0,ALL,SF-103,A,202301,22,0,5360
E1,M02,103-1,A,SF-103,A,202301,22,0,1822
E1,M02,103-1,B,SF-103,A,202301,22,0,1286
E1,M02,103-1,C,SF-103,A,202301,22,0,1072
E1,M02,103-1,D,SF-103,A,202301,22,1,804
E1,M02,103-1,E,SF-103,A,202301,22,1,375
E1,M02,103-1,ALL,SF-103,A,202301,22,2,5360
E1,M02,103-0,A,SF-103,A,202302,23,2,1867
E1,M02,103-0,B,SF-103,A,202302,23,1,1318
E1,M02,103-0,C,SF-103,A,202302,23,1,1098
E1,M02,103-0,D,SF-103,A,202302,23,1,824
E1,M02,103-0,E,SF-103,A,202302,23,1,384
E1,M02,103-0,ALL,SF-103,A,202302,23,6,5490
E1,M02,103-1,A,SF-103,A,202302,23,1,1867
E1,M02,103-1,B,SF-103,A,202302,23,1,1318
E1,M02,103-1,C,SF-103,A,202302,23,0,1098
E1,M02,103-1,D,SF-103,A,202302,23,0,824
E1,M02,103-1,E,SF-103,A,202302,23,0,384
E1,M02,103-1,ALL,SF-103,A,202302,23,2,5490
E1,M02,103-0,A,SF-103,A,202303,24,1,1911
E1,M02,103-0,B,SF-103,A,202303,24,2,1349
E1,M02,103-0,C,SF-103,A,202303,24,0,1124
E1,M02,103-0,D,SF-103,A,202303,24,1,843
E1,M02,103-0,E,SF-103,A,202303,24,0,393
E1,M02,103-0,ALL,SF-103,A,202303,24,4,5620
E1,M02,103-1,A,SF-103,A,202303,24,0,1911
E1,M02,103-1,B,SF-103,A,202303,24,2,1349
E1,M02,103-1,C,SF-103,A,202303,24,0,1124
E1,M02,103-1,D,SF-103,A,202303,24,0,843
E1,M02,103-1,E,SF-103,A,202303,24,1,393
E1,M02,103-1,ALL,SF-103,A,202303,24,3,5620
E1,M02,103-0,A,SF-103,A,202304,25,1,1955
E1,M02,103-0,B,SF-103,A,202304,25,0,1380
E1,M02,103-0,C,SF-103,A,202304,25,1,1150
E1,M02,103-0,D,SF-103,A,202304,25,1,862
E1,M02,103-0,E,SF-103,A,202304,25,0,403
E1,M02,103-0,ALL,SF-103,A,202304,25,3,5750
E1,M02,103-1,A,SF-103,A,202304,25,1,1955
E1,M02,103-1,B,SF-103,A,202304,25,0,1380
E1,M02,103-1,C,SF-103,A,202304,25,2,1150
E1,M02,103-1,D,SF-103,A,202304,25,0,862
E1,M02,103-1,E,SF-103,A,202304,25,1,403
E1,M02,103-1,ALL,SF-103,A,202304,25,4,5750
E1,M02,103-0,A,SF-103,A,202305,26,1,1999
E1,M02,103-0,B,SF-103,A,202305,26,0,1411
E1,M02,103-0,C,SF-103,A,202305,26,0,1176
E1,M02,103-0,D,SF-103,A,202305,26,0,882
E1,M02,103-0,E,SF-103,A,202305,26,0,412
E1,M02,103-0,ALL,SF-103,A,202305,26,1,5880
E1,M02,103-1,A,SF-103,A,202305,26,0,1999
E1,M02,103-1,B,SF-103,A,202305,26,2,1411
E1,M02,103-1,C,SF-103,A,202305,26,1,1176
E1,M02,103-1,D,SF-103,A,202305,26,0,882
E1,M02,103-1,E,SF-103,A,202305,26,1,412
E1,M02,103-1,ALL,SF-103,A,202305,26,4,5880
E1,M02,103-0,A,SF-103,A,202306,27,1,2043
E1,M02,103-0,B,SF-103,A,202306,27,1,1442
E1,M02,103-0,C,SF-103,A,202306,27,2,1202
E1,M02,103-0,D,SF-103,A,202306,27,0,902
E1,M02,103-0,E,SF-103,A,202306,27,0,421
E1,M02,103-0,ALL,SF-103,A,202306,27,4,6010
E1,M02,103-1,A,SF-103,A,202306,27,1,2043
E1,M02,103-1,B,SF-103,A,202306,27,0,1442
E1,M02,103-1,C,SF-103,A,202306,27,0,1202
E1,M02,103-1,D,SF-103,A,202306,27,0,902
E1,M02,103-1,E,SF-103,A,202306,27,0,421
E1,M02,103-1,ALL,SF-103,A,202306,27,1,6010
E1,M02,103-0,A,SF-103,A,202307,28,0,2088
E1,M02,103-0,B,SF-103,A,202307,28,1,1474
E1,M02,103-0,C,SF-103,A,202307,28,0,1228
E1,M02,103-0,D,SF-103,A,202307,28,0,921
E1,M02,103-0,E,SF-103,A,202307,28,0,430
E1,M02,103-0,ALL,SF-103,A,202307,28,1,6140
E1,M02,103-1,A,SF-103,A,202307,28,2,2088
E1,M02,103-1,B,SF-103,A,202307,28,1,1474
E1,M02,103-1,C,SF-103,A,202307,28,1,1228
E1,M02,103-1,D,SF-103,A,202307,28,0,921
E1,M02,103-1,E,SF-103,A,202307,28,0,430
E1,M02,103-1,ALL,SF-103,A,202307,28,4,6140
E1,M02,103-0,A,SF-103,A,202308,29,2,2132
E1,M02,103-0,B,SF-103,A,202308,29,1,1505
E1,M02,103-0,C,SF-103,A,202308,29,2,1254
E1,M02,103-0,D,SF-103,A,202308,29,0,940
E1,M02,103-0,E,SF-103,A,202308,29,0,439
E1,M02,103-0,ALL,SF-103,A,202308,29,5,6270
E1,M02,103-1,A,SF-103,A,202308,29,1,2132
E1,M02,103-1,B,SF-103,A,202308,29,2,1505
E1,M02,103-1,C,SF-103,A,202308,29,2,1254
E1,M02,103-1,D,SF-103,A,202308,29,1,940
E1,M02,103-1,E,SF-103,A,202308,29,0,439
E1,M02,103-1,ALL,SF-103,A,202308,29,6,6270
E1,M02,103-0,A,SF-103,A,202309,30,0,2176
E1,M02,103-0,B,SF-103,A,202309,30,1,1536
E1,M02,103-0,C,SF-103,A,202309,30,0,1280
E1,M02,103-0,D,SF-103,A,202309,30,0,960
E1,M02,103-0,E,SF-103,A,202309,30,1,448
E1,M02,103-0,ALL,SF-103,A,202309,30,2,6400
E1,M02,103-1,A,SF-103,A,202309,30,3,2176
E1,M02,103-1,B,SF-103,A,202309,30,0,1536
E1,M02,103-1,C,SF-103,A,202309,30,0,1280
E1,M02,103-1,D,SF-103,A,202309,30,0,960
E1,M02,103-1,E,SF-103,A,202309,30,0,448
E1,M02,103-1,ALL,SF-103,A,202309,30,3,6400
E1,M02,103-0,A,SF-103,A,202310,31,0,2220
E1,M02,103-0,B,SF-103,A,202310,31,1,1567
E1,M02,103-0,C,SF-103,A,202310,31,0,1306
E1,M02,103-0,D,SF-103,A,202310,31,1,980
E1,M02,103-0,E,SF-103,A,202310,31,1,457
E1,M02,103-0,ALL,SF-103,A,202310,31,3,6530
E1,M02,103-1,A,SF-103,A,202310,31,2,2220
E1,M02,103-1,B,SF-103,A,202310,31,3,1567
E1,M02,103-1,C,SF-103,A,202310,31,3,1306
E1,M02,103-1,D,SF-103,A,202310,31,0,980
E1,M02,103-1,E,SF-103,A,202310,31,0,457
E1,M02,103-1,ALL,SF-103,A,202310,31,8,6530
E1,M02,103-0,A,SF-103,A,202311,32,2,2264
E1,M02,103-0,B,SF-103,A,202311,32,1,1598
E1,M02,103-0,C,SF-103,A,202311,32,0,1332
E1,M02,103-0,D,SF-103,A,202311,32,0,999
E1,M02,103-0,E,SF-103,A,202311,32,0,466
E1,M02,103-0,ALL,SF-103,A,202311,32,3,6660
E1,M02,103-1,A,SF-103,A,202311,32,1,2264
E1,M02,103-1,B,SF-103,A,202311,32,0,1598
E1,M02,103-1,C,SF-103,A,202311,32,0,1332
E1,M02,103-1,D,SF-103,A,202311,32,1,999
E1,M02,103-1,E,SF-103,A,202311,32,1,466
E1,M02,103-1,ALL,SF-103,A,202311,32,3,6660
E1,M02,103-0,A,SF-103,A,202312,33,0,2309
E1,M02,103-0,B,SF-103,A,202312,33,0,1630
E1,M02,103-0,C,SF-103,A,202312,33,2,1358
E1,M02,103-0,D,SF-103,A,202312,33,0,1018
E1,M02,103-0,E,SF-103,A,202312,33,0,475
E1,M02,103-0,ALL,SF-103,A,202312,33,2,6790
E1,M02,103-1,A,SF-103,A,202312,33,4,2309
E1,M02,103-1,B,SF-103,A,202312,33,1,1630
E1,M02,103-1,C,SF-103,A,202312,33,1,1358
E1,M02,103-1,D,SF-103,A,202312,33,2,1018
E1,M02,103-1,E,SF-103,A,202312,33,0,475
E1,M02,103-1,ALL,SF-103,A,202312,33,8,6790
E1,M02,103-0,A,SF-103,A,202401,34,0,2353
E1,M02,103-0,B,SF-103,A,202401,34,0,1661
E1,M02,103-0,C,SF-103,A,202401,34,0,1384
E1,M02,103-0,D,SF-103,A,202401,34,0,1038
E1,M02,103-0,E,SF-103,A,202401,34,0,484
E1,M02,103-0,ALL,SF-103,A,202401,34,0,6920
E1,M02,103-1,A,SF-103,A,202401,34,3,2353
E1,M02,103-1,B,SF-103,A,202401,34,1,1661
E1,M02,103-1,C,SF-103,A,202401,34,1,1384
E1,M02,103-1,D,SF-103,A,202401,34,1,1038
E1,M02,103-1,E,SF-103,A,202401,34,0,484
E1,M02,103-1,ALL,SF-103,A,202401,34,6,6920
E1,M02,103-0,A,SF-103,A,202402,35,2,2397
E1,M02,103-0,B,SF-103,A,202402,35,1,1692
E1,M02,103-0,C,SF-103,A,202402,35,3,1410
E1,M02,103-0,D,SF-103,A,202402,35,2,1058
E1,M02,103-0,E,SF-103,A,202402,35,0,494
E1,M02,103-0,ALL,SF-103,A,202402,35,8,7050
E1,M02,103-1,A,SF-103,A,202402,35,0,2397
E1,M02,103-1,B,SF-103,A,202402,35,2,1692
E1,M02,103-1,C,SF-103,A,202402,35,1,1410
E1,M02,103-1,D,SF-103,A,202402,35,0,1058
E1,M02,103-1,E,SF-103,A,202402,35,1,494
E1,M02,103-1,ALL,SF-103,A,202402,35,4,7050
E1,M02,103-0,A,SF-103,A,202403,36,0,2441
E1,M02,103-0,B,SF-103,A,202403,36,1,1723
E1,M02,103-0,C,SF-103,A,202403,36,0,1436
E1,M02,103-0,D,SF-103,A,202403,36,0,1077
E1,M02,103-0,E,SF-103,A,202403,36,0,503
E1,M02,103-0,ALL,SF-103,A,202403,36,1,7180
E1,M02,103-1,A,SF-103,A,202403,36,0,2441
E1,M02,103-1,B,SF-103,A,202403,36,0,1723
E1,M02,103-1,C,SF-103,A,202403,36,0,1436
E1,M02,103-1,D,SF-103,A,202403,36,0,1077
E1,M02,103-1,E,SF-103,A,202403,36,1,503
E1,M02,103-1,ALL,SF-103,A,202403,36,1,7180
E1,M02,103-0,A,SF-103,A,202404,37,0,2485
E1,M02,103-0,B,SF-103,A,202404,37,3,1754
E1,M02,103-0,C,SF-103,A,202404,37,0,1462
E1,M02,103-0,D,SF-103,A,202404,37,2,1096
E1,M02,103-0,E,SF-103,A,202404,37,0,512
E1,M02,103-0,ALL,SF-103,A,202404,37,5,7310
E1,M02,103-1,A,SF-103,A,202404,37,1,2485
E1,M02,103-1,B,SF-103,A,202404,37,1,1754
E1,M02,103-1,C,SF-103,A,202404,37,1,1462
E1,M02,103-1,D,SF-103,A,202404,37,0,1096
E1,M02,103-1,E,SF-103,A,202404,37,1,512
E1,M02,103-1,ALL,SF-103,A,202404,37,4,7310
E1,M02,103-0,A,SF-103,A,202405,38,0,2530
E1,M02,103-0,B,SF-103,A,202405,38,1,1786
E1,M02,103-0,C,SF-103,A,202405,38,3,1488
E1,M02,103-0,D,SF-103,A,202405,38,1,1116
E1,M02,103-0,E,SF-103,A,202405,38,1,521
E1,M02,103-0,ALL,SF-103,A,202405,38,6,7440
E1,M02,103-1,A,SF-103,A,202405,38,0,2530
E1,M02,103-1,B,SF-103,A,202405,38,1,1786
E1,M02,103-1,C,SF-103,A,202405,38,1,1488
E1,M02,103-1,D,SF-103,A,202405,38,1,1116
E1,M02,103-1,E,SF-103,A,202405,38,0,521
E1,M02,103-1,ALL,SF-103,A,202405,38,3,7440
E1,M02,103-0,A,SF-103,A,202406,39,1,2574
E1,M02,103-0,B,SF-103,A,202406,39,2,1817
E1,M02,103-0,C,SF-103,A,202406,39,1,1514
E1,M02,103-0,D,SF-103,A,202406,39,0,1136
E1,M02,103-0,E,SF-103,A,202406,39,0,530
E1,M02,103-0,ALL,SF-103,A,202406,39,4,7570
E1,M02,103-1,A,SF-103,A,202406,39,2,2574
E1,M02,103-1,B,SF-103,A,202406,39,1,1817
E1,M02,103-1,C,SF-103,A,202406,39,0,1514
E1,M02,103-1,D,SF-103,A,202406,39,0,1136
E1,M02,103-1,E,SF-103,A,202406,39,0,530
E1,M02,103-1,ALL,SF-103,A,202406,39,3,7570
E1,M02,103-0,A,SF-103,A,202407,40,2,2618
E1,M02,103-0,B,SF-103,A,202407,40,2,1848
E1,M02,103-0,C,SF-103,A,202407,40,1,1540
E1,M02,103-0,D,SF-103,A,202407,40,0,1155
E1,M02,103-0,E,SF-103,A,202407,40,0,539
E1,M02,103-0,ALL,SF-103,A,202407,40,5,7700
E1,M02,103-1,A,SF-103,A,202407,40,3,2618
E1,M02,103-1,B,SF-103,A,202407,40,0,1848
E1,M02,103-1,C,SF-103,A,202407,40,2,1540
E1,M02,103-1,D,SF-103,A,202407,40,1,1155
E1,M02,103-1,E,SF-103,A,202407,40,0,539
E1,M02,103-1,ALL,SF-103,A,202407,40,6,7700
E1,M02,103-0,A,SF-103,A,202408,41,3,2662
E1,M02,103-0,B,SF-103,A,202408,41,0,1879
E1,M02,103-0,C,SF-103,A,202408,41,0,1566
E1,M02,103-0,D,SF-103,A,202408,41,1,1174
E1,M02,103-0,E,SF-103,A,202408,41,0,548
E1,M02,103-0,ALL,SF-103,A,202408,41,4,7830
E1,M02,103-1,A,SF-103,A,202408,41,4,2662
E1,M02,103-1,B,SF-103,A,202408,41,0,1879
E1,M02,103-1,C,SF-103,A,202408,41,1,1566
E1,M02,103-1,D,SF-103,A,202408,41,1,1174
E1,M02,103-1,E,SF-103,A,202408,41,0,548
E1,M02,103-1,ALL,SF-103,A,202408,41,6,7830
E1,M02,103-0,A,SF-103,A,202409,42,1,2706
E1,M02,103-0,B,SF-103,A,202409,42,1,1910
E1,M02,103-0,C,SF-103,A,202409,42,0,1592
E1,M02,103-0,D,SF-103,A,202409,42,1,1194
E1,M02,103-0,E,SF-103,A,202409,42,0,557
E1,M02,103-0,ALL,SF-103,A,202409,42,3,7960
E1,M02,103-1,A,SF-103,A,202409,42,3,2706
E1,M02,103-1,B,SF-103,A,202409,42,0,1910
E1,M02,103-1,C,SF-103,A,202409,42,3,1592
E1,M02,103-1,D,SF-103,A,202409,42,0,1194
E1,M02,103-1,E,SF-103,A,202409,42,0,557
E1,M02,103-1,ALL,SF-103,A,202409,42,6,7960
E1,M02,103-0,A,SF-103,A,202410,43,2,2751
E1,M02,103-0,B,SF-103,A,202410,43,1,1942
E1,M02,103-0,C,SF-103,A,202410,43,3,1618
E1,M02,103-0,D,SF-103,A,202410,43,0,1214
E1,M02,103-0,E,SF-103,A,202410,43,1,566
E1,M02,103-0,ALL,SF-103,A,202410,43,7,8090
E1,M02,103-1,A,SF-103,A,202410,43,1,2751
E1,M02,103-1,B,SF-103,A,202410,43,1,1942
E1,M02,103-1,C,SF-103,A,202410,43,5,1618
E1,M02,103-1,D,SF-103,A,202410,43,0,1214
E1,M02,103-1,E,SF-103,A,202410,43,0,566
E1,M02,103-1,ALL,SF-103,A,202410,43,7,8090
E1,M02,103-0,A,SF-103,A,202411,44,0,2795
E1,M02,103-0,B,SF-103,A,202411,44,2,1973
E1,M02,103-0,C,SF-103,A,202411,44,0,1644
E1,M02,103-0,D,SF-103,A,202411,44,1,1233
E1,M02,103-0,E,SF-103,A,202411,44,0,575
E1,M02,103-0,ALL,SF-103,A,202411,44,3,8220
E1,M02,103-1,A,SF-103,A,202411,44,1,2795
E1,M02,103-1,B,SF-103,A,202411,44,0,1973
E1,M02,103-1,C,SF-103,A,202411,44,3,1644
E1,M02,103-1,D,SF-103,A,202411,44,1,1233
E1,M02,103-1,E,SF-103,A,202411,44,1,575
E1,M02,103-1,ALL,SF-103,A,202411,44,6,8220
E1,M02,103-0,A,SF-103,A,202412,45,2,2839
E1,M02,103-0,B,SF-103,A,202412,45,1,2004
E1,M02,103-0,C,SF-103,A,202412,45,1,1670
E1,M02,103-0,D,SF-103,A,202412,45,0,1252
E1,M02,103-0,E,SF-103,A,202412,45,0,584
E1,M02,103-0,ALL,SF-103,A,202412,45,4,8350
E1,M02,103-1,A,SF-103,A,202412,45,0,2839
E1,M02,103-1,B,SF-103,A,202412,45,0,2004
E1,M02,103-1,C,SF-103,A,202412,45,0,1670
E1,M02,103-1,D,SF-103,A,202412,45,0,1252
E1,M02,103-1,E,SF-103,A,202412,45,1,584
E1,M02,103-1,ALL,SF-103,A,202412,45,1,8350
E1,M02,104-0,A,SF-104,A,202103,0,1,850
E1,M02,104-0,B,SF-104,A,202103,0,1,600
E1,M02,104-0,ALL,SF-104,A,202103,0,2,2500
E1,M02,104-1,A,SF-104,A,202103,0,1,850
E1,M02,104-1,D,SF-104,A,202103,0,1,375
E1,M02,104-1,ALL,SF-104,A,202103,0,2,2500
E1,M02,104-0,A,SF-104,A,202104,1,2,894
E1,M02,104-0,ALL,SF-104,A,202104,1,2,2630
E1,M02,104-1,A,SF-104,A,202104,1,1,894
E1,M02,104-1,D,SF-104,A,202104,1,1,394
E1,M02,104-1,ALL,SF-104,A,202104,1,2,2630
E1,M02,104-0,A,SF-104,A,202105,2,1,938
E1,M02,104-0,B,SF-104,A,202105,2,0,662
E1,M02,104-0,C,SF-104,A,202105,2,0,552
E1,M02,104-0,D,SF-104,A,202105,2,0,414
E1,M02,104-0,ALL,SF-104,A,202105,2,1,2760
E1,M02,104-1,A,SF-104,A,202105,2,1,938
E1,M02,104-1,B,SF-104,A,202105,2,1,662
E1,M02,104-1,C,SF-104,A,202105,2,1,552
E1,M02,104-1,D,SF-104,A,202105,2,3,414
E1,M02,104-1,ALL,SF-104,A,202105,2,6,2760
E1,M02,104-0,A,SF-104,A,202106,3,0,983
E1,M02,104-0,B,SF-104,A,202106,3,0,694
E1,M02,104-0,C,SF-104,A,202106,3,2,578
E1,M02,104-0,D,SF-104,A,202106,3,0,434
E1,M02,104-0,ALL,SF-104,A,202106,3,2,2890
E1,M02,104-1,A,SF-104,A,202106,3,3,983
E1,M02,104-1,B,SF-104,A,202106,3,0,694
E1,M02,104-1,C,SF-104,A,202106,3,2,578
E1,M02,104-1,D,SF-104,A,202106,3,0,434
E1,M02,104-1,ALL,SF-104,A,202106,3,5,2890
E1,M02,104-0,A,SF-104,A,202107,4,0,1027
E1,M02,104-0,B,SF-104,A,202107,4,0,725
E1,M02,104-0,C,SF-104,A,202107,4,1,604
E1,M02,104-0,D,SF-104,A,202107,4,1,453
E1,M02,104-0,ALL,SF-104,A,202107,4,2,3020
E1,M02,104-1,A,SF-104,A,202107,4,0,1027
E1,M02,104-1,B,SF-104,A,202107,4,0,725
E1,M02,104-1,C,SF-104,A,202107,4,0,604
E1,M02,104-1,D,SF-104,A,202107,4,1,453
E1,M02,104-1,ALL,SF-104,A,202107,4,1,3020
E1,M02,104-0,A,SF-104,A,202108,5,4,1071
E1,M02,104-0,B,SF-104,A,202108,5,0,756
E1,M02,104-0,C,SF-104,A,202108,5,3,630
E1,M02,104-0,D,SF-104,A,202108,5,0,472
E1,M02,104-0,ALL,SF-104,A,202108,5,7,3150
E1,M02,104-1,A,SF-104,A,202108,5,0,1071
E1,M02,104-1,B,SF-104,A,202108,5,1,756
E1,M02,104-1,C,SF-104,A,202108,5,1,630
E1,M02,104-1,D,SF-104,A,202108,5,0,472
E1,M02,104-1,ALL,SF-104,A,202108,5,2,3150
E1,M02,104-0,A,SF-104,A,202109,6,1,1115
E1,M02,104-0,B,SF-104,A,202109,6,0,787
E1,M02,104-0,C,SF-104,A,202109,6,1,656
E1,M02,104-0,D,SF-104,A,202109,6,0,492
E1,M02,104-0,ALL,SF-104,A,202109,6,2,3280
E1,M02,104-1,A,SF-104,A,202109,6,1,1115
E1,M02,104-1,B,SF-104,A,202109,6,1,787
E1,M02,104-1,C,SF-104,A,202109,6,0,656
E1,M02,104-1,D,SF-104,A,202109,6,2,492
E1,M02,104-1,ALL,SF-104,A,202109,6,4,3280
E1,M02,104-0,A,SF-104,A,202110,7,1,1159
E1,M02,104-0,B,SF-104,A,202110,7,0,818
E1,M02,104-0,C,SF-104,A,202110,7,0,682
E1,M02,104-0,D,SF-104,A,202110,7,0,512
E1,M02,104-0,ALL,SF-104,A,202110,7,1,3410
E1,M02,104-1,A,SF-104,A,202110,7,2,1159
E1,M02,104-1,B,SF-104,A,202110,7,1,818
E1,M02,104-1,C,SF-104,A,202110,7,2,682
E1,M02,104-1,D,SF-104,A,202110,7,0,512
E1,M02,104-1,ALL,SF-104,A,202110,7,5,3410
E1,M02,104-0,A,SF-104,A,202111,8,4,1204
E1,M02,104-0,B,SF-104,A,202111,8,0,850
E1,M02,104-0,C,SF-104,A,202111,8,1,708
E1,M02,104-0,D,SF-104,A,202111,8,2,531
E1,M02,104-0,E,SF-104,A,202111,8,1,248
E1,M02,104-0,ALL,SF-104,A,202111,8,8,3540
E1,M02,104-1,A,SF-104,A,202111,8,3,1204
E1,M02,104-1,B,SF-104,A,202111,8,1,850
E1,M02,104-1,C,SF-104,A,202111,8,0,708
E1,M02,104-1,D,SF-104,A,202111,8,0,531
E1,M02,104-1,E,SF-104,A,202111,8,0,248
E1,M02,104-1,ALL,SF-104,A,202111,8,4,3540
E1,M02,104-0,A,SF-104,A,202112,9,3,1248
E1,M02,104-0,B,SF-104,A,202112,9,2,881
E1,M02,104-0,C,SF-104,A,202112,9,0,734
E1,M02,104-0,D,SF-104,A,202112,9,0,550
E1,M02,104-0,E,SF-104,A,202112,9,0,257
E1,M02,104-0,ALL,SF-104,A,202112,9,5,3670
E1,M02,104-1,A,SF-104,A,202112,9,2,1248
E1,M02,104-1,B,SF-104,A,202112,9,1,881
E1,M02,104-1,C,SF-104,A,202112,9,1,734
E1,M02,104-1,D,SF-104,A,202112,9,0,550
E1,M02,104-1,E,SF-104,A,202112,9,1,257
E1,M02,104-1,ALL,SF-104,A,202112,9,5,3670
E1,M02,104-0,A,SF-104,A,202201,10,3,1292
E1,M02,104-0,B,SF-104,A,202201,10,3,912
E1,M02,104-0,C,SF-104,A,202201,10,2,760
E1,M02,104-0,D,SF-104,A,202201,10,0,570
E1,M02,104-0,E,SF-104,A,202201,10,0,266
E1,M02,104-0,ALL,SF-104,A,202201,10,8,3800
E1,M02,104-1,A,SF-104,A,202201,10,0,1292
E1,M02,104-1,B,SF-104,A,202201,10,1,912
E1,M02,104-1,C,SF-104,A,202201,10,0,760
E1,M02,104-1,D,SF-104,A,202201,10,2,570
E1,M02,104-1,E,SF-104,A,202201,10,0,266
E1,M02,104-1,ALL,SF-104,A,202201,10,3,3800
E1,M02,104-0,A,SF-104,A,202202,11,1,1336
E1,M02,104-0,B,SF-104,A,202202,11,1,943
E1,M02,104-0,C,SF-104,A,202202,11,2,786
E1,M02,104-0,D,SF-104,A,202202,11,0,590
E1,M02,104-0,E,SF-104,A,202202,11,0,275
E1,M02,104-0,ALL,SF-104,A,202202,11,4,3930
E1,M02,104-1,A,SF-104,A,202202,11,2,1336
E1,M02,104-1,B,SF-104,A,202202,11,0,943
E1,M02,104-1,C,SF-104,A,202202,11,1,786
E1,M02,104-1,D,SF-104,A,202202,11,0,590
E1,M02,104-1,E,SF-104,A,202202,11,0,275
E1,M02,104-1,ALL,SF-104,A,202202,11,3,3930
E1,M02,104-0,A,SF-104,A,202203,12,0,1380
E1,M02,104-0,B,SF-104,A,202203,12,1,974
E1,M02,104-0,C,SF-104,A,202203,12,1,812
E1,M02,104-0,D,SF-104,A,202203,12,0,609
E1,M02,104-0,E,SF-104,A,202203,12,0,284
E1,M02,104-0,ALL,SF-104,A,202203,12,2,4060
E1,M02,104-1,A,SF-104,A,202203,12,1,1380
E1,M02,104-1,B,SF-104,A,202203,12,1,974
E1,M02,104-1,C,SF-104,A,202203,12,0,812
E1,M02,104-1,D,SF-104,A,202203,12,2,609
E1,M02,104-1,E,SF-104,A,202203,12,0,284
E1,M02,104-1,ALL,SF-104,A,202203,12,4,4060
E1,M02,104-0,A,SF-104,A,202204,13,1,1425
E1,M02,104-0,B,SF-104,A,202204,13,0,1006
E1,M02,104-0,C,SF-104,A,202204,13,0,838
E1,M02,104-0,D,SF-104,A,202204,13,3,628
E1,M02,104-0,E,SF-104,A,202204,13,0,293
E1,M02,104-0,ALL,SF-104,A,202204,13,4,4190
E1,M02,104-1,A,SF-104,A,202204,13,2,1425
E1,M02,104-1,B,SF-104,A,202204,13,1,1006
E1,M02,104-1,C,SF-104,A,202204,13,0,838
E1,M02,104-1,D,SF-104,A,202204,13,2,628
E1,M02,104-1,E,SF-104,A,202204,13,0,293
E1,M02,104-1,ALL,SF-104,A,202204,13,5,4190
E1,M02,104-0,A,SF-104,A,202205,14,3,1469
E1,M02,104-0,B,SF-104,A,202205,14,0,1037
E1,M02,104-0,C,SF-104,A,202205,14,1,864
E1,M02,104-0,D,SF-104,A,202205,14,0,648
E1,M02,104-0,E,SF-104,A,202205,14,0,302
E1,M02,104-0,ALL,SF-104,A,202205,14,4,4320
E1,M02,104-1,A,SF-104,A,202205,14,2,1469
E1,M02,104-1,B,SF-104,A,202205,14,0,1037
E1,M02,104-1,C,SF-104,A,202205,14,2,864
E1,M02,104-1,D,SF-104,A,202205,14,0,648
E1,M02,104-1,E,SF-104,A,202205,14,0,302
E1,M02,104-1,ALL,SF-104,A,202205,14,4,4320
E1,M02,104-0,A,SF-104,A,202206,15,1,1513
E1,M02,104-0,B,SF-104,A,202206,15,2,1068
E1,M02,104-0,C,SF-104,A,202206,15,0,890
E1,M02,104-0,D,SF-104,A,202206,15,1,668
E1,M02,104-0,E,SF-104,A,202206,15,0,312
E1,M02,104-0,ALL,SF-104,A,202206,15,4,4450
E1,M02,104-1,A,SF-104,A,202206,15,0,1513
E1,M02,104-1,B,SF-104,A,202206,15,0,1068
E1,M02,104-1,C,SF-104,A,202206,15,2,890
E1,M02,104-1,D,SF-104,A,202206,15,2,668
E1,M02,104-1,E,SF-104,A,202206,15,0,312
E1,M02,104-1,ALL,SF-104,A,202206,15,4,4450
E1,M02,104-0,A,SF-104,A,202207,16,2,1557
E1,M02,104-0,B,SF-104,A,202207,16,2,1099
E1,M02,104-0,C,SF-104,A,202207,16,0,916
E1,M02,104-0,D,SF-104,A,202207,16,0,687
E1,M02,104-0,E,SF-104,A,202207,16,0,321
E1,M02,104-0,ALL,SF-104,A,202207,16,4,4580
E1,M02,104-1,A,SF-104,A,202207,16,0,1557
E1,M02,104-1,B,SF-104,A,202207,16,1,1099
E1,M02,104-1,C,SF-104,A,202207,16,1,916
E1,M02,104-1,D,SF-104,A,202207,16,0,687
E1,M02,104-1,E,SF-104,A,202207,16,0,321
E1,M02,104-1,ALL,SF-104,A,202207,16,2,4580
E1,M02,104-0,A,SF-104,A,202208,17,1,1601
E1,M02,104-0,B,SF-104,A,202208,17,1,1130
E1,M02,104-0,C,SF-104,A,202208,17,1,942
E1,M02,104-0,D,SF-104,A,202208,17,2,706
E1,M02,104-0,E,SF-104,A,202208,17,1,330
E1,M02,104-0,ALL,SF-104,A,202208,17,6,4710
E1,M02,104-1,A,SF-104,A,202208,17,1,1601
E1,M02,104-1,B,SF-104,A,202208,17,1,1130
E1,M02,104-1,C,SF-104,A,202208,17,3,942
E1,M02,104-1,D,SF-104,A,202208,17,1,706
E1,M02,104-1,E,SF-104,A,202208,17,0,330
E1,M02,104-1,ALL,SF-104,A,202208,17,6,4710
E1,M02,104-0,A,SF-104,A,202209,18,3,1646
E1,M02,104-0,B,SF-104,A,202209,18,0,1162
E1,M02,104-0,C,SF-104,A,202209,18,0,968
E1,M02,104-0,D,SF-104,A,202209,18,2,726
E1,M02,104-0,E,SF-104,A,202209,18,0,339
E1,M02,104-0,ALL,SF-104,A,202209,18,5,4840
E1,M02,104-1,A,SF-104,A,202209,18,2,1646
E1,M02,104-1,B,SF-104,A,202209,18,0,1162
E1,M02,104-1,C,SF-104,A,202209,18,0,968
E1,M02,104-1,D,SF-104,A,202209,18,0,726
E1,M02,104-1,E,SF-104,A,202209,18,0,339
E1,M02,104-1,ALL,SF-104,A,202209,18,2,4840
E1,M02,104-0,A,SF-104,A,202210,19,3,1690
E1,M02,104-0,B,SF-104,A,202210,19,1,1193
E1,M02,104-0,C,SF-104,A,202210,19,1,994
E1,M02,104-0,D,SF-104,A,202210,19,1,746
E1,M02,104-0,E,SF-104,A,202210,19,0,348
E1,M02,104-0,ALL,SF-104,A,202210,19,6,4970
E1,M02,104-1,A,SF-104,A,202210,19,0,1690
E1,M02,104-1,B,SF-104,A,202210,19,3,1193
E1,M02,104-1,C,SF-104,A,202210,19,2,994
E1,M02,104-1,D,SF-104,A,202210,19,2,746
E1,M02,104-1,E,SF-104,A,202210,19,0,348
E1,M02,104-1,ALL,SF-104,A,202210,19,7,4970
E1,M02,104-0,A,SF-104,A,202211,20,3,1734
E1,M02,104-0,B,SF-104,A,202211,20,1,1224
E1,M02,104-0,C,SF-104,A,202211,20,0,1020
E1,M02,104-0,D,SF-104,A,202211,20,1,765
E1,M02,104-0,E,SF-104,A,202211,20,0,357
E1,M02,104-0,ALL,SF-104,A,202211,20,5,5100
E1,M02,104-1,A,SF-104,A,202211,20,1,1734
E1,M02,104-1,B,SF-104,A,202211,20,1,1224
E1,M02,104-1,C,SF-104,A,202211,20,3,1020
E1,M02,104-1,D,SF-104,A,202211,20,2,765
E1,M02,104-1,E,SF-104,A,202211,20,0,357
E1,M02,104-1,ALL,SF-104,A,202211,20,7,5100
E1,M02,104-0,A,SF-104,A,202212,21,3,1778
E1,M02,104-0,B,SF-104,A,202212,21,1,1255
E1,M02,104-0,C,SF-104,A,202212,21,0,1046
E1,M02,104-0,D,SF-104,A,202212,21,1,784
E1,M02,104-0,E,SF-104,A,202212,21,1,366
E1,M02,104-0,ALL,SF-104,A,202212,21,6,5230
E1,M02,104-1,A,SF-104,A,202212,21,1,1778
E1,M02,104-1,B,SF-104,A,202212,21,1,1255
E1,M02,104-1,C,SF-104,A,202212,21,4,1046
E1,M02,104-1,D,SF-104,A,202212,21,0,784
E1,M02,104-1,E,SF-104,A,202212,21,0,366
E1,M02,104-1,ALL,SF-104,A,202212,21,6,5230
E1,M02,104-0,A,SF-104,A,202301,22,0,1822
E1,M02,104-0,B,SF-104,A,202301,22,3,1286
E1,M02,104-0,C,SF-104,A,202301,22,1,1072
E1,M02,104-0,D,SF-104,A,202301,22,1,804
E1,M02,104-0,E,SF-104,A,202301,22,0,375
E1,M02,104-0,ALL,SF-104,A,202301,22,5,5360
E1,M02,104-1,A,SF-104,A,202301,22,3,1822
E1,M02,104-1,B,SF-104,A,202301,22,2,1286
E1,M02,104-1,C,SF-104,A,202301,22,0,1072
E1,M02,104-1,D,SF-104,A,202301,22,0,804
E1,M02,104-1,E,SF-104,A,202301,22,0,375
E1,M02,104-1,ALL,SF-104,A,202301,22,5,5360
E1,M02,104-0,A,SF-104,A,202302,23,1,1867
E1,M02,104-0,B,SF-104,A,202302,23,1,1318
E1,M02,104-0,C,SF-104,A,202302,23,1,1098
E1,M02,104-0,D,SF-104,A,202302,23,1,824
E1,M02,104-0,E,SF-104,A,202302,23,0,384
E1,M02,104-0,ALL,SF-104,A,202302,23,4,5490
E1,M02,104-1,A,SF-104,A,202302,23,1,1867
E1,M02,104-1,B,SF-104,A,202302,23,2,1318
E1,M02,104-1,C,SF-104,A,202302,23,1,1098
E1,M02,104-1,D,SF-104,A,202302,23,1,824
E1,M02,104-1,E,SF-104,A,202302,23,0,384
E1,M02,104-1,ALL,SF-104,A,202302,23,5,5490
E1,M02,104-0,A,SF-104,A,202303,24,3,1911
E1,M02,104-0,B,SF-104,A,202303,24,2,1349
E1,M02,104-0,C,SF-104,A,202303,24,2,1124
E1,M02,104-0,D,SF-104,A,202303,24,1,843
E1,M02,104-0,E,SF-104,A,202303,24,0,393
E1,M02,104-0,ALL,SF-104,A,202303,24,8,5620
E1,M02,104-1,A,SF-104,A,202303,24,2,1911
E1,M02,104-1,B,SF-104,A,202303,24,0,1349
E1,M02,104-1,C,SF-104,A,202303,24,0,1124
E1,M02,104-1,D,SF-104,A,202303,24,1,843
E1,M02,104-1,E,SF-104,A,202303,24,0,393
E1,M02,104-1,ALL,SF-104,A,202303,24,3,5620
E1,M02,104-0,A,SF-104,A,202304,25,2,1955
E1,M02,104-0,B,SF-104,A,202304,25,1,1380
E1,M02,104-0,C,SF-104,A,202304,25,5,1150
E1,M02,104-0,D,SF-104,A,202304,25,1,862
E1,M02,104-0,E,SF-104,A,202304,25,0,403
E1,M02,104-0,ALL,SF-104,A,202304,25,9,5750
E1,M02,104-1,A,SF-104,A,202304,25,2,1955
E1,M02,104-1,B,SF-104,A,202304,25,4,1380
E1,M02,104-1,C,SF-104,A,202304,25,1,1150
E1,M02,104-1,D,SF-104,A,202304,25,1,862
E1,M02,104-1,E,SF-104,A,202304,25,1,403
E1,M02,104-1,ALL,SF-104,A,202304,25,9,5750
E1,M02,104-0,A,SF-104,A,202305,26,1,1999
E1,M02,104-0,B,SF-104,A,202305,26,1,1411
E1,M02,104-0,C,SF-104,A,202305,26,2,1176
E1,M02,104-0,D,SF-104,A,202305,26,2,882
E1,M02,104-0,E,SF-104,A,202305,26,1,412
E1,M02,104-0,ALL,SF-104,A,202305,26,7,5880
E1,M02,104-1,A,SF-104,A,202305,26,2,1999
E1,M02,104-1,B,SF-104,A,202305,26,0,1411
E1,M02,104-1,C,SF-104,A,202305,26,1,1176
E1,M02,104-1,D,SF-104,A,202305,26,2,882
E1,M02,104-1,E,SF-104,A,202305,26,1,412
E1,M02,104-1,ALL,SF-104,A,202305,26,6,5880
E1,M02,104-0,A,SF-104,A,202306,27,1,2043
E1,M02,104-0,B,SF-104,A,202306,27,2,1442
E1,M02,104-0,C,SF-104,A,202306,27,2,1202
E1,M02,104-0,D,SF-104,A,202306,27,0,902
E1,M02,104-0,E,SF-104,A,202306,27,1,421
E1,M02,104-0,ALL,SF-104,A,202306,27,6,6010
E1,M02,104-1,A,SF-104,A,202306,27,1,2043
E1,M02,104-1,B,SF-104,A,202306,27,1,1442
E1,M02,104-1,C,SF-104,A,202306,27,3,1202
E1,M02,104-1,D,SF-104,A,202306,27,1,902
E1,M02,104-1,E,SF-104,A,202306,27,0,421
E1,M02,104-1,ALL,SF-104,A,202306,27,6,6010
E1,M02,104-0,A,SF-104,A,202307,28,5,2088
E1,M02,104-0,B,SF-104,A,202307,28,2,1474
E1,M02,104-0,C,SF-104,A,202307,28,0,1228
E1,M02,104-0,D,SF-104,A,202307,28,3,921
E1,M02,104-0,E,SF-104,A,202307,28,1,430
E1,M02,104-0,ALL,SF-104,A,202307,28,11,6140
E1,M02,104-1,A,SF-104,A,202307,28,3,2088
E1,M02,104-1,B,SF-104,A,202307,28,0,1474
E1,M02,104-1,C,SF-104,A,202307,28,1,1228
E1,M02,104-1,D,SF-104,A,202307,28,0,921
E1,M02,104-1,E,SF-104,A,202307,28,0,430
E1,M02,104-1,ALL,SF-104,A,202307,28,4,6140
E1,M02,104-0,A,SF-104,A,202308,29,1,2132
E1,M02,104-0,B,SF-104,A,202308,29,1,1505
E1,M02,104-0,C,SF-104,A,202308,29,3,1254
E1,M02,104-0,D,SF-104,A,202308,29,1,940
E1,M02,104-0,E,SF-104,A,202308,29,0,439
E1,M02,104-0,ALL,SF-104,A,202308,29,6,6270
E1,M02,104-1,A,SF-104,A,202308,29,2,2132
E1,M02,104-1,B,SF-104,A,202308,29,2,1505
E1,M02,104-1,C,SF-104,A,202308,29,1,1254
E1,M02,104-1,D,SF-104,A,202308,29,2,940
E1,M02,104-1,E,SF-104,A,202308,29,0,439
E1,M02,104-1,ALL,SF-104,A,202308,29,7,6270
E1,M02,104-0,A,SF-104,A,202309,30,5,2176
E1,M02,104-0,B,SF-104,A,202309,30,1,1536
E1,M02,104-0,C,SF-104,A,202309,30,1,1280
E1,M02,104-0,D,SF-104,A,202309,30,1,960
E1,M02,104-0,E,SF-104,A,202309,30,0,448
E1,M02,104-0,ALL,SF-104,A,202309,30,8,6400
E1,M02,104-1,A,SF-104,A,202309,30,4,2176
E1,M02,104-1,B,SF-104,A,202309,30,2,1536
E1,M02,104-1,C,SF-104,A,202309,30,1,1280
E1,M02,104-1,D,SF-104,A,202309,30,1,960
E1,M02,104-1,E,SF-104,A,202309,30,0,448
E1,M02,104-1,ALL,SF-104,A,202309,30,8,6400
E1,M02,104-0,A,SF-104,A,202310,31,2,2220
E1,M02,104-0,B,SF-104,A,202310,31,1,1567
E1,M02,104-0,C,SF-104,A,202310,31,2,1306
E1,M02,104-0,D,SF-104,A,202310,31,3,980
E1,M02,104-0,E,SF-104,A,202310,31,0,457
E1,M02,104-0,ALL,SF-104,A,202310,31,8,6530
E1,M02,104-1,A,SF-104,A,202310,31,2,2220
E1,M02,104-1,B,SF-104,A,202310,31,3,1567
E1,M02,104-1,C,SF-104,A,202310,31,1,1306
E1,M02,104-1,D,SF-104,A,202310,31,1,980
E1,M02,104-1,E,SF-104,A,202310,31,0,457
E1,M02,104-1,ALL,SF-104,A,202310,31,7,6530
E1,M02,104-0,A,SF-104,A,202311,32,4,2264
E1,M02,104-0,B,SF-104,A,202311,32,1,1598
E1,M02,104-0,C,SF-104,A,202311,32,0,1332
E1,M02,104-0,D,SF-104,A,202311,32,1,999
E1,M02,104-0,E,SF-104,A,202311,32,0,466
E1,M02,104-0,ALL,SF-104,A,202311,32,6,6660
E1,M02,104-1,A,SF-104,A,202311,32,3,2264
E1,M02,104-1,B,SF-104,A,202311,32,2,1598
E1,M02,104-1,C,SF-104,A,202311,32,0,1332
E1,M02,104-1,D,SF-104,A,202311,32,1,999
E1,M02,104-1,E,SF-104,A,202311,32,1,466
E1,M02,104-1,ALL,SF-104,A,202311,32,7,6660
E1,M02,104-0,A,SF-104,A,202312,33,2,2309
E1,M02,104-0,B,SF-104,A,202312,33,2,1630
E1,M02,104-0,C,SF-104,A,202312,33,1,1358
E1,M02,104-0,D,SF-104,A,202312,33,2,1018
E1,M02,104-0,E,SF-104,A,202312,33,1,475
E1,M02,104-0,ALL,SF-104,A,202312,33,8,6790
E1,M02,104-1,A,SF-104,A,202312,33,1,2309
E1,M02,104-1,B,SF-104,A,202312,33,0,1630
E1,M02,104-1,C,SF-104,A,202312,33,0,1358
E1,M02,104-1,D,SF-104,A,202312,33,0,1018
E1,M02,104-1,E,SF-104,A,202312,33,1,475
E1,M02,104-1,ALL,SF-104,A,202312,33,2,6790
E1,M02,104-0,A,SF-104,A,202401,34,3,2353
E1,M02,104-0,B,SF-104,A,202401,34,4,1661
E1,M02,104-0,C,SF-104,A,202401,34,2,1384
E1,M02,104-0,D,SF-104,A,202401,34,2,1038
E1,M02,104-0,E,SF-104,A,202401,34,0,484
E1,M02,104-0,ALL,SF-104,A,202401,34,11,6920
E1,M02,104-1,A,SF-104,A,202401,34,1,2353
E1,M02,104-1,B,SF-104,A,202401,34,3,1661
E1,M02,104-1,C,SF-104,A,202401,34,2,1384
E1,M02,104-1,D,SF-104,A,202401,34,1,1038
E1,M02,104-1,E,SF-104,A,202401,34,0,484
E1,M02,104-1,ALL,SF-104,A,202401,34,7,6920
E1,M02,104-0,A,SF-104,A,202402,35,1,2397
E1,M02,104-0,B,SF-104,A,202402,35,1,1692
E1,M02,104-0,C,SF-104,A,202402,35,1,1410
E1,M02,104-0,D,SF-104,A,202402,35,0,1058
E1,M02,104-0,E,SF-104,A,202402,35,0,494
E1,M02,104-0,ALL,SF-104,A,202402,35,3,7050
E1,M02,104-1,A,SF-104,A,202402,35,2,2397
E1,M02,104-1,B,SF-104,A,202402,35,2,1692
E1,M02,104-1,C,SF-104,A,202402,35,2,1410
E1,M02,104-1,D,SF-104,A,202402,35,1,1058
E1,M02,104-1,E,SF-104,A,202402,35,0,494
E1,M02,104-1,ALL,SF-104,A,202402,35,7,7050
E1,M02,104-0,A,SF-104,A,202403,36,2,2441
E1,M02,104-0,B,SF-104,A,202403,36,0,1723
E1,M02,104-0,C,SF-104,A,202403,36,1,1436
E1,M02,104-0,D,SF-104,A,202403,36,0,1077
E1,M02,104-0,E,SF-104,A,202403,36,0,503
E1,M02,104-0,ALL,SF-104,A,202403,36,3,7180
E1,M02,104-1,A,SF-104,A,202403,36,5,2441
E1,M02,104-1,B,SF-104,A,202403,36,2,1723
E1,M02,104-1,C,SF-104,A,202403,36,4,1436
E1,M02,104-1,D,SF-104,A,202403,36,0,1077
E1,M02,104-1,E,SF-104,A,202403,36,0,503
E1,M02,104-1,ALL,SF-104,A,202403,36,11,7180
E1,M02,104-0,A,SF-104,A,202404,37,2,2485
E1,M02,104-0,B,SF-104,A,202404,37,2,1754
E1,M02,104-0,C,SF-104,A,202404,37,2,1462
E1,M02,104-0,D,SF-104,A,202404,37,0,1096
E1,M02,104-0,E,SF-104,A,202404,37,0,512
E1,M02,104-0,ALL,SF-104,A,202404,37,6,7310
E1,M02,104-1,A,SF-104,A,202404,37,1,2485
E1,M02,104-1,B,SF-104,A,202404,37,2,1754
E1,M02,104-1,C,SF-104,A,202404,37,3,1462
E1,M02,104-1,D,SF-104,A,202404,37,3,1096
E1,M02,104-1,E,SF-104,A,202404,37,1,512
E1,M02,104-1,ALL,SF-104,A,202404,37,10,7310
E1,M02,104-0,A,SF-104,A,202405,38,3,2530
E1,M02,104-0,B,SF-104,A,202405,38,2,1786
E1,M02,104-0,C,SF-104,A,202405,38,2,1488
E1,M02,104-0,D,SF-104,A,202405,38,2,1116
E1,M02,104-0,E,SF-104,A,202405,38,0,521
E1,M02,104-0,ALL,SF-104,A,202405,38,9,7440
E1,M02,104-1,A,SF-104,A,202405,38,0,2530
E1,M02,104-1,B,SF-104,A,202405,38,3,1786
E1,M02,104-1,C,SF-104,A,202405,38,1,1488
E1,M02,104-1,D,SF-104,A,202405,38,1,1116
E1,M02,104-1,E,SF-104,A,202405,38,0,521
E1,M02,104-1,ALL,SF-104,A,202405,38,5,7440
E1,M02,104-0,A,SF-104,A,202406,39,2,2574
E1,M02,104-0,B,SF-104,A,202406,39,1,1817
E1,M02,104-0,C,SF-104,A,202406,39,0,1514
E1,M02,104-0,D,SF-104,A,202406,39,3,1136
E1,M02,104-0,E,SF-104,A,202406,39,1,530
E1,M02,104-0,ALL,SF-104,A,202406,39,7,7570
E1,M02,104-1,A,SF-104,A,202406,39,6,2574
E1,M02,104-1,B,SF-104,A,202406,39,3,1817
E1,M02,104-1,C,SF-104,A,202406,39,1,1514
E1,M02,104-1,D,SF-104,A,202406,39,0,1136
E1,M02,104-1,E,SF-104,A,202406,39,0,530
E1,M02,104-1,ALL,SF-104,A,202406,39,10,7570
E1,M02,104-0,A,SF-104,A,202407,40,1,2618
E1,M02,104-0,B,SF-104,A,202407,40,3,1848
E1,M02,104-0,C,SF-104,A,202407,40,2,1540
E1,M02,104-0,D,SF-104,A,202407,40,0,1155
E1,M02,104-0,E,SF-104,A,202407,40,0,539
E1,M02,104-0,ALL,SF-104,A,202407,40,6,7700
E1,M02,104-1,A,SF-104,A,202407,40,2,2618
E1,M02,104-1,B,SF-104,A,202407,40,0,1848
E1,M02,104-1,C,SF-104,A,202407,40,1,1540
E1,M02,104-1,D,SF-104,A,202407,40,1,1155
E1,M02,104-1,E,SF-104,A,202407,40,0,539
E1,M02,104-1,ALL,SF-104,A,202407,40,4,7700
E1,M02,104-0,A,SF-104,A,202408,41,0,2662
E1,M02,104-0,B,SF-104,A,202408,41,2,1879
E1,M02,104-0,C,SF-104,A,202408,41,2,1566
E1,M02,104-0,D,SF-104,A,202408,41,0,1174
E1,M02,104-0,E,SF-104,A,202408,41,0,548
E1,M02,104-0,ALL,SF-104,A,202408,41,4,7830
E1,M02,104-1,A,SF-104,A,202408,41,2,2662
E1,M02,104-1,B,SF-104,A,202408,41,1,1879
E1,M02,104-1,C,SF-104,A,202408,41,1,1566
E1,M02,104-1,D,SF-104,A,202408,41,1,1174
E1,M02,104-1,E,SF-104,A,202408,41,0,548
E1,M02,104-1,ALL,SF-104,A,202408,41,5,7830
E1,M02,104-0,A,SF-104,A,202409,42,2,2706
E1,M02,104-0,B,SF-104,A,202409,42,2,1910
E1,M02,104-0,C,SF-104,A,202409,42,0,1592
E1,M02,104-0,D,SF-104,A,202409,42,0,1194
E1,M02,104-0,E,SF-104,A,202409,42,1,557
E1,M02,104-0,ALL,SF-104,A,202409,42,5,7960
E1,M02,104-1,A,SF-104,A,202409,42,4,2706
E1,M02,104-1,B,SF-104,A,202409,42,2,1910
E1,M02,104-1,C,SF-104,A,202409,42,1,1592
E1,M02,104-1,D,SF-104,A,202409,42,0,1194
E1,M02,104-1,E,SF-104,A,202409,42,0,557
E1,M02,104-1,ALL,SF-104,A,202409,42,7,7960
E1,M02,104-0,A,SF-104,A,202410,43,2,2751
E1,M02,104-0,B,SF-104,A,202410,43,1,1942
E1,M02,104-0,C,SF-104,A,202410,43,3,1618
E1,M02,104-0,D,SF-104,A,202410,43,1,1214
E1,M02,104-0,E,SF-104,A,202410,43,1,566
E1,M02,104-0,ALL,SF-104,A,202410,43,8,8090
E1,M02,104-1,A,SF-104,A,202410,43,2,2751
E1,M02,104-1,B,SF-104,A,202410,43,1,1942
E1,M02,104-1,C,SF-104,A,202410,43,3,1618
E1,M02,104-1,D,SF-104,A,202410,43,3,1214
E1,M02,104-1,E,SF-104,A,202410,43,1,566
E1,M02,104-1,ALL,SF-104,A,202410,43,10,8090
E1,M02,104-0,A,SF-104,A,202411,44,3,2795
E1,M02,104-0,B,SF-104,A,202411,44,2,1973
E1,M02,104-0,C,SF-104,A,202411,44,0,1644
E1,M02,104-0,D,SF-104,A,202411,44,1,1233
E1,M02,104-0,E,SF-104,A,202411,44,0,575
E1,M02,104-0,ALL,SF-104,A,202411,44,6,8220
E1,M02,104-1,A,SF-104,A,202411,44,1,2795
E1,M02,104-1,B,SF-104,A,202411,44,0,1973
E1,M02,104-1,C,SF-104,A,202411,44,0,1644
E1,M02,104-1,D,SF-104,A,202411,44,1,1233
E1,M02,104-1,E,SF-104,A,202411,44,0,575
E1,M02,104-1,ALL,SF-104,A,202411,44,2,8220
E1,M02,104-0,A,SF-104,A,202412,45,1,2839
E1,M02,104-0,B,SF-104,A,202412,45,1,2004
E1,M02,104-0,C,SF-104,A,202412,45,2,1670
E1,M02,104-0,D,SF-104,A,202412,45,0,1252
E1,M02,104-0,E,SF-104,A,202412,45,0,584
E1,M02,104-0,ALL,SF-104,A,202412,45,4,8350
E1,M02,104-1,A,SF-104,A,202412,45,6,2839
E1,M02,104-1,B,SF-104,A,202412,45,1,2004
E1,M02,104-1,C,SF-104,A,202412,45,2,1670
E1,M02,104-1,D,SF-104,A,202412,45,1,1252
E1,M02,104-1,E,SF-104,A,202412,45,2,584
E1,M02,104-1,ALL,SF-104,A,202412,45,12,8350
E1,M02,105-0,A,SF-105,A,202103,0,1,850
E1,M02,105-0,ALL,SF-105,A,202103,0,1,2500
E1,M02,105-0,C,SF-105,A,202104,1,1,526
E1,M02,105-0,ALL,SF-105,A,202104,1,1,2630
E1,M02,105-0,A,SF-105,A,202105,2,0,938
E1,M02,105-0,B,SF-105,A,202105,2,0,662
E1,M02,105-0,C,SF-105,A,202105,2,1,552
E1,M02,105-0,D,SF-105,A,202105,2,0,414
E1,M02,105-0,ALL,SF-105,A,202105,2,1,2760
E1,M02,105-0,A,SF-105,A,202106,3,0,983
E1,M02,105-0,B,SF-105,A,202106,3,0,694
E1,M02,105-0,C,SF-105,A,202106,3,0,578
E1,M02,105-0,D,SF-105,A,202106,3,0,434
E1,M02,105-0,ALL,SF-105,A,202106,3,0,2890
E1,M02,105-0,A,SF-105,A,202107,4,1,1027
E1,M02,105-0,B,SF-105,A,202107,4,0,725
E1,M02,105-0,C,SF-105,A,202107,4,0,604
E1,M02,105-0,D,SF-105,A,202107,4,0,453
E1,M02,105-0,ALL,SF-105,A,202107,4,1,3020
E1,M02,105-0,A,SF-105,A,202108,5,0,1071
E1,M02,105-0,B,SF-105,A,202108,5,1,756
E1,M02,105-0,C,SF-105,A,202108,5,0,630
E1,M02,105-0,D,SF-105,A,202108,5,0,472
E1,M02,105-0,ALL,SF-105,A,202108,5,1,3150
E1,M02,105-0,A,SF-105,A,202109,6,2,1115
E1,M02,105-0,B,SF-105,A,202109,6,0,787
E1,M02,105-0,C,SF-105,A,202109,6,0,656
E1,M02,105-0,D,SF-105,A,202109,6,0,492
E1,M02,105-0,ALL,SF-105,A,202109,6,2,3280
E1,M02,105-0,A,SF-105,A,202110,7,3,1159
E1,M02,105-0,B,SF-105,A,202110,7,0,818
E1,M02,105-0,C,SF-105,A,202110,7,0,682
E1,M02,105-0,D,SF-105,A,202110,7,0,512
E1,M02,105-0,ALL,SF-105,A,202110,7,3,3410
E1,M02,105-0,A,SF-105,A,202111,8,0,1204
E1,M02,105-0,B,SF-105,A,202111,8,0,850
E1,M02,105-0,C,SF-105,A,202111,8,0,708
E1,M02,105-0,D,SF-105,A,202111,8,0,531
E1,M02,105-0,E,SF-105,A,202111,8,0,248
E1,M02,105-0,ALL,SF-105,A,202111,8,0,3540
E1,M02,105-0,A,SF-105,A,202112,9,0,1248
E1,M02,105-0,B,SF-105,A,202112,9,0,881
E1,M02,105-0,C,SF-105,A,202112,9,0,734
E1,M02,105-0,D,SF-105,A,202112,9,0,550
E1,M02,105-0,E,SF-105,A,202112,9,0,257
E1,M02,105-0,ALL,SF-105,A,202112,9,0,3670
E1,M02,105-0,A,SF-105,A,202201,10,0,1292
E1,M02,105-0,B,SF-105,A,202201,10,0,912
E1,M02,105-0,C,SF-105,A,202201,10,0,760
E1,M02,105-0,D,SF-105,A,202201,10,0,570
E1,M02,105-0,E,SF-105,A,202201,10,0,266
E1,M02,105-0,ALL,SF-105,A,202201,10,0,3800
E1,M02,105-0,A,SF-105,A,202202,11,0,1336
E1,M02,105-0,B,SF-105,A,202202,11,0,943
E1,M02,105-0,C,SF-105,A,202202,11,0,786
E1,M02,105-0,D,SF-105,A,202202,11,0,590
E1,M02,105-0,E,SF-105,A,202202,11,1,275
E1,M02,105-0,ALL,SF-105,A,202202,11,1,3930
E1,M02,105-0,A,SF-105,A,202203,12,1,1380
E1,M02,105-0,B,SF-105,A,202203,12,0,974
E1,M02,105-0,C,SF-105,A,202203,12,0,812
E1,M02,105-0,D,SF-105,A,202203,12,1,609
E1,M02,105-0,E,SF-105,A,202203,12,0,284
E1,M02,105-0,ALL,SF-105,A,202203,12,2,4060
E1,M02,105-0,A,SF-105,A,202204,13,1,1425
E1,M02,105-0,B,SF-105,A,202204,13,0,1006
E1,M02,105-0,C,SF-105,A,202204,13,0,838
E1,M02,105-0,D,SF-105,A,202204,13,0,628
E1,M02,105-0,E,SF-105,A,202204,13,0,293
E1,M02,105-0,ALL,SF-105,A,202204,13,1,4190
E1,M02,105-0,A,SF-105,A,202205,14,1,1469
E1,M02,105-0,B,SF-105,A,202205,14,0,1037
E1,M02,105-0,C,SF-105,A,202205,14,0,864
E1,M02,105-0,D,SF-105,A,202205,14,0,648
E1,M02,105-0,E,SF-105,A,202205,14,0,302
E1,M02,105-0,ALL,SF-105,A,202205,14,1,4320
E1,M02,105-0,A,SF-105,A,202206,15,0,1513
E1,M02,105-0,B,SF-105,A,202206,15,0,1068
E1,M02,105-0,C,SF-105,A,202206,15,0,890
E1,M02,105-0,D,SF-105,A,202206,15,0,668
E1,M02,105-0,E,SF-105,A,202206,15,0,312
E1,M02,105-0,ALL,SF-105,A,202206,15,0,4450
E1,M02,105-0,A,SF-105,A,202207,16,0,1557
E1,M02,105-0,B,SF-105,A,202207,16,0,1099
E1,M02,105-0,C,SF-105,A,202207,16,2,916
E1,M02,105-0,D,SF-105,A,202207,16,1,687
E1,M02,105-0,E,SF-105,A,202207,16,0,321
E1,M02,105-0,ALL,SF-105,A,202207,16,3,4580
E1,M02,105-0,A,SF-105,A,202208,17,1,1601
E1,M02,105-0,B,SF-105,A,202208,17,1,1130
E1,M02,105-0,C,SF-105,A,202208,17,0,942
E1,M02,105-0,D,SF-105,A,202208,17,1,706
E1,M02,105-0,E,SF-105,A,202208,17,0,330
E1,M02,105-0,ALL,SF-105,A,202208,17,3,4710
E1,M02,105-0,A,SF-105,A,202209,18,0,1646
E1,M02,105-0,B,SF-105,A,202209,18,0,1162
E1,M02,105-0,C,SF-105,A,202209,18,1,968
E1,M02,105-0,D,SF-105,A,202209,18,0,726
E1,M02,105-0,E,SF-105,A,202209,18,1,339
E1,M02,105-0,ALL,SF-105,A,202209,18,2,4840
E1,M02,105-0,A,SF-105,A,202210,19,0,1690
E1,M02,105-0,B,SF-105,A,202210,19,0,1193
E1,M02,105-0,C,SF-105,A,202210,19,0,994
E1,M02,105-0,D,SF-105,A,202210,19,0,746
E1,M02,105-0,E,SF-105,A,202210,19,0,348
E1,M02,105-0,ALL,SF-105,A,202210,19,0,4970
E1,M02,105-0,A,SF-105,A,202211,20,0,1734
E1,M02,105-0,B,SF-105,A,202211,20,0,1224
E1,M02,105-0,C,SF-105,A,202211,20,0,1020
E1,M02,105-0,D,SF-105,A,202211,20,1,765
E1,M02,105-0,E,SF-105,A,202211,20,1,357
E1,M02,105-0,ALL,SF-105,A,202211,20,2,5100
E1,M02,105-0,A,SF-105,A,202212,21,0,1778
E1,M02,105-0,B,SF-105,A,202212,21,1,1255
E1,M02,105-0,C,SF-105,A,202212,21,0,1046
E1,M02,105-0,D,SF-105,A,202212,21,1,784
E1,M02,105-0,E,SF-105,A,202212,21,0,366
E1,M02,105-0,ALL,SF-105,A,202212,21,2,5230
E1,M02,105-0,A,SF-105,A,202301,22,1,1822
E1,M02,105-0,B,SF-105,A,202301,22,0,1286
E1,M02,105-0,C,SF-105,A,202301,22,0,1072
E1,M02,105-0,D,SF-105,A,202301,22,0,804
E1,M02,105-0,E,SF-105,A,202301,22,0,375
E1,M02,105-0,ALL,SF-105,A,202301,22,1,5360
E1,M02,105-0,A,SF-105,A,202302,23,3,1867
E1,M02,105-0,B,SF-105,A,202302,23,0,1318
E1,M02,105-0,C,SF-105,A,202302,23,0,1098
E1,M02,105-0,D,SF-105,A,202302,23,0,824
E1,M02,105-0,E,SF-105,A,202302,23,0,384
E1,M02,105-0,ALL,SF-105,A,202302,23,3,5490
E1,M02,105-0,A,SF-105,A,202303,24,0,1911
E1,M02,105-0,B,SF-105,A,202303,24,0,1349
E1,M02,105-0,C,SF-105,A,202303,24,0,1124
E1,M02,105-0,D,SF-105,A,202303,24,1,843
E1,M02,105-0,E,SF-105,A,202303,24,0,393
E1,M02,105-0,ALL,SF-105,A,202303,24,1,5620
E1,M02,105-0,A,SF-105,A,202304,25,0,1955
E1,M02,105-0,B,SF-105,A,202304,25,0,1380
E1,M02,105-0,C,SF-105,A,202304,25,0,1150
E1,M02,105-0,D,SF-105,A,202304,25,0,862
E1,M02,105-0,E,SF-105,A,202304,25,1,403
E1,M02,105-0,ALL,SF-105,A,202304,25,1,5750
E1,M02,105-0,A,SF-105,A,202305,26,0,1999
E1,M02,105-0,B,SF-105,A,202305,26,0,1411
E1,M02,105-0,C,SF-105,A,202305,26,0,1176
E1,M02,105-0,D,SF-105,A,202305,26,1,882
E1,M02,105-0,E,SF-105,A,202305,26,0,412
E1,M02,105-0,ALL,SF-105,A,202305,26,1,5880
E1,M02,105-0,A,SF-105,A,202306,27,0,2043
E1,M02,105-0,B,SF-105,A,202306,27,1,1442
E1,M02,105-0,C,SF-105,A,202306,27,1,1202
E1,M02,105-0,D,SF-105,A,202306,27,0,902
E1,M02,105-0,E,SF-105,A,202306,27,0,421
E1,M02,105-0,ALL,SF-105,A,202306,27,2,6010
E1,M02,105-0,A,SF-105,A,202307,28,0,2088
E1,M02,105-0,B,SF-105,A,202307,28,0,1474
E1,M02,105-0,C,SF-105,A,202307,28,0,1228
E1,M02,105-0,D,SF-105,A,202307,28,0,921
E1,M02,105-0,E,SF-105,A,202307,28,1,430
E1,M02,105-0,ALL,SF-105,A,202307,28,1,6140
E1,M02,105-0,A,SF-105,A,202308,29,0,2132
E1,M02,105-0,B,SF-105,A,202308,29,0,1505
E1,M02,105-0,C,SF-105,A,202308,29,0,1254
E1,M02,105-0,D,SF-105,A,202308,29,0,940
E1,M02,105-0,E,SF-105,A,202308,29,0,439
E1,M02,105-0,ALL,SF-105,A,202308,29,0,6270
E1,M02,105-0,A,SF-105,A,202309,30,1,2176
E1,M02,105-0,B,SF-105,A,202309,30,0,1536
E1,M02,105-0,C,SF-105,A,202309,30,0,1280
E1,M02,105-0,D,SF-105,A,202309,30,0,960
E1,M02,105-0,E,SF-105,A,202309,30,0,448
E1,M02,105-0,ALL,SF-105,A,202309,30,1,6400
E1,M02,105-0,A,SF-105,A,202310,31,0,2220
E1,M02,105-0,B,SF-105,A,202310,31,0,1567
E1,M02,105-0,C,SF-105,A,202310,31,1,1306
E1,M02,105-0,D,SF-105,A,202310,31,0,980
E1,M02,105-0,E,SF-105,A,202310,31,0,457
E1,M02,105-0,ALL,SF-105,A,202310,31,1,6530
E1,M02,105-0,A,SF-105,A,202311,32,1,2264
E1,M02,105-0,B,SF-105,A,202311,32,0,1598
E1,M02,105-0,C,SF-105,A,202311,32,0,1332
E1,M02,105-0,D,SF-105,A,202311,32,0,999
E1,M02,105-0,E,SF-105,A,202311,32,0,466
E1,M02,105-0,ALL,SF-105,A,202311,32,1,6660
E1,M02,105-0,A,SF-105,A,202312,33,0,2309
E1,M02,105-0,B,SF-105,A,202312,33,1,1630
E1,M02,105-0,C,SF-105,A,202312,33,1,1358
E1,M02,105-0,D,SF-105,A,202312,33,0,1018
E1,M02,105-0,E,SF-105,A,202312,33,2,475
E1,M02,105-0,ALL,SF-105,A,202312,33,4,6790
E1,M02,105-0,A,SF-105,A,202401,34,2,2353
E1,M02,105-0,B,SF-105,A,202401,34,1,1661
E1,M02,105-0,C,SF-105,A,202401,34,0,1384
E1,M02,105-0,D,SF-105,A,202401,34,0,1038
E1,M02,105-0,E,SF-105,A,202401,34,0,484
E1,M02,105-0,ALL,SF-105,A,202401,34,3,6920
E1,M02,105-0,A,SF-105,A,202402,35,1,2397
E1,M02,105-0,B,SF-105,A,202402,35,0,1692
E1,M02,105-0,C,SF-105,A,202402,35,0,1410
E1,M02,105-0,D,SF-105,A,202402,35,0,1058
E1,M02,105-0,E,SF-105,A,202402,35,1,494
E1,M02,105-0,ALL,SF-105,A,202402,35,2,7050
E1,M02,105-0,A,SF-105,A,202403,36,0,2441
E1,M02,105-0,B,SF-105,A,202403,36,1,1723
E1,M02,105-0,C,SF-105,A,202403,36,0,1436
E1,M02,105-0,D,SF-105,A,202403,36,0,1077
E1,M02,105-0,E,SF-105,A,202403,36,0,503
E1,M02,105-0,ALL,SF-105,A,202403,36,1,7180
E1,M02,105-0,A,SF-105,A,202404,37,0,2485
E1,M02,105-0,B,SF-105,A,202404,37,0,1754
E1,M02,105-0,C,SF-105,A,202404,37,0,1462
E1,M02,105-0,D,SF-105,A,202404,37,0,1096
E1,M02,105-0,E,SF-105,A,202404,37,0,512
E1,M02,105-0,ALL,SF-105,A,202404,37,0,7310
E1,M02,105-0,A,SF-105,A,202405,38,2,2530
E1,M02,105-0,B,SF-105,A,202405,38,0,1786
E1,M02,105-0,C,SF-105,A,202405,38,0,1488
E1,M02,105-0,D,SF-105,A,202405,38,0,1116
E1,M02,105-0,E,SF-105,A,202405,38,0,521
E1,M02,105-0,ALL,SF-105,A,202405,38,2,7440
E1,M02,105-0,A,SF-105,A,202406,39,1,2574
E1,M02,105-0,B,SF-105,A,202406,39,1,1817
E1,M02,105-0,C,SF-105,A,202406,39,0,1514
E1,M02,105-0,D,SF-105,A,202406,39,0,1136
E1,M02,105-0,E,SF-105,A,202406,39,0,530
E1,M02,105-0,ALL,SF-105,A,202406,39,2,7570
E1,M02,105-0,A,SF-105,A,202407,40,0,2618
E1,M02,105-0,B,SF-105,A,202407,40,0,1848
E1,M02,105-0,C,SF-105,A,202407,40,1,1540
E1,M02,105-0,D,SF-105,A,202407,40,0,1155
E1,M02,105-0,E,SF-105,A,202407,40,0,539
E1,M02,105-0,ALL,SF-105,A,202407,40,1,7700
E1,M02,105-0,A,SF-105,A,202408,41,0,2662
E1,M02,105-0,B,SF-105,A,202408,41,0,1879
E1,M02,105-0,C,SF-105,A,202408,41,0,1566
E1,M02,105-0,D,SF-105,A,202408,41,0,1174
E1,M02,105-0,E,SF-105,A,202408,41,0,548
E1,M02,105-0,ALL,SF-105,A,202408,41,0,7830
E1,M02,105-0,A,SF-105,A,202409,42,0,2706
E1,M02,105-0,B,SF-105,A,202409,42,0,1910
E1,M02,105-0,C,SF-105,A,202409,42,1,1592
E1,M02,105-0,D,SF-105,A,202409,42,0,1194
E1,M02,105-0,E,SF-105,A,202409,42,0,557
E1,M02,105-0,ALL,SF-105,A,202409,42,1,7960
E1,M02,105-0,A,SF-105,A,202410,43,1,2751
E1,M02,105-0,B,SF-105,A,202410,43,0,1942
E1,M02,105-0,C,SF-105,A,202410,43,1,1618
E1,M02,105-0,D,SF-105,A,202410,43,0,1214
E1,M02,105-0,E,SF-105,A,202410,43,0,566
E1,M02,105-0,ALL,SF-105,A,202410,43,2,8090
E1,M02,105-0,A,SF-105,A,202411,44,0,2795
E1,M02,105-0,B,SF-105,A,202411,44,0,1973
E1,M02,105-0,C,SF-105,A,202411,44,2,1644
E1,M02,105-0,D,SF-105,A,202411,44,2,1233
E1,M02,105-0,E,SF-105,A,202411,44,1,575
E1,M02,105-0,ALL,SF-105,A,202411,44,5,8220
E1,M02,105-0,A,SF-105,A,202412,45,1,2839
E1,M02,105-0,B,SF-105,A,202412,45,0,2004
E1,M02,105-0,C,SF-105,A,202412,45,0,1670
E1,M02,105-0,D,SF-105,A,202412,45,0,1252
E1,M02,105-0,E,SF-105,A,202412,45,0,584
E1,M02,105-0,ALL,SF-105,A,202412,45,1,8350
E1,M03,100-0,B,SF-100,A,202104,0,4,600
E1,M03,100-0,ALL,SF-100,A,202104,0,4,2500
E1,M03,100-0,A,SF-100,A,202105,1,1,894
E1,M03,100-0,ALL,SF-100,A,202105,1,1,2630
E1,M03,100-0,A,SF-100,A,202106,2,1,938
E1,M03,100-0,B,SF-100,A,202106,2,1,662
E1,M03,100-0,C,SF-100,A,202106,2,0,552
E1,M03,100-0,D,SF-100,A,202106,2,0,414
E1,M03,100-0,ALL,SF-100,A,202106,2,2,2760
E1,M03,100-0,A,SF-100,A,202107,3,0,983
E1,M03,100-0,B,SF-100,A,202107,3,1,694
E1,M03,100-0,C,SF-100,A,202107,3,1,578
E1,M03,100-0,D,SF-100,A,202107,3,1,434
E1,M03,100-0,ALL,SF-100,A,202107,3,3,2890
E1,M03,100-0,A,SF-100,A,202108,4,0,1027
E1,M03,100-0,B,SF-100,A,202108,4,0,725
E1,M03,100-0,C,SF-100,A,202108,4,2,604
E1,M03,100-0,D,SF-100,A,202108,4,1,453
E1,M03,100-0,ALL,SF-100,A,202108,4,3,3020
E1,M03,100-0,A,SF-100,A,202109,5,1,1071
E1,M03,100-0,B,SF-100,A,202109,5,0,756
E1,M03,100-0,C,SF-100,A,202109,5,1,630
E1,M03,100-0,D,SF-100,A,202109,5,0,472
E1,M03,100-0,ALL,SF-100,A,202109,5,2,3150
E1,M03,100-0,A,SF-100,A,202110,6,1,1115
E1,M03,100-0,B,SF-100,A,202110,6,0,787
E1,M03,100-0,C,SF-100,A,202110,6,0,656
E1,M03,100-0,D,SF-100,A,202110,6,0,492
E1,M03,100-0,ALL,SF-100,A,202110,6,1,3280
E1,M03,100-0,A,SF-100,A,202111,7,1,1159
E1,M03,100-0,B,SF-100,A,202111,7,1,818
E1,M03,100-0,C,SF-100,A,202111,7,0,682
E1,M03,100-0,D,SF-100,A,202111,7,0,512
E1,M03,100-0,ALL,SF-100,A,202111,7,2,3410
E1,M03,100-0,A,SF-100,A,202112,8,0,1204
E1,M03,100-0,B,SF-100,A,202112,8,1,850
E1,M03,100-0,C,SF-100,A,202112,8,3,708
E1,M03,100-0,D,SF-100,A,202112,8,1,531
E1,M03,100-0,E,SF-100,A,202112,8,0,248
E1,M03,100-0,ALL,SF-100,A,202112,8,5,3540
E1,M03,100-0,A,SF-100,A,202201,9,0,1248
E1,M03,100-0,B,SF-100,A,202201,9,4,881
E1,M03,100-0,C,SF-100,A,202201,9,1,734
E1,M03,100-0,D,SF-100,A,202201,9,0,550
E1,M03,100-0,E,SF-100,A,202201,9,0,257
E1,M03,100-0,ALL,SF-100,A,202201,9,5,3670
E1,M03,100-0,A,SF-100,A,202202,10,3,1292
E1,M03,100-0,B,SF-100,A,202202,10,0,912
E1,M03,100-0,C,SF-100,A,202202,10,1,760
E1,M03,100-0,D,SF-100,A,202202,10,1,570
E1,M03,100-0,E,SF-100,A,202202,10,0,266
E1,M03,100-0,ALL,SF-100,A,202202,10,5,3800
E1,M03,100-0,A,SF-100,A,202203,11,2,1336
E1,M03,100-0,B,SF-100,A,202203,11,3,943
E1,M03,100-0,C,SF-100,A,202203,11,1,786
E1,M03,100-0,D,SF-100,A,202203,11,0,590
E1,M03,100-0,E,SF-100,A,202203,11,0,275
E1,M03,100-0,ALL,SF-100,A,202203,11,6,3930
E1,M03,100-0,A,SF-100,A,202204,12,3,1380
E1,M03,100-0,B,SF-100,A,202204,12,0,974
E1,M03,100-0,C,SF-100,A,202204,12,1,812
E1,M03,100-0,D,SF-100,A,202204,12,1,609
E1,M03,100-0,E,SF-100,A,202204,12,1,284
E1,M03,100-0,ALL,SF-100,A,202204,12,6,4060
E1,M03,100-0,A,SF-100,A,202205,13,6,1425
E1,M03,100-0,B,SF-100,A,202205,13,0,1006
E1,M03,100-0,C,SF-100,A,202205,13,0,838
E1,M03,100-0,D,SF-100,A,202205,13,0,628
E1,M03,100-0,E,SF-100,A,202205,13,0,293
E1,M03,100-0,ALL,SF-100,A,202205,13,6,4190
E1,M03,100-0,A,SF-100,A,202206,14,1,1469
E1,M03,100-0,B,SF-100,A,202206,14,1,1037
E1,M03,100-0,C,SF-100,A,202206,14,1,864
E1,M03,100-0,D,SF-100,A,202206,14,1,648
E1,M03,100-0,E,SF-100,A,202206,14,1,302
E1,M03,100-0,ALL,SF-100,A,202206,14,5,4320
E1,M03,100-0,A,SF-100,A,202207,15,5,1513
E1,M03,100-0,B,SF-100,A,202207,15,1,1068
E1,M03,100-0,C,SF-100,A,202207,15,0,890
E1,M03,100-0,D,SF-100,A,202207,15,2,668
E1,M03,100-0,E,SF-100,A,202207,15,0,312
E1,M03,100-0,ALL,SF-100,A,202207,15,8,4450
E1,M03,100-0,A,SF-100,A,202208,16,1,1557
E1,M03,100-0,B,SF-100,A,202208,16,1,1099
E1,M03,100-0,C,SF-100,A,202208,16,0,916
E1,M03,100-0,D,SF-100,A,202208,16,1,687
E1,M03,100-0,E,SF-100,A,202208,16,0,321
E1,M03,100-0,ALL,SF-100,A,202208,16,3,4580
E1,M03,100-0,A,SF-100,A,202209,17,0,1601
E1,M03,100-0,B,SF-100,A,202209,17,0,1130
E1,M03,100-0,C,SF-100,A,202209,17,1,942
E1,M03,100-0,D,SF-100,A,202209,17,1,706
E1,M03,100-0,E,SF-100,A,202209,17,1,330
E1,M03,100-0,ALL,SF-100,A,202209,17,3,4710
E1,M03,100-0,A,SF-100,A,202210,18,2,1646
E1,M03,100-0,B,SF-100,A,202210,18,1,1162
E1,M03,100-0,C,SF-100,A,202210,18,0,968
E1,M03,100-0,D,SF-100,A,202210,18,0,726
E1,M03,100-0,E,SF-100,A,202210,18,0,339
E1,M03,100-0,ALL,SF-100,A,202210,18,3,4840
E1,M03,100-0,A,SF-100,A,202211,19,1,1690
E1,M03,100-0,B,SF-100,A,202211,19,2,1193
E1,M03,100-0,C,SF-100,A,202211,19,0,994
E1,M03,100-0,D,SF-100,A,202211,19,1,746
E1,M03,100-0,E,SF-100,A,202211,19,1,348
E1,M03,100-0,ALL,SF-100,A,202211,19,5,4970
E1,M03,100-0,A,SF-100,A,202212,20,0,1734
E1,M03,100-0,B,SF-100,A,202212,20,1,1224
E1,M03,100-0,C,SF-100,A,202212,20,2,1020
E1,M03,100-0,D,SF-100,A,202212,20,0,765
E1,M03,100-0,E,SF-100,A,202212,20,0,357
E1,M03,100-0,ALL,SF-100,A,202212,20,3,5100
E1,M03,100-0,A,SF-100,A,202301,21,3,1778
E1,M03,100-0,B,SF-100,A,202301,21,0,1255
E1,M03,100-0,C,SF-100,A,202301,21,3,1046
E1,M03,100-0,D,SF-100,A,202301,21,1,784
E1,M03,100-0,E,SF-100,A,202301,21,1,366
E1,M03,100-0,ALL,SF-100,A,202301,21,8,5230
E1,M03,100-0,A,SF-100,A,202302,22,3,1822
E1,M03,100-0,B,SF-100,A,202302,22,3,1286
E1,M03,100-0,C,SF-100,A,202302,22,2,1072
E1,M03,100-0,D,SF-100,A,202302,22,0,804
E1,M03,100-0,E,SF-100,A,202302,22,0,375
E1,M03,100-0,ALL,SF-100,A,202302,22,8,5360
E1,M03,100-0,A,SF-100,A,202303,23,6,1867
E1,M03,100-0,B,SF-100,A,202303,23,3,1318
E1,M03,100-0,C,SF-100,A,202303,23,0,1098
E1,M03,100-0,D,SF-100,A,202303,23,0,824
E1,M03,100-0,E,SF-100,A,202303,23,1,384
E1,M03,100-0,ALL,SF-100,A,202303,23,10,5490
E1,M03,100-0,A,SF-100,A,202304,24,2,1911
E1,M03,100-0,B,SF-100,A,202304,24,3,1349
E1,M03,100-0,C,SF-100,A,202304,24,0,1124
E1,M03,100-0,D,SF-100,A,202304,24,0,843
E1,M03,100-0,E,SF-100,A,202304,24,1,393
E1,M03,100-0,ALL,SF-100,A,202304,24,6,5620
E1,M03,100-0,A,SF-100,A,202305,25,1,1955
E1,M03,100-0,B,SF-100,A,202305,25,0,1380
E1,M03,100-0,C,SF-100,A,202305,25,0,1150
E1,M03,100-0,D,SF-100,A,202305,25,1,862
E1,M03,100-0,E,SF-100,A,202305,25,1,403
E1,M03,100-0,ALL,SF-100,A,202305,25,3,5750
E1,M03,100-0,A,SF-100,A,202306,26,3,1999
E1,M03,100-0,B,SF-100,A,202306,26,2,1411
E1,M03,100-0,C,SF-100,A,202306,26,3,1176
E1,M03,100-0,D,SF-100,A,202306,26,0,882
E1,M03,100-0,E,SF-100,A,202306,26,0,412
E1,M03,100-0,ALL,SF-100,A,202306,26,8,5880
E1,M03,100-0,A,SF-100,A,202307,27,2,2043
E1,M03,100-0,B,SF-100,A,202307,27,1,1442
E1,M03,100-0,C,SF-100,A,202307,27,3,1202
E1,M03,100-0,D,SF-100,A,202307,27,2,902
E1,M03,100-0,E,SF-100,A,202307,27,0,421
E1,M03,100-0,ALL,SF-100,A,202307,27,8,6010
E1,M03,100-0,A,SF-100,A,202308,28,1,2088
E1,M03,100-0,B,SF-100,A,202308,28,2,1474
E1,M03,100-0,C,SF-100,A,202308,28,2,1228
E1,M03,100-0,D,SF-100,A,202308,28,0,921
E1,M03,100-0,E,SF-100,A,202308,28,1,430
E1,M03,100-0,ALL,SF-100,A,202308,28,6,6140
E1,M03,100-0,A,SF-100,A,202309,29,3,2132
E1,M03,100-0,B,SF-100,A,202309,29,7,1505
E1,M03,100-0,C,SF-100,A,202309,29,1,1254
E1,M03,100-0,D,SF-100,A,202309,29,1,940
E1,M03,100-0,E,SF-100,A,202309,29,1,439
E1,M03,100-0,ALL,SF-100,A,202309,29,13,6270
E1,M03,100-0,A,SF-100,A,202310,30,4,2176
E1,M03,100-0,B,SF-100,A,202310,30,2,1536
E1,M03,100-0,C,SF-100,A,202310,30,3,1280
E1,M03,100-0,D,SF-100,A,202310,30,0,960
E1,M03,100-0,E,SF-100,A,202310,30,0,448
E1,M03,100-0,ALL,SF-100,A,202310,30,9,6400
E1,M03,100-0,A,SF-100,A,202311,31,1,2220
E1,M03,100-0,B,SF-100,A,202311,31,1,1567
E1,M03,100-0,C,SF-100,A,202311,31,2,1306
E1,M03,100-0,D,SF-100,A,202311,31,2,980
E1,M03,100-0,E,SF-100,A,202311,31,1,457
E1,M03,100-0,ALL,SF-100,A,202311,31,7,6530
E1,M03,100-0,A,SF-100,A,202312,32,2,2264
E1,M03,100-0,B,SF-100,A,202312,32,1,1598
E1,M03,100-0,C,SF-100,A,202312,32,2,1332
E1,M03,100-0,D,SF-100,A,202312,32,0,999
E1,M03,100-0,E,SF-100,A,202312,32,4,466
E1,M03,100-0,ALL,SF-100,A,202312,32,9,6660
E1,M03,100-0,A,SF-100,A,202401,33,1,2309
E1,M03,100-0,B,SF-100,A,202401,33,2,1630
E1,M03,100-0,C,SF-100,A,202401,33,6,1358
E1,M03,100-0,D,SF-100,A,202401,33,1,1018
E1,M03,100-0,E,SF-100,A,202401,33,0,475
E1,M03,100-0,ALL,SF-100,A,202401,33,10,6790
E1,M03,100-0,A,SF-100,A,202402,34,2,2353
E1,M03,100-0,B,SF-100,A,202402,34,0,1661
E1,M03,100-0,C,SF-100,A,202402,34,3,1384
E1,M03,100-0,D,SF-100,A,202402,34,0,1038
E1,M03,100-0,E,SF-100,A,202402,34,0,484
E1,M03,100-0,ALL,SF-100,A,202402,34,5,6920
E1,M03,100-0,A,SF-100,A,202403,35,3,2397
E1,M03,100-0,B,SF-100,A,202403,35,1,1692
E1,M03,100-0,C,SF-100,A,202403,35,2,1410
E1,M03,100-0,D,SF-100,A,202403,35,2,1058
E1,M03,100-0,E,SF-100,A,202403,35,2,494
E1,M03,100-0,ALL,SF-100,A,202403,35,10,7050
E1,M03,100-0,A,SF-100,A,202404,36,3,2441
E1,M03,100-0,B,SF-100,A,202404,36,2,1723
E1,M03,100-0,C,SF-100,A,202404,36,1,1436
E1,M03,100-0,D,SF-100,A,202404,36,1,1077
E1,M03,100-0,E,SF-100,A,202404,36,1,503
E1,M03,100-0,ALL,SF-100,A,202404,36,8,7180
E1,M03,100-0,A,SF-100,A,202405,37,6,2485
E1,M03,100-0,B,SF-100,A,202405,37,2,1754
E1,M03,100-0,C,SF-100,A,202405,37,2,1462
E1,M03,100-0,D,SF-100,A,202405,37,2,1096
E1,M03,100-0,E,SF-100,A,202405,37,0,512
E1,M03,100-0,ALL,SF-100,A,202405,37,12,7310
E1,M03,100-0,A,SF-100,A,202406,38,3,2530
E1,M03,100-0,B,SF-100,A,202406,38,3,1786
E1,M03,100-0,C,SF-100,A,202406,38,2,1488
E1,M03,100-0,D,SF-100,A,202406,38,0,1116
E1,M03,100-0,E,SF-100,A,202406,38,0,521
E1,M03,100-0,ALL,SF-100,A,202406,38,8,7440
E1,M03,100-0,A,SF-100,A,202407,39,3,2574
E1,M03,100-0,B,SF-100,A,202407,39,3,1817
E1,M03,100-0,C,SF-100,A,202407,39,0,1514
E1,M03,100-0,D,SF-100,A,202407,39,1,1136
E1,M03,100-0,E,SF-100,A,202407,39,0,530
E1,M03,100-0,ALL,SF-100,A,202407,39,7,7570
E1,M03,100-0,A,SF-100,A,202408,40,3,2618
E1,M03,100-0,B,SF-100,A,202408,40,5,1848
E1,M03,100-0,C,SF-100,A,202408,40,2,1540
E1,M03,100-0,D,SF-100,A,202408,40,1,1155
E1,M03,100-0,E,SF-100,A,202408,40,0,539
E1,M03,100-0,ALL,SF-100,A,202408,40,11,7700
E1,M03,100-0,A,SF-100,A,202409,41,3,2662
E1,M03,100-0,B,SF-100,A,202409,41,1,1879
E1,M03,100-0,C,SF-100,A,202409,41,1,1566
E1,M03,100-0,D,SF-100,A,202409,41,0,1174
E1,M03,100-0,E,SF-100,A,202409,41,0,548
E1,M03,100-0,ALL,SF-100,A,202409,41,5,7830
E1,M03,100-0,A,SF-100,A,202410,42,1,2706
E1,M03,100-0,B,SF-100,A,202410,42,4,1910
E1,M03,100-0,C,SF-100,A,202410,42,1,1592
E1,M03,100-0,D,SF-100,A,202410,42,4,1194
E1,M03,100-0,E,SF-100,A,202410,42,0,557
E1,M03,100-0,ALL,SF-100,A,202410,42,10,7960
E1,M03,100-0,A,SF-100,A,202411,43,4,2751
E1,M03,100-0,B,SF-100,A,202411,43,3,1942
E1,M03,100-0,C,SF-100,A,202411,43,1,1618
E1,M03,100-0,D,SF-100,A,202411,43,0,1214
E1,M03,100-0,E,SF-100,A,202411,43,0,566
E1,M03,100-0,ALL,SF-100,A,202411,43,8,8090
E1,M03,100-0,A,SF-100,A,202412,44,4,2795
E1,M03,100-0,B,SF-100,A,202412,44,5,1973
E1,M03,100-0,C,SF-100,A,202412,44,0,1644
E1,M03,100-0,D,SF-100,A,202412,44,2,1233
E1,M03,100-0,E,SF-100,A,202412,44,2,575
E1,M03,100-0,ALL,SF-100,A,202412,44,13,8220
E1,M03,101-0,A,SF-101,A,202104,0,1,850
E1,M03,101-0,B,SF-101,A,202104,0,1,600
E1,M03,101-0,C,SF-101,A,202104,0,3,500
E1,M03,101-0,ALL,SF-101,A,202104,0,5,2500
E1,M03,101-0,B,SF-101,A,202105,1,1,631
E1,M03,101-0,ALL,SF-101,A,202105,1,1,2630
E1,M03,101-0,A,SF-101,A,202106,2,0,938
E1,M03,101-0,B,SF-101,A,202106,2,1,662
E1,M03,101-0,C,SF-101,A,202106,2,0,552
E1,M03,101-0,D,SF-101,A,202106,2,1,414
E1,M03,101-0,ALL,SF-101,A,202106,2,2,2760
E1,M03,101-0,A,SF-101,A,202107,3,1,983
E1,M03,101-0,B,SF-101,A,202107,3,2,694
E1,M03,101-0,C,SF-101,A,202107,3,0,578
E1,M03,101-0,D,SF-101,A,202107,3,0,434
E1,M03,101-0,ALL,SF-101,A,202107,3,3,2890
E1,M03,101-0,A,SF-101,A,202108,4,1,1027
E1,M03,101-0,B,SF-101,A,202108,4,1,725
E1,M03,101-0,C,SF-101,A,202108,4,0,604
E1,M03,101-0,D,SF-101,A,202108,4,0,453
E1,M03,101-0,ALL,SF-101,A,202108,4,2,3020
E1,M03,101-0,A,SF-101,A,202109,5,2,1071
E1,M03,101-0,B,SF-101,A,202109,5,0,756
E1,M03,101-0,C,SF-101,A,202109,5,1,630
E1,M03,101-0,D,SF-101,A,202109,5,1,472
E1,M03,101-0,ALL,SF-101,A,202109,5,4,3150
E1,M03,101-0,A,SF-101,A,202110,6,3,1115
E1,M03,101-0,B,SF-101,A,202110,6,0,787
E1,M03,101-0,C,SF-101,A,202110,6,1,656
E1,M03,101-0,D,SF-101,A,202110,6,1,492
E1,M03,101-0,ALL,SF-101,A,202110,6,5,3280
E1,M03,101-0,A,SF-101,A,202111,7,0,1159
E1,M03,101-0,B,SF-101,A,202111,7,0,818
E1,M03,101-0,C,SF-101,A,202111,7,2,682
E1,M03,101-0,D,SF-101,A,202111,7,1,512
E1,M03,101-0,ALL,SF-101,A,202111,7,3,3410
E1,M03,101-0,A,SF-101,A,202112,8,0,1204
E1,M03,101-0,B,SF-101,A,202112,8,1,850
E1,M03,101-0,C,SF-101,A,202112,8,0,708
E1,M03,101-0,D,SF-101,A,202112,8,1,531
E1,M03,101-0,E,SF-101,A,202112,8,0,248
E1,M03,101-0,ALL,SF-101,A,202112,8,2,3540
E1,M03,101-0,A,SF-101,A,202201,9,1,1248
E1,M03,101-0,B,SF-101,A,202201,9,0,881
E1,M03,101-0,C,SF-101,A,202201,9,0,734
E1,M03,101-0,D,SF-101,A,202201,9,1,550
E1,M03,101-0,E,SF-101,A,202201,9,0,257
E1,M03,101-0,ALL,SF-101,A,202201,9,2,3670
E1,M03,101-0,A,SF-101,A,202202,10,2,1292
E1,M03,101-0,B,SF-101,A,202202,10,2,912
E1,M03,101-0,C,SF-101,A,202202,10,0,760
E1,M03,101-0,D,SF-101,A,202202,10,0,570
E1,M03,101-0,E,SF-101,A,202202,10,0,266
E1,M03,101-0,ALL,SF-101,A,202202,10,4,3800
E1,M03,101-0,A,SF-101,A,202203,11,3,1336
E1,M03,101-0,B,SF-101,A,202203,11,1,943
E1,M03,101-0,C,SF-101,A,202203,11,0,786
E1,M03,101-0,D,SF-101,A,202203,11,0,590
E1,M03,101-0,E,SF-101,A,202203,11,1,275
E1,M03,101-0,ALL,SF-101,A,202203,11,5,3930
E1,M03,101-0,A,SF-101,A,202204,12,2,1380
E1,M03,101-0,B,SF-101,A,202204,12,1,974
E1,M03,101-0,C,SF-101,A,202204,12,0,812
E1,M03,101-0,D,SF-101,A,202204,12,0,609
E1,M03,101-0,E,SF-101,A,202204,12,0,284
E1,M03,101-0,ALL,SF-101,A,202204,12,3,4060
E1,M03,101-0,A,SF-101,A,202205,13,2,1425
E1,M03,101-0,B,SF-101,A,202205,13,2,1006
E1,M03,101-0,C,SF-101,A,202205,13,0,838
E1,M03,101-0,D,SF-101,A,202205,13,1,628
E1,M03,101-0,E,SF-101,A,202205,13,0,293
E1,M03,101-0,ALL,SF-101,A,202205,13,5,4190
E1,M03,101-0,A,SF-101,A,202206,14,1,1469
E1,M03,101-0,B,SF-101,A,202206,14,0,1037
E1,M03,101-0,C,SF-101,A,202206,14,0,864
E1,M03,101-0,D,SF-101,A,202206,14,0,648
E1,M03,101-0,E,SF-101,A,202206,14,0,302
E1,M03,101-0,ALL,SF-101,A,202206,14,1,4320
E1,M03,101-0,A,SF-101,A,202207,15,4,1513
E1,M03,101-0,B,SF-101,A,202207,15,2,1068
E1,M03,101-0,C,SF-101,A,202207,15,0,890
E1,M03,101-0,D,SF-101,A,202207,15,2,668
E1,M03,101-0,E,SF-101,A,202207,15,0,312
E1,M03,101-0,ALL,SF-101,A,202207,15,8,4450
E1,M03,101-0,A,SF-101,A,202208,16,2,1557
E1,M03,101-0,B,SF-101,A,202208,16,1,1099
E1,M03,101-0,C,SF-101,A,202208,16,0,916
E1,M03,101-0,D,SF-101,A,202208,16,0,687
E1,M03,101-0,E,SF-101,A,202208,16,0,321
E1,M03,101-0,ALL,SF-101,A,202208,16,3,4580
E1,M03,101-0,A,SF-101,A,202209,17,1,1601
E1,M03,101-0,B,SF-101,A,202209,17,1,1130
E1,M03,101-0,C,SF-101,A,202209,17,1,942
E1,M03,101-0,D,SF-101,A,202209,17,1,706
E1,M03,101-0,E,SF-101,A,202209,17,0,330
E1,M03,101-0,ALL,SF-101,A,202209,17,4,4710
E1,M03,101-0,A,SF-101,A,202210,18,1,1646
E1,M03,101-0,B,SF-101,A,202210,18,2,1162
E1,M03,101-0,C,SF-101,A,202210,18,0,968
E1,M03,101-0,D,SF-101,A,202210,18,1,726
E1,M03,101-0,E,SF-101,A,202210,18,1,339
E1,M03,101-0,ALL,SF-101,A,202210,18,5,4840
E1,M03,101-0,A,SF-101,A,202211,19,2,1690
E1,M03,101-0,B,SF-101,A,202211,19,2,1193
E1,M03,101-0,C,SF-101,A,202211,19,0,994
E1,M03,101-0,D,SF-101,A,202211,19,1,746
E1,M03,101-0,E,SF-101,A,202211,19,0,348
E1,M03,101-0,ALL,SF-101,A,202211,19,5,4970
E1,M03,101-0,A,SF-101,A,202212,20,0,1734
E1,M03,101-0,B,SF-101,A,202212,20,1,1224
E1,M03,101-0,C,SF-101,A,202212,20,0,1020
E1,M03,101-0,D,SF-101,A,202212,20,0,765
E1,M03,101-0,E,SF-101,A,202212,20,0,357
E1,M03,101-0,ALL,SF-101,A,202212,20,1,5100
E1,M03,101-0,A,SF-101,A,202301,21,1,1778
E1,M03,101-0,B,SF-101,A,202301,21,0,1255
E1,M03,101-0,C,SF-101,A,202301,21,0,1046
E1,M03,101-0,D,SF-101,A,202301,21,0,784
E1,M03,101-0,E,SF-101,A,202301,21,1,366
E1,M03,101-0,ALL,SF-101,A,202301,21,2,5230
E1,M03,101-0,A,SF-101,A,202302,22,1,1822
E1,M03,101-0,B,SF-101,A,202302,22,5,1286
E1,M03,101-0,C,SF-101,A,202302,22,2,1072
E1,M03,101-0,D,SF-101,A,202302,22,0,804
E1,M03,101-0,E,SF-101,A,202302,22,0,375
E1,M03,101-0,ALL,SF-101,A,202302,22,8,5360
E1,M03,101-0,A,SF-101,A,202303,23,4,1867
E1,M03,101-0,B,SF-101,A,202303,23,2,1318
E1,M03,101-0,C,SF-101,A,202303,23,3,1098
E1,M03,101-0,D,SF-101,A,202303,23,1,824
E1,M03,101-0,E,SF-101,A,202303,23,1,384
E1,M03,101-0,ALL,SF-101,A,202303,23,11,5490
E1,M03,101-0,A,SF-101,A,202304,24,3,1911
E1,M03,101-0,B,SF-101,A,202304,24,1,1349
E1,M03,101-0,C,SF-101,A,202304,24,1,1124
E1,M03,101-0,D,SF-101,A,202304,24,1,843
E1,M03,101-0,E,SF-101,A,202304,24,1,393
E1,M03,101-0,ALL,SF-101,A,202304,24,7,5620
E1,M03,101-0,A,SF-101,A,202305,25,0,1955
E1,M03,101-0,B,SF-101,A,202305,25,0,1380
E1,M03,101-0,C,SF-101,A,202305,25,2,1150
E1,M03,101-0,D,SF-101,A,202305,25,2,862
E1,M03,101-0,E,SF-101,A,202305,25,0,403
E1,M03,101-0,ALL,SF-101,A,202305,25,4,5750
E1,M03,101-0,A,SF-101,A,202306,26,3,1999
E1,M03,101-0,B,SF-101,A,202306,26,2,1411
E1,M03,101-0,C,SF-101,A,202306,26,1,1176
E1,M03,101-0,D,SF-101,A,202306,26,1,882
E1,M03,101-0,E,SF-101,A,202306,26,0,412
E1,M03,101-0,ALL,SF-101,A,202306,26,7,5880
E1,M03,101-0,A,SF-101,A,202307,27,1,2043
E1,M03,101-0,B,SF-101,A,202307,27,3,1442
E1,M03,101-0,C,SF-101,A,202307,27,4,1202
E1,M03,101-0,D,SF-101,A,202307,27,2,902
E1,M03,101-0,E,SF-101,A,202307,27,0,421
E1,M03,101-0,ALL,SF-101,A,202307,27,10,6010
E1,M03,101-0,A,SF-101,A,202308,28,3,2088
E1,M03,101-0,B,SF-101,A,202308,28,1,1474
E1,M03,101-0,C,SF-101,A,202308,28,2,1228
E1,M03,101-0,D,SF-101,A,202308,28,3,921
E1,M03,101-0,E,SF-101,A,202308,28,0,430
E1,M03,101-0,ALL,SF-101,A,202308,28,9,6140
E1,M03,101-0,A,SF-101,A,202309,29,2,2132
E1,M03,101-0,B,SF-101,A,202309,29,3,1505
E1,M03,101-0,C,SF-101,A,202309,29,1,1254
E1,M03,101-0,D,SF-101,A,202309,29,0,940
E1,M03,101-0,E,SF-101,A,202309,29,0,439
E1,M03,101-0,ALL,SF-101,A,202309,29,6,6270
E1,M03,101-0,A,SF-101,A,202310,30,3,2176
E1,M03,101-0,B,SF-101,A,202310,30,0,1536
E1,M03,101-0,C,SF-101,A,202310,30,1,1280
E1,M03,101-0,D,SF-101,A,202310,30,2,960
E1,M03,101-0,E,SF-101,A,202310,30,0,448
E1,M03,101-0,ALL,SF-101,A,202310,30,6,6400
E1,M03,101-0,A,SF-101,A,202311,31,0,2220
E1,M03,101-0,B,SF-101,A,202311,31,1,1567
E1,M03,101-0,C,SF-101,A,202311,31,0,1306
E1,M03,101-0,D,SF-101,A,202311,31,0,980
E1,M03,101-0,E,SF-101,A,202311,31,1,457
E1,M03,101-0,ALL,SF-101,A,202311,31,2,6530
E1,M03,101-0,A,SF-101,A,202312,32,3,2264
E1,M03,101-0,B,SF-101,A,202312,32,1,1598
E1,M03,101-0,C,SF-101,A,202312,32,1,1332
E1,M03,101-0,D,SF-101,A,202312,32,1,999
E1,M03,101-0,E,SF-101,A,202312,32,1,466
E1,M03,101-0,ALL,SF-101,A,202312,32,7,6660
E1,M03,101-0,A,SF-101,A,202401,33,2,2309
E1,M03,101-0,B,SF-101,A,202401,33,2,1630
E1,M03,101-0,C,SF-101,A,202401,33,2,1358
E1,M03,101-0,D,SF-101,A,202401,33,2,1018
E1,M03,101-0,E,SF-101,A,202401,33,0,475
E1,M03,101-0,ALL,SF-101,A,202401,33,8,6790
E1,M03,101-0,A,SF-101,A,202402,34,1,2353
E1,M03,101-0,B,SF-101,A,202402,34,2,1661
E1,M03,101-0,C,SF-101,A,202402,34,1,1384
E1,M03,101-0,D,SF-101,A,202402,34,1,1038
E1,M03,101-0,E,SF-101,A,202402,34,1,484
E1,M03,101-0,ALL,SF-101,A,202402,34,6,6920
E1,M03,101-0,A,SF-101,A,202403,35,3,2397
E1,M03,101-0,B,SF-101,A,202403,35,2,1692
E1,M03,101-0,C,SF-101,A,202403,35,2,1410
E1,M03,101-0,D,SF-101,A,202403,35,4,1058
E1,M03,101-0,E,SF-101,A,202403,35,0,494
E1,M03,101-0,ALL,SF-101,A,202403,35,11,7050
E1,M03,101-0,A,SF-101,A,202404,36,4,2441
E1,M03,101-0,B,SF-101,A,202404,36,0,1723
E1,M03,101-0,C,SF-101,A,202404,36,2,1436
E1,M03,101-0,D,SF-101,A,202404,36,2,1077
E1,M03,101-0,E,SF-101,A,202404,36,0,503
E1,M03,101-0,ALL,SF-101,A,202404,36,8,7180
E1,M03,101-0,A,SF-101,A,202405,37,2,2485
E1,M03,101-0,B,SF-101,A,202405,37,1,1754
E1,M03,101-0,C,SF-101,A,202405,37,2,1462
E1,M03,101-0,D,SF-101,A,202405,37,1,1096
E1,M03,101-0,E,SF-101,A,202405,37,0,512
E1,M03,101-0,ALL,SF-101,A,202405,37,6,7310
E1,M03,101-0,A,SF-101,A,202406,38,3,2530
E1,M03,101-0,B,SF-101,A,202406,38,5,1786
E1,M03,101-0,C,SF-101,A,202406,38,0,1488
E1,M03,101-0,D,SF-101,A,202406,38,2,1116
E1,M03,101-0,E,SF-101,A,202406,38,0,521
E1,M03,101-0,ALL,SF-101,A,202406,38,10,7440
E1,M03,101-0,A,SF-101,A,202407,39,4,2574
E1,M03,101-0,B,SF-101,A,202407,39,3,1817
E1,M03,101-0,C,SF-101,A,202407,39,1,1514
E1,M03,101-0,D,SF-101,A,202407,39,0,1136
E1,M03,101-0,E,SF-101,A,202407,39,1,530
E1,M03,101-0,ALL,SF-101,A,202407,39,9,7570
E1,M03,101-0,A,SF-101,A,202408,40,3,2618
E1,M03,101-0,B,SF-101,A,202408,40,0,1848
E1,M03,101-0,C,SF-101,A,202408,40,0,1540
E1,M03,101-0,D,SF-101,A,202408,40,3,1155
E1,M03,101-0,E,SF-101,A,202408,40,0,539
E1,M03,101-0,ALL,SF-101,A,202408,40,6,7700
E1,M03,101-0,A,SF-101,A,202409,41,3,2662
E1,M03,101-0,B,SF-101,A,202409,41,4,1879
E1,M03,101-0,C,SF-101,A,202409,41,3,1566
E1,M03,101-0,D,SF-101,A,202409,41,2,1174
E1,M03,101-0,E,SF-101,A,202409,41,1,548
E1,M03,101-0,ALL,SF-101,A,202409,41,13,7830
E1,M03,101-0,A,SF-101,A,202410,42,3,2706
E1,M03,101-0,B,SF-101,A,202410,42,2,1910
E1,M03,101-0,C,SF-101,A,202410,42,0,1592
E1,M03,101-0,D,SF-101,A,202410,42,0,1194
E1,M03,101-0,E,SF-101,A,202410,42,1,557
E1,M03,101-0,ALL,SF-101,A,202410,42,6,7960
E1,M03,101-0,A,SF-101,A,202411,43,2,2751
E1,M03,101-0,B,SF-101,A,202411,43,2,1942
E1,M03,101-0,C,SF-101,A,202411,43,5,1618
E1,M03,101-0,D,SF-101,A,202411,43,1,1214
E1,M03,101-0,E,SF-101,A,202411,43,0,566
E1,M03,101-0,ALL,SF-101,A,202411,43,10,8090
E1,M03,101-0,A,SF-101,A,202412,44,3,2795
E1,M03,101-0,B,SF-101,A,202412,44,2,1973
E1,M03,101-0,C,SF-101,A,202412,44,1,1644
E1,M03,101-0,D,SF-101,A,202412,44,1,1233
E1,M03,101-0,E,SF-101,A,202412,44,0,575
E1,M03,101-0,ALL,SF-101,A,202412,44,7,8220
E1,M03,102-0,A,SF-102,A,202104,0,3,850
E1,M03,102-0,B,SF-102,A,202104,0,3,600
E1,M03,102-0,ALL,SF-102,A,202104,0,6,2500
E1,M03,102-0,A,SF-102,A,202105,1,1,894
E1,M03,102-0,B,SF-102,A,202105,1,1,631
E1,M03,102-0,D,SF-102,A,202105,1,1,394
E1,M03,102-0,ALL,SF-102,A,202105,1,3,2630
E1,M03,102-0,A,SF-102,A,202106,2,2,938
E1,M03,102-0,B,SF-102,A,202106,2,0,662
E1,M03,102-0,C,SF-102,A,202106,2,1,552
E1,M03,102-0,D,SF-102,A,202106,2,0,414
E1,M03,102-0,ALL,SF-102,A,202106,2,3,2760
E1,M03,102-0,A,SF-102,A,202107,3,2,983
E1,M03,102-0,B,SF-102,A,202107,3,0,694
E1,M03,102-0,C,SF-102,A,202107,3,0,578
E1,M03,102-0,D,SF-102,A,202107,3,0,434
E1,M03,102-0,ALL,SF-102,A,202107,3,2,2890
E1,M03,102-0,A,SF-102,A,202108,4,0,1027
E1,M03,102-0,B,SF-102,A,202108,4,0,725
E1,M03,102-0,C,SF-102,A,202108,4,2,604
E1,M03,102-0,D,SF-102,A,202108,4,1,453
E1,M03,102-0,ALL,SF-102,A,202108,4,3,3020
E1,M03,102-0,A,SF-102,A,202109,5,4,1071
E1,M03,102-0,B,SF-102,A,202109,5,2,756
E1,M03,102-0,C,SF-102,A,202109,5,0,630
E1,M03,102-0,D,SF-102,A,202109,5,0,472
E1,M03,102-0,ALL,SF-102,A,202109,5,6,3150
E1,M03,102-0,A,SF-102,A,202110,6,2,1115
E1,M03,102-0,B,SF-102,A,202110,6,0,787
E1,M03,102-0,C,SF-102,A,202110,6,0,656
E1,M03,102-0,D,SF-102,A,202110,6,0,492
E1,M03,102-0,ALL,SF-102,A,202110,6,2,3280
E1,M03,102-0,A,SF-102,A,202111,7,0,1159
E1,M03,102-0,B,SF-102,A,202111,7,0,818
E1,M03,102-0,C,SF-102,A,202111,7,0,682
E1,M03,102-0,D,SF-102,A,202111,7,0,512
E1,M03,102-0,ALL,SF-102,A,202111,7,0,3410
E1,M03,102-0,A,SF-102,A,202112,8,1,1204
E1,M03,102-0,B,SF-102,A,202112,8,0,850
E1,M03,102-0,C,SF-102,A,202112,8,2,708
E1,M03,102-0,D,SF-102,A,202112,8,0,531
E1,M03,102-0,E,SF-102,A,202112,8,0,248
E1,M03,102-0,ALL,SF-102,A,202112,8,3,3540
E1,M03,102-0,A,SF-102,A,202201,9,1,1248
E1,M03,102-0,B,SF-102,A,202201,9,1,881
E1,M03,102-0,C,SF-102,A,202201,9,2,734
E1,M03,102-0,D,SF-102,A,202201,9,1,550
E1,M03,102-0,E,SF-102,A,202201,9,0,257
E1,M03,102-0,ALL,SF-102,A,202201,9,5,3670
E1,M03,102-0,A,SF-102,A,202202,10,0,1292
E1,M03,102-0,B,SF-102,A,202202,10,2,912
E1,M03,102-0,C,SF-102,A,202202,10,2,760
E1,M03,102-0,D,SF-102,A,202202,10,0,570
E1,M03,102-0,E,SF-102,A,202202,10,0,266
E1,M03,102-0,ALL,SF-102,A,202202,10,4,3800
E1,M03,102-0,A,SF-102,A,202203,11,0,1336
E1,M03,102-0,B,SF-102,A,202203,11,2,943
E1,M03,102-0,C,SF-102,A,202203,11,0,786
E1,M03,102-0,D,SF-102,A,202203,11,1,590
E1,M03,102-0,E,SF-102,A,202203,11,0,275
E1,M03,102-0,ALL,SF-102,A,202203,11,3,3930
E1,M03,102-0,A,SF-102,A,202204,12,2,1380
E1,M03,102-0,B,SF-102,A,202204,12,0,974
E1,M03,102-0,C,SF-102,A,202204,12,0,812
E1,M03,102-0,D,SF-102,A,202204,12,1,609
E1,M03,102-0,E,SF-102,A,202204,12,0,284
E1,M03,102-0,ALL,SF-102,A,202204,12,3,4060
E1,M03,102-0,A,SF-102,A,202205,13,1,1425
E1,M03,102-0,B,SF-102,A,202205,13,2,1006
E1,M03,102-0,C,SF-102,A,202205,13,0,838
E1,M03,102-0,D,SF-102,A,202205,13,1,628
E1,M03,102-0,E,SF-102,A,202205,13,0,293
E1,M03,102-0,ALL,SF-102,A,202205,13,4,4190
E1,M03,102-0,A,SF-102,A,202206,14,2,1469
E1,M03,102-0,B,SF-102,A,202206,14,2,1037
E1,M03,102-0,C,SF-102,A,202206,14,0,864
E1,M03,102-0,D,SF-102,A,202206,14,1,648
E1,M03,102-0,E,SF-102,A,202206,14,0,302
E1,M03,102-0,ALL,SF-102,A,202206,14,5,4320
E1,M03,102-0,A,SF-102,A,202207,15,2,1513
E1,M03,102-0,B,SF-102,A,202207,15,0,1068
E1,M03,102-0,C,SF-102,A,202207,15,0,890
E1,M03,102-0,D,SF-102,A,202207,15,2,668
E1,M03,102-0,E,SF-102,A,202207,15,2,312
E1,M03,102-0,ALL,SF-102,A,202207,15,6,4450
E1,M03,102-0,A,SF-102,A,202208,16,1,1557
E1,M03,102-0,B,SF-102,A,202208,16,1,1099
E1,M03,102-0,C,SF-102,A,202208,16,0,916
E1,M03,102-0,D,SF-102,A,202208,16,2,687
E1,M03,102-0,E,SF-102,A,202208,16,0,321
E1,M03,102-0,ALL,SF-102,A,202208,16,4,4580
E1,M03,102-0,A,SF-102,A,202209,17,1,1601
E1,M03,102-0,B,SF-102,A,202209,17,1,1130
E1,M03,102-0,C,SF-102,A,202209,17,0,942
E1,M03,102-0,D,SF-102,A,202209,17,1,706
E1,M03,102-0,E,SF-102,A,202209,17,0,330
E1,M03,102-0,ALL,SF-102,A,202209,17,3,4710
E1,M03,102-0,A,SF-102,A,202210,18,4,1646
E1,M03,102-0,B,SF-102,A,202210,18,2,1162
E1,M03,102-0,C,SF-102,A,202210,18,4,968
E1,M03,102-0,D,SF-102,A,202210,18,1,726
E1,M03,102-0,E,SF-102,A,202210,18,0,339
E1,M03,102-0,ALL,SF-102,A,202210,18,11,4840
E1,M03,102-0,A,SF-102,A,202211,19,1,1690
E1,M03,102-0,B,SF-102,A,202211,19,0,1193
E1,M03,102-0,C,SF-102,A,202211,19,0,994
E1,M03,102-0,D,SF-102,A,202211,19,0,746
E1,M03,102-0,E,SF-102,A,202211,19,0,348
E1,M03,102-0,ALL,SF-102,A,202211,19,1,4970
E1,M03,102-0,A,SF-102,A,202212,20,1,1734
E1,M03,102-0,B,SF-102,A,202212,20,1,1224
E1,M03,102-0,C,SF-102,A,202212,20,3,1020
E1,M03,102-0,D,SF-102,A,202212,20,2,765
E1,M03,102-0,E,SF-102,A,202212,20,0,357
E1,M03,102-0,ALL,SF-102,A,202212,20,7,5100
E1,M03,102-0,A,SF-102,A,202301,21,1,1778
E1,M03,102-0,B,SF-102,A,202301,21,1,1255
E1,M03,102-0,C,SF-102,A,202301,21,2,1046
E1,M03,102-0,D,SF-102,A,202301,21,3,784
E1,M03,102-0,E,SF-102,A,202301,21,0,366
E1,M03,102-0,ALL,SF-102,A,202301,21,7,5230
E1,M03,102-0,A,SF-102,A,202302,22,3,1822
E1,M03,102-0,B,SF-102,A,202302,22,1,1286
E1,M03,102-0,C,SF-102,A,202302,22,0,1072
E1,M03,102-0,D,SF-102,A,202302,22,0,804
E1,M03,102-0,E,SF-102,A,202302,22,0,375
E1,M03,102-0,ALL,SF-102,A,202302,22,4,5360
E1,M03,102-0,A,SF-102,A,202303,23,3,1867
E1,M03,102-0,B,SF-102,A,202303,23,0,1318
E1,M03,102-0,C,SF-102,A,202303,23,1,1098
E1,M03,102-0,D,SF-102,A,202303,23,2,824
E1,M03,102-0,E,SF-102,A,202303,23,0,384
E1,M03,102-0,ALL,SF-102,A,202303,23,6,5490
E1,M03,102-0,A,SF-102,A,202304,24,5,1911
E1,M03,102-0,B,SF-102,A,202304,24,1,1349
E1,M03,102-0,C,SF-102,A,202304,24,3,1124
E1,M03,102-0,D,SF-102,A,202304,24,2,843
E1,M03,102-0,E,SF-102,A,202304,24,0,393
E1,M03,102-0,ALL,SF-102,A,202304,24,11,5620
E1,M03,102-0,A,SF-102,A,202305,25,3,1955
E1,M03,102-0,B,SF-102,A,202305,25,1,1380
E1,M03,102-0,C,SF-102,A,202305,25,2,1150
E1,M03,102-0,D,SF-102,A,202305,25,2,862
E1,M03,102-0,E,SF-102,A,202305,25,0,403
E1,M03,102-0,ALL,SF-102,A,202305,25,8,5750
E1,M03,102-0,A,SF-102,A,202306,26,1,1999
E1,M03,102-0,B,SF-102,A,202306,26,3,1411
E1,M03,102-0,C,SF-102,A,202306,26,0,1176
E1,M03,102-0,D,SF-102,A,202306,26,0,882
E1,M03,102-0,E,SF-102,A,202306,26,0,412
E1,M03,102-0,ALL,SF-102,A,202306,26,4,5880
E1,M03,102-0,A,SF-102,A,202307,27,7,2043
E1,M03,102-0,B,SF-102,A,202307,27,2,1442
E1,M03,102-0,C,SF-102,A,202307,27,1,1202
E1,M03,102-0,D,SF-102,A,202307,27,0,902
E1,M03,102-0,E,SF-102,A,202307,27,0,421
E1,M03,102-0,ALL,SF-102,A,202307,27,10,6010
E1,M03,102-0,A,SF-102,A,202308,28,1,2088
E1,M03,102-0,B,SF-102,A,202308,28,5,1474
E1,M03,102-0,C,SF-102,A,202308,28,0,1228
E1,M03,102-0,D,SF-102,A,202308,28,0,921
E1,M03,102-0,E,SF-102,A,202308,28,0,430
E1,M03,102-0,ALL,SF-102,A,202308,28,6,6140
E1,M03,102-0,A,SF-102,A,202309,29,2,2132
E1,M03,102-0,B,SF-102,A,202309,29,1,1505
E1,M03,102-0,C,SF-102,A,202309,29,0,1254
E1,M03,102-0,D,SF-102,A,202309,29,0,940
E1,M03,102-0,E,SF-102,A,202309,29,1,439
E1,M03,102-0,ALL,SF-102,A,202309,29,4,6270
E1,M03,102-0,A,SF-102,A,202310,30,1,2176
E1,M03,102-0,B,SF-102,A,202310,30,1,1536
E1,M03,102-0,C,SF-102,A,202310,30,2,1280
E1,M03,102-0,D,SF-102,A,202310,30,2,960
E1,M03,102-0,E,SF-102,A,202310,30,0,448
E1,M03,102-0,ALL,SF-102,A,202310,30,6,6400
E1,M03,102-0,A,SF-102,A,202311,31,0,2220
E1,M03,102-0,B,SF-102,A,202311,31,1,1567
E1,M03,102-0,C,SF-102,A,202311,31,3,1306
E1,M03,102-0,D,SF-102,A,202311,31,1,980
E1,M03,102-0,E,SF-102,A,202311,31,0,457
E1,M03,102-0,ALL,SF-102,A,202311,31,5,6530
E1,M03,102-0,A,SF-102,A,202312,32,1,2264
E1,M03,102-0,B,SF-102,A,202312,32,1,1598
E1,M03,102-0,C,SF-102,A,202312,32,0,1332
E1,M03,102-0,D,SF-102,A,202312,32,0,999
E1,M03,102-0,E,SF-102,A,202312,32,0,466
E1,M03,102-0,ALL,SF-102,A,202312,32,2,6660
E1,M03,102-0,A,SF-102,A,202401,33,2,2309
E1,M03,102-0,B,SF-102,A,202401,33,0,1630
E1,M03,102-0,C,SF-102,A,202401,33,1,1358
E1,M03,102-0,D,SF-102,A,202401,33,0,1018
E1,M03,102-0,E,SF-102,A,202401,33,1,475
E1,M03,102-0,ALL,SF-102,A,202401,33,4,6790
E1,M03,102-0,A,SF-102,A,202402,34,2,2353
E1,M03,102-0,B,SF-102,A,202402,34,2,1661
E1,M03,102-0,C,SF-102,A,202402,34,1,1384
E1,M03,102-0,D,SF-102,A,202402,34,1,1038
E1,M03,102-0,E,SF-102,A,202402,34,1,484
E1,M03,102-0,ALL,SF-102,A,202402,34,7,6920
E1,M03,102-0,A,SF-102,A,202403,35,1,2397
E1,M03,102-0,B,SF-102,A,202403,35,3,1692
E1,M03,102-0,C,SF-102,A,202403,35,3,1410
E1,M03,102-0,D,SF-102,A,202403,35,0,1058
E1,M03,102-0,E,SF-102,A,202403,35,0,494
E1,M03,102-0,ALL,SF-102,A,202403,35,7,7050
E1,M03,102-0,A,SF-102,A,202404,36,3,2441
E1,M03,102-0,B,SF-102,A,202404,36,1,1723
E1,M03,102-0,C,SF-102,A,202404,36,4,1436
E1,M03,102-0,D,SF-102,A,202404,36,2,1077
E1,M03,102-0,E,SF-102,A,202404,36,0,503
E1,M03,102-0,ALL,SF-102,A,202404,36,10,7180
E1,M03,102-0,A,SF-102,A,202405,37,2,2485
E1,M03,102-0,B,SF-102,A,202405,37,3,1754
E1,M03,102-0,C,SF-102,A,202405,37,1,1462
E1,M03,102-0,D,SF-102,A,202405,37,0,1096
E1,M03,102-0,E,SF-102,A,202405,37,2,512
E1,M03,102-0,ALL,SF-102,A,202405,37,8,7310
E1,M03,102-0,A,SF-102,A,202406,38,4,2530
E1,M03,102-0,B,SF-102,A,202406,38,4,1786
E1,M03,102-0,C,SF-102,A,202406,38,3,1488
E1,M03,102-0,D,SF-102,A,202406,38,1,1116
E1,M03,102-0,E,SF-102,A,202406,38,0,521
E1,M03,102-0,ALL,SF-102,A,202406,38,12,7440
E1,M03,102-0,A,SF-102,A,202407,39,4,2574
E1,M03,102-0,B,SF-102,A,202407,39,3,1817
E1,M03,102-0,C,SF-102,A,202407,39,2,1514
E1,M03,102-0,D,SF-102,A,202407,39,0,1136
E1,M03,102-0,E,SF-102,A,202407,39,0,530
E1,M03,102-0,ALL,SF-102,A,202407,39,9,7570
E1,M03,102-0,A,SF-102,A,202408,40,4,2618
E1,M03,102-0,B,SF-102,A,202408,40,5,1848
E1,M03,102-0,C,SF-102,A,202408,40,2,1540
E1,M03,102-0,D,SF-102,A,202408,40,1,1155
E1,M03,102-0,E,SF-102,A,202408,40,0,539
E1,M03,102-0,ALL,SF-102,A,202408,40,12,7700
E1,M03,102-0,A,SF-102,A,202409,41,2,2662
E1,M03,102-0,B,SF-102,A,202409,41,1,1879
E1,M03,102-0,C,SF-102,A,202409,41,3,1566
E1,M03,102-0,D,SF-102,A,202409,41,0,1174
E1,M03,102-0,E,SF-102,A,202409,41,0,548
E1,M03,102-0,ALL,SF-102,A,202409,41,6,7830
E1,M03,102-0,A,SF-102,A,202410,42,5,2706
E1,M03,102-0,B,SF-102,A,202410,42,2,1910
E1,M03,102-0,C,SF-102,A,202410,42,2,1592
E1,M03,102-0,D,SF-102,A,202410,42,2,1194
E1,M03,102-0,E,SF-102,A,202410,42,1,557
E1,M03,102-0,ALL,SF-102,A,202410,42,12,7960
E1,M03,102-0,A,SF-102,A,202411,43,2,2751
E1,M03,102-0,B,SF-102,A,202411,43,3,1942
E1,M03,102-0,C,SF-102,A,202411,43,3,1618
E1,M03,102-0,D,SF-102,A,202411,43,2,1214
E1,M03,102-0,E,SF-102,A,202411,43,0,566
E1,M03,102-0,ALL,SF-102,A,202411,43,10,8090
E1,M03,102-0,A,SF-102,A,202412,44,7,2795
E1,M03,102-0,B,SF-102,A,202412,44,0,1973
E1,M03,102-0,C,SF-102,A,202412,44,1,1644
E1,M03,102-0,D,SF-102,A,202412,44,2,1233
E1,M03,102-0,E,SF-102,A,202412,44,0,575
E1,M03,102-0,ALL,SF-102,A,202412,44,10,8220
E1,M03,103-0,A,SF-103,A,202104,0,1,850
E1,M03,103-0,C,SF-103,A,202104,0,1,500
E1,M03,103-0,D,SF-103,A,202104,0,1,375
E1,M03,103-0,ALL,SF-103,A,202104,0,3,2500
E1,M03,103-1,A,SF-103,A,202104,0,1,850
E1,M03,103-1,C,SF-103,A,202104,0,1,500
E1,M03,103-1,ALL,SF-103,A,202104,0,2,2500
E1,M03,103-0,A,SF-103,A,202105,1,1,894
E1,M03,103-0,B,SF-103,A,202105,1,1,631
E1,M03,103-0,D,SF-103,A,202105,1,1,394
E1,M03,103-0,ALL,SF-103,A,202105,1,3,2630
E1,M03,103-1,ALL,SF-103,A,202105,1,0,2630
E1,M03,103-0,A,SF-103,A,202106,2,1,938
E1,M03,103-0,B,SF-103,A,202106,2,1,662
E1,M03,103-0,C,SF-103,A,202106,2,0,552
E1,M03,103-0,D,SF-103,A,202106,2,0,414
E1,M03,103-0,ALL,SF-103,A,202106,2,2,2760
E1,M03,103-1,A,SF-103,A,202106,2,3,938
E1,M03,103-1,B,SF-103,A,202106,2,1,662
E1,M03,103-1,C,SF-103,A,202106,2,0,552
E1,M03,103-1,D,SF-103,A,202106,2,2,414
E1,M03,103-1,ALL,SF-103,A,202106,2,6,2760
E1,M03,103-0,A,SF-103,A,202107,3,1,983
E1,M03,103-0,B,SF-103,A,202107,3,1,694
E1,M03,103-0,C,SF-103,A,202107,3,0,578
E1,M03,103-0,D,SF-103,A,202107,3,0,434
E1,M03,103-0,ALL,SF-103,A,202107,3,2,2890
E1,M03,103-1,A,SF-103,A,202107,3,1,983
E1,M03,103-1,B,SF-103,A,202107,3,2,694
E1,M03,103-1,C,SF-103,A,202107,3,0,578
E1,M03,103-1,D,SF-103,A,202107,3,2,434
E1,M03,103-1,ALL,SF-103,A,202107,3,5,2890
E1,M03,103-0,A,SF-103,A,202108,4,2,1027
E1,M03,103-0,B,SF-103,A,202108,4,0,725
E1,M03,103-0,C,SF-103,A,202108,4,1,604
E1,M03,103-0,D,SF-103,A,202108,4,0,453
E1,M03,103-0,ALL,SF-103,A,202108,4,3,3020
E1,M03,103-1,A,SF-103,A,202108,4,0,1027
E1,M03,103-1,B,SF-103,A,202108,4,0,725
E1,M03,103-1,C,SF-103,A,202108,4,0,604
E1,M03,103-1,D,SF-103,A,202108,4,0,453
E1,M03,103-1,ALL,SF-103,A,202108,4,0,3020
E1,M03,103-0,A,SF-103,A,202109,5,1,1071
E1,M03,103-0,B,SF-103,A,202109,5,0,756
E1,M03,103-0,C,SF-103,A,202109,5,0,630
E1,M03,103-0,D,SF-103,A,202109,5,0,472
E1,M03,103-0,ALL,SF-103,A,202109,5,1,3150
E1,M03,103-1,A,SF-103,A,202109,5,1,1071
E1,M03,103-1,B,SF-103,A,202109,5,3,756
E1,M03,103-1,C,SF-103,A,202109,5,1,630
E1,M03,103-1,D,SF-103,A,202109,5,1,472
E1,M03,103-1,ALL,SF-103,A,202109,5,6,3150
E1,M03,103-0,A,SF-103,A,202110,6,0,1115
E1,M03,103-0,B,SF-103,A,202110,6,2,787
E1,M03,103-0,C,SF-103,A,202110,6,0,656
E1,M03,103-0,D,SF-103,A,202110,6,0,492
E1,M03,103-0,ALL,SF-103,A,202110,6,2,3280
E1,M03,103-1,A,SF-103,A,202110,6,0,1115
E1,M03,103-1,B,SF-103,A,202110,6,0,787
E1,M03,103-1,C,SF-103,A,202110,6,0,656
E1,M03,103-1,D,SF-103,A,202110,6,0,492
E1,M03,103-1,ALL,SF-103,A,202110,6,0,3280
E1,M03,103-0,A,SF-103,A,202111,7,0,1159
E1,M03,103-0,B,SF-103,A,202111,7,0,818
E1,M03,103-0,C,SF-103,A,202111,7,1,682
E1,M03,103-0,D,SF-103,A,202111,7,1,512
E1,M03,103-0,ALL,SF-103,A,202111,7,2,3410
E1,M03,103-1,A,SF-103,A,202111,7,2,1159
E1,M03,103-1,B,SF-103,A,202111,7,0,818
E1,M03,103-1,C,SF-103,A,202111,7,2,682
E1,M03,103-1,D,SF-103,A,202111,7,0,512
E1,M03,103-1,ALL,SF-103,A,202111,7,4,3410
E1,M03,103-0,A,SF-103,A,202112,8,2,1204
E1,M03,103-0,B,SF-103,A,202112,8,2,850
E1,M03,103-0,C,SF-103,A,202112,8,0,708
E1,M03,103-0,D,SF-103,A,202112,8,0,531
E1,M03,103-0,E,SF-103,A,202112,8,0,248
E1,M03,103-0,ALL,SF-103,A,202112,8,4,3540
E1,M03,103-1,A,SF-103,A,202112,8,0,1204
E1,M03,103-1,B,SF-103,A,202112,8,3,850
E1,M03,103-1,C,SF-103,A,202112,8,2,708
E1,M03,103-1,D,SF-103,A,202112,8,0,531
E1,M03,103-1,E,SF-103,A,202112,8,0,248
E1,M03,103-1,ALL,SF-103,A,202112,8,5,3540
E1,M03,103-0,A,SF-103,A,202201,9,0,1248
E1,M03,103-0,B,SF-103,A,202201,9,0,881
E1,M03,103-0,C,SF-103,A,202201,9,0,734
E1,M03,103-0,D,SF-103,A,202201,9,0,550
E1,M03,103-0,E,SF-103,A,202201,9,0,257
E1,M03,103-0,ALL,SF-103,A,202201,9,0,3670
E1,M03,103-1,A,SF-103,A,202201,9,1,1248
E1,M03,103-1,B,SF-103,A,202201,9,1,881
E1,M03,103-1,C,SF-103,A,202201,9,1,734
E1,M03,103-1,D,SF-103,A,202201,9,0,550
E1,M03,103-1,E,SF-103,A,202201,9,0,257
E1,M03,103-1,ALL,SF-103,A,202201,9,3,3670
E1,M03,103-0,A,SF-103,A,202202,10,1,1292
E1,M03,103-0,B,SF-103,A,202202,10,0,912
E1,M03,103-0,C,SF-103,A,202202,10,2,760
E1,M03,103-0,D,SF-103,A,202202,10,0,570
E1,M03,103-0,E,SF-103,A,202202,10,0,266
E1,M03,103-0,ALL,SF-103,A,202202,10,3,3800
E1,M03,103-1,A,SF-103,A,202202,10,0,1292
E1,M03,103-1,B,SF-103,A,202202,10,1,912
E1,M03,103-1,C,SF-103,A,202202,10,2,760
E1,M03,103-1,D,SF-103,A,202202,10,0,570
E1,M03,103-1,E,SF-103,A,202202,10,0,266
E1,M03,103-1,ALL,SF-103,A,202202,10,3,3800
E1,M03,103-0,A,SF-103,A,202203,11,2,1336
E1,M03,103-0,B,SF-103,A,202203,11,1,943
E1,M03,103-0,C,SF-103,A,202203,11,0,786
E1,M03,103-0,D,SF-103,A,202203,11,0,590
E1,M03,103-0,E,SF-103,A,202203,11,1,275
E1,M03,103-0,ALL,SF-103,A,202203,11,4,3930
E1,M03,103-1,A,SF-103,A,202203,11,1,1336
E1,M03,103-1,B,SF-103,A,202203,11,0,943
E1,M03,103-1,C,SF-103,A,202203,11,0,786
E1,M03,103-1,D,SF-103,A,202203,11,0,590
E1,M03,103-1,E,SF-103,A,202203,11,1,275
E1,M03,103-1,ALL,SF-103,A,202203,11,2,3930
E1,M03,103-0,A,SF-103,A,202204,12,1,1380
E1,M03,103-0,B,SF-103,A,202204,12,1,974
E1,M03,103-0,C,SF-103,A,202204,12,0,812
E1,M03,103-0,D,SF-103,A,202204,12,1,609
E1,M03,103-0,E,SF-103,A,202204,12,0,284
E1,M03,103-0,ALL,SF-103,A,202204,12,3,4060
E1,M03,103-1,A,SF-103,A,202204,12,0,1380
E1,M03,103-1,B,SF-103,A,202204,12,0,974
E1,M03,103-1,C,SF-103,A,202204,12,1,812
E1,M03,103-1,D,SF-103,A,202204,12,0,609
E1,M03,103-1,E,SF-103,A,202204,12,0,284
E1,M03,103-1,ALL,SF-103,A,202204,12,1,4060
E1,M03,103-0,A,SF-103,A,202205,13,0,1425
E1,M03,103-0,B,SF-103,A,202205,13,1,1006
E1,M03,103-0,C,SF-103,A,202205,13,1,838
E1,M03,103-0,D,SF-103,A,202205,13,0,628
E1,M03,103-0,E,SF-103,A,202205,13,0,293
E1,M03,103-0,ALL,SF-103,A,202205,13,2,4190
E1,M03,103-1,A,SF-103,A,202205,13,1,1425
E1,M03,103-1,B,SF-103,A,202205,13,0,1006
E1,M03,103-1,C,SF-103,A,202205,13,0,838
E1,M03,103-1,D,SF-103,A,202205,13,1,628
E1,M03,103-1,E,SF-103,A,202205,13,1,293
E1,M03,103-1,ALL,SF-103,A,202205,13,3,4190
E1,M03,103-0,A,SF-103,A,202206,14,1,1469
E1,M03,103-0,B,SF-103,A,202206,14,0,1037
E1,M03,103-0,C,SF-103,A,202206,14,0,864
E1,M03,103-0,D,SF-103,A,202206,14,0,648
E1,M03,103-0,E,SF-103,A,202206,14,0,302
E1,M03,103-0,ALL,SF-103,A,202206,14,1,4320
E1,M03,103-1,A,SF-103,A,202206,14,1,1469
E1,M03,103-1,B,SF-103,A,202206,14,1,1037
E1,M03,103-1,C,SF-103,A,202206,14,0,864
E1,M03,103-1,D,SF-103,A,202206,14,0,648
E1,M03,103-1,E,SF-103,A,202206,14,0,302
E1,M03,103-1,ALL,SF-103,A,202206,14,2,4320
E1,M03,103-0,A,SF-103,A,202207,15,1,1513
E1,M03,103-0,B,SF-103,A,202207,15,0,1068
E1,M03,103-0,C,SF-103,A,202207,15,2,890
E1,M03,103-0,D,SF-103,A,202207,15,0,668
E1,M03,103-0,E,SF-103,A,202207,15,0,312
E1,M03,103-0,ALL,SF-103,A,202207,15,3,4450
E1,M03,103-1,A,SF-103,A,202207,15,1,1513
E1,M03,103-1,B,SF-103,A,202207,15,0,1068
E1,M03,103-1,C,SF-103,A,202207,15,1,890
E1,M03,103-1,D,SF-103,A,202207,15,0,668
E1,M03,103-1,E,SF-103,A,202207,15,0,312
E1,M03,103-1,ALL,SF-103,A,202207,15,2,4450
E1,M03,103-0,A,SF-103,A,202208,16,1,1557
E1,M03,103-0,B,SF-103,A,202208,16,1,1099
E1,M03,103-0,C,SF-103,A,202208,16,0,916
E1,M03,103-0,D,SF-103,A,202208,16,1,687
E1,M03,103-0,E,SF-103,A,202208,16,0,321
E1,M03,103-0,ALL,SF-103,A,202208,16,3,4580
E1,M03,103-1,A,SF-103,A,202208,16,0,1557
E1,M03,103-1,B,SF-103,A,202208,16,0,1099
E1,M03,103-1,C,SF-103,A,202208,16,0,916
E1,M03,103-1,D,SF-103,A,202208,16,3,687
E1,M03,103-1,E,SF-103,A,202208,16,0,321
E1,M03,103-1,ALL,SF-103,A,202208,16,3,4580
E1,M03,103-0,A,SF-103,A,202209,17,0,1601
E1,M03,103-0,B,SF-103,A,202209,17,0,1130
E1,M03,103-0,C,SF-103,A,202209,17,0,942
E1,M03,103-0,D,SF-103,A,202209,17,0,706
E1,M03,103-0,E,SF-103,A,202209,17,0,330
E1,M03,103-0,ALL,SF-103,A,202209,17,0,4710
E1,M03,103-1,A,SF-103,A,202209,17,2,1601
E1,M03,103-1,B,SF-103,A,202209,17,1,1130
E1,M03,103-1,C,SF-103,A,202209,17,1,942
E1,M03,103-1,D,SF-103,A,202209,17,0,706
E1,M03,103-1,E,SF-103,A,202209,17,1,330
E1,M03,103-1,ALL,SF-103,A,202209,17,5,4710
E1,M03,103-0,A,SF-103,A,202210,18,0,1646
E1,M03,103-0,B,SF-103,A,202210,18,0,1162
E1,M03,103-0,C,SF-103,A,202210,18,0,968
E1,M03,103-0,D,SF-103,A,202210,18,0,726
E1,M03,103-0,E,SF-103,A,202210,18,0,339
E1,M03,103-0,ALL,SF-103,A,202210,18,0,4840
E1,M03,103-1,A,SF-103,A,202210,18,1,1646
E1,M03,103-1,B,SF-103,A,202210,18,1,1162
E1,M03,103-1,C,SF-103,A,202210,18,1,968
E1,M03,103-1,D,SF-103,A,202210,18,0,726
E1,M03,103-1,E,SF-103,A,202210,18,0,339
E1,M03,103-1,ALL,SF-103,A,202210,18,3,4840
E1,M03,103-0,A,SF-103,A,202211,19,1,1690
E1,M03,103-0,B,SF-103,A,202211,19,1,1193
E1,M03,103-0,C,SF-103,A,202211,19,1,994
E1,M03,103-0,D,SF-103,A,202211,19,0,746
E1,M03,103-0,E,SF-103,A,202211,19,1,348
E1,M03,103-0,ALL,SF-103,A,202211,19,4,4970
E1,M03,103-1,A,SF-103,A,202211,19,1,1690
E1,M03,103-1,B,SF-103,A,202211,19,1,1193
E1,M03,103-1,C,SF-103,A,202211,19,0,994
E1,M03,103-1,D,SF-103,A,202211,19,0,746
E1,M03,103-1,E,SF-103,A,202211,19,0,348
E1,M03,103-1,ALL,SF-103,A,202211,19,2,4970
E1,M03,103-0,A,SF-103,A,202212,20,2,1734
E1,M03,103-0,B,SF-103,A,202212,20,1,1224
E1,M03,103-0,C,SF-103,A,202212,20,0,1020
E1,M03,103-0,D,SF-103,A,202212,20,1,765
E1,M03,103-0,E,SF-103,A,202212,20,1,357
E1,M03,103-0,ALL,SF-103,A,202212,20,5,5100
E1,M03,103-1,A,SF-103,A,202212,20,1,1734
E1,M03,103-1,B,SF-103,A,202212,20,0,1224
E1,M03,103-1,C,SF-103,A,202212,20,0,1020
E1,M03,103-1,D,SF-103,A,202212,20,1,765
E1,M03,103-1,E,SF-103,A,202212,20,0,357
E1,M03,103-1,ALL,SF-103,A,202212,20,2,5100
E1,M03,103-0,A,SF-103,A,202301,21,3,1778
E1,M03,103-0,B,SF-103,A,202301,21,2,1255
E1,M03,103-0,C,SF-103,A,202301,21,0,1046
E1,M03,103-0,D,SF-103,A,202301,21,0,784
E1,M03,103-0,E,SF-103,A,202301,21,1,366
E1,M03,103-0,ALL,SF-103,A,202301,21,6,5230
E1,M03,103-1,A,SF-103,A,202301,21,0,1778
E1,M03,103-1,B,SF-103,A,202301,21,0,1255
E1,M03,103-1,C,SF-103,A,202301,21,0,1046
E1,M03,103-1,D,SF-103,A,202301,21,0,784
E1,M03,103-1,E,SF-103,A,202301,21,0,366
E1,M03,103-1,ALL,SF-103,A,202301,21,0,5230
E1,M03,103-0,A,SF-103,A,202302,22,0,1822
E1,M03,103-0,B,SF-103,A,202302,22,3,1286
E1,M03,103-0,C,SF-103,A,202302,22,1,1072
E1,M03,103-0,D,SF-103,A,202302,22,0,804
E1,M03,103-0,E,SF-103,A,202302,22,0,375
E1,M03,103-0,ALL,SF-103,A,202302,22,4,5360
E1,M03,103-1,A,SF-103,A,202302,22,2,1822
E1,M03,103-1,B,SF-103,A,202302,22,1,1286
E1,M03,103-1,C,SF-103,A,202302,22,1,1072
E1,M03,103-1,D,SF-103,A,202302,22,0,804
E1,M03,103-1,E,SF-103,A,202302,22,1,375
E1,M03,103-1,ALL,SF-103,A,202302,22,5,5360
E1,M03,103-0,A,SF-103,A,202303,23,0,1867
E1,M03,103-0,B,SF-103,A,202303,23,1,1318
E1,M03,103-0,C,SF-103,A,202303,23,0,1098
E1,M03,103-0,D,SF-103,A,202303,23,0,824
E1,M03,103-0,E,SF-103,A,202303,23,0,384
E1,M03,103-0,ALL,SF-103,A,202303,23,1,5490
E1,M03,103-1,A,SF-103,A,202303,23,0,1867
E1,M03,103-1,B,SF-103,A,202303,23,4,1318
E1,M03,103-1,C,SF-103,A,202303,23,0,1098
E1,M03,103-1,D,SF-103,A,202303,23,1,824
E1,M03,103-1,E,SF-103,A,202303,23,0,384
E1,M03,103-1,ALL,SF-103,A,202303,23,5,5490
E1,M03,103-0,A,SF-103,A,202304,24,1,1911
E1,M03,103-0,B,SF-103,A,202304,24,2,1349
E1,M03,103-0,C,SF-103,A,202304,24,1,1124
E1,M03,103-0,D,SF-103,A,202304,24,0,843
E1,M03,103-0,E,SF-103,A,202304,24,1,393
E1,M03,103-0,ALL,SF-103,A,202304,24,5,5620
E1,M03,103-1,A,SF-103,A,202304,24,2,1911
E1,M03,103-1,B,SF-103,A,202304,24,2,1349
E1,M03,103-1,C,SF-103,A,202304,24,0,1124
E1,M03,103-1,D,SF-103,A,202304,24,0,843
E1,M03,103-1,E,SF-103,A,202304,24,1,393
E1,M03,103-1,ALL,SF-103,A,202304,24,5,5620
E1,M03,103-0,A,SF-103,A,202305,25,0,1955
E1,M03,103-0,B,SF-103,A,202305,25,1,1380
E1,M03,103-0,C,SF-103,A,202305,25,1,1150
E1,M03,103-0,D,SF-103,A,202305,25,1,862
E1,M03,103-0,E,SF-103,A,202305,25,0,403
E1,M03,103-0,ALL,SF-103,A,202305,25,3,5750
E1,M03,103-1,A,SF-103,A,202305,25,1,1955
E1,M03,103-1,B,SF-103,A,202305,25,2,1380
E1,M03,103-1,C,SF-103,A,202305,25,0,1150
E1,M03,103-1,D,SF-103,A,202305,25,1,862
E1,M03,103-1,E,SF-103,A,202305,25,0,403
E1,M03,103-1,ALL,SF-103,A,202305,25,4,5750
E1,M03,103-0,A,SF-103,A,202306,26,2,1999
E1,M03,103-0,B,SF-103,A,202306,26,3,1411
E1,M03,103-0,C,SF-103,A,202306,26,1,1176
E1,M03,103-0,D,SF-103,A,202306,26,0,882
E1,M03,103-0,E,SF-103,A,202306,26,0,412
E1,M03,103-0,ALL,SF-103,A,202306,26,6,5880
E1,M03,103-1,A,SF-103,A,202306,26,2,1999
E1,M03,103-1,B,SF-103,A,202306,26,1,1411
E1,M03,103-1,C,SF-103,A,202306,26,0,1176
E1,M03,103-1,D,SF-103,A,202306,26,1,882
E1,M03,103-1,E,SF-103,A,202306,26,0,412
E1,M03,103-1,ALL,SF-103,A,202306,26,4,5880
E1,M03,103-0,A,SF-103,A,202307,27,1,2043
E1,M03,103-0,B,SF-103,A,202307,27,0,1442
E1,M03,103-0,C,SF-103,A,202307,27,1,1202
E1,M03,103-0,D,SF-103,A,202307,27,1,902
E1,M03,103-0,E,SF-103,A,202307,27,1,421
E1,M03,103-0,ALL,SF-103,A,202307,27,4,6010
E1,M03,103-1,A,SF-103,A,202307,27,1,2043
E1,M03,103-1,B,SF-103,A,202307,27,1,1442
E1,M03,103-1,C,SF-103,A,202307,27,1,1202
E1,M03,103-1,D,SF-103,A,202307,27,1,902
E1,M03,103-1,E,SF-103,A,202307,27,0,421
E1,M03,103-1,ALL,SF-103,A,202307,27,4,6010
E1,M03,103-0,A,SF-103,A,202308,28,1,2088
E1,M03,103-0,B,SF-103,A,202308,28,1,1474
E1,M03,103-0,C,SF-103,A,202308,28,1,1228
E1,M03,103-0,D,SF-103,A,202308,28,0,921
E1,M03,103-0,E,SF-103,A,202308,28,0,430
E1,M03,103-0,ALL,SF-103,A,202308,28,3,6140
E1,M03,103-1,A,SF-103,A,202308,28,0,2088
E1,M03,103-1,B,SF-103,A,202308,28,0,1474
E1,M03,103-1,C,SF-103,A,202308,28,0,1228
E1,M03,103-1,D,SF-103,A,202308,28,0,921
E1,M03,103-1,E,SF-103,A,202308,28,0,430
E1,M03,103-1,ALL,SF-103,A,202308,28,0,6140
E1,M03,103-0,A,SF-103,A,202309,29,3,2132
E1,M03,103-0,B,SF-103,A,202309,29,5,1505
E1,M03,103-0,C,SF-103,A,202309,29,0,1254
E1,M03,103-0,D,SF-103,A,202309,29,0,940
E1,M03,103-0,E,SF-103,A,202309,29,0,439
E1,M03,103-0,ALL,SF-103,A,202309,29,8,6270
E1,M03,103-1,A,SF-103,A,202309,29,3,2132
E1,M03,103-1,B,SF-103,A,202309,29,2,1505
E1,M03,103-1,C,SF-103,A,202309,29,0,1254
E1,M03,103-1,D,SF-103,A,202309,29,0,940
E1,M03,103-1,E,SF-103,A,202309,29,0,439
E1,M03,103-1,ALL,SF-103,A,202309,29,5,6270
E1,M03,103-0,A,SF-103,A,202310,30,2,2176
E1,M03,103-0,B,SF-103,A,202310,30,1,1536
E1,M03,103-0,C,SF-103,A,202310,30,0,1280
E1,M03,103-0,D,SF-103,A,202310,30,0,960
E1,M03,103-0,E,SF-103,A,202310,30,1,448
E1,M03,103-0,ALL,SF-103,A,202310,30,4,6400
E1,M03,103-1,A,SF-103,A,202310,30,2,2176
E1,M03,103-1,B,SF-103,A,202310,30,0,1536
E1,M03,103-1,C,SF-103,A,202310,30,1,1280
E1,M03,103-1,D,SF-103,A,202310,30,0,960
E1,M03,103-1,E,SF-103,A,202310,30,0,448
E1,M03,103-1,ALL,SF-103,A,202310,30,3,6400
E1,M03,103-0,A,SF-103,A,202311,31,2,2220
E1,M03,103-0,B,SF-103,A,202311,31,0,1567
E1,M03,103-0,C,SF-103,A,202311,31,1,1306
E1,M03,103-0,D,SF-103,A,202311,31,2,980
E1,M03,103-0,E,SF-103,A,202311,31,0,457
E1,M03,103-0,ALL,SF-103,A,202311,31,5,6530
E1,M03,103-1,A,SF-103,A,202311,31,2,2220
E1,M03,103-1,B,SF-103,A,202311,31,2,1567
E1,M03,103-1,C,SF-103,A,202311,31,1,1306
E1,M03,103-1,D,SF-103,A,202311,31,1,980
E1,M03,103-1,E,SF-103,A,202311,31,0,457
E1,M03,103-1,ALL,SF-103,A,202311,31,6,6530
E1,M03,103-0,A,SF-103,A,202312,32,2,2264
E1,M03,103-0,B,SF-103,A,202312,32,1,1598
E1,M03,103-0,C,SF-103,A,202312,32,0,1332
E1,M03,103-0,D,SF-103,A,202312,32,0,999
E1,M03,103-0,E,SF-103,A,202312,32,0,466
E1,M03,103-0,ALL,SF-103,A,202312,32,3,6660
E1,M03,103-1,A,SF-103,A,202312,32,3,2264
E1,M03,103-1,B,SF-103,A,202312,32,0,1598
E1,M03,103-1,C,SF-103,A,202312,32,1,1332
E1,M03,103-1,D,SF-103,A,202312,32,1,999
E1,M03,103-1,E,SF-103,A,202312,32,0,466
E1,M03,103-1,ALL,SF-103,A,202312,32,5,6660
E1,M03,103-0,A,SF-103,A,202401,33,4,2309
E1,M03,103-0,B,SF-103,A,202401,33,0,1630
E1,M03,103-0,C,SF-103,A,202401,33,2,1358
E1,M03,103-0,D,SF-103,A,202401,33,1,1018
E1,M03,103-0,E,SF-103,A,202401,33,1,475
E1,M03,103-0,ALL,SF-103,A,202401,33,8,6790
E1,M03,103-1,A,SF-103,A,202401,33,0,2309
E1,M03,103-1,B,SF-103,A,202401,33,2,1630
E1,M03,103-1,C,SF-103,A,202401,33,2,1358
E1,M03,103-1,D,SF-103,A,202401,33,0,1018
E1,M03,103-1,E,SF-103,A,202401,33,0,475
E1,M03,103-1,ALL,SF-103,A,202401,33,4,6790
E1,M03,103-0,A,SF-103,A,202402,34,3,2353
E1,M03,103-0,B,SF-103,A,202402,34,1,1661
E1,M03,103-0,C,SF-103,A,202402,34,0,1384
E1,M03,103-0,D,SF-103,A,202402,34,3,1038
E1,M03,103-0,E,SF-103,A,202402,34,0,484
E1,M03,103-0,ALL,SF-103,A,202402,34,7,6920
E1,M03,103-1,A,SF-103,A,202402,34,4,2353
E1,M03,103-1,B,SF-103,A,202402,34,1,1661
E1,M03,103-1,C,SF-103,A,202402,34,0,1384
E1,M03,103-1,D,SF-103,A,202402,34,1,1038
E1,M03,103-1,E,SF-103,A,202402,34,1,484
E1,M03,103-1,ALL,SF-103,A,202402,34,7,6920
E1,M03,103-0,A,SF-103,A,202403,35,1,2397
E1,M03,103-0,B,SF-103,A,202403,35,0,1692
E1,M03,103-0,C,SF-103,A,202403,35,3,1410
E1,M03,103-0,D,SF-103,A,202403,35,1,1058
E1,M03,103-0,E,SF-103,A,202403,35,0,494
E1,M03,103-0,ALL,SF-103,A,202403,35,5,7050
E1,M03,103-1,A,SF-103,A,202403,35,1,2397
E1,M03,103-1,B,SF-103,A,202403,35,1,1692
E1,M03,103-1,C,SF-103,A,202403,35,4,1410
E1,M03,103-1,D,SF-103,A,202403,35,0,1058
E1,M03,103-1,E,SF-103,A,202403,35,0,494
E1,M03,103-1,ALL,SF-103,A,202403,35,6,7050
E1,M03,103-0,A,SF-103,A,202404,36,2,2441
E1,M03,103-0,B,SF-103,A,202404,36,2,1723
E1,M03,103-0,C,SF-103,A,202404,36,1,1436
E1,M03,103-0,D,SF-103,A,202404,36,0,1077
E1,M03,103-0,E,SF-103,A,202404,36,0,503
E1,M03,103-0,ALL,SF-103,A,202404,36,5,7180
E1,M03,103-1,A,SF-103,A,202404,36,3,2441
E1,M03,103-1,B,SF-103,A,202404,36,6,1723
E1,M03,103-1,C,SF-103,A,202404,36,2,1436
E1,M03,103-1,D,SF-103,A,202404,36,0,1077
E1,M03,103-1,E,SF-103,A,202404,36,0,503
E1,M03,103-1,ALL,SF-103,A,202404,36,11,7180
E1,M03,103-0,A,SF-103,A,202405,37,2,2485
E1,M03,103-0,B,SF-103,A,202405,37,3,1754
E1,M03,103-0,C,SF-103,A,202405,37,1,1462
E1,M03,103-0,D,SF-103,A,202405,37,2,1096
E1,M03,103-0,E,SF-103,A,202405,37,0,512
E1,M03,103-0,ALL,SF-103,A,202405,37,8,7310
E1,M03,103-1,A,SF-103,A,202405,37,4,2485
E1,M03,103-1,B,SF-103,A,202405,37,1,1754
E1,M03,103-1,C,SF-103,A,202405,37,0,1462
E1,M03,103-1,D,SF-103,A,202405,37,0,1096
E1,M03,103-1,E,SF-103,A,202405,37,1,512
E1,M03,103-1,ALL,SF-103,A,202405,37,6,7310
E1,M03,103-0,A,SF-103,A,202406,38,1,2530
E1,M03,103-0,B,SF-103,A,202406,38,3,1786
E1,M03,103-0,C,SF-103,A,202406,38,0,1488
E1,M03,103-0,D,SF-103,A,202406,38,0,1116
E1,M03,103-0,E,SF-103,A,202406,38,0,521
E1,M03,103-0,ALL,SF-103,A,202406,38,4,7440
E1,M03,103-1,A,SF-103,A,202406,38,5,2530
E1,M03,103-1,B,SF-103,A,202406,38,0,1786
E1,M03,103-1,C,SF-103,A,202406,38,0,1488
E1,M03,103-1,D,SF-103,A,202406,38,2,1116
E1,M03,103-1,E,SF-103,A,202406,38,0,521
E1,M03,103-1,ALL,SF-103,A,202406,38,7,7440
E1,M03,103-0,A,SF-103,A,202407,39,3,2574
E1,M03,103-0,B,SF-103,A,202407,39,1,1817
E1,M03,103-0,C,SF-103,A,202407,39,0,1514
E1,M03,103-0,D,SF-103,A,202407,39,1,1136
E1,M03,103-0,E,SF-103,A,202407,39,0,530
E1,M03,103-0,ALL,SF-103,A,202407,39,5,7570
E1,M03,103-1,A,SF-103,A,202407,39,1,2574
E1,M03,103-1,B,SF-103,A,202407,39,1,1817
E1,M03,103-1,C,SF-103,A,202407,39,1,1514
E1,M03,103-1,D,SF-103,A,202407,39,1,1136
E1,M03,103-1,E,SF-103,A,202407,39,0,530
E1,M03,103-1,ALL,SF-103,A,202407,39,4,7570
E1,M03,103-0,A,SF-103,A,202408,40,2,2618
E1,M03,103-0,B,SF-103,A,202408,40,2,1848
E1,M03,103-0,C,SF-103,A,202408,40,0,1540
E1,M03,103-0,D,SF-103,A,202408,40,2,1155
E1,M03,103-0,E,SF-103,A,202408,40,1,539
E1,M03,103-0,ALL,SF-103,A,202408,40,7,7700
E1,M03,103-1,A,SF-103,A,202408,40,1,2618
E1,M03,103-1,B,SF-103,A,202408,40,2,1848
E1,M03,103-1,C,SF-103,A,202408,40,2,1540
E1,M03,103-1,D,SF-103,A,202408,40,0,1155
E1,M03,103-1,E,SF-103,A,202408,40,1,539
E1,M03,103-1,ALL,SF-103,A,202408,40,6,7700
E1,M03,103-0,A,SF-103,A,202409,41,4,2662
E1,M03,103-0,B,SF-103,A,202409,41,0,1879
E1,M03,103-0,C,SF-103,A,202409,41,2,1566
E1,M03,103-0,D,SF-103,A,202409,41,0,1174
E1,M03,103-0,E,SF-103,A,202409,41,0,548
E1,M03,103-0,ALL,SF-103,A,202409,41,6,7830
E1,M03,103-1,A,SF-103,A,202409,41,4,2662
E1,M03,103-1,B,SF-103,A,202409,41,2,1879
E1,M03,103-1,C,SF-103,A,202409,41,1,1566
E1,M03,103-1,D,SF-103,A,202409,41,1,1174
E1,M03,103-1,E,SF-103,A,202409,41,0,548
E1,M03,103-1,ALL,SF-103,A,202409,41,8,7830
E1,M03,103-0,A,SF-103,A,202410,42,1,2706
E1,M03,103-0,B,SF-103,A,202410,42,1,1910
E1,M03,103-0,C,SF-103,A,202410,42,1,1592
E1,M03,103-0,D,SF-103,A,202410,42,4,1194
E1,M03,103-0,E,SF-103,A,202410,42,1,557
E1,M03,103-0,ALL,SF-103,A,202410,42,8,7960
E1,M03,103-1,A,SF-103,A,202410,42,4,2706
E1,M03,103-1,B,SF-103,A,202410,42,2,1910
E1,M03,103-1,C,SF-103,A,202410,42,1,1592
E1,M03,103-1,D,SF-103,A,202410,42,2,1194
E1,M03,103-1,E,SF-103,A,202410,42,0,557
E1,M03,103-1,ALL,SF-103,A,202410,42,9,7960
E1,M03,103-0,A,SF-103,A,202411,43,2,2751
E1,M03,103-0,B,SF-103,A,202411,43,0,1942
E1,M03,103-0,C,SF-103,A,202411,43,0,1618
E1,M03,103-0,D,SF-103,A,202411,43,1,1214
E1,M03,103-0,E,SF-103,A,202411,43,0,566
E1,M03,103-0,ALL,SF-103,A,202411,43,3,8090
E1,M03,103-1,A,SF-103,A,202411,43,0,2751
E1,M03,103-1,B,SF-103,A,202411,43,1,1942
E1,M03,103-1,C,SF-103,A,202411,43,1,1618
E1,M03,103-1,D,SF-103,A,202411,43,1,1214
E1,M03,103-1,E,SF-103,A,202411,43,0,566
E1,M03,103-1,ALL,SF-103,A,202411,43,3,8090
E1,M03,103-0,A,SF-103,A,202412,44,4,2795
E1,M03,103-0,B,SF-103,A,202412,44,1,1973
E1,M03,103-0,C,SF-103,A,202412,44,0,1644
E1,M03,103-0,D,SF-103,A,202412,44,0,1233
E1,M03,103-0,E,SF-103,A,202412,44,0,575
E1,M03,103-0,ALL,SF-103,A,202412,44,5,8220
E1,M03,103-1,A,SF-103,A,202412,44,1,2795
E1,M03,103-1,B,SF-103,A,202412,44,1,1973
E1,M03,103-1,C,SF-103,A,202412,44,1,1644
E1,M03,103-1,D,SF-103,A,202412,44,0,1233
E1,M03,103-1,E,SF-103,A,202412,44,1,575
E1,M03,103-1,ALL,SF-103,A,202412,44,4,8220
E1,M03,104-0,B,SF-104,A,202104,0,1,600
E1,M03,104-0,C,SF-104,A,202104,0,1,500
E1,M03,104-0,ALL,SF-104,A,202104,0,2,2500
E1,M03,104-0,A,SF-104,A,202105,1,1,894
E1,M03,104-0,B,SF-104,A,202105,1,1,631
E1,M03,104-0,ALL,SF-104,A,202105,1,2,2630
E1,M03,104-0,A,SF-104,A,202106,2,0,938
E1,M03,104-0,B,SF-104,A,202106,2,0,662
E1,M03,104-0,C,SF-104,A,202106,2,0,552
E1,M03,104-0,D,SF-104,A,202106,2,1,414
E1,M03,104-0,ALL,SF-104,A,202106,2,1,2760
E1,M03,104-0,A,SF-104,A,202107,3,0,983
E1,M03,104-0,B,SF-104,A,202107,3,1,694
E1,M03,104-0,C,SF-104,A,202107,3,0,578
E1,M03,104-0,D,SF-104,A,202107,3,1,434
E1,M03,104-0,ALL,SF-104,A,202107,3,2,2890
E1,M03,104-0,A,SF-104,A,202108,4,3,1027
E1,M03,104-0,B,SF-104,A,202108,4,1,725
E1,M03,104-0,C,SF-104,A,202108,4,0,604
E1,M03,104-0,D,SF-104,A,202108,4,0,453
E1,M03,104-0,ALL,SF-104,A,202108,4,4,3020
E1,M03,104-0,A,SF-104,A,202109,5,1,1071
E1,M03,104-0,B,SF-104,A,202109,5,0,756
E1,M03,104-0,C,SF-104,A,202109,5,1,630
E1,M03,104-0,D,SF-104,A,202109,5,0,472
E1,M03,104-0,ALL,SF-104,A,202109,5,2,3150
E1,M03,104-0,A,SF-104,A,202110,6,5,1115
E1,M03,104-0,B,SF-104,A,202110,6,0,787
E1,M03,104-0,C,SF-104,A,202110,6,0,656
E1,M03,104-0,D,SF-104,A,202110,6,0,492
E1,M03,104-0,ALL,SF-104,A,202110,6,5,3280
E1,M03,104-0,A,SF-104,A,202111,7,3,1159
E1,M03,104-0,B,SF-104,A,202111,7,1,818
E1,M03,104-0,C,SF-104,A,202111,7,0,682
E1,M03,104-0,D,SF-104,A,202111,7,0,512
E1,M03,104-0,ALL,SF-104,A,202111,7,4,3410
E1,M03,104-0,A,SF-104,A,202112,8,2,1204
E1,M03,104-0,B,SF-104,A,202112,8,0,850
E1,M03,104-0,C,SF-104,A,202112,8,0,708
E1,M03,104-0,D,SF-104,A,202112,8,0,531
E1,M03,104-0,E,SF-104,A,202112,8,0,248
E1,M03,104-0,ALL,SF-104,A,202112,8,2,3540
E1,M03,104-0,A,SF-104,A,202201,9,1,1248
E1,M03,104-0,B,SF-104,A,202201,9,2,881
E1,M03,104-0,C,SF-104,A,202201,9,2,734
E1,M03,104-0,D,SF-104,A,202201,9,0,550
E1,M03,104-0,E,SF-104,A,202201,9,1,257
E1,M03,104-0,ALL,SF-104,A,202201,9,6,3670
E1,M03,104-0,A,SF-104,A,202202,10,0,1292
E1,M03,104-0,B,SF-104,A,202202,10,1,912
E1,M03,104-0,C,SF-104,A,202202,10,1,760
E1,M03,104-0,D,SF-104,A,202202,10,1,570
E1,M03,104-0,E,SF-104,A,202202,10,0,266
E1,M03,104-0,ALL,SF-104,A,202202,10,3,3800
E1,M03,104-0,A,SF-104,A,202203,11,0,1336
E1,M03,104-0,B,SF-104,A,202203,11,0,943
E1,M03,104-0,C,SF-104,A,202203,11,1,786
E1,M03,104-0,D,SF-104,A,202203,11,1,590
E1,M03,104-0,E,SF-104,A,202203,11,1,275
E1,M03,104-0,ALL,SF-104,A,202203,11,3,3930
E1,M03,104-0,A,SF-104,A,202204,12,1,1380
E1,M03,104-0,B,SF-104,A,202204,12,2,974
E1,M03,104-0,C,SF-104,A,202204,12,1,812
E1,M03,104-0,D,SF-104,A,202204,12,2,609
E1,M03,104-0,E,SF-104,A,202204,12,2,284
E1,M03,104-0,ALL,SF-104,A,202204,12,8,4060
E1,M03,104-0,A,SF-104,A,202205,13,2,1425
E1,M03,104-0,B,SF-104,A,202205,13,1,1006
E1,M03,104-0,C,SF-104,A,202205,13,2,838
E1,M03,104-0,D,SF-104,A,202205,13,0,628
E1,M03,104-0,E,SF-104,A,202205,13,0,293
E1,M03,104-0,ALL,SF-104,A,202205,13,5,4190
E1,M03,104-0,A,SF-104,A,202206,14,2,1469
E1,M03,104-0,B,SF-104,A,202206,14,0,1037
E1,M03,104-0,C,SF-104,A,202206,14,3,864
E1,M03,104-0,D,SF-104,A,202206,14,0,648
E1,M03,104-0,E,SF-104,A,202206,14,0,302
E1,M03,104-0,ALL,SF-104,A,202206,14,5,4320
E1,M03,104-0,A,SF-104,A,202207,15,2,1513
E1,M03,104-0,B,SF-104,A,202207,15,1,1068
E1,M03,104-0,C,SF-104,A,202207,15,1,890
E1,M03,104-0,D,SF-104,A,202207,15,0,668
E1,M03,104-0,E,SF-104,A,202207,15,0,312
E1,M03,104-0,ALL,SF-104,A,202207,15,4,4450
E1,M03,104-0,A,SF-104,A,202208,16,3,1557
E1,M03,104-0,B,SF-104,A,202208,16,0,1099
E1,M03,104-0,C,SF-104,A,202208,16,0,916
E1,M03,104-0,D,SF-104,A,202208,16,2,687
E1,M03,104-0,E,SF-104,A,202208,16,1,321
E1,M03,104-0,ALL,SF-104,A,202208,16,6,4580
E1,M03,104-0,A,SF-104,A,202209,17,0,1601
E1,M03,104-0,B,SF-104,A,202209,17,0,1130
E1,M03,104-0,C,SF-104,A,202209,17,1,942
E1,M03,104-0,D,SF-104,A,202209,17,1,706
E1,M03,104-0,E,SF-104,A,202209,17,2,330
E1,M03,104-0,ALL,SF-104,A,202209,17,4,4710
E1,M03,104-0,A,SF-104,A,202210,18,1,1646
E1,M03,104-0,B,SF-104,A,202210,18,2,1162
E1,M03,104-0,C,SF-104,A,202210,18,1,968
E1,M03,104-0,D,SF-104,A,202210,18,0,726
E1,M03,104-0,E,SF-104,A,202210,18,0,339
E1,M03,104-0,ALL,SF-104,A,202210,18,4,4840
E1,M03,104-0,A,SF-104,A,202211,19,0,1690
E1,M03,104-0,B,SF-104,A,202211,19,0,1193
E1,M03,104-0,C,SF-104,A,202211,19,2,994
E1,M03,104-0,D,SF-104,A,202211,19,0,746
E1,M03,104-0,E,SF-104,A,202211,19,0,348
E1,M03,104-0,ALL,SF-104,A,202211,19,2,4970
E1,M03,104-0,A,SF-104,A,202212,20,3,1734
E1,M03,104-0,B,SF-104,A,202212,20,2,1224
E1,M03,104-0,C,SF-104,A,202212,20,3,1020
E1,M03,104-0,D,SF-104,A,202212,20,2,765
E1,M03,104-0,E,SF-104,A,202212,20,0,357
E1,M03,104-0,ALL,SF-104,A,202212,20,10,5100
E1,M03,104-0,A,SF-104,A,202301,21,0,1778
E1,M03,104-0,B,SF-104,A,202301,21,2,1255
E1,M03,104-0,C,SF-104,A,202301,21,2,1046
E1,M03,104-0,D,SF-104,A,202301,21,1,784
E1,M03,104-0,E,SF-104,A,202301,21,0,366
E1,M03,104-0,ALL,SF-104,A,202301,21,5,5230
E1,M03,104-0,A,SF-104,A,202302,22,1,1822
E1,M03,104-0,B,SF-104,A,202302,22,0,1286
E1,M03,104-0,C,SF-104,A,202302,22,0,1072
E1,M03,104-0,D,SF-104,A,202302,22,2,804
E1,M03,104-0,E,SF-104,A,202302,22,0,375
E1,M03,104-0,ALL,SF-104,A,202302,22,3,5360
E1,M03,104-0,A,SF-104,A,202303,23,2,1867
E1,M03,104-0,B,SF-104,A,202303,23,0,1318
E1,M03,104-0,C,SF-104,A,202303,23,2,1098
E1,M03,104-0,D,SF-104,A,202303,23,2,824
E1,M03,104-0,E,SF-104,A,202303,23,2,384
E1,M03,104-0,ALL,SF-104,A,202303,23,8,5490
E1,M03,104-0,A,SF-104,A,202304,24,0,1911
E1,M03,104-0,B,SF-104,A,202304,24,0,1349
E1,M03,104-0,C,SF-104,A,202304,24,3,1124
E1,M03,104-0,D,SF-104,A,202304,24,3,843
E1,M03,104-0,E,SF-104,A,202304,24,1,393
E1,M03,104-0,ALL,SF-104,A,202304,24,7,5620
E1,M03,104-0,A,SF-104,A,202305,25,2,1955
E1,M03,104-0,B,SF-104,A,202305,25,1,1380
E1,M03,104-0,C,SF-104,A,202305,25,3,1150
E1,M03,104-0,D,SF-104,A,202305,25,1,862
E1,M03,104-0,E,SF-104,A,202305,25,0,403
E1,M03,104-0,ALL,SF-104,A,202305,25,7,5750
E1,M03,104-0,A,SF-104,A,202306,26,4,1999
E1,M03,104-0,B,SF-104,A,202306,26,2,1411
E1,M03,104-0,C,SF-104,A,202306,26,3,1176
E1,M03,104-0,D,SF-104,A,202306,26,0,882
E1,M03,104-0,E,SF-104,A,202306,26,0,412
E1,M03,104-0,ALL,SF-104,A,202306,26,9,5880
E1,M03,104-0,A,SF-104,A,202307,27,0,2043
E1,M03,104-0,B,SF-104,A,202307,27,2,1442
E1,M03,104-0,C,SF-104,A,202307,27,1,1202
E1,M03,104-0,D,SF-104,A,202307,27,0,902
E1,M03,104-0,E,SF-104,A,202307,27,2,421
E1,M03,104-0,ALL,SF-104,A,202307,27,5,6010
E1,M03,104-0,A,SF-104,A,202308,28,2,2088
E1,M03,104-0,B,SF-104,A,202308,28,1,1474
E1,M03,104-0,C,SF-104,A,202308,28,1,1228
E1,M03,104-0,D,SF-104,A,202308,28,1,921
E1,M03,104-0,E,SF-104,A,202308,28,0,430
E1,M03,104-0,ALL,SF-104,A,202308,28,5,6140
E1,M03,104-0,A,SF-104,A,202309,29,4,2132
E1,M03,104-0,B,SF-104,A,202309,29,1,1505
E1,M03,104-0,C,SF-104,A,202309,29,0,1254
E1,M03,104-0,D,SF-104,A,202309,29,0,940
E1,M03,104-0,E,SF-104,A,202309,29,2,439
E1,M03,104-0,ALL,SF-104,A,202309,29,7,6270
E1,M03,104-0,A,SF-104,A,202310,30,0,2176
E1,M03,104-0,B,SF-104,A,202310,30,1,1536
E1,M03,104-0,C,SF-104,A,202310,30,1,1280
E1,M03,104-0,D,SF-104,A,202310,30,1,960
E1,M03,104-0,E,SF-104,A,202310,30,1,448
E1,M03,104-0,ALL,SF-104,A,202310,30,4,6400
E1,M03,104-0,A,SF-104,A,202311,31,1,2220
E1,M03,104-0,B,SF-104,A,202311,31,2,1567
E1,M03,104-0,C,SF-104,A,202311,31,4,1306
E1,M03,104-0,D,SF-104,A,202311,31,0,980
E1,M03,104-0,E,SF-104,A,202311,31,0,457
E1,M03,104-0,ALL,SF-104,A,202311,31,7,6530
E1,M03,104-0,A,SF-104,A,202312,32,2,2264
E1,M03,104-0,B,SF-104,A,202312,32,2,1598
E1,M03,104-0,C,SF-104,A,202312,32,0,1332
E1,M03,104-0,D,SF-104,A,202312,32,0,999
E1,M03,104-0,E,SF-104,A,202312,32,0,466
E1,M03,104-0,ALL,SF-104,A,202312,32,4,6660
E1,M03,104-0,A,SF-104,A,202401,33,0,2309
E1,M03,104-0,B,SF-104,A,202401,33,2,1630
E1,M03,104-0,C,SF-104,A,202401,33,3,1358
E1,M03,104-0,D,SF-104,A,202401,33,1,1018
E1,M03,104-0,E,SF-104,A,202401,33,0,475
E1,M03,104-0,ALL,SF-104,A,202401,33,6,6790
E1,M03,104-0,A,SF-104,A,202402,34,1,2353
E1,M03,104-0,B,SF-104,A,202402,34,3,1661
E1,M03,104-0,C,SF-104,A,202402,34,4,1384
E1,M03,104-0,D,SF-104,A,202402,34,0,1038
E1,M03,104-0,E,SF-104,A,202402,34,0,484
E1,M03,104-0,ALL,SF-104,A,202402,34,8,6920
E1,M03,104-0,A,SF-104,A,202403,35,2,2397
E1,M03,104-0,B,SF-104,A,202403,35,3,1692
E1,M03,104-0,C,SF-104,A,202403,35,1,1410
E1,M03,104-0,D,SF-104,A,202403,35,1,1058
E1,M03,104-0,E,SF-104,A,202403,35,0,494
E1,M03,104-0,ALL,SF-104,A,202403,35,7,7050
E1,M03,104-0,A,SF-104,A,202404,36,5,2441
E1,M03,104-0,B,SF-104,A,202404,36,4,1723
E1,M03,104-0,C,SF-104,A,202404,36,2,1436
E1,M03,104-0,D,SF-104,A,202404,36,2,1077
E1,M03,104-0,E,SF-104,A,202404,36,0,503
E1,M03,104-0,ALL,SF-104,A,202404,36,13,7180
E1,M03,104-0,A,SF-104,A,202405,37,1,2485
E1,M03,104-0,B,SF-104,A,202405,37,0,1754
E1,M03,104-0,C,SF-104,A,202405,37,1,1462
E1,M03,104-0,D,SF-104,A,202405,37,3,1096
E1,M03,104-0,E,SF-104,A,202405,37,0,512
E1,M03,104-0,ALL,SF-104,A,202405,37,5,7310
E1,M03,104-0,A,SF-104,A,202406,38,2,2530
E1,M03,104-0,B,SF-104,A,202406,38,1,1786
E1,M03,104-0,C,SF-104,A,202406,38,1,1488
E1,M03,104-0,D,SF-104,A,202406,38,1,1116
E1,M03,104-0,E,SF-104,A,202406,38,1,521
E1,M03,104-0,ALL,SF-104,A,202406,38,6,7440
E1,M03,104-0,A,SF-104,A,202407,39,2,2574
E1,M03,104-0,B,SF-104,A,202407,39,1,1817
E1,M03,104-0,C,SF-104,A,202407,39,2,1514
E1,M03,104-0,D,SF-104,A,202407,39,1,1136
E1,M03,104-0,E,SF-104,A,202407,39,3,530
E1,M03,104-0,ALL,SF-104,A,202407,39,9,7570
E1,M03,104-0,A,SF-104,A,202408,40,2,2618
E1,M03,104-0,B,SF-104,A,202408,40,4,1848
E1,M03,104-0,C,SF-104,A,202408,40,2,1540
E1,M03,104-0,D,SF-104,A,202408,40,3,1155
E1,M03,104-0,E,SF-104,A,202408,40,1,539
E1,M03,104-0,ALL,SF-104,A,202408,40,12,7700
E1,M03,104-0,A,SF-104,A,202409,41,2,2662
E1,M03,104-0,B,SF-104,A,202409,41,2,1879
E1,M03,104-0,C,SF-104,A,202409,41,2,1566
E1,M03,104-0,D,SF-104,A,202409,41,3,1174
E1,M03,104-0,E,SF-104,A,202409,41,0,548
E1,M03,104-0,ALL,SF-104,A,202409,41,9,7830
E1,M03,104-0,A,SF-104,A,202410,42,4,2706
E1,M03,104-0,B,SF-104,A,202410,42,3,1910
E1,M03,104-0,C,SF-104,A,202410,42,2,1592
E1,M03,104-0,D,SF-104,A,202410,42,4,1194
E1,M03,104-0,E,SF-104,A,202410,42,1,557
E1,M03,104-0,ALL,SF-104,A,202410,42,14,7960
E1,M03,104-0,A,SF-104,A,202411,43,1,2751
E1,M03,104-0,B,SF-104,A,202411,43,1,1942
E1,M03,104-0,C,SF-104,A,202411,43,0,1618
E1,M03,104-0,D,SF-104,A,202411,43,1,1214
E1,M03,104-0,E,SF-104,A,202411,43,1,566
E1,M03,104-0,ALL,SF-104,A,202411,43,4,8090
E1,M03,104-0,A,SF-104,A,202412,44,2,2795
E1,M03,104-0,B,SF-104,A,202412,44,1,1973
E1,M03,104-0,C,SF-104,A,202412,44,1,1644
E1,M03,104-0,D,SF-104,A,202412,44,1,1233
E1,M03,104-0,E,SF-104,A,202412,44,0,575
E1,M03,104-0,ALL,SF-104,A,202412,44,5,8220
E1,M03,105-0,A,SF-105,A,202104,0,1,850
E1,M03,105-0,ALL,SF-105,A,202104,0,1,2500
E1,M03,105-0,B,SF-105,A,202105,1,1,631
E1,M03,105-0,ALL,SF-105,A,202105,1,1,2630
E1,M03,105-0,A,SF-105,A,202106,2,0,938
E1,M03,105-0,B,SF-105,A,202106,2,0,662
E1,M03,105-0,C,SF-105,A,202106,2,0,552
E1,M03,105-0,D,SF-105,A,202106,2,0,414
E1,M03,105-0,ALL,SF-105,A,202106,2,0,2760
E1,M03,105-0,A,SF-105,A,202107,3,0,983
E1,M03,105-0,B,SF-105,A,202107,3,0,694
E1,M03,105-0,C,SF-105,A,202107,3,0,578
E1,M03,105-0,D,SF-105,A,202107,3,0,434
E1,M03,105-0,ALL,SF-105,A,202107,3,0,2890
E1,M03,105-0,A,SF-105,A,202108,4,0,1027
E1,M03,105-0,B,SF-105,A,202108,4,0,725
E1,M03,105-0,C,SF-105,A,202108,4,0,604
E1,M03,105-0,D,SF-105,A,202108,4,0,453
E1,M03,105-0,ALL,SF-105,A,202108,4,0,3020
E1,M03,105-0,A,SF-105,A,202109,5,1,1071
E1,M03,105-0,B,SF-105,A,202109,5,0,756
E1,M03,105-0,C,SF-105,A,202109,5,0,630
E1,M03,105-0,D,SF-105,A,202109,5,0,472
E1,M03,105-0,ALL,SF-105,A,202109,5,1,3150
E1,M03,105-0,A,SF-105,A,202110,6,0,1115
E1,M03,105-0,B,SF-105,A,202110,6,0,787
E1,M03,105-0,C,SF-105,A,202110,6,0,656
E1,M03,105-0,D,SF-105,A,202110,6,0,492
E1,M03,105-0,ALL,SF-105,A,202110,6,0,3280
E1,M03,105-0,A,SF-105,A,202111,7,1,1159
E1,M03,105-0,B,SF-105,A,202111,7,1,818
E1,M03,105-0,C,SF-105,A,202111,7,0,682
E1,M03,105-0,D,SF-105,A,202111,7,1,512
E1,M03,105-0,ALL,SF-105,A,202111,7,3,3410
E1,M03,105-0,A,SF-105,A,202112,8,0,1204
E1,M03,105-0,B,SF-105,A,202112,8,0,850
E1,M03,105-0,C,SF-105,A,202112,8,1,708
E1,M03,105-0,D,SF-105,A,202112,8,0,531
E1,M03,105-0,E,SF-105,A,202112,8,1,248
E1,M03,105-0,ALL,SF-105,A,202112,8,2,3540
E1,M03,105-0,A,SF-105,A,202201,9,1,1248
E1,M03,105-0,B,SF-105,A,202201,9,0,881
E1,M03,105-0,C,SF-105,A,202201,9,0,734
E1,M03,105-0,D,SF-105,A,202201,9,0,550
E1,M03,105-0,E,SF-105,A,202201,9,0,257
E1,M03,105-0,ALL,SF-105,A,202201,9,1,3670
E1,M03,105-0,A,SF-105,A,202202,10,1,1292
E1,M03,105-0,B,SF-105,A,202202,10,0,912
E1,M03,105-0,C,SF-105,A,202202,10,0,760
E1,M03,105-0,D,SF-105,A,202202,10,1,570
E1,M03,105-0,E,SF-105,A,202202,10,0,266
E1,M03,105-0,ALL,SF-105,A,202202,10,2,3800
E1,M03,105-0,A,SF-105,A,202203,11,0,1336
E1,M03,105-0,B,SF-105,A,202203,11,1,943
E1,M03,105-0,C,SF-105,A,202203,11,0,786
E1,M03,105-0,D,SF-105,A,202203,11,0,590
E1,M03,105-0,E,SF-105,A,202203,11,0,275
E1,M03,105-0,ALL,SF-105,A,202203,11,1,3930
E1,M03,105-0,A,SF-105,A,202204,12,0,1380
E1,M03,105-0,B,SF-105,A,202204,12,0,974
E1,M03,105-0,C,SF-105,A,202204,12,0,812
E1,M03,105-0,D,SF-105,A,202204,12,2,609
E1,M03,105-0,E,SF-105,A,202204,12,0,284
E1,M03,105-0,ALL,SF-105,A,202204,12,2,4060
E1,M03,105-0,A,SF-105,A,202205,13,0,1425
E1,M03,105-0,B,SF-105,A,202205,13,0,1006
E1,M03,105-0,C,SF-105,A,202205,13,0,838
E1,M03,105-0,D,SF-105,A,202205,13,0,628
E1,M03,105-0,E,SF-105,A,202205,13,0,293
E1,M03,105-0,ALL,SF-105,A,202205,13,0,4190
E1,M03,105-0,A,SF-105,A,202206,14,0,1469
E1,M03,105-0,B,SF-105,A,202206,14,1,1037
E1,M03,105-0,C,SF-105,A,202206,14,0,864
E1,M03,105-0,D,SF-105,A,202206,14,0,648
E1,M03,105-0,E,SF-105,A,202206,14,0,302
E1,M03,105-0,ALL,SF-105,A,202206,14,1,4320
E1,M03,105-0,A,SF-105,A,202207,15,1,1513
E1,M03,105-0,B,SF-105,A,202207,15,0,1068
E1,M03,105-0,C,SF-105,A,202207,15,0,890
E1,M03,105-0,D,SF-105,A,202207,15,0,668
E1,M03,105-0,E,SF-105,A,202207,15,0,312
E1,M03,105-0,ALL,SF-105,A,202207,15,1,4450
E1,M03,105-0,A,SF-105,A,202208,16,0,1557
E1,M03,105-0,B,SF-105,A,202208,16,0,1099
E1,M03,105-0,C,SF-105,A,202208,16,0,916
E1,M03,105-0,D,SF-105,A,202208,16,1,687
E1,M03,105-0,E,SF-105,A,202208,16,0,321
E1,M03,105-0,ALL,SF-105,A,202208,16,1,4580
E1,M03,105-0,A,SF-105,A,202209,17,0,1601
E1,M03,105-0,B,SF-105,A,202209,17,0,1130
E1,M03,105-0,C,SF-105,A,202209,17,0,942
E1,M03,105-0,D,SF-105,A,202209,17,0,706
E1,M03,105-0,E,SF-105,A,202209,17,0,330
E1,M03,105-0,ALL,SF-105,A,202209,17,0,4710
E1,M03,105-0,A,SF-105,A,202210,18,0,1646
E1,M03,105-0,B,SF-105,A,202210,18,0,1162
E1,M03,105-0,C,SF-105,A,202210,18,0,968
E1,M03,105-0,D,SF-105,A,202210,18,0,726
E1,M03,105-0,E,SF-105,A,202210,18,0,339
E1,M03,105-0,ALL,SF-105,A,202210,18,0,4840
E1,M03,105-0,A,SF-105,A,202211,19,1,1690
E1,M03,105-0,B,SF-105,A,202211,19,0,1193
E1,M03,105-0,C,SF-105,A,202211,19,0,994
E1,M03,105-0,D,SF-105,A,202211,19,1,746
E1,M03,105-0,E,SF-105,A,202211,19,0,348
E1,M03,105-0,ALL,SF-105,A,202211,19,2,4970
E1,M03,105-0,A,SF-105,A,202212,20,0,1734
E1,M03,105-0,B,SF-105,A,202212,20,0,1224
E1,M03,105-0,C,SF-105,A,202212,20,0,1020
E1,M03,105-0,D,SF-105,A,202212,20,0,765
E1,M03,105-0,E,SF-105,A,202212,20,0,357
E1,M03,105-0,ALL,SF-105,A,202212,20,0,5100
E1,M03,105-0,A,SF-105,A,202301,21,1,1778
E1,M03,105-0,B,SF-105,A,202301,21,0,1255
E1,M03,105-0,C,SF-105,A,202301,21,2,1046
E1,M03,105-0,D,SF-105,A,202301,21,0,784
E1,M03,105-0,E,SF-105,A,202301,21,1,366
E1,M03,105-0,ALL,SF-105,A,202301,21,4,5230
E1,M03,105-0,A,SF-105,A,202302,22,1,1822
E1,M03,105-0,B,SF-105,A,202302,22,1,1286
E1,M03,105-0,C,SF-105,A,202302,22,0,1072
E1,M03,105-0,D,SF-105,A,202302,22,0,804
E1,M03,105-0,E,SF-105,A,202302,22,0,375
E1,M03,105-0,ALL,SF-105,A,202302,22,2,5360
E1,M03,105-0,A,SF-105,A,202303,23,0,1867
E1,M03,105-0,B,SF-105,A,202303,23,0,1318
E1,M03,105-0,C,SF-105,A,202303,23,0,1098
E1,M03,105-0,D,SF-105,A,202303,23,0,824
E1,M03,105-0,E,SF-105,A,202303,23,0,384
E1,M03,105-0,ALL,SF-105,A,202303,23,0,5490
E1,M03,105-0,A,SF-105,A,202304,24,0,1911
E1,M03,105-0,B,SF-105,A,202304,24,0,1349
E1,M03,105-0,C,SF-105,A,202304,24,0,1124
E1,M03,105-0,D,SF-105,A,202304,24,1,843
E1,M03,105-0,E,SF-105,A,202304,24,0,393
E1,M03,105-0,ALL,SF-105,A,202304,24,1,5620
E1,M03,105-0,A,SF-105,A,202305,25,1,1955
E1,M03,105-0,B,SF-105,A,202305,25,0,1380
E1,M03,105-0,C,SF-105,A,202305,25,2,1150
E1,M03,105-0,D,SF-105,A,202305,25,0,862
E1,M03,105-0,E,SF-105,A,202305,25,0,403
E1,M03,105-0,ALL,SF-105,A,202305,25,3,5750
E1,M03,105-0,A,SF-105,A,202306,26,1,1999
E1,M03,105-0,B,SF-105,A,202306,26,0,1411
E1,M03,105-0,C,SF-105,A,202306,26,0,1176
E1,M03,105-0,D,SF-105,A,202306,26,0,882
E1,M03,105-0,E,SF-105,A,202306,26,0,412
E1,M03,105-0,ALL,SF-105,A,202306,26,1,5880
E1,M03,105-0,A,SF-105,A,202307,27,1,2043
E1,M03,105-0,B,SF-105,A,202307,27,0,1442
E1,M03,105-0,C,SF-105,A,202307,27,1,1202
E1,M03,105-0,D,SF-105,A,202307,27,1,902
E1,M03,105-0,E,SF-105,A,202307,27,0,421
E1,M03,105-0,ALL,SF-105,A,202307,27,3,6010
E1,M03,105-0,A,SF-105,A,202308,28,0,2088
E1,M03,105-0,B,SF-105,A,202308,28,1,1474
E1,M03,105-0,C,SF-105,A,202308,28,0,1228
E1,M03,105-0,D,SF-105,A,202308,28,0,921
E1,M03,105-0,E,SF-105,A,202308,28,0,430
E1,M03,105-0,ALL,SF-105,A,202308,28,1,6140
E1,M03,105-0,A,SF-105,A,202309,29,0,2132
E1,M03,105-0,B,SF-105,A,202309,29,2,1505
E1,M03,105-0,C,SF-105,A,202309,29,0,1254
E1,M03,105-0,D,SF-105,A,202309,29,0,940
E1,M03,105-0,E,SF-105,A,202309,29,0,439
E1,M03,105-0,ALL,SF-105,A,202309,29,2,6270
E1,M03,105-0,A,SF-105,A,202310,30,1,2176
E1,M03,105-0,B,SF-105,A,202310,30,1,1536
E1,M03,105-0,C,SF-105,A,202310,30,0,1280
E1,M03,105-0,D,SF-105,A,202310,30,0,960
E1,M03,105-0,E,SF-105,A,202310,30,0,448
E1,M03,105-0,ALL,SF-105,A,202310,30,2,6400
E1,M03,105-0,A,SF-105,A,202311,31,0,2220
E1,M03,105-0,B,SF-105,A,202311,31,1,1567
E1,M03,105-0,C,SF-105,A,202311,31,0,1306
E1,M03,105-0,D,SF-105,A,202311,31,0,980
E1,M03,105-0,E,SF-105,A,202311,31,0,457
E1,M03,105-0,ALL,SF-105,A,202311,31,1,6530
E1,M03,105-0,A,SF-105,A,202312,32,1,2264
E1,M03,105-0,B,SF-105,A,202312,32,1,1598
E1,M03,105-0,C,SF-105,A,202312,32,1,1332
E1,M03,105-0,D,SF-105,A,202312,32,0,999
E1,M03,105-0,E,SF-105,A,202312,32,0,466
E1,M03,105-0,ALL,SF-105,A,202312,32,3,6660
E1,M03,105-0,A,SF-105,A,202401,33,2,2309
E1,M03,105-0,B,SF-105,A,202401,33,1,1630
E1,M03,105-0,C,SF-105,A,202401,33,0,1358
E1,M03,105-0,D,SF-105,A,202401,33,3,1018
E1,M03,105-0,E,SF-105,A,202401,33,0,475
E1,M03,105-0,ALL,SF-105,A,202401,33,6,6790
E1,M03,105-0,A,SF-105,A,202402,34,0,2353
E1,M03,105-0,B,SF-105,A,202402,34,0,1661
E1,M03,105-0,C,SF-105,A,202402,34,0,1384
E1,M03,105-0,D,SF-105,A,202402,34,1,1038
E1,M03,105-0,E,SF-105,A,202402,34,0,484
E1,M03,105-0,ALL,SF-105,A,202402,34,1,6920
E1,M03,105-0,A,SF-105,A,202403,35,1,2397
E1,M03,105-0,B,SF-105,A,202403,35,0,1692
E1,M03,105-0,C,SF-105,A,202403,35,0,1410
E1,M03,105-0,D,SF-105,A,202403,35,0,1058
E1,M03,105-0,E,SF-105,A,202403,35,0,494
E1,M03,105-0,ALL,SF-105,A,202403,35,1,7050
E1,M03,105-0,A,SF-105,A,202404,36,1,2441
E1,M03,105-0,B,SF-105,A,202404,36,0,1723
E1,M03,105-0,C,SF-105,A,202404,36,0,1436
E1,M03,105-0,D,SF-105,A,202404,36,0,1077
E1,M03,105-0,E,SF-105,A,202404,36,0,503
E1,M03,105-0,ALL,SF-105,A,202404,36,1,7180
E1,M03,105-0,A,SF-105,A,202405,37,0,2485
E1,M03,105-0,B,SF-105,A,202405,37,0,1754
E1,M03,105-0,C,SF-105,A,202405,37,0,1462
E1,M03,105-0,D,SF-105,A,202405,37,0,1096
E1,M03,105-0,E,SF-105,A,202405,37,1,512
E1,M03,105-0,ALL,SF-105,A,202405,37,1,7310
E1,M03,105-0,A,SF-105,A,202406,38,0,2530
E1,M03,105-0,B,SF-105,A,202406,38,0,1786
E1,M03,105-0,C,SF-105,A,202406,38,0,1488
E1,M03,105-0,D,SF-105,A,202406,38,0,1116
E1,M03,105-0,E,SF-105,A,202406,38,2,521
E1,M03,105-0,ALL,SF-105,A,202406,38,2,7440
E1,M03,105-0,A,SF-105,A,202407,39,1,2574
E1,M03,105-0,B,SF-105,A,202407,39,2,1817
E1,M03,105-0,C,SF-105,A,202407,39,1,1514
E1,M03,105-0,D,SF-105,A,202407,39,0,1136
E1,M03,105-0,E,SF-105,A,202407,39,0,530
E1,M03,105-0,ALL,SF-105,A,202407,39,4,7570
E1,M03,105-0,A,SF-105,A,202408,40,0,2618
E1,M03,105-0,B,SF-105,A,202408,40,0,1848
E1,M03,105-0,C,SF-105,A,202408,40,0,1540
E1,M03,105-0,D,SF-105,A,202408,40,1,1155
E1,M03,105-0,E,SF-105,A,202408,40,1,539
E1,M03,105-0,ALL,SF-105,A,202408,40,2,7700
E1,M03,105-0,A,SF-105,A,202409,41,1,2662
E1,M03,105-0,B,SF-105,A,202409,41,0,1879
E1,M03,105-0,C,SF-105,A,202409,41,0,1566
E1,M03,105-0,D,SF-105,A,202409,41,0,1174
E1,M03,105-0,E,SF-105,A,202409,41,1,548
E1,M03,105-0,ALL,SF-105,A,202409,41,2,7830
E1,M03,105-0,A,SF-105,A,202410,42,0,2706
E1,M03,105-0,B,SF-105,A,202410,42,0,1910
E1,M03,105-0,C,SF-105,A,202410,42,0,1592
E1,M03,105-0,D,SF-105,A,202410,42,1,1194
E1,M03,105-0,E,SF-105,A,202410,42,0,557
E1,M03,105-0,ALL,SF-105,A,202410,42,1,7960
E1,M03,105-0,A,SF-105,A,202411,43,1,2751
E1,M03,105-0,B,SF-105,A,202411,43,1,1942
E1,M03,105-0,C,SF-105,A,202411,43,1,1618
E1,M03,105-0,D,SF-105,A,202411,43,0,1214
E1,M03,105-0,E,SF-105,A,202411,43,0,566
E1,M03,105-0,ALL,SF-105,A,202411,43,3,8090
E1,M03,105-0,A,SF-105,A,202412,44,1,2795
E1,M03,105-0,B,SF-105,A,202412,44,1,1973
E1,M03,105-0,C,SF-105,A,202412,44,0,1644
E1,M03,105-0,D,SF-105,A,202412,44,0,1233
E1,M03,105-0,E,SF-105,A,202412,44,0,575
E1,M03,105-0,ALL,SF-105,A,202412,44,2,8220
E1,M04,100-0,ALL,SF-100,A,202106,0,0,2500
E1,M04,100-0,A,SF-100,A,202107,1,2,894
E1,M04,100-0,C,SF-100,A,202107,1,2,526
E1,M04,100-0,D,SF-100,A,202107,1,2,394
E1,M04,100-0,ALL,SF-100,A,202107,1,6,2630
E1,M04,100-0,A,SF-100,A,202108,2,1,938
E1,M04,100-0,B,SF-100,A,202108,2,2,662
E1,M04,100-0,C,SF-100,A,202108,2,1,552
E1,M04,100-0,D,SF-100,A,202108,2,1,414
E1,M04,100-0,ALL,SF-100,A,202108,2,5,2760
E1,M04,100-0,A,SF-100,A,202109,3,0,983
E1,M04,100-0,B,SF-100,A,202109,3,0,694
E1,M04,100-0,C,SF-100,A,202109,3,2,578
E1,M04,100-0,D,SF-100,A,202109,3,0,434
E1,M04,100-0,ALL,SF-100,A,202109,3,2,2890
E1,M04,100-0,A,SF-100,A,202110,4,1,1027
E1,M04,100-0,B,SF-100,A,202110,4,2,725
E1,M04,100-0,C,SF-100,A,202110,4,0,604
E1,M04,100-0,D,SF-100,A,202110,4,0,453
E1,M04,100-0,ALL,SF-100,A,202110,4,3,3020
E1,M04,100-0,A,SF-100,A,202111,5,1,1071
E1,M04,100-0,B,SF-100,A,202111,5,0,756
E1,M04,100-0,C,SF-100,A,202111,5,1,630
E1,M04,100-0,D,SF-100,A,202111,5,0,472
E1,M04,100-0,ALL,SF-100,A,202111,5,2,3150
E1,M04,100-0,A,SF-100,A,202112,6,1,1115
E1,M04,100-0,B,SF-100,A,202112,6,0,787
E1,M04,100-0,C,SF-100,A,202112,6,0,656
E1,M04,100-0,D,SF-100,A,202112,6,0,492
E1,M04,100-0,ALL,SF-100,A,202112,6,1,3280
E1,M04,100-0,A,SF-100,A,202201,7,3,1159
E1,M04,100-0,B,SF-100,A,202201,7,1,818
E1,M04,100-0,C,SF-100,A,202201,7,1,682
E1,M04,100-0,D,SF-100,A,202201,7,0,512
E1,M04,100-0,ALL,SF-100,A,202201,7,5,3410
E1,M04,100-0,A,SF-100,A,202202,8,1,1204
E1,M04,100-0,B,SF-100,A,202202,8,0,850
E1,M04,100-0,C,SF-100,A,202202,8,1,708
E1,M04,100-0,D,SF-100,A,202202,8,1,531
E1,M04,100-0,E,SF-100,A,202202,8,1,248
E1,M04,100-0,ALL,SF-100,A,202202,8,4,3540
E1,M04,100-0,A,SF-100,A,202203,9,1,1248
E1,M04,100-0,B,SF-100,A,202203,9,1,881
E1,M04,100-0,C,SF-100,A,202203,9,3,734
E1,M04,100-0,D,SF-100,A,202203,9,1,550
E1,M04,100-0,E,SF-100,A,202203,9,0,257
E1,M04,100-0,ALL,SF-100,A,202203,9,6,3670
E1,M04,100-0,A,SF-100,A,202204,10,0,1292
E1,M04,100-0,B,SF-100,A,202204,10,3,912
E1,M04,100-0,C,SF-100,A,202204,10,0,760
E1,M04,100-0,D,SF-100,A,202204,10,1,570
E1,M04,100-0,E,SF-100,A,202204,10,3,266
E1,M04,100-0,ALL,SF-100,A,202204,10,7,3800
E1,M04,100-0,A,SF-100,A,202205,11,1,1336
E1,M04,100-0,B,SF-100,A,202205,11,1,943
E1,M04,100-0,C,SF-100,A,202205,11,1,786
E1,M04,100-0,D,SF-100,A,202205,11,0,590
E1,M04,100-0,E,SF-100,A,202205,11,0,275
E1,M04,100-0,ALL,SF-100,A,202205,11,3,3930
E1,M04,100-0,A,SF-100,A,202206,12,2,1380
E1,M04,100-0,B,SF-100,A,202206,12,3,974
E1,M04,100-0,C,SF-100,A,202206,12,1,812
E1,M04,100-0,D,SF-100,A,202206,12,1,609
E1,M04,100-0,E,SF-100,A,202206,12,1,284
E1,M04,100-0,ALL,SF-100,A,202206,12,8,4060
E1,M04,100-0,A,SF-100,A,202207,13,3,1425
E1,M04,100-0,B,SF-100,A,202207,13,2,1006
E1,M04,100-0,C,SF-100,A,202207,13,1,838
E1,M04,100-0,D,SF-100,A,202207,13,0,628
E1,M04,100-0,E,SF-100,A,202207,13,0,293
E1,M04,100-0,ALL,SF-100,A,202207,13,6,4190
E1,M04,100-0,A,SF-100,A,202208,14,3,1469
E1,M04,100-0,B,SF-100,A,202208,14,2,1037
E1,M04,100-0,C,SF-100,A,202208,14,1,864
E1,M04,100-0,D,SF-100,A,202208,14,2,648
E1,M04,100-0,E,SF-100,A,202208,14,0,302
E1,M04,100-0,ALL,SF-100,A,202208,14,8,4320
E1,M04,100-0,A,SF-100,A,202209,15,2,1513
E1,M04,100-0,B,SF-100,A,202209,15,0,1068
E1,M04,100-0,C,SF-100,A,202209,15,3,890
E1,M04,100-0,D,SF-100,A,202209,15,0,668
E1,M04,100-0,E,SF-100,A,202209,15,1,312
E1,M04,100-0,ALL,SF-100,A,202209,15,6,4450
E1,M04,100-0,A,SF-100,A,202210,16,2,1557
E1,M04,100-0,B,SF-100,A,202210,16,4,1099
E1,M04,100-0,C,SF-100,A,202210,16,2,916
E1,M04,100-0,D,SF-100,A,202210,16,1,687
E1,M04,100-0,E,SF-100,A,202210,16,0,321
E1,M04,100-0,ALL,SF-100,A,202210,16,9,4580
E1,M04,100-0,A,SF-100,A,202211,17,3,1601
E1,M04,100-0,B,SF-100,A,202211,17,0,1130
E1,M04,100-0,C,SF-100,A,202211,17,0,942
E1,M04,100-0,D,SF-100,A,202211,17,0,706
E1,M04,100-0,E,SF-100,A,202211,17,0,330
E1,M04,100-0,ALL,SF-100,A,202211,17,3,4710
E1,M04,100-0,A,SF-100,A,202212,18,4,1646
E1,M04,100-0,B,SF-100,A,202212,18,1,1162
E1,M04,100-0,C,SF-100,A,202212,18,1,968
E1,M04,100-0,D,SF-100,A,202212,18,1,726
E1,M04,100-0,E,SF-100,A,202212,18,0,339
E1,M04,100-0,ALL,SF-100,A,202212,18,7,4840
E1,M04,100-0,A,SF-100,A,202301,19,4,1690
E1,M04,100-0,B,SF-100,A,202301,19,2,1193
E1,M04,100-0,C,SF-100,A,202301,19,1,994
E1,M04,100-0,D,SF-100,A,202301,19,1,746
E1,M04,100-0,E,SF-100,A,202301,19,0,348
E1,M04,100-0,ALL,SF-100,A,202301,19,8,4970
E1,M04,100-0,A,SF-100,A,202302,20,3,1734
E1,M04,100-0,B,SF-100,A,202302,20,0,1224
E1,M04,100-0,C,SF-100,A,202302,20,1,1020
E1,M04,100-0,D,SF-100,A,202302,20,1,765
E1,M04,100-0,E,SF-100,A,202302,20,0,357
E1,M04,100-0,ALL,SF-100,A,202302,20,5,5100
E1,M04,100-0,A,SF-100,A,202303,21,2,1778
E1,M04,100-0,B,SF-100,A,202303,21,2,1255
E1,M04,100-0,C,SF-100,A,202303,21,2,1046
E1,M04,100-0,D,SF-100,A,202303,21,2,784
E1,M04,100-0,E,SF-100,A,202303,21,0,366
E1,M04,100-0,ALL,SF-100,A,202303,21,8,5230
E1,M04,100-0,A,SF-100,A,202304,22,1,1822
E1,M04,100-0,B,SF-100,A,202304,22,4,1286
E1,M04,100-0,C,SF-100,A,202304,22,2,1072
E1,M04,100-0,D,SF-100,A,202304,22,0,804
E1,M04,100-0,E,SF-100,A,202304,22,2,375
E1,M04,100-0,ALL,SF-100,A,202304,22,9,5360
E1,M04,100-0,A,SF-100,A,202305,23,5,1867
E1,M04,100-0,B,SF-100,A,202305,23,2,1318
E1,M04,100-0,C,SF-100,A,202305,23,3,1098
E1,M04,100-0,D,SF-100,A,202305,23,0,824
E1,M04,100-0,E,SF-100,A,202305,23,0,384
E1,M04,100-0,ALL,SF-100,A,202305,23,10,5490
E1,M04,100-0,A,SF-100,A,202306,24,5,1911
E1,M04,100-0,B,SF-100,A,202306,24,2,1349
E1,M04,100-0,C,SF-100,A,202306,24,0,1124
E1,M04,100-0,D,SF-100,A,202306,24,1,843
E1,M04,100-0,E,SF-100,A,202306,24,2,393
E1,M04,100-0,ALL,SF-100,A,202306,24,10,5620
E1,M04,100-0,A,SF-100,A,202307,25,3,1955
E1,M04,100-0,B,SF-100,A,202307,25,3,1380
E1,M04,100-0,C,SF-100,A,202307,25,0,1150
E1,M04,100-0,D,SF-100,A,202307,25,0,862
E1,M04,100-0,E,SF-100,A,202307,25,0,403
E1,M04,100-0,ALL,SF-100,A,202307,25,6,5750
E1,M04,100-0,A,SF-100,A,202308,26,4,1999
E1,M04,100-0,B,SF-100,A,202308,26,4,1411
E1,M04,100-0,C,SF-100,A,202308,26,1,1176
E1,M04,100-0,D,SF-100,A,202308,26,0,882
E1,M04,100-0,E,SF-100,A,202308,26,0,412
E1,M04,100-0,ALL,SF-100,A,202308,26,9,5880
E1,M04,100-0,A,SF-100,A,202309,27,1,2043
E1,M04,100-0,B,SF-100,A,202309,27,2,1442
E1,M04,100-0,C,SF-100,A,202309,27,3,1202
E1,M04,100-0,D,SF-100,A,202309,27,0,902
E1,M04,100-0,E,SF-100,A,202309,27,0,421
E1,M04,100-0,ALL,SF-100,A,202309,27,6,6010
E1,M04,100-0,A,SF-100,A,202310,28,2,2088
E1,M04,100-0,B,SF-100,A,202310,28,2,1474
E1,M04,100-0,C,SF-100,A,202310,28,1,1228
E1,M04,100-0,D,SF-100,A,202310,28,0,921
E1,M04,100-0,E,SF-100,A,202310,28,0,430
E1,M04,100-0,ALL,SF-100,A,202310,28,5,6140
E1,M04,100-0,A,SF-100,A,202311,29,4,2132
E1,M04,100-0,B,SF-100,A,202311,29,2,1505
E1,M04,100-0,C,SF-100,A,202311,29,2,1254
E1,M04,100-0,D,SF-100,A,202311,29,0,940
E1,M04,100-0,E,SF-100,A,202311,29,0,439
E1,M04,100-0,ALL,SF-100,A,202311,29,8,6270
E1,M04,100-0,A,SF-100,A,202312,30,1,2176
E1,M04,100-0,B,SF-100,A,202312,30,1,1536
E1,M04,100-0,C,SF-100,A,202312,30,2,1280
E1,M04,100-0,D,SF-100,A,202312,30,0,960
E1,M04,100-0,E,SF-100,A,202312,30,0,448
E1,M04,100-0,ALL,SF-100,A,202312,30,4,6400
E1,M04,100-0,A,SF-100,A,202401,31,1,2220
E1,M04,100-0,B,SF-100,A,202401,31,2,1567
E1,M04,100-0,C,SF-100,A,202401,31,2,1306
E1,M04,100-0,D,SF-100,A,202401,31,2,980
E1,M04,100-0,E,SF-100,A,202401,31,3,457
E1,M04,100-0,ALL,SF-100,A,202401,31,10,6530
E1,M04,100-0,A,SF-100,A,202402,32,2,2264
E1,M04,100-0,B,SF-100,A,202402,32,1,1598
E1,M04,100-0,C,SF-100,A,202402,32,4,1332
E1,M04,100-0,D,SF-100,A,202402,32,2,999
E1,M04,100-0,E,SF-100,A,202402,32,0,466
E1,M04,100-0,ALL,SF-100,A,202402,32,9,6660
E1,M04,100-0,A,SF-100,A,202403,33,6,2309
E1,M04,100-0,B,SF-100,A,202403,33,0,1630
E1,M04,100-0,C,SF-100,A,202403,33,1,1358
E1,M04,100-0,D,SF-100,A,202403,33,3,1018
E1,M04,100-0,E,SF-100,A,202403,33,1,475
E1,M04,100-0,ALL,SF-100,A,202403,33,11,6790
E1,M04,100-0,A,SF-100,A,202404,34,4,2353
E1,M04,100-0,B,SF-100,A,202404,34,2,1661
E1,M04,100-0,C,SF-100,A,202404,34,3,1384
E1,M04,100-0,D,SF-100,A,202404,34,2,1038
E1,M04,100-0,E,SF-100,A,202404,34,0,484
E1,M04,100-0,ALL,SF-100,A,202404,34,11,6920
E1,M04,100-0,A,SF-100,A,202405,35,2,2397
E1,M04,100-0,B,SF-100,A,202405,35,2,1692
E1,M04,100-0,C,SF-100,A,202405,35,1,1410
E1,M04,100-0,D,SF-100,A,202405,35,1,1058
E1,M04,100-0,E,SF-100,A,202405,35,1,494
E1,M04,100-0,ALL,SF-100,A,202405,35,7,7050
E1,M04,100-0,A,SF-100,A,202406,36,2,2441
E1,M04,100-0,B,SF-100,A,202406,36,3,1723
E1,M04,100-0,C,SF-100,A,202406,36,2,1436
E1,M04,100-0,D,SF-100,A,202406,36,1,1077
E1,M04,100-0,E,SF-100,A,202406,36,1,503
E1,M04,100-0,ALL,SF-100,A,202406,36,9,7180
E1,M04,100-0,A,SF-100,A,202407,37,2,2485
E1,M04,100-0,B,SF-100,A,202407,37,4,1754
E1,M04,100-0,C,SF-100,A,202407,37,1,1462
E1,M04,100-0,D,SF-100,A,202407,37,1,1096
E1,M04,100-0,E,SF-100,A,202407,37,1,512
E1,M04,100-0,ALL,SF-100,A,202407,37,9,7310
E1,M04,100-0,A,SF-100,A,202408,38,3,2530
E1,M04,100-0,B,SF-100,A,202408,38,1,1786
E1,M04,100-0,C,SF-100,A,202408,38,1,1488
E1,M04,100-0,D,SF-100,A,202408,38,1,1116
E1,M04,100-0,E,SF-100,A,202408,38,1,521
E1,M04,100-0,ALL,SF-100,A,202408,38,7,7440
E1,M04,100-0,A,SF-100,A,202409,39,0,2574
E1,M04,100-0,B,SF-100,A,202409,39,2,1817
E1,M04,100-0,C,SF-100,A,202409,39,1,1514
E1,M04,100-0,D,SF-100,A,202409,39,1,1136
E1,M04,100-0,E,SF-100,A,202409,39,3,530
E1,M04,100-0,ALL,SF-100,A,202409,39,7,7570
E1,M04,100-0,A,SF-100,A,202410,40,2,2618
E1,M04,100-0,B,SF-100,A,202410,40,1,1848
E1,M04,100-0,C,SF-100,A,202410,40,3,1540
E1,M04,100-0,D,SF-100,A,202410,40,1,1155
E1,M04,100-0,E,SF-100,A,202410,40,1,539
E1,M04,100-0,ALL,SF-100,A,202410,40,8,7700
E1,M04,100-0,A,SF-100,A,202411,41,1,2662
E1,M04,100-0,B,SF-100,A,202411,41,1,1879
E1,M04,100-0,C,SF-100,A,202411,41,1,1566
E1,M04,100-0,D,SF-100,A,202411,41,1,1174
E1,M04,100-0,E,SF-100,A,202411,41,0,548
E1,M04,100-0,ALL,SF-100,A,202411,41,4,7830
E1,M04,100-0,A,SF-100,A,202412,42,2,2706
E1,M04,100-0,B,SF-100,A,202412,42,2,1910
E1,M04,100-0,C,SF-100,A,202412,42,1,1592
E1,M04,100-0,D,SF-100,A,202412,42,3,1194
E1,M04,100-0,E,SF-100,A,202412,42,0,557
E1,M04,100-0,ALL,SF-100,A,202412,42,8,7960
E1,M04,101-0,A,SF-101,A,202106,0,2,850
E1,M04,101-0,ALL,SF-101,A,202106,0,2,2500
E1,M04,101-0,B,SF-101,A,202107,1,1,631
E1,M04,101-0,C,SF-101,A,202107,1,1,526
E1,M04,101-0,ALL,SF-101,A,202107,1,2,2630
E1,M04,101-0,A,SF-101,A,202108,2,1,938
E1,M04,101-0,B,SF-101,A,202108,2,0,662
E1,M04,101-0,C,SF-101,A,202108,2,0,552
E1,M04,101-0,D,SF-101,A,202108,2,2,414
E1,M04,101-0,ALL,SF-101,A,202108,2,3,2760
E1,M04,101-0,A,SF-101,A,202109,3,3,983
E1,M04,101-0,B,SF-101,A,202109,3,2,694
E1,M04,101-0,C,SF-101,A,202109,3,0,578
E1,M04,101-0,D,SF-101,A,202109,3,2,434
E1,M04,101-0,ALL,SF-101,A,202109,3,7,2890
E1,M04,101-0,A,SF-101,A,202110,4,0,1027
E1,M04,101-0,B,SF-101,A,202110,4,0,725
E1,M04,101-0,C,SF-101,A,202110,4,1,604
E1,M04,101-0,D,SF-101,A,202110,4,2,453
E1,M04,101-0,ALL,SF-101,A,202110,4,3,3020
E1,M04,101-0,A,SF-101,A,202111,5,1,1071
E1,M04,101-0,B,SF-101,A,202111,5,0,756
E1,M04,101-0,C,SF-101,A,202111,5,0,630
E1,M04,101-0,D,SF-101,A,202111,5,0,472
E1,M04,101-0,ALL,SF-101,A,202111,5,1,3150
E1,M04,101-0,A,SF-101,A,202112,6,3,1115
E1,M04,101-0,B,SF-101,A,202112,6,1,787
E1,M04,101-0,C,SF-101,A,202112,6,0,656
E1,M04,101-0,D,SF-101,A,202112,6,1,492
E1,M04,101-0,ALL,SF-101,A,202112,6,5,3280
E1,M04,101-0,A,SF-101,A,202201,7,1,1159
E1,M04,101-0,B,SF-101,A,202201,7,0,818
E1,M04,101-0,C,SF-101,A,202201,7,1,682
E1,M04,101-0,D,SF-101,A,202201,7,1,512
E1,M04,101-0,ALL,SF-101,A,202201,7,3,3410
E1,M04,101-0,A,SF-101,A,202202,8,0,1204
E1,M04,101-0,B,SF-101,A,202202,8,1,850
E1,M04,101-0,C,SF-101,A,202202,8,1,708
E1,M04,101-0,D,SF-101,A,202202,8,0,531
E1,M04,101-0,E,SF-101,A,202202,8,0,248
E1,M04,101-0,ALL,SF-101,A,202202,8,2,3540
E1,M04,101-0,A,SF-101,A,202203,9,2,1248
E1,M04,101-0,B,SF-101,A,202203,9,1,881
E1,M04,101-0,C,SF-101,A,202203,9,1,734
E1,M04,101-0,D,SF-101,A,202203,9,0,550
E1,M04,101-0,E,SF-101,A,202203,9,1,257
E1,M04,101-0,ALL,SF-101,A,202203,9,5,3670
E1,M04,101-0,A,SF-101,A,202204,10,2,1292
E1,M04,101-0,B,SF-101,A,202204,10,0,912
E1,M04,101-0,C,SF-101,A,202204,10,0,760
E1,M04,101-0,D,SF-101,A,202204,10,0,570
E1,M04,101-0,E,SF-101,A,202204,10,0,266
E1,M04,101-0,ALL,SF-101,A,202204,10,2,3800
E1,M04,101-0,A,SF-101,A,202205,11,1,1336
E1,M04,101-0,B,SF-101,A,202205,11,1,943
E1,M04,101-0,C,SF-101,A,202205,11,1,786
E1,M04,101-0,D,SF-101,A,202205,11,0,590
E1,M04,101-0,E,SF-101,A,202205,11,0,275
E1,M04,101-0,ALL,SF-101,A,202205,11,3,3930
E1,M04,101-0,A,SF-101,A,202206,12,1,1380
E1,M04,101-0,B,SF-101,A,202206,12,1,974
E1,M04,101-0,C,SF-101,A,202206,12,0,812
E1,M04,101-0,D,SF-101,A,202206,12,0,609
E1,M04,101-0,E,SF-101,A,202206,12,0,284
E1,M04,101-0,ALL,SF-101,A,202206,12,2,4060
E1,M04,101-0,A,SF-101,A,202207,13,1,1425
E1,M04,101-0,B,SF-101,A,202207,13,2,1006
E1,M04,101-0,C,SF-101,A,202207,13,0,838
E1,M04,101-0,D,SF-101,A,202207,13,0,628
E1,M04,101-0,E,SF-101,A,202207,13,1,293
E1,M04,101-0,ALL,SF-101,A,202207,13,4,4190
E1,M04,101-0,A,SF-101,A,202208,14,1,1469
E1,M04,101-0,B,SF-101,A,202208,14,1,1037
E1,M04,101-0,C,SF-101,A,202208,14,3,864
E1,M04,101-0,D,SF-101,A,202208,14,1,648
E1,M04,101-0,E,SF-101,A,202208,14,0,302
E1,M04,101-0,ALL,SF-101,A,202208,14,6,4320
E1,M04,101-0,A,SF-101,A,202209,15,0,1513
E1,M04,101-0,B,SF-101,A,202209,15,0,1068
E1,M04,101-0,C,SF-101,A,202209,15,0,890
E1,M04,101-0,D,SF-101,A,202209,15,1,668
E1,M04,101-0,E,SF-101,A,202209,15,1,312
E1,M04,101-0,ALL,SF-101,A,202209,15,2,4450
E1,M04,101-0,A,SF-101,A,202210,16,3,1557
E1,M04,101-0,B,SF-101,A,202210,16,0,1099
E1,M04,101-0,C,SF-101,A,202210,16,0,916
E1,M04,101-0,D,SF-101,A,202210,16,0,687
E1,M04,101-0,E,SF-101,A,202210,16,0,321
E1,M04,101-0,ALL,SF-101,A,202210,16,3,4580
E1,M04,101-0,A,SF-101,A,202211,17,1,1601
E1,M04,101-0,B,SF-101,A,202211,17,1,1130
E1,M04,101-0,C,SF-101,A,202211,17,0,942
E1,M04,101-0,D,SF-101,A,202211,17,0,706
E1,M04,101-0,E,SF-101,A,202211,17,1,330
E1,M04,101-0,ALL,SF-101,A,202211,17,3,4710
E1,M04,101-0,A,SF-101,A,202212,18,2,1646
E1,M04,101-0,B,SF-101,A,202212,18,2,1162
E1,M04,101-0,C,SF-101,A,202212,18,1,968
E1,M04,101-0,D,SF-101,A,202212,18,1,726
E1,M04,101-0,E,SF-101,A,202212,18,0,339
E1,M04,101-0,ALL,SF-101,A,202212,18,6,4840
E1,M04,101-0,A,SF-101,A,202301,19,0,1690
E1,M04,101-0,B,SF-101,A,202301,19,2,1193
E1,M04,101-0,C,SF-101,A,202301,19,0,994
E1,M04,101-0,D,SF-101,A,202301,19,1,746
E1,M04,101-0,E,SF-101,A,202301,19,1,348
E1,M04,101-0,ALL,SF-101,A,202301,19,4,4970
E1,M04,101-0,A,SF-101,A,202302,20,4,1734
E1,M04,101-0,B,SF-101,A,202302,20,1,1224
E1,M04,101-0,C,SF-101,A,202302,20,2,1020
E1,M04,101-0,D,SF-101,A,202302,20,0,765
E1,M04,101-0,E,SF-101,A,202302,20,0,357
E1,M04,101-0,ALL,SF-101,A,202302,20,7,5100
E1,M04,101-0,A,SF-101,A,202303,21,2,1778
E1,M04,101-0,B,SF-101,A,202303,21,2,1255
E1,M04,101-0,C,SF-101,A,202303,21,4,1046
E1,M04,101-0,D,SF-101,A,202303,21,0,784
E1,M04,101-0,E,SF-101,A,202303,21,0,366
E1,M04,101-0,ALL,SF-101,A,202303,21,8,5230
E1,M04,101-0,A,SF-101,A,202304,22,1,1822
E1,M04,101-0,B,SF-101,A,202304,22,4,1286
E1,M04,101-0,C,SF-101,A,202304,22,0,1072
E1,M04,101-0,D,SF-101,A,202304,22,2,804
E1,M04,101-0,E,SF-101,A,202304,22,1,375
E1,M04,101-0,ALL,SF-101,A,202304,22,8,5360
E1,M04,101-0,A,SF-101,A,202305,23,1,1867
E1,M04,101-0,B,SF-101,A,202305,23,0,1318
E1,M04,101-0,C,SF-101,A,202305,23,1,1098
E1,M04,101-0,D,SF-101,A,202305,23,1,824
E1,M04,101-0,E,SF-101,A,202305,23,1,384
E1,M04,101-0,ALL,SF-101,A,202305,23,4,5490
E1,M04,101-0,A,SF-101,A,202306,24,1,1911
E1,M04,101-0,B,SF-101,A,202306,24,3,1349
E1,M04,101-0,C,SF-101,A,202306,24,0,1124
E1,M04,101-0,D,SF-101,A,202306,24,1,843
E1,M04,101-0,E,SF-101,A,202306,24,0,393
E1,M04,101-0,ALL,SF-101,A,202306,24,5,5620
E1,M04,101-0,A,SF-101,A,202307,25,2,1955
E1,M04,101-0,B,SF-101,A,202307,25,1,1380
E1,M04,101-0,C,SF-101,A,202307,25,2,1150
E1,M04,101-0,D,SF-101,A,202307,25,0,862
E1,M04,101-0,E,SF-101,A,202307,25,0,403
E1,M04,101-0,ALL,SF-101,A,202307,25,5,5750
E1,M04,101-0,A,SF-101,A,202308,26,2,1999
E1,M04,101-0,B,SF-101,A,202308,26,2,1411
E1,M04,101-0,C,SF-101,A,202308,26,0,1176
E1,M04,101-0,D,SF-101,A,202308,26,2,882
E1,M04,101-0,E,SF-101,A,202308,26,0,412
E1,M04,101-0,ALL,SF-101,A,202308,26,6,5880
E1,M04,101-0,A,SF-101,A,202309,27,2,2043
E1,M04,101-0,B,SF-101,A,202309,27,1,1442
E1,M04,101-0,C,SF-101,A,202309,27,1,1202
E1,M04,101-0,D,SF-101,A,202309,27,1,902
E1,M04,101-0,E,SF-101,A,202309,27,0,421
E1,M04,101-0,ALL,SF-101,A,202309,27,5,6010
E1,M04,101-0,A,SF-101,A,202310,28,0,2088
E1,M04,101-0,B,SF-101,A,202310,28,0,1474
E1,M04,101-0,C,SF-101,A,202310,28,1,1228
E1,M04,101-0,D,SF-101,A,202310,28,2,921
E1,M04,101-0,E,SF-101,A,202310,28,0,430
E1,M04,101-0,ALL,SF-101,A,202310,28,3,6140
E1,M04,101-0,A,SF-101,A,202311,29,0,2132
E1,M04,101-0,B,SF-101,A,202311,29,3,1505
E1,M04,101-0,C,SF-101,A,202311,29,0,1254
E1,M04,101-0,D,SF-101,A,202311,29,0,940
E1,M04,101-0,E,SF-101,A,202311,29,0,439
E1,M04,101-0,ALL,SF-101,A,202311,29,3,6270
E1,M04,101-0,A,SF-101,A,202312,30,0,2176
E1,M04,101-0,B,SF-101,A,202312,30,1,1536
E1,M04,101-0,C,SF-101,A,202312,30,1,1280
E1,M04,101-0,D,SF-101,A,202312,30,0,960
E1,M04,101-0,E,SF-101,A,202312,30,0,448
E1,M04,101-0,ALL,SF-101,A,202312,30,2,6400
E1,M04,101-0,A,SF-101,A,202401,31,2,2220
E1,M04,101-0,B,SF-101,A,202401,31,2,1567
E1,M04,101-0,C,SF-101,A,202401,31,2,1306
E1,M04,101-0,D,SF-101,A,202401,31,1,980
E1,M04,101-0,E,SF-101,A,202401,31,0,457
E1,M04,101-0,ALL,SF-101,A,202401,31,7,6530
E1,M04,101-0,A,SF-101,A,202402,32,0,2264
E1,M04,101-0,B,SF-101,A,202402,32,0,1598
E1,M04,101-0,C,SF-101,A,202402,32,2,1332
E1,M04,101-0,D,SF-101,A,202402,32,2,999
E1,M04,101-0,E,SF-101,A,202402,32,1,466
E1,M04,101-0,ALL,SF-101,A,202402,32,5,6660
E1,M04,101-0,A,SF-101,A,202403,33,1,2309
E1,M04,101-0,B,SF-101,A,202403,33,1,1630
E1,M04,101-0,C,SF-101,A,202403,33,1,1358
E1,M04,101-0,D,SF-101,A,202403,33,0,1018
E1,M04,101-0,E,SF-101,A,202403,33,1,475
E1,M04,101-0,ALL,SF-101,A,202403,33,4,6790
E1,M04,101-0,A,SF-101,A,202404,34,3,2353
E1,M04,101-0,B,SF-101,A,202404,34,0,1661
E1,M04,101-0,C,SF-101,A,202404,34,0,1384
E1,M04,101-0,D,SF-101,A,202404,34,1,1038
E1,M04,101-0,E,SF-101,A,202404,34,1,484
E1,M04,101-0,ALL,SF-101,A,202404,34,5,6920
E1,M04,101-0,A,SF-101,A,202405,35,3,2397
E1,M04,101-0,B,SF-101,A,202405,35,2,1692
E1,M04,101-0,C,SF-101,A,202405,35,1,1410
E1,M04,101-0,D,SF-101,A,202405,35,1,1058
E1,M04,101-0,E,SF-101,A,202405,35,0,494
E1,M04,101-0,ALL,SF-101,A,202405,35,7,7050
E1,M04,101-0,A,SF-101,A,202406,36,3,2441
E1,M04,101-0,B,SF-101,A,202406,36,3,1723
E1,M04,101-0,C,SF-101,A,202406,36,1,1436
E1,M04,101-0,D,SF-101,A,202406,36,2,1077
E1,M04,101-0,E,SF-101,A,202406,36,0,503
E1,M04,101-0,ALL,SF-101,A,202406,36,9,7180
E1,M04,101-0,A,SF-101,A,202407,37,3,2485
E1,M04,101-0,B,SF-101,A,202407,37,4,1754
E1,M04,101-0,C,SF-101,A,202407,37,3,1462
E1,M04,101-0,D,SF-101,A,202407,37,2,1096
E1,M04,101-0,E,SF-101,A,202407,37,1,512
E1,M04,101-0,ALL,SF-101,A,202407,37,13,7310
E1,M04,101-0,A,SF-101,A,202408,38,4,2530
E1,M04,101-0,B,SF-101,A,202408,38,1,1786
E1,M04,101-0,C,SF-101,A,202408,38,2,1488
E1,M04,101-0,D,SF-101,A,202408,38,0,1116
E1,M04,101-0,E,SF-101,A,202408,38,0,521
E1,M04,101-0,ALL,SF-101,A,202408,38,7,7440
E1,M04,101-0,A,SF-101,A,202409,39,3,2574
E1,M04,101-0,B,SF-101,A,202409,39,0,1817
E1,M04,101-0,C,SF-101,A,202409,39,5,1514
E1,M04,101-0,D,SF-101,A,202409,39,1,1136
E1,M04,101-0,E,SF-101,A,202409,39,1,530
E1,M04,101-0,ALL,SF-101,A,202409,39,10,7570
E1,M04,101-0,A,SF-101,A,202410,40,1,2618
E1,M04,101-0,B,SF-101,A,202410,40,1,1848
E1,M04,101-0,C,SF-101,A,202410,40,1,1540
E1,M04,101-0,D,SF-101,A,202410,40,2,1155
E1,M04,101-0,E,SF-101,A,202410,40,0,539
E1,M04,101-0,ALL,SF-101,A,202410,40,5,7700
E1,M04,101-0,A,SF-101,A,202411,41,4,2662
E1,M04,101-0,B,SF-101,A,202411,41,1,1879
E1,M04,101-0,C,SF-101,A,202411,41,1,1566
E1,M04,101-0,D,SF-101,A,202411,41,0,1174
E1,M04,101-0,E,SF-101,A,202411,41,2,548
E1,M04,101-0,ALL,SF-101,A,202411,41,8,7830
E1,M04,101-0,A,SF-101,A,202412,42,2,2706
E1,M04,101-0,B,SF-101,A,202412,42,0,1910
E1,M04,101-0,C,SF-101,A,202412,42,2,1592
E1,M04,101-0,D,SF-101,A,202412,42,0,1194
E1,M04,101-0,E,SF-101,A,202412,42,1,557
E1,M04,101-0,ALL,SF-101,A,202412,42,5,7960
E1,M04,102-0,A,SF-102,A,202106,0,1,850
E1,M04,102-0,B,SF-102,A,202106,0,1,600
E1,M04,102-0,C,SF-102,A,202106,0,1,500
E1,M04,102-0,ALL,SF-102,A,202106,0,3,2500
E1,M04,102-0,A,SF-102,A,202107,1,2,894
E1,M04,102-0,B,SF-102,A,202107,1,1,631
E1,M04,102-0,C,SF-102,A,202107,1,1,526
E1,M04,102-0,ALL,SF-102,A,202107,1,4,2630
E1,M04,102-0,A,SF-102,A,202108,2,0,938
E1,M04,102-0,B,SF-102,A,202108,2,1,662
E1,M04,102-0,C,SF-102,A,202108,2,0,552
E1,M04,102-0,D,SF-102,A,202108,2,2,414
E1,M04,102-0,ALL,SF-102,A,202108,2,3,2760
E1,M04,102-0,A,SF-102,A,202109,3,2,983
E1,M04,102-0,B,SF-102,A,202109,3,1,694
E1,M04,102-0,C,SF-102,A,202109,3,0,578
E1,M04,102-0,D,SF-102,A,202109,3,0,434
E1,M04,102-0,ALL,SF-102,A,202109,3,3,2890
E1,M04,102-0,A,SF-102,A,202110,4,1,1027
E1,M04,102-0,B,SF-102,A,202110,4,0,725
E1,M04,102-0,C,SF-102,A,202110,4,0,604
E1,M04,102-0,D,SF-102,A,202110,4,1,453
E1,M04,102-0,ALL,SF-102,A,202110,4,2,3020
E1,M04,102-0,A,SF-102,A,202111,5,2,1071
E1,M04,102-0,B,SF-102,A,202111,5,0,756
E1,M04,102-0,C,SF-102,A,202111,5,1,630
E1,M04,102-0,D,SF-102,A,202111,5,0,472
E1,M04,102-0,ALL,SF-102,A,202111,5,3,3150
E1,M04,102-0,A,SF-102,A,202112,6,1,1115
E1,M04,102-0,B,SF-102,A,202112,6,1,787
E1,M04,102-0,C,SF-102,A,202112,6,2,656
E1,M04,102-0,D,SF-102,A,202112,6,0,492
E1,M04,102-0,ALL,SF-102,A,202112,6,4,3280
E1,M04,102-0,A,SF-102,A,202201,7,1,1159
E1,M04,102-0,B,SF-102,A,202201,7,2,818
E1,M04,102-0,C,SF-102,A,202201,7,3,682
E1,M04,102-0,D,SF-102,A,202201,7,1,512
E1,M04,102-0,ALL,SF-102,A,202201,7,7,3410
E1,M04,102-0,A,SF-102,A,202202,8,3,1204
E1,M04,102-0,B,SF-102,A,202202,8,1,850
E1,M04,102-0,C,SF-102,A,202202,8,0,708
E1,M04,102-0,D,SF-102,A,202202,8,0,531
E1,M04,102-0,E,SF-102,A,202202,8,0,248
E1,M04,102-0,ALL,SF-102,A,202202,8,4,3540
E1,M04,102-0,A,SF-102,A,202203,9,1,1248
E1,M04,102-0,B,SF-102,A,202203,9,2,881
E1,M04,102-0,C,SF-102,A,202203,9,0,734
E1,M04,102-0,D,SF-102,A,202203,9,0,550
E1,M04,102-0,E,SF-102,A,202203,9,0,257
E1,M04,102-0,ALL,SF-102,A,202203,9,3,3670
E1,M04,102-0,A,SF-102,A,202204,10,1,1292
E1,M04,102-0,B,SF-102,A,202204,10,1,912
E1,M04,102-0,C,SF-102,A,202204,10,1,760
E1,M04,102-0,D,SF-102,A,202204,10,1,570
E1,M04,102-0,E,SF-102,A,202204,10,0,266
E1,M04,102-0,ALL,SF-102,A,202204,10,4,3800
E1,M04,102-0,A,SF-102,A,202205,11,2,1336
E1,M04,102-0,B,SF-102,A,202205,11,1,943
E1,M04,102-0,C,SF-102,A,202205,11,0,786
E1,M04,102-0,D,SF-102,A,202205,11,0,590
E1,M04,102-0,E,SF-102,A,202205,11,0,275
E1,M04,102-0,ALL,SF-102,A,202205,11,3,3930
E1,M04,102-0,A,SF-102,A,202206,12,0,1380
E1,M04,102-0,B,SF-102,A,202206,12,2,974
E1,M04,102-0,C,SF-102,A,202206,12,1,812
E1,M04,102-0,D,SF-102,A,202206,12,0,609
E1,M04,102-0,E,SF-102,A,202206,12,0,284
E1,M04,102-0,ALL,SF-102,A,202206,12,3,4060
E1,M04,102-0,A,SF-102,A,202207,13,0,1425
E1,M04,102-0,B,SF-102,A,202207,13,0,1006
E1,M04,102-0,C,SF-102,A,202207,13,0,838
E1,M04,102-0,D,SF-102,A,202207,13,0,628
E1,M04,102-0,E,SF-102,A,202207,13,0,293
E1,M04,102-0,ALL,SF-102,A,202207,13,0,4190
E1,M04,102-0,A,SF-102,A,202208,14,0,1469
E1,M04,102-0,B,SF-102,A,202208,14,1,1037
E1,M04,102-0,C,SF-102,A,202208,14,2,864
E1,M04,102-0,D,SF-102,A,202208,14,1,648
E1,M04,102-0,E,SF-102,A,202208,14,0,302
E1,M04,102-0,ALL,SF-102,A,202208,14,4,4320
E1,M04,102-0,A,SF-102,A,202209,15,3,1513
E1,M04,102-0,B,SF-102,A,202209,15,1,1068
E1,M04,102-0,C,SF-102,A,202209,15,1,890
E1,M04,102-0,D,SF-102,A,202209,15,0,668
E1,M04,102-0,E,SF-102,A,202209,15,0,312
E1,M04,102-0,ALL,SF-102,A,202209,15,5,4450
E1,M04,102-0,A,SF-102,A,202210,16,4,1557
E1,M04,102-0,B,SF-102,A,202210,16,3,1099
E1,M04,102-0,C,SF-102,A,202210,16,1,916
E1,M04,102-0,D,SF-102,A,202210,16,1,687
E1,M04,102-0,E,SF-102,A,202210,16,1,321
E1,M04,102-0,ALL,SF-102,A,202210,16,10,4580
E1,M04,102-0,A,SF-102,A,202211,17,2,1601
E1,M04,102-0,B,SF-102,A,202211,17,1,1130
E1,M04,102-0,C,SF-102,A,202211,17,4,942
E1,M04,102-0,D,SF-102,A,202211,17,0,706
E1,M04,102-0,E,SF-102,A,202211,17,0,330
E1,M04,102-0,ALL,SF-102,A,202211,17,7,4710
E1,M04,102-0,A,SF-102,A,202212,18,2,1646
E1,M04,102-0,B,SF-102,A,202212,18,0,1162
E1,M04,102-0,C,SF-102,A,202212,18,1,968
E1,M04,102-0,D,SF-102,A,202212,18,1,726
E1,M04,102-0,E,SF-102,A,202212,18,0,339
E1,M04,102-0,ALL,SF-102,A,202212,18,4,4840
E1,M04,102-0,A,SF-102,A,202301,19,4,1690
E1,M04,102-0,B,SF-102,A,202301,19,4,1193
E1,M04,102-0,C,SF-102,A,202301,19,5,994
E1,M04,102-0,D,SF-102,A,202301,19,0,746
E1,M04,102-0,E,SF-102,A,202301,19,0,348
E1,M04,102-0,ALL,SF-102,A,202301,19,13,4970
E1,M04,102-0,A,SF-102,A,202302,20,1,1734
E1,M04,102-0,B,SF-102,A,202302,20,2,1224
E1,M04,102-0,C,SF-102,A,202302,20,0,1020
E1,M04,102-0,D,SF-102,A,202302,20,0,765
E1,M04,102-0,E,SF-102,A,202302,20,0,357
E1,M04,102-0,ALL,SF-102,A,202302,20,3,5100
E1,M04,102-0,A,SF-102,A,202303,21,1,1778
E1,M04,102-0,B,SF-102,A,202303,21,3,1255
E1,M04,102-0,C,SF-102,A,202303,21,1,1046
E1,M04,102-0,D,SF-102,A,202303,21,1,784
E1,M04,102-0,E,SF-102,A,202303,21,0,366
E1,M04,102-0,ALL,SF-102,A,202303,21,6,5230
E1,M04,102-0,A,SF-102,A,202304,22,2,1822
E1,M04,102-0,B,SF-102,A,202304,22,3,1286
E1,M04,102-0,C,SF-102,A,202304,22,0,1072
E1,M04,102-0,D,SF-102,A,202304,22,0,804
E1,M04,102-0,E,SF-102,A,202304,22,0,375
E1,M04,102-0,ALL,SF-102,A,202304,22,5,5360
E1,M04,102-0,A,SF-102,A,202305,23,2,1867
E1,M04,102-0,B,SF-102,A,202305,23,3,1318
E1,M04,102-0,C,SF-102,A,202305,23,0,1098
E1,M04,102-0,D,SF-102,A,202305,23,1,824
E1,M04,102-0,E,SF-102,A,202305,23,0,384
E1,M04,102-0,ALL,SF-102,A,202305,23,6,5490
E1,M04,102-0,A,SF-102,A,202306,24,1,1911
E1,M04,102-0,B,SF-102,A,202306,24,1,1349
E1,M04,102-0,C,SF-102,A,202306,24,2,1124
E1,M04,102-0,D,SF-102,A,202306,24,3,843
E1,M04,102-0,E,SF-102,A,202306,24,0,393
E1,M04,102-0,ALL,SF-102,A,202306,24,7,5620
E1,M04,102-0,A,SF-102,A,202307,25,2,1955
E1,M04,102-0,B,SF-102,A,202307,25,1,1380
E1,M04,102-0,C,SF-102,A,202307,25,1,1150
E1,M04,102-0,D,SF-102,A,202307,25,0,862
E1,M04,102-0,E,SF-102,A,202307,25,2,403
E1,M04,102-0,ALL,SF-102,A,202307,25,6,5750
E1,M04,102-0,A,SF-102,A,202308,26,3,1999
E1,M04,102-0,B,SF-102,A,202308,26,1,1411
E1,M04,102-0,C,SF-102,A,202308,26,0,1176
E1,M04,102-0,D,SF-102,A,202308,26,0,882
E1,M04,102-0,E,SF-102,A,202308,26,1,412
E1,M04,102-0,ALL,SF-102,A,202308,26,5,5880
E1,M04,102-0,A,SF-102,A,202309,27,7,2043
E1,M04,102-0,B,SF-102,A,202309,27,0,1442
E1,M04,102-0,C,SF-102,A,202309,27,0,1202
E1,M04,102-0,D,SF-102,A,202309,27,2,902
E1,M04,102-0,E,SF-102,A,202309,27,1,421
E1,M04,102-0,ALL,SF-102,A,202309,27,10,6010
E1,M04,102-0,A,SF-102,A,202310,28,3,2088
E1,M04,102-0,B,SF-102,A,202310,28,1,1474
E1,M04,102-0,C,SF-102,A,202310,28,1,1228
E1,M04,102-0,D,SF-102,A,202310,28,2,921
E1,M04,102-0,E,SF-102,A,202310,28,0,430
E1,M04,102-0,ALL,SF-102,A,202310,28,7,6140
E1,M04,102-0,A,SF-102,A,202311,29,1,2132
E1,M04,102-0,B,SF-102,A,202311,29,2,1505
E1,M04,102-0,C,SF-102,A,202311,29,1,1254
E1,M04,102-0,D,SF-102,A,202311,29,1,940
E1,M04,102-0,E,SF-102,A,202311,29,0,439
E1,M04,102-0,ALL,SF-102,A,202311,29,5,6270
E1,M04,102-0,A,SF-102,A,202312,30,0,2176
E1,M04,102-0,B,SF-102,A,202312,30,4,1536
E1,M04,102-0,C,SF-102,A,202312,30,1,1280
E1,M04,102-0,D,SF-102,A,202312,30,0,960
E1,M04,102-0,E,SF-102,A,202312,30,1,448
E1,M04,102-0,ALL,SF-102,A,202312,30,6,6400
E1,M04,102-0,A,SF-102,A,202401,31,3,2220
E1,M04,102-0,B,SF-102,A,202401,31,1,1567
E1,M04,102-0,C,SF-102,A,202401,31,2,1306
E1,M04,102-0,D,SF-102,A,202401,31,1,980
E1,M04,102-0,E,SF-102,A,202401,31,0,457
E1,M04,102-0,ALL,SF-102,A,202401,31,7,6530
E1,M04,102-0,A,SF-102,A,202402,32,4,2264
E1,M04,102-0,B,SF-102,A,202402,32,1,1598
E1,M04,102-0,C,SF-102,A,202402,32,1,1332
E1,M04,102-0,D,SF-102,A,202402,32,1,999
E1,M04,102-0,E,SF-102,A,202402,32,0,466
E1,M04,102-0,ALL,SF-102,A,202402,32,7,6660
E1,M04,102-0,A,SF-102,A,202403,33,6,2309
E1,M04,102-0,B,SF-102,A,202403,33,1,1630
E1,M04,102-0,C,SF-102,A,202403,33,3,1358
E1,M04,102-0,D,SF-102,A,202403,33,0,1018
E1,M04,102-0,E,SF-102,A,202403,33,1,475
E1,M04,102-0,ALL,SF-102,A,202403,33,11,6790
E1,M04,102-0,A,SF-102,A,202404,34,4,2353
E1,M04,102-0,B,SF-102,A,202404,34,2,1661
E1,M04,102-0,C,SF-102,A,202404,34,1,1384
E1,M04,102-0,D,SF-102,A,202404,34,0,1038
E1,M04,102-0,E,SF-102,A,202404,34,1,484
E1,M04,102-0,ALL,SF-102,A,202404,34,8,6920
E1,M04,102-0,A,SF-102,A,202405,35,1,2397
E1,M04,102-0,B,SF-102,A,202405,35,2,1692
E1,M04,102-0,C,SF-102,A,202405,35,0,1410
E1,M04,102-0,D,SF-102,A,202405,35,2,1058
E1,M04,102-0,E,SF-102,A,202405,35,1,494
E1,M04,102-0,ALL,SF-102,A,202405,35,6,7050
E1,M04,102-0,A,SF-102,A,202406,36,3,2441
E1,M04,102-0,B,SF-102,A,202406,36,3,1723
E1,M04,102-0,C,SF-102,A,202406,36,1,1436
E1,M04,102-0,D,SF-102,A,202406,36,0,1077
E1,M04,102-0,E,SF-102,A,202406,36,0,503
E1,M04,102-0,ALL,SF-102,A,202406,36,7,7180
E1,M04,102-0,A,SF-102,A,202407,37,2,2485
E1,M04,102-0,B,SF-102,A,202407,37,0,1754
E1,M04,102-0,C,SF-102,A,202407,37,3,1462
E1,M04,102-0,D,SF-102,A,202407,37,1,1096
E1,M04,102-0,E,SF-102,A,202407,37,0,512
E1,M04,102-0,ALL,SF-102,A,202407,37,6,7310
E1,M04,102-0,A,SF-102,A,202408,38,3,2530
E1,M04,102-0,B,SF-102,A,202408,38,2,1786
E1,M04,102-0,C,SF-102,A,202408,38,0,1488
E1,M04,102-0,D,SF-102,A,202408,38,0,1116
E1,M04,102-0,E,SF-102,A,202408,38,1,521
E1,M04,102-0,ALL,SF-102,A,202408,38,6,7440
E1,M04,102-0,A,SF-102,A,202409,39,2,2574
E1,M04,102-0,B,SF-102,A,202409,39,0,1817
E1,M04,102-0,C,SF-102,A,202409,39,2,1514
E1,M04,102-0,D,SF-102,A,202409,39,2,1136
E1,M04,102-0,E,SF-102,A,202409,39,0,530
E1,M04,102-0,ALL,SF-102,A,202409,39,6,7570
E1,M04,102-0,A,SF-102,A,202410,40,4,2618
E1,M04,102-0,B,SF-102,A,202410,40,2,1848
E1,M04,102-0,C,SF-102,A,202410,40,2,1540
E1,M04,102-0,D,SF-102,A,202410,40,1,1155
E1,M04,102-0,E,SF-102,A,202410,40,1,539
E1,M04,102-0,ALL,SF-102,A,202410,40,10,7700
E1,M04,102-0,A,SF-102,A,202411,41,2,2662
E1,M04,102-0,B,SF-102,A,202411,41,2,1879
E1,M04,102-0,C,SF-102,A,202411,41,1,1566
E1,M04,102-0,D,SF-102,A,202411,41,0,1174
E1,M04,102-0,E,SF-102,A,202411,41,0,548
E1,M04,102-0,ALL,SF-102,A,202411,41,5,7830
E1,M04,102-0,A,SF-102,A,202412,42,2,2706
E1,M04,102-0,B,SF-102,A,202412,42,1,1910
E1,M04,102-0,C,SF-102,A,202412,42,2,1592
E1,M04,102-0,D,SF-102,A,202412,42,1,1194
E1,M04,102-0,E,SF-102,A,202412,42,2,557
E1,M04,102-0,ALL,SF-102,A,202412,42,8,7960
E1,M04,103-0,A,SF-103,A,202106,0,1,850
E1,M04,103-0,ALL,SF-103,A,202106,0,1,2500
E1,M04,103-1,A,SF-103,A,202106,0,1,850
E1,M04,103-1,B,SF-103,A,202106,0,1,600
E1,M04,103-1,C,SF-103,A,202106,0,1,500
E1,M04,103-1,ALL,SF-103,A,202106,0,3,2500
E1,M04,103-0,B,SF-103,A,202107,1,1,631
E1,M04,103-0,D,SF-103,A,202107,1,1,394
E1,M04,103-0,ALL,SF-103,A,202107,1,2,2630
E1,M04,103-1,B,SF-103,A,202107,1,1,631
E1,M04,103-1,ALL,SF-103,A,202107,1,1,2630
E1,M04,103-0,A,SF-103,A,202108,2,0,938
E1,M04,103-0,B,SF-103,A,202108,2,2,662
E1,M04,103-0,C,SF-103,A,202108,2,0,552
E1,M04,103-0,D,SF-103,A,202108,2,1,414
E1,M04,103-0,ALL,SF-103,A,202108,2,3,2760
E1,M04,103-1,A,SF-103,A,202108,2,1,938
E1,M04,103-1,B,SF-103,A,202108,2,0,662
E1,M04,103-1,C,SF-103,A,202108,2,0,552
E1,M04,103-1,D,SF-103,A,202108,2,0,414
E1,M04,103-1,ALL,SF-103,A,202108,2,1,2760
E1,M04,103-0,A,SF-103,A,202109,3,0,983
E1,M04,103-0,B,SF-103,A,202109,3,1,694
E1,M04,103-0,C,SF-103,A,202109,3,2,578
E1,M04,103-0,D,SF-103,A,202109,3,0,434
E1,M04,103-0,ALL,SF-103,A,202109,3,3,2890
E1,M04,103-1,A,SF-103,A,202109,3,3,983
E1,M04,103-1,B,SF-103,A,202109,3,0,694
E1,M04,103-1,C,SF-103,A,202109,3,0,578
E1,M04,103-1,D,SF-103,A,202109,3,1,434
E1,M04,103-1,ALL,SF-103,A,202109,3,4,2890
E1,M04,103-0,A,SF-103,A,202110,4,1,1027
E1,M04,103-0,B,SF-103,A,202110,4,0,725
E1,M04,103-0,C,SF-103,A,202110,4,0,604
E1,M04,103-0,D,SF-103,A,202110,4,1,453
E1,M04,103-0,ALL,SF-103,A,202110,4,2,3020
E1,M04,103-1,A,SF-103,A,202110,4,1,1027
E1,M04,103-1,B,SF-103,A,202110,4,0,725
E1,M04,103-1,C,SF-103,A,202110,4,0,604
E1,M04,103-1,D,SF-103,A,202110,4,0,453
E1,M04,103-1,ALL,SF-103,A,202110,4,1,3020
E1,M04,103-0,A,SF-103,A,202111,5,1,1071
E1,M04,103-0,B,SF-103,A,202111,5,0,756
E1,M04,103-0,C,SF-103,A,202111,5,0,630
E1,M04,103-0,D,SF-103,A,202111,5,0,472
E1,M04,103-0,ALL,SF-103,A,202111,5,1,3150
E1,M04,103-1,A,SF-103,A,202111,5,0,1071
E1,M04,103-1,B,SF-103,A,202111,5,0,756
E1,M04,103-1,C,SF-103,A,202111,5,0,630
E1,M04,103-1,D,SF-103,A,202111,5,0,472
E1,M04,103-1,ALL,SF-103,A,202111,5,0,3150
E1,M04,103-0,A,SF-103,A,202112,6,1,1115
E1,M04,103-0,B,SF-103,A,202112,6,0,787
E1,M04,103-0,C,SF-103,A,202112,6,0,656
E1,M04,103-0,D,SF-103,A,202112,6,1,492
E1,M04,103-0,ALL,SF-103,A,202112,6,2,3280
E1,M04,103-1,A,SF-103,A,202112,6,0,1115
E1,M04,103-1,B,SF-103,A,202112,6,2,787
E1,M04,103-1,C,SF-103,A,202112,6,0,656
E1,M04,103-1,D,SF-103,A,202112,6,1,492
E1,M04,103-1,ALL,SF-103,A,202112,6,3,3280
E1,M04,103-0,A,SF-103,A,202201,7,0,1159
E1,M04,103-0,B,SF-103,A,202201,7,0,818
E1,M04,103-0,C,SF-103,A,202201,7,0,682
E1,M04,103-0,D,SF-103,A,202201,7,0,512
E1,M04,103-0,ALL,SF-103,A,202201,7,0,3410
E1,M04,103-1,A,SF-103,A,202201,7,0,1159
E1,M04,103-1,B,SF-103,A,202201,7,0,818
E1,M04,103-1,C,SF-103,A,202201,7,1,682
E1,M04,103-1,D,SF-103,A,202201,7,0,512
E1,M04,103-1,ALL,SF-103,A,202201,7,1,3410
E1,M04,103-0,A,SF-103,A,202202,8,1,1204
E1,M04,103-0,B,SF-103,A,202202,8,1,850
E1,M04,103-0,C,SF-103,A,202202,8,0,708
E1,M04,103-0,D,SF-103,A,202202,8,2,531
E1,M04,103-0,E,SF-103,A,202202,8,1,248
E1,M04,103-0,ALL,SF-103,A,202202,8,5,3540
E1,M04,103-1,A,SF-103,A,202202,8,1,1204
E1,M04,103-1,B,SF-103,A,202202,8,0,850
E1,M04,103-1,C,SF-103,A,202202,8,1,708
E1,M04,103-1,D,SF-103,A,202202,8,1,531
E1,M04,103-1,E,SF-103,A,202202,8,0,248
E1,M04,103-1,ALL,SF-103,A,202202,8,3,3540
E1,M04,103-0,A,SF-103,A,202203,9,0,1248
E1,M04,103-0,B,SF-103,A,202203,9,0,881
E1,M04,103-0,C,SF-103,A,202203,9,1,734
E1,M04,103-0,D,SF-103,A,202203,9,1,550
E1,M04,103-0,E,SF-103,A,202203,9,0,257
E1,M04,103-0,ALL,SF-103,A,202203,9,2,3670
E1,M04,103-1,A,SF-103,A,202203,9,1,1248
E1,M04,103-1,B,SF-103,A,202203,9,1,881
E1,M04,103-1,C,SF-103,A,202203,9,0,734
E1,M04,103-1,D,SF-103,A,202203,9,0,550
E1,M04,103-1,E,SF-103,A,202203,9,0,257
E1,M04,103-1,ALL,SF-103,A,202203,9,2,3670
E1,M04,103-0,A,SF-103,A,202204,10,2,1292
E1,M04,103-0,B,SF-103,A,202204,10,3,912
E1,M04,103-0,C,SF-103,A,202204,10,1,760
E1,M04,103-0,D,SF-103,A,202204,10,0,570
E1,M04,103-0,E,SF-103,A,202204,10,0,266
E1,M04,103-0,ALL,SF-103,A,202204,10,6,3800
E1,M04,103-1,A,SF-103,A,202204,10,2,1292
E1,M04,103-1,B,SF-103,A,202204,10,0,912
E1,M04,103-1,C,SF-103,A,202204,10,1,760
E1,M04,103-1,D,SF-103,A,202204,10,2,570
E1,M04,103-1,E,SF-103,A,202204,10,0,266
E1,M04,103-1,ALL,SF-103,A,202204,10,5,3800
E1,M04,103-0,A,SF-103,A,202205,11,1,1336
E1,M04,103-0,B,SF-103,A,202205,11,0,943
E1,M04,103-0,C,SF-103,A,202205,11,1,786
E1,M04,103-0,D,SF-103,A,202205,11,1,590
E1,M04,103-0,E,SF-103,A,202205,11,1,275
E1,M04,103-0,ALL,SF-103,A,202205,11,4,3930
E1,M04,103-1,A,SF-103,A,202205,11,1,1336
E1,M04,103-1,B,SF-103,A,202205,11,0,943
E1,M04,103-1,C,SF-103,A,202205,11,0,786
E1,M04,103-1,D,SF-103,A,202205,11,1,590
E1,M04,103-1,E,SF-103,A,202205,11,1,275
E1,M04,103-1,ALL,SF-103,A,202205,11,3,3930
E1,M04,103-0,A,SF-103,A,202206,12,2,1380
E1,M04,103-0,B,SF-103,A,202206,12,1,974
E1,M04,103-0,C,SF-103,A,202206,12,1,812
E1,M04,103-0,D,SF-103,A,202206,12,0,609
E1,M04,103-0,E,SF-103,A,202206,12,0,284
E1,M04,103-0,ALL,SF-103,A,202206,12,4,4060
E1,M04,103-1,A,SF-103,A,202206,12,2,1380
E1,M04,103-1,B,SF-103,A,202206,12,1,974
E1,M04,103-1,C,SF-103,A,202206,12,1,812
E1,M04,103-1,D,SF-103,A,202206,12,2,609
E1,M04,103-1,E,SF-103,A,202206,12,1,284
E1,M04,103-1,ALL,SF-103,A,202206,12,7,4060
E1,M04,103-0,A,SF-103,A,202207,13,4,1425
E1,M04,103-0,B,SF-103,A,202207,13,0,1006
E1,M04,103-0,C,SF-103,A,202207,13,0,838
E1,M04,103-0,D,SF-103,A,202207,13,1,628
E1,M04,103-0,E,SF-103,A,202207,13,0,293
E1,M04,103-0,ALL,SF-103,A,202207,13,5,4190
E1,M04,103-1,A,SF-103,A,202207,13,3,1425
E1,M04,103-1,B,SF-103,A,202207,13,0,1006
E1,M04,103-1,C,SF-103,A,202207,13,2,838
E1,M04,103-1,D,SF-103,A,202207,13,0,628
E1,M04,103-1,E,SF-103,A,202207,13,0,293
E1,M04,103-1,ALL,SF-103,A,202207,13,5,4190
E1,M04,103-0,A,SF-103,A,202208,14,1,1469
E1,M04,103-0,B,SF-103,A,202208,14,0,1037
E1,M04,103-0,C,SF-103,A,202208,14,1,864
E1,M04,103-0,D,SF-103,A,202208,14,0,648
E1,M04,103-0,E,SF-103,A,202208,14,0,302
E1,M04,103-0,ALL,SF-103,A,202208,14,2,4320
E1,M04,103-1,A,SF-103,A,202208,14,0,1469
E1,M04,103-1,B,SF-103,A,202208,14,1,1037
E1,M04,103-1,C,SF-103,A,202208,14,2,864
E1,M04,103-1,D,SF-103,A,202208,14,2,648
E1,M04,103-1,E,SF-103,A,202208,14,0,302
E1,M04,103-1,ALL,SF-103,A,202208,14,5,4320
E1,M04,103-0,A,SF-103,A,202209,15,2,1513
E1,M04,103-0,B,SF-103,A,202209,15,1,1068
E1,M04,103-0,C,SF-103,A,202209,15,2,890
E1,M04,103-0,D,SF-103,A,202209,15,0,668
E1,M04,103-0,E,SF-103,A,202209,15,0,312
E1,M04,103-0,ALL,SF-103,A,202209,15,5,4450
E1,M04,103-1,A,SF-103,A,202209,15,0,1513
E1,M04,103-1,B,SF-103,A,202209,15,2,1068
E1,M04,103-1,C,SF-103,A,202209,15,1,890
E1,M04,103-1,D,SF-103,A,202209,15,1,668
E1,M04,103-1,E,SF-103,A,202209,15,0,312
E1,M04,103-1,ALL,SF-103,A,202209,15,4,4450
E1,M04,103-0,A,SF-103,A,202210,16,3,1557
E1,M04,103-0,B,SF-103,A,202210,16,0,1099
E1,M04,103-0,C,SF-103,A,202210,16,0,916
E1,M04,103-0,D,SF-103,A,202210,16,0,687
E1,M04,103-0,E,SF-103,A,202210,16,0,321
E1,M04,103-0,ALL,SF-103,A,202210,16,3,4580
E1,M04,103-1,A,SF-103,A,202210,16,1,1557
E1,M04,103-1,B,SF-103,A,202210,16,0,1099
E1,M04,103-1,C,SF-103,A,202210,16,0,916
E1,M04,103-1,D,SF-103,A,202210,16,1,687
E1,M04,103-1,E,SF-103,A,202210,16,0,321
E1,M04,103-1,ALL,SF-103,A,202210,16,2,4580
E1,M04,103-0,A,SF-103,A,202211,17,1,1601
E1,M04,103-0,B,SF-103,A,202211,17,0,1130
E1,M04,103-0,C,SF-103,A,202211,17,0,942
E1,M04,103-0,D,SF-103,A,202211,17,0,706
E1,M04,103-0,E,SF-103,A,202211,17,0,330
E1,M04,103-0,ALL,SF-103,A,202211,17,1,4710
E1,M04,103-1,A,SF-103,A,202211,17,1,1601
E1,M04,103-1,B,SF-103,A,202211,17,2,1130
E1,M04,103-1,C,SF-103,A,202211,17,1,942
E1,M04,103-1,D,SF-103,A,202211,17,0,706
E1,M04,103-1,E,SF-103,A,202211,17,0,330
E1,M04,103-1,ALL,SF-103,A,202211,17,4,4710
E1,M04,103-0,A,SF-103,A,202212,18,1,1646
E1,M04,103-0,B,SF-103,A,202212,18,0,1162
E1,M04,103-0,C,SF-103,A,202212,18,0,968
E1,M04,103-0,D,SF-103,A,202212,18,0,726
E1,M04,103-0,E,SF-103,A,202212,18,0,339
E1,M04,103-0,ALL,SF-103,A,202212,18,1,4840
E1,M04,103-1,A,SF-103,A,202212,18,1,1646
E1,M04,103-1,B,SF-103,A,202212,18,0,1162
E1,M04,103-1,C,SF-103,A,202212,18,0,968
E1,M04,103-1,D,SF-103,A,202212,18,0,726
E1,M04,103-1,E,SF-103,A,202212,18,0,339
E1,M04,103-1,ALL,SF-103,A,202212,18,1,4840
E1,M04,103-0,A,SF-103,A,202301,19,0,1690
E1,M04,103-0,B,SF-103,A,202301,19,0,1193
E1,M04,103-0,C,SF-103,A,202301,19,1,994
E1,M04,103-0,D,SF-103,A,202301,19,0,746
E1,M04,103-0,E,SF-103,A,202301,19,0,348
E1,M04,103-0,ALL,SF-103,A,202301,19,1,4970
E1,M04,103-1,A,SF-103,A,202301,19,2,1690
E1,M04,103-1,B,SF-103,A,202301,19,1,1193
E1,M04,103-1,C,SF-103,A,202301,19,2,994
E1,M04,103-1,D,SF-103,A,202301,19,0,746
E1,M04,103-1,E,SF-103,A,202301,19,0,348
E1,M04,103-1,ALL,SF-103,A,202301,19,5,4970
E1,M04,103-0,A,SF-103,A,202302,20,4,1734
E1,M04,103-0,B,SF-103,A,202302,20,0,1224
E1,M04,103-0,C,SF-103,A,202302,20,0,1020
E1,M04,103-0,D,SF-103,A,202302,20,1,765
E1,M04,103-0,E,SF-103,A,202302,20,1,357
E1,M04,103-0,ALL,SF-103,A,202302,20,6,5100
E1,M04,103-1,A,SF-103,A,202302,20,1,1734
E1,M04,103-1,B,SF-103,A,202302,20,1,1224
E1,M04,103-1,C,SF-103,A,202302,20,2,1020
E1,M04,103-1,D,SF-103,A,202302,20,0,765
E1,M04,103-1,E,SF-103,A,202302,20,1,357
E1,M04,103-1,ALL,SF-103,A,202302,20,5,5100
E1,M04,103-0,A,SF-103,A,202303,21,0,1778
E1,M04,103-0,B,SF-103,A,202303,21,2,1255
E1,M04,103-0,C,SF-103,A,202303,21,1,1046
E1,M04,103-0,D,SF-103,A,202303,21,0,784
E1,M04,103-0,E,SF-103,A,202303,21,0,366
E1,M04,103-0,ALL,SF-103,A,202303,21,3,5230
E1,M04,103-1,A,SF-103,A,202303,21,0,1778
E1,M04,103-1,B,SF-103,A,202303,21,2,1255
E1,M04,103-1,C,SF-103,A,202303,21,1,1046
E1,M04,103-1,D,SF-103,A,202303,21,3,784
E1,M04,103-1,E,SF-103,A,202303,21,0,366
E1,M04,103-1,ALL,SF-103,A,202303,21,6,5230
E1,M04,103-0,A,SF-103,A,202304,22,5,1822
E1,M04,103-0,B,SF-103,A,202304,22,0,1286
E1,M04,103-0,C,SF-103,A,202304,22,0,1072
E1,M04,103-0,D,SF-103,A,202304,22,0,804
E1,M04,103-0,E,SF-103,A,202304,22,0,375
E1,M04,103-0,ALL,SF-103,A,202304,22,5,5360
E1,M04,103-1,A,SF-103,A,202304,22,4,1822
E1,M04,103-1,B,SF-103,A,202304,22,1,1286
E1,M04,103-1,C,SF-103,A,202304,22,1,1072
E1,M04,103-1,D,SF-103,A,202304,22,1,804
E1,M04,103-1,E,SF-103,A,202304,22,1,375
E1,M04,103-1,ALL,SF-103,A,202304,22,8,5360
E1,M04,103-0,A,SF-103,A,202305,23,4,1867
E1,M04,103-0,B,SF-103,A,202305,23,1,1318
E1,M04,103-0,C,SF-103,A,202305,23,0,1098
E1,M04,103-0,D,SF-103,A,202305,23,0,824
E1,M04,103-0,E,SF-103,A,202305,23,0,384
E1,M04,103-0,ALL,SF-103,A,202305,23,5,5490
E1,M04,103-1,A,SF-103,A,202305,23,1,1867
E1,M04,103-1,B,SF-103,A,202305,23,1,1318
E1,M04,103-1,C,SF-103,A,202305,23,1,1098
E1,M04,103-1,D,SF-103,A,202305,23,0,824
E1,M04,103-1,E,SF-103,A,202305,23,1,384
E1,M04,103-1,ALL,SF-103,A,202305,23,4,5490
E1,M04,103-0,A,SF-103,A,202306,24,0,1911
E1,M04,103-0,B,SF-103,A,202306,24,0,1349
E1,M04,103-0,C,SF-103,A,202306,24,1,1124
E1,M04,103-0,D,SF-103,A,202306,24,1,843
E1,M04,103-0,E,SF-103,A,202306,24,1,393
E1,M04,103-0,ALL,SF-103,A,202306,24,3,5620
E1,M04,103-1,A,SF-103,A,202306,24,0,1911
E1,M04,103-1,B,SF-103,A,202306,24,0,1349
E1,M04,103-1,C,SF-103,A,202306,24,0,1124
E1,M04,103-1,D,SF-103,A,202306,24,1,843
E1,M04,103-1,E,SF-103,A,202306,24,0,393
E1,M04,103-1,ALL,SF-103,A,202306,24,1,5620
E1,M04,103-0,A,SF-103,A,202307,25,2,1955
E1,M04,103-0,B,SF-103,A,202307,25,1,1380
E1,M04,103-0,C,SF-103,A,202307,25,1,1150
E1,M04,103-0,D,SF-103,A,202307,25,0,862
E1,M04,103-0,E,SF-103,A,202307,25,1,403
E1,M04,103-0,ALL,SF-103,A,202307,25,5,5750
E1,M04,103-1,A,SF-103,A,202307,25,1,1955
E1,M04,103-1,B,SF-103,A,202307,25,2,1380
E1,M04,103-1,C,SF-103,A,202307,25,0,1150
E1,M04,103-1,D,SF-103,A,202307,25,0,862
E1,M04,103-1,E,SF-103,A,202307,25,0,403
E1,M04,103-1,ALL,SF-103,A,202307,25,3,5750
E1,M04,103-0,A,SF-103,A,202308,26,2,1999
E1,M04,103-0,B,SF-103,A,202308,26,0,1411
E1,M04,103-0,C,SF-103,A,202308,26,2,1176
E1,M04,103-0,D,SF-103,A,202308,26,1,882
E1,M04,103-0,E,SF-103,A,202308,26,2,412
E1,M04,103-0,ALL,SF-103,A,202308,26,7,5880
E1,M04,103-1,A,SF-103,A,202308,26,1,1999
E1,M04,103-1,B,SF-103,A,202308,26,1,1411
E1,M04,103-1,C,SF-103,A,202308,26,0,1176
E1,M04,103-1,D,SF-103,A,202308,26,4,882
E1,M04,103-1,E,SF-103,A,202308,26,0,412
E1,M04,103-1,ALL,SF-103,A,202308,26,6,5880
E1,M04,103-0,A,SF-103,A,202309,27,0,2043
E1,M04,103-0,B,SF-103,A,202309,27,0,1442
E1,M04,103-0,C,SF-103,A,202309,27,1,1202
E1,M04,103-0,D,SF-103,A,202309,27,1,902
E1,M04,103-0,E,SF-103,A,202309,27,0,421
E1,M04,103-0,ALL,SF-103,A,202309,27,2,6010
E1,M04,103-1,A,SF-103,A,202309,27,0,2043
E1,M04,103-1,B,SF-103,A,202309,27,1,1442
E1,M04,103-1,C,SF-103,A,202309,27,2,1202
E1,M04,103-1,D,SF-103,A,202309,27,1,902
E1,M04,103-1,E,SF-103,A,202309,27,1,421
E1,M04,103-1,ALL,SF-103,A,202309,27,5,6010
E1,M04,103-0,A,SF-103,A,202310,28,0,2088
E1,M04,103-0,B,SF-103,A,202310,28,1,1474
E1,M04,103-0,C,SF-103,A,202310,28,0,1228
E1,M04,103-0,D,SF-103,A,202310,28,2,921
E1,M04,103-0,E,SF-103,A,202310,28,0,430
E1,M04,103-0,ALL,SF-103,A,202310,28,3,6140
E1,M04,103-1,A,SF-103,A,202310,28,1,2088
E1,M04,103-1,B,SF-103,A,202310,28,2,1474
E1,M04,103-1,C,SF-103,A,202310,28,3,1228
E1,M04,103-1,D,SF-103,A,202310,28,0,921
E1,M04,103-1,E,SF-103,A,202310,28,1,430
E1,M04,103-1,ALL,SF-103,A,202310,28,7,6140
E1,M04,103-0,A,SF-103,A,202311,29,0,2132
E1,M04,103-0,B,SF-103,A,202311,29,0,1505
E1,M04,103-0,C,SF-103,A,202311,29,0,1254
E1,M04,103-0,D,SF-103,A,202311,29,0,940
E1,M04,103-0,E,SF-103,A,202311,29,1,439
E1,M04,103-0,ALL,SF-103,A,202311,29,1,6270
E1,M04,103-1,A,SF-103,A,202311,29,2,2132
E1,M04,103-1,B,SF-103,A,202311,29,0,1505
E1,M04,103-1,C,SF-103,A,202311,29,1,1254
E1,M04,103-1,D,SF-103,A,202311,29,0,940
E1,M04,103-1,E,SF-103,A,202311,29,0,439
E1,M04,103-1,ALL,SF-103,A,202311,29,3,6270
E1,M04,103-0,A,SF-103,A,202312,30,2,2176
E1,M04,103-0,B,SF-103,A,202312,30,0,1536
E1,M04,103-0,C,SF-103,A,202312,30,1,1280
E1,M04,103-0,D,SF-103,A,202312,30,1,960
E1,M04,103-0,E,SF-103,A,202312,30,0,448
E1,M04,103-0,ALL,SF-103,A,202312,30,4,6400
E1,M04,103-1,A,SF-103,A,202312,30,2,2176
E1,M04,103-1,B,SF-103,A,202312,30,0,1536
E1,M04,103-1,C,SF-103,A,202312,30,0,1280
E1,M04,103-1,D,SF-103,A,202312,30,0,960
E1,M04,103-1,E,SF-103,A,202312,30,1,448
E1,M04,103-1,ALL,SF-103,A,202312,30,3,6400
E1,M04,103-0,A,SF-103,A,202401,31,2,2220
E1,M04,103-0,B,SF-103,A,202401,31,2,1567
E1,M04,103-0,C,SF-103,A,202401,31,0,1306
E1,M04,103-0,D,SF-103,A,202401,31,1,980
E1,M04,103-0,E,SF-103,A,202401,31,0,457
E1,M04,103-0,ALL,SF-103,A,202401,31,5,6530
E1,M04,103-1,A,SF-103,A,202401,31,1,2220
E1,M04,103-1,B,SF-103,A,202401,31,0,1567
E1,M04,103-1,C,SF-103,A,202401,31,2,1306
E1,M04,103-1,D,SF-103,A,202401,31,0,980
E1,M04,103-1,E,SF-103,A,202401,31,0,457
E1,M04,103-1,ALL,SF-103,A,202401,31,3,6530
E1,M04,103-0,A,SF-103,A,202402,32,1,2264
E1,M04,103-0,B,SF-103,A,202402,32,1,1598
E1,M04,103-0,C,SF-103,A,202402,32,2,1332
E1,M04,103-0,D,SF-103,A,202402,32,0,999
E1,M04,103-0,E,SF-103,A,202402,32,1,466
E1,M04,103-0,ALL,SF-103,A,202402,32,5,6660
E1,M04,103-1,A,SF-103,A,202402,32,0,2264
E1,M04,103-1,B,SF-103,A,202402,32,1,1598
E1,M04,103-1,C,SF-103,A,202402,32,0,1332
E1,M04,103-1,D,SF-103,A,202402,32,1,999
E1,M04,103-1,E,SF-103,A,202402,32,2,466
E1,M04,103-1,ALL,SF-103,A,202402,32,4,6660
E1,M04,103-0,A,SF-103,A,202403,33,1,2309
E1,M04,103-0,B,SF-103,A,202403,33,2,1630
E1,M04,103-0,C,SF-103,A,202403,33,0,1358
E1,M04,103-0,D,SF-103,A,202403,33,1,1018
E1,M04,103-0,E,SF-103,A,202403,33,1,475
E1,M04,103-0,ALL,SF-103,A,202403,33,5,6790
E1,M04,103-1,A,SF-103,A,202403,33,2,2309
E1,M04,103-1,B,SF-103,A,202403,33,1,1630
E1,M04,103-1,C,SF-103,A,202403,33,0,1358
E1,M04,103-1,D,SF-103,A,202403,33,1,1018
E1,M04,103-1,E,SF-103,A,202403,33,0,475
E1,M04,103-1,ALL,SF-103,A,202403,33,4,6790
E1,M04,103-0,A,SF-103,A,202404,34,1,2353
E1,M04,103-0,B,SF-103,A,202404,34,0,1661
E1,M04,103-0,C,SF-103,A,202404,34,1,1384
E1,M04,103-0,D,SF-103,A,202404,34,0,1038
E1,M04,103-0,E,SF-103,A,202404,34,1,484
E1,M04,103-0,ALL,SF-103,A,202404,34,3,6920
E1,M04,103-1,A,SF-103,A,202404,34,0,2353
E1,M04,103-1,B,SF-103,A,202404,34,1,1661
E1,M04,103-1,C,SF-103,A,202404,34,0,1384
E1,M04,103-1,D,SF-103,A,202404,34,2,1038
E1,M04,103-1,E,SF-103,A,202404,34,0,484
E1,M04,103-1,ALL,SF-103,A,202404,34,3,6920
E1,M04,103-0,A,SF-103,A,202405,35,3,2397
E1,M04,103-0,B,SF-103,A,202405,35,3,1692
E1,M04,103-0,C,SF-103,A,202405,35,1,1410
E1,M04,103-0,D,SF-103,A,202405,35,2,1058
E1,M04,103-0,E,SF-103,A,202405,35,1,494
E1,M04,103-0,ALL,SF-103,A,202405,35,10,7050
E1,M04,103-1,A,SF-103,A,202405,35,1,2397
E1,M04,103-1,B,SF-103,A,202405,35,1,1692
E1,M04,103-1,C,SF-103,A,202405,35,2,1410
E1,M04,103-1,D,SF-103,A,202405,35,0,1058
E1,M04,103-1,E,SF-103,A,202405,35,0,494
E1,M04,103-1,ALL,SF-103,A,202405,35,4,7050
E1,M04,103-0,A,SF-103,A,202406,36,1,2441
E1,M04,103-0,B,SF-103,A,202406,36,2,1723
E1,M04,103-0,C,SF-103,A,202406,36,1,1436
E1,M04,103-0,D,SF-103,A,202406,36,0,1077
E1,M04,103-0,E,SF-103,A,202406,36,1,503
E1,M04,103-0,ALL,SF-103,A,202406,36,5,7180
E1,M04,103-1,A,SF-103,A,202406,36,1,2441
E1,M04,103-1,B,SF-103,A,202406,36,0,1723
E1,M04,103-1,C,SF-103,A,202406,36,0,1436
E1,M04,103-1,D,SF-103,A,202406,36,0,1077
E1,M04,103-1,E,SF-103,A,202406,36,0,503
E1,M04,103-1,ALL,SF-103,A,202406,36,1,7180
E1,M04,103-0,A,SF-103,A,202407,37,2,2485
E1,M04,103-0,B,SF-103,A,202407,37,2,1754
E1,M04,103-0,C,SF-103,A,202407,37,3,1462
E1,M04,103-0,D,SF-103,A,202407,37,1,1096
E1,M04,103-0,E,SF-103,A,202407,37,1,512
E1,M04,103-0,ALL,SF-103,A,202407,37,9,7310
E1,M04,103-1,A,SF-103,A,202407,37,0,2485
E1,M04,103-1,B,SF-103,A,202407,37,1,1754
E1,M04,103-1,C,SF-103,A,202407,37,0,1462
E1,M04,103-1,D,SF-103,A,202407,37,1,1096
E1,M04,103-1,E,SF-103,A,202407,37,1,512
E1,M04,103-1,ALL,SF-103,A,202407,37,3,7310
E1,M04,103-0,A,SF-103,A,202408,38,0,2530
E1,M04,103-0,B,SF-103,A,202408,38,3,1786
E1,M04,103-0,C,SF-103,A,202408,38,0,1488
E1,M04,103-0,D,SF-103,A,202408,38,1,1116
E1,M04,103-0,E,SF-103,A,202408,38,0,521
E1,M04,103-0,ALL,SF-103,A,202408,38,4,7440
E1,M04,103-1,A,SF-103,A,202408,38,1,2530
E1,M04,103-1,B,SF-103,A,202408,38,1,1786
E1,M04,103-1,C,SF-103,A,202408,38,2,1488
E1,M04,103-1,D,SF-103,A,202408,38,0,1116
E1,M04,103-1,E,SF-103,A,202408,38,0,521
E1,M04,103-1,ALL,SF-103,A,202408,38,4,7440
E1,M04,103-0,A,SF-103,A,202409,39,1,2574
E1,M04,103-0,B,SF-103,A,202409,39,0,1817
E1,M04,103-0,C,SF-103,A,202409,39,0,1514
E1,M04,103-0,D,SF-103,A,202409,39,1,1136
E1,M04,103-0,E,SF-103,A,202409,39,0,530
E1,M04,103-0,ALL,SF-103,A,202409,39,2,7570
E1,M04,103-1,A,SF-103,A,202409,39,1,2574
E1,M04,103-1,B,SF-103,A,202409,39,4,1817
E1,M04,103-1,C,SF-103,A,202409,39,0,1514
E1,M04,103-1,D,SF-103,A,202409,39,1,1136
E1,M04,103-1,E,SF-103,A,202409,39,0,530
E1,M04,103-1,ALL,SF-103,A,202409,39,6,7570
E1,M04,103-0,A,SF-103,A,202410,40,3,2618
E1,M04,103-0,B,SF-103,A,202410,40,3,1848
E1,M04,103-0,C,SF-103,A,202410,40,2,1540
E1,M04,103-0,D,SF-103,A,202410,40,0,1155
E1,M04,103-0,E,SF-103,A,202410,40,0,539
E1,M04,103-0,ALL,SF-103,A,202410,40,8,7700
E1,M04,103-1,A,SF-103,A,202410,40,1,2618
E1,M04,103-1,B,SF-103,A,202410,40,1,1848
E1,M04,103-1,C,SF-103,A,202410,40,3,1540
E1,M04,103-1,D,SF-103,A,202410,40,0,1155
E1,M04,103-1,E,SF-103,A,202410,40,0,539
E1,M04,103-1,ALL,SF-103,A,202410,40,5,7700
E1,M04,103-0,A,SF-103,A,202411,41,3,2662
E1,M04,103-0,B,SF-103,A,202411,41,2,1879
E1,M04,103-0,C,SF-103,A,202411,41,1,1566
E1,M04,103-0,D,SF-103,A,202411,41,2,1174
E1,M04,103-0,E,SF-103,A,202411,41,0,548
E1,M04,103-0,ALL,SF-103,A,202411,41,8,7830
E1,M04,103-1,A,SF-103,A,202411,41,2,2662
E1,M04,103-1,B,SF-103,A,202411,41,2,1879
E1,M04,103-1,C,SF-103,A,202411,41,2,1566
E1,M04,103-1,D,SF-103,A,202411,41,1,1174
E1,M04,103-1,E,SF-103,A,202411,41,1,548
E1,M04,103-1,ALL,SF-103,A,202411,41,8,7830
E1,M04,103-0,A,SF-103,A,202412,42,1,2706
E1,M04,103-0,B,SF-103,A,202412,42,0,1910
E1,M04,103-0,C,SF-103,A,202412,42,1,1592
E1,M04,103-0,D,SF-103,A,202412,42,1,1194
E1,M04,103-0,E,SF-103,A,202412,42,0,557
E1,M04,103-0,ALL,SF-103,A,202412,42,3,7960
E1,M04,103-1,A,SF-103,A,202412,42,3,2706
E1,M04,103-1,B,SF-103,A,202412,42,1,1910
E1,M04,103-1,C,SF-103,A,202412,42,0,1592
E1,M04,103-1,D,SF-103,A,202412,42,0,1194
E1,M04,103-1,E,SF-103,A,202412,42,0,557
E1,M04,103-1,ALL,SF-103,A,202412,42,4,7960
E1,M04,104-0,A,SF-104,A,202106,0,4,850
E1,M04,104-0,B,SF-104,A,202106,0,3,600
E1,M04,104-0,C,SF-104,A,202106,0,4,500
E1,M04,104-0,D,SF-104,A,202106,0,1,375
E1,M04,104-0,ALL,SF-104,A,202106,0,12,2500
E1,M04,104-1,A,SF-104,A,202106,0,3,850
E1,M04,104-1,B,SF-104,A,202106,0,1,600
E1,M04,104-1,C,SF-104,A,202106,0,1,500
E1,M04,104-1,D,SF-104,A,202106,0,1,375
E1,M04,104-1,ALL,SF-104,A,202106,0,6,2500
E1,M04,104-2,B,SF-104,A,202106,0,2,600
E1,M04,104-2,C,SF-104,A,202106,0,2,500
E1,M04,104-2,ALL,SF-104,A,202106,0,4,2500
E1,M04,104-0,A,SF-104,A,202107,1,6,894
E1,M04,104-0,B,SF-104,A,202107,1,1,631
E1,M04,104-0,C,SF-104,A,202107,1,2,526
E1,M04,104-0,D,SF-104,A,202107,1,2,394
E1,M04,104-0,ALL,SF-104,A,202107,1,11,2630
E1,M04,104-1,A,SF-104,A,202107,1,4,894
E1,M04,104-1,B,SF-104,A,202107,1,3,631
E1,M04,104-1,C,SF-104,A,202107,1,2,526
E1,M04,104-1,ALL,SF-104,A,202107,1,9,2630
E1,M04,104-2,B,SF-104,A,202107,1,1,631
E1,M04,104-2,C,SF-104,A,202107,1,1,526
E1,M04,104-2,ALL,SF-104,A,202107,1,2,2630
E1,M04,104-0,A,SF-104,A,202108,2,2,938
E1,M04,104-0,B,SF-104,A,202108,2,3,662
E1,M04,104-0,C,SF-104,A,202108,2,2,552
E1,M04,104-0,D,SF-104,A,202108,2,0,414
E1,M04,104-0,ALL,SF-104,A,202108,2,7,2760
E1,M04,104-1,A,SF-104,A,202108,2,5,938
E1,M04,104-1,B,SF-104,A,202108,2,2,662
E1,M04,104-1,C,SF-104,A,202108,2,1,552
E1,M04,104-1,D,SF-104,A,202108,2,4,414
E1,M04,104-1,ALL,SF-104,A,202108,2,12,2760
E1,M04,104-2,A,SF-104,A,202108,2,3,938
E1,M04,104-2,B,SF-104,A,202108,2,3,662
E1,M04,104-2,C,SF-104,A,202108,2,1,552
E1,M04,104-2,D,SF-104,A,202108,2,3,414
E1,M04,104-2,ALL,SF-104,A,202108,2,10,2760
E1,M04,104-0,A,SF-104,A,202109,3,1,983
E1,M04,104-0,B,SF-104,A,202109,3,1,694
E1,M04,104-0,C,SF-104,A,202109,3,1,578
E1,M04,104-0,D,SF-104,A,202109,3,2,434
E1,M04,104-0,ALL,SF-104,A,202109,3,5,2890
E1,M04,104-1,A,SF-104,A,202109,3,0,983
E1,M04,104-1,B,SF-104,A,202109,3,1,694
E1,M04,104-1,C,SF-104,A,202109,3,3,578
E1,M04,104-1,D,SF-104,A,202109,3,2,434
E1,M04,104-1,ALL,SF-104,A,202109,3,6,2890
E1,M04,104-2,A,SF-104,A,202109,3,2,983
E1,M04,104-2,B,SF-104,A,202109,3,2,694
E1,M04,104-2,C,SF-104,A,202109,3,1,578
E1,M04,104-2,D,SF-104,A,202109,3,1,434
E1,M04,104-2,ALL,SF-104,A,202109,3,6,2890
E1,M04,104-0,A,SF-104,A,202110,4,6,1027
E1,M04,104-0,B,SF-104,A,202110,4,1,725
E1,M04,104-0,C,SF-104,A,202110,4,1,604
E1,M04,104-0,D,SF-104,A,202110,4,1,453
E1,M04,104-0,ALL,SF-104,A,202110,4,9,3020
E1,M04,104-1,A,SF-104,A,202110,4,6,1027
E1,M04,104-1,B,SF-104,A,202110,4,4,725
E1,M04,104-1,C,SF-104,A,202110,4,2,604
E1,M04,104-1,D,SF-104,A,202110,4,1,453
E1,M04,104-1,ALL,SF-104,A,202110,4,13,3020
E1,M04,104-2,A,SF-104,A,202110,4,5,1027
E1,M04,104-2,B,SF-104,A,202110,4,2,725
E1,M04,104-2,C,SF-104,A,202110,4,2,604
E1,M04,104-2,D,SF-104,A,202110,4,0,453
E1,M04,104-2,ALL,SF-104,A,202110,4,9,3020
E1,M04,104-0,A,SF-104,A,202111,5,1,1071
E1,M04,104-0,B,SF-104,A,202111,5,4,756
E1,M04,104-0,C,SF-104,A,202111,5,1,630
E1,M04,104-0,D,SF-104,A,202111,5,1,472
E1,M04,104-0,ALL,SF-104,A,202111,5,7,3150
E1,M04,104-1,A,SF-104,A,202111,5,0,1071
E1,M04,104-1,B,SF-104,A,202111,5,2,756
E1,M04,104-1,C,SF-104,A,202111,5,3,630
E1,M04,104-1,D,SF-104,A,202111,5,0,472
E1,M04,104-1,ALL,SF-104,A,202111,5,5,3150
E1,M04,104-2,A,SF-104,A,202111,5,3,1071
E1,M04,104-2,B,SF-104,A,202111,5,0,756
E1,M04,104-2,C,SF-104,A,202111,5,0,630
E1,M04,104-2,D,SF-104,A,202111,5,0,472
E1,M04,104-2,ALL,SF-104,A,202111,5,3,3150
E1,M04,104-0,A,SF-104,A,202112,6,5,1115
E1,M04,104-0,B,SF-104,A,202112,6,3,787
E1,M04,104-0,C,SF-104,A,202112,6,0,656
E1,M04,104-0,D,SF-104,A,202112,6,3,492
E1,M04,104-0,ALL,SF-104,A,202112,6,11,3280
E1,M04,104-1,A,SF-104,A,202112,6,6,1115
E1,M04,104-1,B,SF-104,A,202112,6,3,787
E1,M04,104-1,C,SF-104,A,202112,6,4,656
E1,M04,104-1,D,SF-104,A,202112,6,1,492
E1,M04,104-1,ALL,SF-104,A,202112,6,14,3280
E1,M04,104-2,A,SF-104,A,202112,6,2,1115
E1,M04,104-2,B,SF-104,A,202112,6,4,787
E1,M04,104-2,C,SF-104,A,202112,6,3,656
E1,M04,104-2,D,SF-104,A,202112,6,2,492
E1,M04,104-2,ALL,SF-104,A,202112,6,11,3280
E1,M04,104-0,A,SF-104,A,202201,7,4,1159
E1,M04,104-0,B,SF-104,A,202201,7,1,818
E1,M04,104-0,C,SF-104,A,202201,7,0,682
E1,M04,104-0,D,SF-104,A,202201,7,1,512
E1,M04,104-0,ALL,SF-104,A,202201,7,6,3410
E1,M04,104-1,A,SF-104,A,202201,7,5,1159
E1,M04,104-1,B,SF-104,A,202201,7,4,818
E1,M04,104-1,C,SF-104,A,202201,7,3,682
E1,M04,104-1,D,SF-104,A,202201,7,3,512
E1,M04,104-1,ALL,SF-104,A,202201,7,15,3410
E1,M04,104-2,A,SF-104,A,202201,7,3,1159
E1,M04,104-2,B,SF-104,A,202201,7,3,818
E1,M04,104-2,C,SF-104,A,202201,7,4,682
E1,M04,104-2,D,SF-104,A,202201,7,1,512
E1,M04,104-2,ALL,SF-104,A,202201,7,11,3410
E1,M04,104-0,A,SF-104,A,202202,8,2,1204
E1,M04,104-0,B,SF-104,A,202202,8,1,850
E1,M04,104-0,C,SF-104,A,202202,8,0,708
E1,M04,104-0,D,SF-104,A,202202,8,2,531
E1,M04,104-0,E,SF-104,A,202202,8,0,248
E1,M04,104-0,ALL,SF-104,A,202202,8,5,3540
E1,M04,104-1,A,SF-104,A,202202,8,2,1204
E1,M04,104-1,B,SF-104,A,202202,8,7,850
E1,M04,104-1,C,SF-104,A,202202,8,0,708
E1,M04,104-1,D,SF-104,A,202202,8,2,531
E1,M04,104-1,E,SF-104,A,202202,8,1,248
E1,M04,104-1,ALL,SF-104,A,202202,8,12,3540
E1,M04,104-2,A,SF-104,A,202202,8,1,1204
E1,M04,104-2,B,SF-104,A,202202,8,2,850
E1,M04,104-2,C,SF-104,A,202202,8,1,708
E1,M04,104-2,D,SF-104,A,202202,8,0,531
E1,M04,104-2,E,SF-104,A,202202,8,0,248
E1,M04,104-2,ALL,SF-104,A,202202,8,4,3540
E1,M04,104-0,A,SF-104,A,202203,9,2,1248
E1,M04,104-0,B,SF-104,A,202203,9,3,881
E1,M04,104-0,C,SF-104,A,202203,9,4,734
E1,M04,104-0,D,SF-104,A,202203,9,1,550
E1,M04,104-0,E,SF-104,A,202203,9,0,257
E1,M04,104-0,ALL,SF-104,A,202203,9,10,3670
E1,M04,104-1,A,SF-104,A,202203,9,3,1248
E1,M04,104-1,B,SF-104,A,202203,9,0,881
E1,M04,104-1,C,SF-104,A,202203,9,2,734
E1,M04,104-1,D,SF-104,A,202203,9,0,550
E1,M04,104-1,E,SF-104,A,202203,9,0,257
E1,M04,104-1,ALL,SF-104,A,202203,9,5,3670
E1,M04,104-2,A,SF-104,A,202203,9,4,1248
E1,M04,104-2,B,SF-104,A,202203,9,5,881
E1,M04,104-2,C,SF-104,A,202203,9,3,734
E1,M04,104-2,D,SF-104,A,202203,9,2,550
E1,M04,104-2,E,SF-104,A,202203,9,1,257
E1,M04,104-2,ALL,SF-104,A,202203,9,15,3670
E1,M04,104-0,A,SF-104,A,202204,10,5,1292
E1,M04,104-0,B,SF-104,A,202204,10,3,912
E1,M04,104-0,C,SF-104,A,202204,10,1,760
E1,M04,104-0,D,SF-104,A,202204,10,2,570
E1,M04,104-0,E,SF-104,A,202204,10,0,266
E1,M04,104-0,ALL,SF-104,A,202204,10,11,3800
E1,M04,104-1,A,SF-104,A,202204,10,1,1292
E1,M04,104-1,B,SF-104,A,202204,10,4,912
E1,M04,104-1,C,SF-104,A,202204,10,0,760
E1,M04,104-1,D,SF-104,A,202204,10,4,570
E1,M04,104-1,E,SF-104,A,202204,10,0,266
E1,M04,104-1,ALL,SF-104,A,202204,10,9,3800
E1,M04,104-2,A,SF-104,A,202204,10,4,1292
E1,M04,104-2,B,SF-104,A,202204,10,2,912
E1,M04,104-2,C,SF-104,A,202204,10,1,760
E1,M04,104-2,D,SF-104,A,202204,10,3,570
E1,M04,104-2,E,SF-104,A,202204,10,0,266
E1,M04,104-2,ALL,SF-104,A,202204,10,10,3800
E1,M04,104-0,A,SF-104,A,202205,11,1,1336
E1,M04,104-0,B,SF-104,A,202205,11,3,943
E1,M04,104-0,C,SF-104,A,202205,11,3,786
E1,M04,104-0,D,SF-104,A,202205,11,0,590
E1,M04,104-0,E,SF-104,A,202205,11,0,275
E1,M04,104-0,ALL,SF-104,A,202205,11,7,3930
E1,M04,104-1,A,SF-104,A,202205,11,3,1336
E1,M04,104-1,B,SF-104,A,202205,11,2,943
E1,M04,104-1,C,SF-104,A,202205,11,4,786
E1,M04,104-1,D,SF-104,A,202205,11,1,590
E1,M04,104-1,E,SF-104,A,202205,11,2,275
E1,M04,104-1,ALL,SF-104,A,202205,11,12,3930
E1,M04,104-2,A,SF-104,A,202205,11,5,1336
E1,M04,104-2,B,SF-104,A,202205,11,2,943
E1,M04,104-2,C,SF-104,A,202205,11,1,786
E1,M04,104-2,D,SF-104,A,202205,11,2,590
E1,M04,104-2,E,SF-104,A,202205,11,1,275
E1,M04,104-2,ALL,SF-104,A,202205,11,11,3930
E1,M04,104-0,A,SF-104,A,202206,12,0,1380
E1,M04,104-0,B,SF-104,A,202206,12,1,974
E1,M04,104-0,C,SF-104,A,202206,12,4,812
E1,M04,104-0,D,SF-104,A,202206,12,4,609
E1,M04,104-0,E,SF-104,A,202206,12,1,284
E1,M04,104-0,ALL,SF-104,A,202206,12,10,4060
E1,M04,104-1,A,SF-104,A,202206,12,3,1380
E1,M04,104-1,B,SF-104,A,202206,12,3,974
E1,M04,104-1,C,SF-104,A,202206,12,1,812
E1,M04,104-1,D,SF-104,A,202206,12,0,609
E1,M04,104-1,E,SF-104,A,202206,12,0,284
E1,M04,104-1,ALL,SF-104,A,202206,12,7,4060
E1,M04,104-2,A,SF-104,A,202206,12,4,1380
E1,M04,104-2,B,SF-104,A,202206,12,2,974
E1,M04,104-2,C,SF-104,A,202206,12,2,812
E1,M04,104-2,D,SF-104,A,202206,12,1,609
E1,M04,104-2,E,SF-104,A,202206,12,1,284
E1,M04,104-2,ALL,SF-104,A,202206,12,10,4060
E1,M04,104-0,A,SF-104,A,202207,13,7,1425
E1,M04,104-0,B,SF-104,A,202207,13,0,1006
E1,M04,104-0,C,SF-104,A,202207,13,3,838
E1,M04,104-0,D,SF-104,A,202207,13,0,628
E1,M04,104-0,E,SF-104,A,202207,13,0,293
E1,M04,104-0,ALL,SF-104,A,202207,13,10,4190
E1,M04,104-1,A,SF-104,A,202207,13,1,1425
E1,M04,104-1,B,SF-104,A,202207,13,2,1006
E1,M04,104-1,C,SF-104,A,202207,13,5,838
E1,M04,104-1,D,SF-104,A,202207,13,3,628
E1,M04,104-1,E,SF-104,A,202207,13,0,293
E1,M04,104-1,ALL,SF-104,A,202207,13,11,4190
E1,M04,104-2,A,SF-104,A,202207,13,3,1425
E1,M04,104-2,B,SF-104,A,202207,13,2,1006
E1,M04,104-2,C,SF-104,A,202207,13,2,838
E1,M04,104-2,D,SF-104,A,202207,13,0,628
E1,M04,104-2,E,SF-104,A,202207,13,0,293
E1,M04,104-2,ALL,SF-104,A,202207,13,7,4190
E1,M04,104-0,A,SF-104,A,202208,14,5,1469
E1,M04,104-0,B,SF-104,A,202208,14,6,1037
E1,M04,104-0,C,SF-104,A,202208,14,2,864
E1,M04,104-0,D,SF-104,A,202208,14,3,648
E1,M04,104-0,E,SF-104,A,202208,14,2,302
E1,M04,104-0,ALL,SF-104,A,202208,14,18,4320
E1,M04,104-1,A,SF-104,A,202208,14,7,1469
E1,M04,104-1,B,SF-104,A,202208,14,5,1037
E1,M04,104-1,C,SF-104,A,202208,14,7,864
E1,M04,104-1,D,SF-104,A,202208,14,4,648
E1,M04,104-1,E,SF-104,A,202208,14,2,302
E1,M04,104-1,ALL,SF-104,A,202208,14,25,4320
E1,M04,104-2,A,SF-104,A,202208,14,5,1469
E1,M04,104-2,B,SF-104,A,202208,14,2,1037
E1,M04,104-2,C,SF-104,A,202208,14,0,864
E1,M04,104-2,D,SF-104,A,202208,14,3,648
E1,M04,104-2,E,SF-104,A,202208,14,2,302
E1,M04,104-2,ALL,SF-104,A,202208,14,12,4320
E1,M04,104-0,A,SF-104,A,202209,15,5,1513
E1,M04,104-0,B,SF-104,A,202209,15,1,1068
E1,M04,104-0,C,SF-104,A,202209,15,3,890
E1,M04,104-0,D,SF-104,A,202209,15,3,668
E1,M04,104-0,E,SF-104,A,202209,15,2,312
E1,M04,104-0,ALL,SF-104,A,202209,15,14,4450
E1,M04,104-1,A,SF-104,A,202209,15,8,1513
E1,M04,104-1,B,SF-104,A,202209,15,1,1068
E1,M04,104-1,C,SF-104,A,202209,15,3,890
E1,M04,104-1,D,SF-104,A,202209,15,2,668
E1,M04,104-1,E,SF-104,A,202209,15,2,312
E1,M04,104-1,ALL,SF-104,A,202209,15,16,4450
E1,M04,104-2,A,SF-104,A,202209,15,5,1513
E1,M04,104-2,B,SF-104,A,202209,15,6,1068
E1,M04,104-2,C,SF-104,A,202209,15,0,890
E1,M04,104-2,D,SF-104,A,202209,15,4,668
E1,M04,104-2,E,SF-104,A,202209,15,3,312
E1,M04,104-2,ALL,SF-104,A,202209,15,18,4450
E1,M04,104-0,A,SF-104,A,202210,16,4,1557
E1,M04,104-0,B,SF-104,A,202210,16,4,1099
E1,M04,104-0,C,SF-104,A,202210,16,5,916
E1,M04,104-0,D,SF-104,A,202210,16,0,687
E1,M04,104-0,E,SF-104,A,202210,16,1,321
E1,M04,104-0,ALL,SF-104,A,202210,16,14,4580
E1,M04,104-1,A,SF-104,A,202210,16,4,1557
E1,M04,104-1,B,SF-104,A,202210,16,2,1099
E1,M04,104-1,C,SF-104,A,202210,16,0,916
E1,M04,104-1,D,SF-104,A,202210,16,2,687
E1,M04,104-1,E,SF-104,A,202210,16,1,321
E1,M04,104-1,ALL,SF-104,A,202210,16,9,4580
E1,M04,104-2,A,SF-104,A,202210,16,4,1557
E1,M04,104-2,B,SF-104,A,202210,16,6,1099
E1,M04,104-2,C,SF-104,A,202210,16,1,916
E1,M04,104-2,D,SF-104,A,202210,16,1,687
E1,M04,104-2,E,SF-104,A,202210,16,2,321
E1,M04,104-2,ALL,SF-104,A,202210,16,14,4580
E1,M04,104-0,A,SF-104,A,202211,17,5,1601
E1,M04,104-0,B,SF-104,A,202211,17,5,1130
E1,M04,104-0,C,SF-104,A,202211,17,3,942
E1,M04,104-0,D,SF-104,A,202211,17,2,706
E1,M04,104-0,E,SF-104,A,202211,17,2,330
E1,M04,104-0,ALL,SF-104,A,202211,17,17,4710
E1,M04,104-1,A,SF-104,A,202211,17,4,1601
E1,M04,104-1,B,SF-104,A,202211,17,2,1130
E1,M04,104-1,C,SF-104,A,202211,17,4,942
E1,M04,104-1,D,SF-104,A,202211,17,2,706
E1,M04,104-1,E,SF-104,A,202211,17,3,330
E1,M04,104-1,ALL,SF-104,A,202211,17,15,4710
E1,M04,104-2,A,SF-104,A,202211,17,5,1601
E1,M04,104-2,B,SF-104,A,202211,17,0,1130
E1,M04,104-2,C,SF-104,A,202211,17,4,942
E1,M04,104-2,D,SF-104,A,202211,17,1,706
E1,M04,104-2,E,SF-104,A,202211,17,0,330
E1,M04,104-2,ALL,SF-104,A,202211,17,10,4710
E1,M04,104-0,A,SF-104,A,202212,18,3,1646
E1,M04,104-0,B,SF-104,A,202212,18,3,1162
E1,M04,104-0,C,SF-104,A,202212,18,2,968
E1,M04,104-0,D,SF-104,A,202212,18,0,726
E1,M04,104-0,E,SF-104,A,202212,18,1,339
E1,M04,104-0,ALL,SF-104,A,202212,18,9,4840
E1,M04,104-1,A,SF-104,A,202212,18,3,1646
E1,M04,104-1,B,SF-104,A,202212,18,3,1162
E1,M04,104-1,C,SF-104,A,202212,18,3,968
E1,M04,104-1,D,SF-104,A,202212,18,4,726
E1,M04,104-1,E,SF-104,A,202212,18,0,339
E1,M04,104-1,ALL,SF-104,A,202212,18,13,4840
E1,M04,104-2,A,SF-104,A,202212,18,6,1646
E1,M04,104-2,B,SF-104,A,202212,18,1,1162
E1,M04,104-2,C,SF-104,A,202212,18,3,968
E1,M04,104-2,D,SF-104,A,202212,18,1,726
E1,M04,104-2,E,SF-104,A,202212,18,0,339
E1,M04,104-2,ALL,SF-104,A,202212,18,11,4840
E1,M04,104-0,A,SF-104,A,202301,19,3,1690
E1,M04,104-0,B,SF-104,A,202301,19,2,1193
E1,M04,104-0,C,SF-104,A,202301,19,3,994
E1,M04,104-0,D,SF-104,A,202301,19,1,746
E1,M04,104-0,E,SF-104,A,202301,19,2,348
E1,M04,104-0,ALL,SF-104,A,202301,19,11,4970
E1,M04,104-1,A,SF-104,A,202301,19,5,1690
E1,M04,104-1,B,SF-104,A,202301,19,5,1193
E1,M04,104-1,C,SF-104,A,202301,19,4,994
E1,M04,104-1,D,SF-104,A,202301,19,2,746
E1,M04,104-1,E,SF-104,A,202301,19,1,348
E1,M04,104-1,ALL,SF-104,A,202301,19,17,4970
E1,M04,104-2,A,SF-104,A,202301,19,6,1690
E1,M04,104-2,B,SF-104,A,202301,19,5,1193
E1,M04,104-2,C,SF-104,A,202301,19,1,994
E1,M04,104-2,D,SF-104,A,202301,19,1,746
E1,M04,104-2,E,SF-104,A,202301,19,2,348
E1,M04,104-2,ALL,SF-104,A,202301,19,15,4970
E1,M04,104-0,A,SF-104,A,202302,20,1,1734
E1,M04,104-0,B,SF-104,A,202302,20,3,1224
E1,M04,104-0,C,SF-104,A,202302,20,2,1020
E1,M04,104-0,D,SF-104,A,202302,20,2,765
E1,M04,104-0,E,SF-104,A,202302,20,3,357
E1,M04,104-0,ALL,SF-104,A,202302,20,11,5100
E1,M04,104-1,A,SF-104,A,202302,20,14,1734
E1,M04,104-1,B,SF-104,A,202302,20,1,1224
E1,M04,104-1,C,SF-104,A,202302,20,2,1020
E1,M04,104-1,D,SF-104,A,202302,20,4,765
E1,M04,104-1,E,SF-104,A,202302,20,1,357
E1,M04,104-1,ALL,SF-104,A,202302,20,22,5100
E1,M04,104-2,A,SF-104,A,202302,20,7,1734
E1,M04,104-2,B,SF-104,A,202302,20,3,1224
E1,M04,104-2,C,SF-104,A,202302,20,2,1020
E1,M04,104-2,D,SF-104,A,202302,20,3,765
E1,M04,104-2,E,SF-104,A,202302,20,2,357
E1,M04,104-2,ALL,SF-104,A,202302,20,17,5100
E1,M04,104-0,A,SF-104,A,202303,21,4,1778
E1,M04,104-0,B,SF-104,A,202303,21,4,1255
E1,M04,104-0,C,SF-104,A,202303,21,5,1046
E1,M04,104-0,D,SF-104,A,202303,21,1,784
E1,M04,104-0,E,SF-104,A,202303,21,3,366
E1,M04,104-0,ALL,SF-104,A,202303,21,17,5230
E1,M04,104-1,A,SF-104,A,202303,21,8,1778
E1,M04,104-1,B,SF-104,A,202303,21,4,1255
E1,M04,104-1,C,SF-104,A,202303,21,5,1046
E1,M04,104-1,D,SF-104,A,202303,21,4,784
E1,M04,104-1,E,SF-104,A,202303,21,1,366
E1,M04,104-1,ALL,SF-104,A,202303,21,22,5230
E1,M04,104-2,A,SF-104,A,202303,21,5,1778
E1,M04,104-2,B,SF-104,A,202303,21,6,1255
E1,M04,104-2,C,SF-104,A,202303,21,1,1046
E1,M04,104-2,D,SF-104,A,202303,21,2,784
E1,M04,104-2,E,SF-104,A,202303,21,1,366
E1,M04,104-2,ALL,SF-104,A,202303,21,15,5230
E1,M04,104-0,A,SF-104,A,202304,22,7,1822
E1,M04,104-0,B,SF-104,A,202304,22,3,1286
E1,M04,104-0,C,SF-104,A,202304,22,6,1072
E1,M04,104-0,D,SF-104,A,202304,22,4,804
E1,M04,104-0,E,SF-104,A,202304,22,1,375
E1,M04,104-0,ALL,SF-104,A,202304,22,21,5360
E1,M04,104-1,A,SF-104,A,202304,22,1,1822
E1,M04,104-1,B,SF-104,A,202304,22,4,1286
E1,M04,104-1,C,SF-104,A,202304,22,2,1072
E1,M04,104-1,D,SF-104,A,202304,22,2,804
E1,M04,104-1,E,SF-104,A,202304,22,1,375
E1,M04,104-1,ALL,SF-104,A,202304,22,10,5360
E1,M04,104-2,A,SF-104,A,202304,22,4,1822
E1,M04,104-2,B,SF-104,A,202304,22,3,1286
E1,M04,104-2,C,SF-104,A,202304,22,0,1072
E1,M04,104-2,D,SF-104,A,202304,22,3,804
E1,M04,104-2,E,SF-104,A,202304,22,2,375
E1,M04,104-2,ALL,SF-104,A,202304,22,12,5360
E1,M04,104-0,A,SF-104,A,202305,23,4,1867
E1,M04,104-0,B,SF-104,A,202305,23,5,1318
E1,M04,104-0,C,SF-104,A,202305,23,5,1098
E1,M04,104-0,D,SF-104,A,202305,23,2,824
E1,M04,104-0,E,SF-104,A,202305,23,1,384
E1,M04,104-0,ALL,SF-104,A,202305,23,17,5490
E1,M04,104-1,A,SF-104,A,202305,23,6,1867
E1,M04,104-1,B,SF-104,A,202305,23,1,1318
E1,M04,104-1,C,SF-104,A,202305,23,0,1098
E1,M04,104-1,D,SF-104,A,202305,23,6,824
E1,M04,104-1,E,SF-104,A,202305,23,1,384
E1,M04,104-1,ALL,SF-104,A,202305,23,14,5490
E1,M04,104-2,A,SF-104,A,202305,23,7,1867
E1,M04,104-2,B,SF-104,A,202305,23,4,1318
E1,M04,104-2,C,SF-104,A,202305,23,4,1098
E1,M04,104-2,D,SF-104,A,202305,23,4,824
E1,M04,104-2,E,SF-104,A,202305,23,1,384
E1,M04,104-2,ALL,SF-104,A,202305,23,20,5490
E1,M04,104-0,A,SF-104,A,202306,24,6,1911
E1,M04,104-0,B,SF-104,A,202306,24,1,1349
E1,M04,104-0,C,SF-104,A,202306,24,2,1124
E1,M04,104-0,D,SF-104,A,202306,24,4,843
E1,M04,104-0,E,SF-104,A,202306,24,2,393
E1,M04,104-0,ALL,SF-104,A,202306,24,15,5620
E1,M04,104-1,A,SF-104,A,202306,24,9,1911
E1,M04,104-1,B,SF-104,A,202306,24,2,1349
E1,M04,104-1,C,SF-104,A,202306,24,4,1124
E1,M04,104-1,D,SF-104,A,202306,24,2,843
E1,M04,104-1,E,SF-104,A,202306,24,1,393
E1,M04,104-1,ALL,SF-104,A,202306,24,18,5620
E1,M04,104-2,A,SF-104,A,202306,24,10,1911
E1,M04,104-2,B,SF-104,A,202306,24,6,1349
E1,M04,104-2,C,SF-104,A,202306,24,1,1124
E1,M04,104-2,D,SF-104,A,202306,24,1,843
E1,M04,104-2,E,SF-104,A,202306,24,1,393
E1,M04,104-2,ALL,SF-104,A,202306,24,19,5620
E1,M04,104-0,A,SF-104,A,202307,25,6,1955
E1,M04,104-0,B,SF-104,A,202307,25,2,1380
E1,M04,104-0,C,SF-104,A,202307,25,1,1150
E1,M04,104-0,D,SF-104,A,202307,25,2,862
E1,M04,104-0,E,SF-104,A,202307,25,1,403
E1,M04,104-0,ALL,SF-104,A,202307,25,12,5750
E1,M04,104-1,A,SF-104,A,202307,25,8,1955
E1,M04,104-1,B,SF-104,A,202307,25,3,1380
E1,M04,104-1,C,SF-104,A,202307,25,3,1150
E1,M04,104-1,D,SF-104,A,202307,25,2,862
E1,M04,104-1,E,SF-104,A,202307,25,2,403
E1,M04,104-1,ALL,SF-104,A,202307,25,18,5750
E1,M04,104-2,A,SF-104,A,202307,25,5,1955
E1,M04,104-2,B,SF-104,A,202307,25,3,1380
E1,M04,104-2,C,SF-104,A,202307,25,2,1150
E1,M04,104-2,D,SF-104,A,202307,25,2,862
E1,M04,104-2,E,SF-104,A,202307,25,1,403
E1,M04,104-2,ALL,SF-104,A,202307,25,13,5750
E1,M04,104-0,A,SF-104,A,202308,26,9,1999
E1,M04,104-0,B,SF-104,A,202308,26,5,1411
E1,M04,104-0,C,SF-104,A,202308,26,6,1176
E1,M04,104-0,D,SF-104,A,202308,26,2,882
E1,M04,104-0,E,SF-104,A,202308,26,1,412
E1,M04,104-0,ALL,SF-104,A,202308,26,23,5880
E1,M04,104-1,A,SF-104,A,202308,26,1,1999
E1,M04,104-1,B,SF-104,A,202308,26,4,1411
E1,M04,104-1,C,SF-104,A,202308,26,3,1176
E1,M04,104-1,D,SF-104,A,202308,26,5,882
E1,M04,104-1,E,SF-104,A,202308,26,1,412
E1,M04,104-1,ALL,SF-104,A,202308,26,14,5880
E1,M04,104-2,A,SF-104,A,202308,26,3,1999
E1,M04,104-2,B,SF-104,A,202308,26,4,1411
E1,M04,104-2,C,SF-104,A,202308,26,2,1176
E1,M04,104-2,D,SF-104,A,202308,26,2,882
E1,M04,104-2,E,SF-104,A,202308,26,1,412
E1,M04,104-2,ALL,SF-104,A,202308,26,12,5880
E1,M04,104-0,A,SF-104,A,202309,27,6,2043
E1,M04,104-0,B,SF-104,A,202309,27,6,1442
E1,M04,104-0,C,SF-104,A,202309,27,4,1202
E1,M04,104-0,D,SF-104,A,202309,27,6,902
E1,M04,104-0,E,SF-104,A,202309,27,0,421
E1,M04,104-0,ALL,SF-104,A,202309,27,22,6010
E1,M04,104-1,A,SF-104,A,202309,27,7,2043
E1,M04,104-1,B,SF-104,A,202309,27,3,1442
E1,M04,104-1,C,SF-104,A,202309,27,3,1202
E1,M04,104-1,D,SF-104,A,202309,27,1,902
E1,M04,104-1,E,SF-104,A,202309,27,0,421
E1,M04,104-1,ALL,SF-104,A,202309,27,14,6010
E1,M04,104-2,A,SF-104,A,202309,27,8,2043
E1,M04,104-2,B,SF-104,A,202309,27,6,1442
E1,M04,104-2,C,SF-104,A,202309,27,6,1202
E1,M04,104-2,D,SF-104,A,202309,27,1,902
E1,M04,104-2,E,SF-104,A,202309,27,2,421
E1,M04,104-2,ALL,SF-104,A,202309,27,23,6010
E1,M04,104-0,A,SF-104,A,202310,28,4,2088
E1,M04,104-0,B,SF-104,A,202310,28,3,1474
E1,M04,104-0,C,SF-104,A,202310,28,4,1228
E1,M04,104-0,D,SF-104,A,202310,28,3,921
E1,M04,104-0,E,SF-104,A,202310,28,1,430
E1,M04,104-0,ALL,SF-104,A,202310,28,15,6140
E1,M04,104-1,A,SF-104,A,202310,28,11,2088
E1,M04,104-1,B,SF-104,A,202310,28,1,1474
E1,M04,104-1,C,SF-104,A,202310,28,3,1228
E1,M04,104-1,D,SF-104,A,202310,28,2,921
E1,M04,104-1,E,SF-104,A,202310,28,0,430
E1,M04,104-1,ALL,SF-104,A,202310,28,17,6140
E1,M04,104-2,A,SF-104,A,202310,28,6,2088
E1,M04,104-2,B,SF-104,A,202310,28,4,1474
E1,M04,104-2,C,SF-104,A,202310,28,2,1228
E1,M04,104-2,D,SF-104,A,202310,28,5,921
E1,M04,104-2,E,SF-104,A,202310,28,1,430
E1,M04,104-2,ALL,SF-104,A,202310,28,18,6140
E1,M04,104-0,A,SF-104,A,202311,29,7,2132
E1,M04,104-0,B,SF-104,A,202311,29,5,1505
E1,M04,104-0,C,SF-104,A,202311,29,4,1254
E1,M04,104-0,D,SF-104,A,202311,29,3,940
E1,M04,104-0,E,SF-104,A,202311,29,2,439
E1,M04,104-0,ALL,SF-104,A,202311,29,21,6270
E1,M04,104-1,A,SF-104,A,202311,29,7,2132
E1,M04,104-1,B,SF-104,A,202311,29,7,1505
E1,M04,104-1,C,SF-104,A,202311,29,0,1254
E1,M04,104-1,D,SF-104,A,202311,29,2,940
E1,M04,104-1,E,SF-104,A,202311,29,3,439
E1,M04,104-1,ALL,SF-104,A,202311,29,19,6270
E1,M04,104-2,A,SF-104,A,202311,29,7,2132
E1,M04,104-2,B,SF-104,A,202311,29,4,1505
E1,M04,104-2,C,SF-104,A,202311,29,7,1254
E1,M04,104-2,D,SF-104,A,202311,29,1,940
E1,M04,104-2,E,SF-104,A,202311,29,1,439
E1,M04,104-2,ALL,SF-104,A,202311,29,20,6270
E1,M04,104-0,A,SF-104,A,202312,30,9,2176
E1,M04,104-0,B,SF-104,A,202312,30,3,1536
E1,M04,104-0,C,SF-104,A,202312,30,5,1280
E1,M04,104-0,D,SF-104,A,202312,30,1,960
E1,M04,104-0,E,SF-104,A,202312,30,2,448
E1,M04,104-0,ALL,SF-104,A,202312,30,20,6400
E1,M04,104-1,A,SF-104,A,202312,30,4,2176
E1,M04,104-1,B,SF-104,A,202312,30,7,1536
E1,M04,104-1,C,SF-104,A,202312,30,5,1280
E1,M04,104-1,D,SF-104,A,202312,30,4,960
E1,M04,104-1,E,SF-104,A,202312,30,2,448
E1,M04,104-1,ALL,SF-104,A,202312,30,22,6400
E1,M04,104-2,A,SF-104,A,202312,30,5,2176
E1,M04,104-2,B,SF-104,A,202312,30,6,1536
E1,M04,104-2,C,SF-104,A,202312,30,4,1280
E1,M04,104-2,D,SF-104,A,202312,30,5,960
E1,M04,104-2,E,SF-104,A,202312,30,1,448
E1,M04,104-2,ALL,SF-104,A,202312,30,21,6400
E1,M04,104-0,A,SF-104,A,202401,31,8,2220
E1,M04,104-0,B,SF-104,A,202401,31,3,1567
E1,M04,104-0,C,SF-104,A,202401,31,4,1306
E1,M04,104-0,D,SF-104,A,202401,31,4,980
E1,M04,104-0,E,SF-104,A,202401,31,2,457
E1,M04,104-0,ALL,SF-104,A,202401,31,21,6530
E1,M04,104-1,A,SF-104,A,202401,31,9,2220
E1,M04,104-1,B,SF-104,A,202401,31,1,1567
E1,M04,104-1,C,SF-104,A,202401,31,4,1306
E1,M04,104-1,D,SF-104,A,202401,31,2,980
E1,M04,104-1,E,SF-104,A,202401,31,0,457
E1,M04,104-1,ALL,SF-104,A,202401,31,16,6530
E1,M04,104-2,A,SF-104,A,202401,31,9,2220
E1,M04,104-2,B,SF-104,A,202401,31,3,1567
E1,M04,104-2,C,SF-104,A,202401,31,3,1306
E1,M04,104-2,D,SF-104,A,202401,31,1,980
E1,M04,104-2,E,SF-104,A,202401,31,1,457
E1,M04,104-2,ALL,SF-104,A,202401,31,17,6530
E1,M04,104-0,A,SF-104,A,202402,32,4,2264
E1,M04,104-0,B,SF-104,A,202402,32,5,1598
E1,M04,104-0,C,SF-104,A,202402,32,2,1332
E1,M04,104-0,D,SF-104,A,202402,32,1,999
E1,M04,104-0,E,SF-104,A,202402,32,1,466
E1,M04,104-0,ALL,SF-104,A,202402,32,13,6660
E1,M04,104-1,A,SF-104,A,202402,32,6,2264
E1,M04,104-1,B,SF-104,A,202402,32,6,1598
E1,M04,104-1,C,SF-104,A,202402,32,5,1332
E1,M04,104-1,D,SF-104,A,202402,32,3,999
E1,M04,104-1,E,SF-104,A,202402,32,1,466
E1,M04,104-1,ALL,SF-104,A,202402,32,21,6660
E1,M04,104-2,A,SF-104,A,202402,32,8,2264
E1,M04,104-2,B,SF-104,A,202402,32,7,1598
E1,M04,104-2,C,SF-104,A,202402,32,4,1332
E1,M04,104-2,D,SF-104,A,202402,32,5,999
E1,M04,104-2,E,SF-104,A,202402,32,1,466
E1,M04,104-2,ALL,SF-104,A,202402,32,25,6660
E1,M04,104-0,A,SF-104,A,202403,33,9,2309
E1,M04,104-0,B,SF-104,A,202403,33,6,1630
E1,M04,104-0,C,SF-104,A,202403,33,7,1358
E1,M04,104-0,D,SF-104,A,202403,33,5,1018
E1,M04,104-0,E,SF-104,A,202403,33,2,475
E1,M04,104-0,ALL,SF-104,A,202403,33,29,6790
E1,M04,104-1,A,SF-104,A,202403,33,3,2309
E1,M04,104-1,B,SF-104,A,202403,33,3,1630
E1,M04,104-1,C,SF-104,A,202403,33,3,1358
E1,M04,104-1,D,SF-104,A,202403,33,6,1018
E1,M04,104-1,E,SF-104,A,202403,33,3,475
E1,M04,104-1,ALL,SF-104,A,202403,33,18,6790
E1,M04,104-2,A,SF-104,A,202403,33,4,2309
E1,M04,104-2,B,SF-104,A,202403,33,5,1630
E1,M04,104-2,C,SF-104,A,202403,33,5,1358
E1,M04,104-2,D,SF-104,A,202403,33,0,1018
E1,M04,104-2,E,SF-104,A,202403,33,3,475
E1,M04,104-2,ALL,SF-104,A,202403,33,17,6790
E1,M04,104-0,A,SF-104,A,202404,34,7,2353
E1,M04,104-0,B,SF-104,A,202404,34,5,1661
E1,M04,104-0,C,SF-104,A,202404,34,3,1384
E1,M04,104-0,D,SF-104,A,202404,34,3,1038
E1,M04,104-0,E,SF-104,A,202404,34,1,484
E1,M04,104-0,ALL,SF-104,A,202404,34,19,6920
E1,M04,104-1,A,SF-104,A,202404,34,8,2353
E1,M04,104-1,B,SF-104,A,202404,34,4,1661
E1,M04,104-1,C,SF-104,A,202404,34,3,1384
E1,M04,104-1,D,SF-104,A,202404,34,3,1038
E1,M04,104-1,E,SF-104,A,202404,34,2,484
E1,M04,104-1,ALL,SF-104,A,202404,34,20,6920
E1,M04,104-2,A,SF-104,A,202404,34,8,2353
E1,M04,104-2,B,SF-104,A,202404,34,4,1661
E1,M04,104-2,C,SF-104,A,202404,34,8,1384
E1,M04,104-2,D,SF-104,A,202404,34,4,1038
E1,M04,104-2,E,SF-104,A,202404,34,0,484
E1,M04,104-2,ALL,SF-104,A,202404,34,24,6920
E1,M04,104-0,A,SF-104,A,202405,35,7,2397
E1,M04,104-0,B,SF-104,A,202405,35,5,1692
E1,M04,104-0,C,SF-104,A,202405,35,8,1410
E1,M04,104-0,D,SF-104,A,202405,35,3,1058
E1,M04,104-0,E,SF-104,A,202405,35,5,494
E1,M04,104-0,ALL,SF-104,A,202405,35,28,7050
E1,M04,104-1,A,SF-104,A,202405,35,11,2397
E1,M04,104-1,B,SF-104,A,202405,35,8,1692
E1,M04,104-1,C,SF-104,A,202405,35,3,1410
E1,M04,104-1,D,SF-104,A,202405,35,4,1058
E1,M04,104-1,E,SF-104,A,202405,35,0,494
E1,M04,104-1,ALL,SF-104,A,202405,35,26,7050
E1,M04,104-2,A,SF-104,A,202405,35,6,2397
E1,M04,104-2,B,SF-104,A,202405,35,3,1692
E1,M04,104-2,C,SF-104,A,202405,35,4,1410
E1,M04,104-2,D,SF-104,A,202405,35,6,1058
E1,M04,104-2,E,SF-104,A,202405,35,0,494
E1,M04,104-2,ALL,SF-104,A,202405,35,19,7050
E1,M04,104-0,A,SF-104,A,202406,36,5,2441
E1,M04,104-0,B,SF-104,A,202406,36,5,1723
E1,M04,104-0,C,SF-104,A,202406,36,4,1436
E1,M04,104-0,D,SF-104,A,202406,36,2,1077
E1,M04,104-0,E,SF-104,A,202406,36,2,503
E1,M04,104-0,ALL,SF-104,A,202406,36,18,7180
E1,M04,104-1,A,SF-104,A,202406,36,15,2441
E1,M04,104-1,B,SF-104,A,202406,36,2,1723
E1,M04,104-1,C,SF-104,A,202406,36,3,1436
E1,M04,104-1,D,SF-104,A,202406,36,3,1077
E1,M04,104-1,E,SF-104,A,202406,36,0,503
E1,M04,104-1,ALL,SF-104,A,202406,36,23,7180
E1,M04,104-2,A,SF-104,A,202406,36,6,2441
E1,M04,104-2,B,SF-104,A,202406,36,6,1723
E1,M04,104-2,C,SF-104,A,202406,36,2,1436
E1,M04,104-2,D,SF-104,A,202406,36,2,1077
E1,M04,104-2,E,SF-104,A,202406,36,3,503
E1,M04,104-2,ALL,SF-104,A,202406,36,19,7180
E1,M04,104-0,A,SF-104,A,202407,37,5,2485
E1,M04,104-0,B,SF-104,A,202407,37,3,1754
E1,M04,104-0,C,SF-104,A,202407,37,4,1462
E1,M04,104-0,D,SF-104,A,202407,37,6,1096
E1,M04,104-0,E,SF-104,A,202407,37,4,512
E1,M04,104-0,ALL,SF-104,A,202407,37,22,7310
E1,M04,104-1,A,SF-104,A,202407,37,8,2485
E1,M04,104-1,B,SF-104,A,202407,37,1,1754
E1,M04,104-1,C,SF-104,A,202407,37,10,1462
E1,M04,104-1,D,SF-104,A,202407,37,6,1096
E1,M04,104-1,E,SF-104,A,202407,37,2,512
E1,M04,104-1,ALL,SF-104,A,202407,37,27,7310
E1,M04,104-2,A,SF-104,A,202407,37,8,2485
E1,M04,104-2,B,SF-104,A,202407,37,9,1754
E1,M04,104-2,C,SF-104,A,202407,37,3,1462
E1,M04,104-2,D,SF-104,A,202407,37,4,1096
E1,M04,104-2,E,SF-104,A,202407,37,2,512
E1,M04,104-2,ALL,SF-104,A,202407,37,26,7310
E1,M04,104-0,A,SF-104,A,202408,38,3,2530
E1,M04,104-0,B,SF-104,A,202408,38,4,1786
E1,M04,104-0,C,SF-104,A,202408,38,3,1488
E1,M04,104-0,D,SF-104,A,202408,38,3,1116
E1,M04,104-0,E,SF-104,A,202408,38,0,521
E1,M04,104-0,ALL,SF-104,A,202408,38,13,7440
E1,M04,104-1,A,SF-104,A,202408,38,6,2530
E1,M04,104-1,B,SF-104,A,202408,38,2,1786
E1,M04,104-1,C,SF-104,A,202408,38,3,1488
E1,M04,104-1,D,SF-104,A,202408,38,2,1116
E1,M04,104-1,E,SF-104,A,202408,38,3,521
E1,M04,104-1,ALL,SF-104,A,202408,38,16,7440
E1,M04,104-2,A,SF-104,A,202408,38,11,2530
E1,M04,104-2,B,SF-104,A,202408,38,6,1786
E1,M04,104-2,C,SF-104,A,202408,38,11,1488
E1,M04,104-2,D,SF-104,A,202408,38,2,1116
E1,M04,104-2,E,SF-104,A,202408,38,1,521
E1,M04,104-2,ALL,SF-104,A,202408,38,31,7440
E1,M04,104-0,A,SF-104,A,202409,39,5,2574
E1,M04,104-0,B,SF-104,A,202409,39,6,1817
E1,M04,104-0,C,SF-104,A,202409,39,5,1514
E1,M04,104-0,D,SF-104,A,202409,39,4,1136
E1,M04,104-0,E,SF-104,A,202409,39,1,530
E1,M04,104-0,ALL,SF-104,A,202409,39,21,7570
E1,M04,104-1,A,SF-104,A,202409,39,6,2574
E1,M04,104-1,B,SF-104,A,202409,39,3,1817
E1,M04,104-1,C,SF-104,A,202409,39,4,1514
E1,M04,104-1,D,SF-104,A,202409,39,3,1136
E1,M04,104-1,E,SF-104,A,202409,39,4,530
E1,M04,104-1,ALL,SF-104,A,202409,39,20,7570
E1,M04,104-2,A,SF-104,A,202409,39,7,2574
E1,M04,104-2,B,SF-104,A,202409,39,5,1817
E1,M04,104-2,C,SF-104,A,202409,39,5,1514
E1,M04,104-2,D,SF-104,A,202409,39,7,1136
E1,M04,104-2,E,SF-104,A,202409,39,0,530
E1,M04,104-2,ALL,SF-104,A,202409,39,24,7570
E1,M04,104-0,A,SF-104,A,202410,40,8,2618
E1,M04,104-0,B,SF-104,A,202410,40,8,1848
E1,M04,104-0,C,SF-104,A,202410,40,5,1540
E1,M04,104-0,D,SF-104,A,202410,40,4,1155
E1,M04,104-0,E,SF-104,A,202410,40,3,539
E1,M04,104-0,ALL,SF-104,A,202410,40,28,7700
E1,M04,104-1,A,SF-104,A,202410,40,8,2618
E1,M04,104-1,B,SF-104,A,202410,40,7,1848
E1,M04,104-1,C,SF-104,A,202410,40,6,1540
E1,M04,104-1,D,SF-104,A,202410,40,1,1155
E1,M04,104-1,E,SF-104,A,202410,40,1,539
E1,M04,104-1,ALL,SF-104,A,202410,40,23,7700
E1,M04,104-2,A,SF-104,A,202410,40,7,2618
E1,M04,104-2,B,SF-104,A,202410,40,7,1848
E1,M04,104-2,C,SF-104,A,202410,40,3,1540
E1,M04,104-2,D,SF-104,A,202410,40,3,1155
E1,M04,104-2,E,SF-104,A,202410,40,3,539
E1,M04,104-2,ALL,SF-104,A,202410,40,23,7700
E1,M04,104-0,A,SF-104,A,202411,41,13,2662
E1,M04,104-0,B,SF-104,A,202411,41,7,1879
E1,M04,104-0,C,SF-104,A,202411,41,8,1566
E1,M04,104-0,D,SF-104,A,202411,41,6,1174
E1,M04,104-0,E,SF-104,A,202411,41,2,548
E1,M04,104-0,ALL,SF-104,A,202411,41,36,7830
E1,M04,104-1,A,SF-104,A,202411,41,10,2662
E1,M04,104-1,B,SF-104,A,202411,41,5,1879
E1,M04,104-1,C,SF-104,A,202411,41,7,1566
E1,M04,104-1,D,SF-104,A,202411,41,3,1174
E1,M04,104-1,E,SF-104,A,202411,41,3,548
E1,M04,104-1,ALL,SF-104,A,202411,41,28,7830
E1,M04,104-2,A,SF-104,A,202411,41,9,2662
E1,M04,104-2,B,SF-104,A,202411,41,6,1879
E1,M04,104-2,C,SF-104,A,202411,41,4,1566
E1,M04,104-2,D,SF-104,A,202411,41,2,1174
E1,M04,104-2,E,SF-104,A,202411,41,1,548
E1,M04,104-2,ALL,SF-104,A,202411,41,22,7830
E1,M04,104-0,A,SF-104,A,202412,42,8,2706
E1,M04,104-0,B,SF-104,A,202412,42,4,1910
E1,M04,104-0,C,SF-104,A,202412,42,6,1592
E1,M04,104-0,D,SF-104,A,202412,42,2,1194
E1,M04,104-0,E,SF-104,A,202412,42,1,557
E1,M04,104-0,ALL,SF-104,A,202412,42,21,7960
E1,M04,104-1,A,SF-104,A,202412,42,7,2706
E1,M04,104-1,B,SF-104,A,202412,42,5,1910
E1,M04,104-1,C,SF-104,A,202412,42,10,1592
E1,M04,104-1,D,SF-104,A,202412,42,4,1194
E1,M04,104-1,E,SF-104,A,202412,42,4,557
E1,M04,104-1,ALL,SF-104,A,202412,42,30,7960
E1,M04,104-2,A,SF-104,A,202412,42,7,2706
E1,M04,104-2,B,SF-104,A,202412,42,7,1910
E1,M04,104-2,C,SF-104,A,202412,42,7,1592
E1,M04,104-2,D,SF-104,A,202412,42,2,1194
E1,M04,104-2,E,SF-104,A,202412,42,2,557
E1,M04,104-2,ALL,SF-104,A,202412,42,25,7960
E1,M04,105-0,ALL,SF-105,A,202106,0,0,2500
E1,M04,105-0,ALL,SF-105,A,202107,1,0,2630
E1,M04,105-0,A,SF-105,A,202108,2,0,938
E1,M04,105-0,B,SF-105,A,202108,2,0,662
E1,M04,105-0,C,SF-105,A,202108,2,0,552
E1,M04,105-0,D,SF-105,A,202108,2,0,414
E1,M04,105-0,ALL,SF-105,A,202108,2,0,2760
E1,M04,105-0,A,SF-105,A,202109,3,0,983
E1,M04,105-0,B,SF-105,A,202109,3,1,694
E1,M04,105-0,C,SF-105,A,202109,3,0,578
E1,M04,105-0,D,SF-105,A,202109,3,0,434
E1,M04,105-0,ALL,SF-105,A,202109,3,1,2890
E1,M04,105-0,A,SF-105,A,202110,4,1,1027
E1,M04,105-0,B,SF-105,A,202110,4,0,725
E1,M04,105-0,C,SF-105,A,202110,4,0,604
E1,M04,105-0,D,SF-105,A,202110,4,0,453
E1,M04,105-0,ALL,SF-105,A,202110,4,1,3020
E1,M04,105-0,A,SF-105,A,202111,5,0,1071
E1,M04,105-0,B,SF-105,A,202111,5,0,756
E1,M04,105-0,C,SF-105,A,202111,5,0,630
E1,M04,105-0,D,SF-105,A,202111,5,0,472
E1,M04,105-0,ALL,SF-105,A,202111,5,0,3150
E1,M04,105-0,A,SF-105,A,202112,6,0,1115
E1,M04,105-0,B,SF-105,A,202112,6,0,787
E1,M04,105-0,C,SF-105,A,202112,6,0,656
E1,M04,105-0,D,SF-105,A,202112,6,0,492
E1,M04,105-0,ALL,SF-105,A,202112,6,0,3280
E1,M04,105-0,A,SF-105,A,202201,7,1,1159
E1,M04,105-0,B,SF-105,A,202201,7,0,818
E1,M04,105-0,C,SF-105,A,202201,7,1,682
E1,M04,105-0,D,SF-105,A,202201,7,0,512
E1,M04,105-0,ALL,SF-105,A,202201,7,2,3410
E1,M04,105-0,A,SF-105,A,202202,8,0,1204
E1,M04,105-0,B,SF-105,A,202202,8,0,850
E1,M04,105-0,C,SF-105,A,202202,8,0,708
E1,M04,105-0,D,SF-105,A,202202,8,0,531
E1,M04,105-0,E,SF-105,A,202202,8,0,248
E1,M04,105-0,ALL,SF-105,A,202202,8,0,3540
E1,M04,105-0,A,SF-105,A,202203,9,1,1248
E1,M04,105-0,B,SF-105,A,202203,9,0,881
E1,M04,105-0,C,SF-105,A,202203,9,0,734
E1,M04,105-0,D,SF-105,A,202203,9,0,550
E1,M04,105-0,E,SF-105,A,202203,9,0,257
E1,M04,105-0,ALL,SF-105,A,202203,9,1,3670
E1,M04,105-0,A,SF-105,A,202204,10,0,1292
E1,M04,105-0,B,SF-105,A,202204,10,1,912
E1,M04,105-0,C,SF-105,A,202204,10,0,760
E1,M04,105-0,D,SF-105,A,202204,10,0,570
E1,M04,105-0,E,SF-105,A,202204,10,0,266
E1,M04,105-0,ALL,SF-105,A,202204,10,1,3800
E1,M04,105-0,A,SF-105,A,202205,11,0,1336
E1,M04,105-0,B,SF-105,A,202205,11,0,943
E1,M04,105-0,C,SF-105,A,202205,11,0,786
E1,M04,105-0,D,SF-105,A,202205,11,0,590
E1,M04,105-0,E,SF-105,A,202205,11,0,275
E1,M04,105-0,ALL,SF-105,A,202205,11,0,3930
E1,M04,105-0,A,SF-105,A,202206,12,0,1380
E1,M04,105-0,B,SF-105,A,202206,12,1,974
E1,M04,105-0,C,SF-105,A,202206,12,1,812
E1,M04,105-0,D,SF-105,A,202206,12,0,609
E1,M04,105-0,E,SF-105,A,202206,12,0,284
E1,M04,105-0,ALL,SF-105,A,202206,12,2,4060
E1,M04,105-0,A,SF-105,A,202207,13,0,1425
E1,M04,105-0,B,SF-105,A,202207,13,0,1006
E1,M04,105-0,C,SF-105,A,202207,13,1,838
E1,M04,105-0,D,SF-105,A,202207,13,0,628
E1,M04,105-0,E,SF-105,A,202207,13,0,293
E1,M04,105-0,ALL,SF-105,A,202207,13,1,4190
E1,M04,105-0,A,SF-105,A,202208,14,0,1469
E1,M04,105-0,B,SF-105,A,202208,14,0,1037
E1,M04,105-0,C,SF-105,A,202208,14,1,864
E1,M04,105-0,D,SF-105,A,202208,14,0,648
E1,M04,105-0,E,SF-105,A,202208,14,0,302
E1,M04,105-0,ALL,SF-105,A,202208,14,1,4320
E1,M04,105-0,A,SF-105,A,202209,15,3,1513
E1,M04,105-0,B,SF-105,A,202209,15,0,1068
E1,M04,105-0,C,SF-105,A,202209,15,0,890
E1,M04,105-0,D,SF-105,A,202209,15,0,668
E1,M04,105-0,E,SF-105,A,202209,15,0,312
E1,M04,105-0,ALL,SF-105,A,202209,15,3,4450
E1,M04,105-0,A,SF-105,A,202210,16,1,1557
E1,M04,105-0,B,SF-105,A,202210,16,0,1099
E1,M04,105-0,C,SF-105,A,202210,16,1,916
E1,M04,105-0,D,SF-105,A,202210,16,0,687
E1,M04,105-0,E,SF-105,A,202210,16,0,321
E1,M04,105-0,ALL,SF-105,A,202210,16,2,4580
E1,M04,105-0,A,SF-105,A,202211,17,2,1601
E1,M04,105-0,B,SF-105,A,202211,17,0,1130
E1,M04,105-0,C,SF-105,A,202211,17,0,942
E1,M04,105-0,D,SF-105,A,202211,17,0,706
E1,M04,105-0,E,SF-105,A,202211,17,0,330
E1,M04,105-0,ALL,SF-105,A,202211,17,2,4710
E1,M04,105-0,A,SF-105,A,202212,18,2,1646
E1,M04,105-0,B,SF-105,A,202212,18,0,1162
E1,M04,105-0,C,SF-105,A,202212,18,0,968
E1,M04,105-0,D,SF-105,A,202212,18,0,726
E1,M04,105-0,E,SF-105,A,202212,18,0,339
E1,M04,105-0,ALL,SF-105,A,202212,18,2,4840
E1,M04,105-0,A,SF-105,A,202301,19,1,1690
E1,M04,105-0,B,SF-105,A,202301,19,1,1193
E1,M04,105-0,C,SF-105,A,202301,19,0,994
E1,M04,105-0,D,SF-105,A,202301,19,0,746
E1,M04,105-0,E,SF-105,A,202301,19,0,348
E1,M04,105-0,ALL,SF-105,A,202301,19,2,4970
E1,M04,105-0,A,SF-105,A,202302,20,0,1734
E1,M04,105-0,B,SF-105,A,202302,20,0,1224
E1,M04,105-0,C,SF-105,A,202302,20,0,1020
E1,M04,105-0,D,SF-105,A,202302,20,0,765
E1,M04,105-0,E,SF-105,A,202302,20,0,357
E1,M04,105-0,ALL,SF-105,A,202302,20,0,5100
E1,M04,105-0,A,SF-105,A,202303,21,0,1778
E1,M04,105-0,B,SF-105,A,202303,21,0,1255
E1,M04,105-0,C,SF-105,A,202303,21,0,1046
E1,M04,105-0,D,SF-105,A,202303,21,1,784
E1,M04,105-0,E,SF-105,A,202303,21,0,366
E1,M04,105-0,ALL,SF-105,A,202303,21,1,5230
E1,M04,105-0,A,SF-105,A,202304,22,0,1822
E1,M04,105-0,B,SF-105,A,202304,22,1,1286
E1,M04,105-0,C,SF-105,A,202304,22,1,1072
E1,M04,105-0,D,SF-105,A,202304,22,0,804
E1,M04,105-0,E,SF-105,A,202304,22,0,375
E1,M04,105-0,ALL,SF-105,A,202304,22,2,5360
E1,M04,105-0,A,SF-105,A,202305,23,0,1867
E1,M04,105-0,B,SF-105,A,202305,23,0,1318
E1,M04,105-0,C,SF-105,A,202305,23,0,1098
E1,M04,105-0,D,SF-105,A,202305,23,0,824
E1,M04,105-0,E,SF-105,A,202305,23,0,384
E1,M04,105-0,ALL,SF-105,A,202305,23,0,5490
E1,M04,105-0,A,SF-105,A,202306,24,0,1911
E1,M04,105-0,B,SF-105,A,202306,24,0,1349
E1,M04,105-0,C,SF-105,A,202306,24,1,1124
E1,M04,105-0,D,SF-105,A,202306,24,1,843
E1,M04,105-0,E,SF-105,A,202306,24,1,393
E1,M04,105-0,ALL,SF-105,A,202306,24,3,5620
E1,M04,105-0,A,SF-105,A,202307,25,0,1955
E1,M04,105-0,B,SF-105,A,202307,25,0,1380
E1,M04,105-0,C,SF-105,A,202307,25,0,1150
E1,M04,105-0,D,SF-105,A,202307,25,0,862
E1,M04,105-0,E,SF-105,A,202307,25,0,403
E1,M04,105-0,ALL,SF-105,A,202307,25,0,5750
E1,M04,105-0,A,SF-105,A,202308,26,2,1999
E1,M04,105-0,B,SF-105,A,202308,26,1,1411
E1,M04,105-0,C,SF-105,A,202308,26,0,1176
E1,M04,105-0,D,SF-105,A,202308,26,0,882
E1,M04,105-0,E,SF-105,A,202308,26,0,412
E1,M04,105-0,ALL,SF-105,A,202308,26,3,5880
E1,M04,105-0,A,SF-105,A,202309,27,0,2043
E1,M04,105-0,B,SF-105,A,202309,27,0,1442
E1,M04,105-0,C,SF-105,A,202309,27,0,1202
E1,M04,105-0,D,SF-105,A,202309,27,2,902
E1,M04,105-0,E,SF-105,A,202309,27,0,421
E1,M04,105-0,ALL,SF-105,A,202309,27,2,6010
E1,M04,105-0,A,SF-105,A,202310,28,1,2088
E1,M04,105-0,B,SF-105,A,202310,28,0,1474
E1,M04,105-0,C,SF-105,A,202310,28,0,1228
E1,M04,105-0,D,SF-105,A,202310,28,1,921
E1,M04,105-0,E,SF-105,A,202310,28,0,430
E1,M04,105-0,ALL,SF-105,A,202310,28,2,6140
E1,M04,105-0,A,SF-105,A,202311,29,0,2132
E1,M04,105-0,B,SF-105,A,202311,29,0,1505
E1,M04,105-0,C,SF-105,A,202311,29,0,1254
E1,M04,105-0,D,SF-105,A,202311,29,0,940
E1,M04,105-0,E,SF-105,A,202311,29,0,439
E1,M04,105-0,ALL,SF-105,A,202311,29,0,6270
E1,M04,105-0,A,SF-105,A,202312,30,0,2176
E1,M04,105-0,B,SF-105,A,202312,30,0,1536
E1,M04,105-0,C,SF-105,A,202312,30,0,1280
E1,M04,105-0,D,SF-105,A,202312,30,0,960
E1,M04,105-0,E,SF-105,A,202312,30,1,448
E1,M04,105-0,ALL,SF-105,A,202312,30,1,6400
E1,M04,105-0,A,SF-105,A,202401,31,0,2220
E1,M04,105-0,B,SF-105,A,202401,31,0,1567
E1,M04,105-0,C,SF-105,A,202401,31,0,1306
E1,M04,105-0,D,SF-105,A,202401,31,0,980
E1,M04,105-0,E,SF-105,A,202401,31,1,457
E1,M04,105-0,ALL,SF-105,A,202401,31,1,6530
E1,M04,105-0,A,SF-105,A,202402,32,1,2264
E1,M04,105-0,B,SF-105,A,202402,32,0,1598
E1,M04,105-0,C,SF-105,A,202402,32,0,1332
E1,M04,105-0,D,SF-105,A,202402,32,0,999
E1,M04,105-0,E,SF-105,A,202402,32,0,466
E1,M04,105-0,ALL,SF-105,A,202402,32,1,6660
E1,M04,105-0,A,SF-105,A,202403,33,2,2309
E1,M04,105-0,B,SF-105,A,202403,33,0,1630
E1,M04,105-0,C,SF-105,A,202403,33,0,1358
E1,M04,105-0,D,SF-105,A,202403,33,0,1018
E1,M04,105-0,E,SF-105,A,202403,33,0,475
E1,M04,105-0,ALL,SF-105,A,202403,33,2,6790
E1,M04,105-0,A,SF-105,A,202404,34,0,2353
E1,M04,105-0,B,SF-105,A,202404,34,0,1661
E1,M04,105-0,C,SF-105,A,202404,34,1,1384
E1,M04,105-0,D,SF-105,A,202404,34,0,1038
E1,M04,105-0,E,SF-105,A,202404,34,0,484
E1,M04,105-0,ALL,SF-105,A,202404,34,1,6920
E1,M04,105-0,A,SF-105,A,202405,35,1,2397
E1,M04,105-0,B,SF-105,A,202405,35,1,1692
E1,M04,105-0,C,SF-105,A,202405,35,0,1410
E1,M04,105-0,D,SF-105,A,202405,35,0,1058
E1,M04,105-0,E,SF-105,A,202405,35,0,494
E1,M04,105-0,ALL,SF-105,A,202405,35,2,7050
E1,M04,105-0,A,SF-105,A,202406,36,2,2441
E1,M04,105-0,B,SF-105,A,202406,36,0,1723
E1,M04,105-0,C,SF-105,A,202406,36,1,1436
E1,M04,105-0,D,SF-105,A,202406,36,0,1077
E1,M04,105-0,E,SF-105,A,202406,36,0,503
E1,M04,105-0,ALL,SF-105,A,202406,36,3,7180
E1,M04,105-0,A,SF-105,A,202407,37,0,2485
E1,M04,105-0,B,SF-105,A,202407,37,1,1754
E1,M04,105-0,C,SF-105,A,202407,37,0,1462
E1,M04,105-0,D,SF-105,A,202407,37,0,1096
E1,M04,105-0,E,SF-105,A,202407,37,0,512
E1,M04,105-0,ALL,SF-105,A,202407,37,1,7310
E1,M04,105-0,A,SF-105,A,202408,38,2,2530
E1,M04,105-0,B,SF-105,A,202408,38,1,1786
E1,M04,105-0,C,SF-105,A,202408,38,1,1488
E1,M04,105-0,D,SF-105,A,202408,38,0,1116
E1,M04,105-0,E,SF-105,A,202408,38,0,521
E1,M04,105-0,ALL,SF-105,A,202408,38,4,7440
E1,M04,105-0,A,SF-105,A,202409,39,0,2574
E1,M04,105-0,B,SF-105,A,202409,39,2,1817
E1,M04,105-0,C,SF-105,A,202409,39,0,1514
E1,M04,105-0,D,SF-105,A,202409,39,0,1136
E1,M04,105-0,E,SF-105,A,202409,39,0,530
E1,M04,105-0,ALL,SF-105,A,202409,39,2,7570
E1,M04,105-0,A,SF-105,A,202410,40,0,2618
E1,M04,105-0,B,SF-105,A,202410,40,0,1848
E1,M04,105-0,C,SF-105,A,202410,40,0,1540
E1,M04,105-0,D,SF-105,A,202410,40,0,1155
E1,M04,105-0,E,SF-105,A,202410,40,0,539
E1,M04,105-0,ALL,SF-105,A,202410,40,0,7700
E1,M04,105-0,A,SF-105,A,202411,41,0,2662
E1,M04,105-0,B,SF-105,A,202411,41,1,1879
E1,M04,105-0,C,SF-105,A,202411,41,0,1566
E1,M04,105-0,D,SF-105,A,202411,41,0,1174
E1,M04,105-0,E,SF-105,A,202411,41,0,548
E1,M04,105-0,ALL,SF-105,A,202411,41,1,7830
E1,M04,105-0,A,SF-105,A,202412,42,0,2706
E1,M04,105-0,B,SF-105,A,202412,42,1,1910
E1,M04,105-0,C,SF-105,A,202412,42,0,1592
E1,M04,105-0,D,SF-105,A,202412,42,0,1194
E1,M04,105-0,E,SF-105,A,202412,42,0,557
E1,M04,105-0,ALL,SF-105,A,202412,42,1,7960
E1,M05,100-0,B,SF-100,B,202107,0,1,600
E1,M05,100-0,ALL,SF-100,B,202107,0,1,2500
E1,M05,100-0,A,SF-100,B,202108,1,1,894
E1,M05,100-0,B,SF-100,B,202108,1,1,631
E1,M05,100-0,D,SF-100,B,202108,1,1,394
E1,M05,100-0,ALL,SF-100,B,202108,1,3,2630
E1,M05,100-0,A,SF-100,B,202109,2,3,938
E1,M05,100-0,B,SF-100,B,202109,2,0,662
E1,M05,100-0,C,SF-100,B,202109,2,1,552
E1,M05,100-0,D,SF-100,B,202109,2,1,414
E1,M05,100-0,ALL,SF-100,B,202109,2,5,2760
E1,M05,100-0,A,SF-100,B,202110,3,2,983
E1,M05,100-0,B,SF-100,B,202110,3,0,694
E1,M05,100-0,C,SF-100,B,202110,3,1,578
E1,M05,100-0,D,SF-100,B,202110,3,0,434
E1,M05,100-0,ALL,SF-100,B,202110,3,3,2890
E1,M05,100-0,A,SF-100,B,202111,4,1,1027
E1,M05,100-0,B,SF-100,B,202111,4,0,725
E1,M05,100-0,C,SF-100,B,202111,4,2,604
E1,M05,100-0,D,SF-100,B,202111,4,0,453
E1,M05,100-0,ALL,SF-100,B,202111,4,3,3020
E1,M05,100-0,A,SF-100,B,202112,5,0,1071
E1,M05,100-0,B,SF-100,B,202112,5,3,756
E1,M05,100-0,C,SF-100,B,202112,5,2,630
E1,M05,100-0,D,SF-100,B,202112,5,0,472
E1,M05,100-0,ALL,SF-100,B,202112,5,5,3150
E1,M05,100-0,A,SF-100,B,202201,6,1,1115
E1,M05,100-0,B,SF-100,B,202201,6,0,787
E1,M05,100-0,C,SF-100,B,202201,6,1,656
E1,M05,100-0,D,SF-100,B,202201,6,0,492
E1,M05,100-0,ALL,SF-100,B,202201,6,2,3280
E1,M05,100-0,A,SF-100,B,202202,7,2,1159
E1,M05,100-0,B,SF-100,B,202202,7,2,818
E1,M05,100-0,C,SF-100,B,202202,7,1,682
E1,M05,100-0,D,SF-100,B,202202,7,1,512
E1,M05,100-0,ALL,SF-100,B,202202,7,6,3410
E1,M05,100-0,A,SF-100,B,202203,8,0,1204
E1,M05,100-0,B,SF-100,B,202203,8,0,850
E1,M05,100-0,C,SF-100,B,202203,8,1,708
E1,M05,100-0,D,SF-100,B,202203,8,0,531
E1,M05,100-0,E,SF-100,B,202203,8,1,248
E1,M05,100-0,ALL,SF-100,B,202203,8,2,3540
E1,M05,100-0,A,SF-100,B,202204,9,2,1248
E1,M05,100-0,B,SF-100,B,202204,9,0,881
E1,M05,100-0,C,SF-100,B,202204,9,0,734
E1,M05,100-0,D,SF-100,B,202204,9,0,550
E1,M05,100-0,E,SF-100,B,202204,9,0,257
E1,M05,100-0,ALL,SF-100,B,202204,9,2,3670
E1,M05,100-0,A,SF-100,B,202205,10,1,1292
E1,M05,100-0,B,SF-100,B,202205,10,2,912
E1,M05,100-0,C,SF-100,B,202205,10,2,760
E1,M05,100-0,D,SF-100,B,202205,10,0,570
E1,M05,100-0,E,SF-100,B,202205,10,0,266
E1,M05,100-0,ALL,SF-100,B,202205,10,5,3800
E1,M05,100-0,A,SF-100,B,202206,11,0,1336
E1,M05,100-0,B,SF-100,B,202206,11,2,943
E1,M05,100-0,C,SF-100,B,202206,11,1,786
E1,M05,100-0,D,SF-100,B,202206,11,0,590
E1,M05,100-0,E,SF-100,B,202206,11,0,275
E1,M05,100-0,ALL,SF-100,B,202206,11,3,3930
E1,M05,100-0,A,SF-100,B,202207,12,1,1380
E1,M05,100-0,B,SF-100,B,202207,12,2,974
E1,M05,100-0,C,SF-100,B,202207,12,0,812
E1,M05,100-0,D,SF-100,B,202207,12,0,609
E1,M05,100-0,E,SF-100,B,202207,12,0,284
E1,M05,100-0,ALL,SF-100,B,202207,12,3,4060
E1,M05,100-0,A,SF-100,B,202208,13,3,1425
E1,M05,100-0,B,SF-100,B,202208,13,2,1006
E1,M05,100-0,C,SF-100,B,202208,13,2,838
E1,M05,100-0,D,SF-100,B,202208,13,0,628
E1,M05,100-0,E,SF-100,B,202208,13,0,293
E1,M05,100-0,ALL,SF-100,B,202208,13,7,4190
E1,M05,100-0,A,SF-100,B,202209,14,5,1469
E1,M05,100-0,B,SF-100,B,202209,14,1,1037
E1,M05,100-0,C,SF-100,B,202209,14,0,864
E1,M05,100-0,D,SF-100,B,202209,14,0,648
E1,M05,100-0,E,SF-100,B,202209,14,1,302
E1,M05,100-0,ALL,SF-100,B,202209,14,7,4320
E1,M05,100-0,A,SF-100,B,202210,15,1,1513
E1,M05,100-0,B,SF-100,B,202210,15,1,1068
E1,M05,100-0,C,SF-100,B,202210,15,0,890
E1,M05,100-0,D,SF-100,B,202210,15,1,668
E1,M05,100-0,E,SF-100,B,202210,15,1,312
E1,M05,100-0,ALL,SF-100,B,202210,15,4,4450
E1,M05,100-0,A,SF-100,B,202211,16,4,1557
E1,M05,100-0,B,SF-100,B,202211,16,1,1099
E1,M05,100-0,C,SF-100,B,202211,16,1,916
E1,M05,100-0,D,SF-100,B,202211,16,1,687
E1,M05,100-0,E,SF-100,B,202211,16,1,321
E1,M05,100-0,ALL,SF-100,B,202211,16,8,4580
E1,M05,100-0,A,SF-100,B,202212,17,1,1601
E1,M05,100-0,B,SF-100,B,202212,17,3,1130
E1,M05,100-0,C,SF-100,B,202212,17,1,942
E1,M05,100-0,D,SF-100,B,202212,17,0,706
E1,M05,100-0,E,SF-100,B,202212,17,1,330
E1,M05,100-0,ALL,SF-100,B,202212,17,6,4710
E1,M05,100-0,A,SF-100,B,202301,18,0,1646
E1,M05,100-0,B,SF-100,B,202301,18,0,1162
E1,M05,100-0,C,SF-100,B,202301,18,1,968
E1,M05,100-0,D,SF-100,B,202301,18,1,726
E1,M05,100-0,E,SF-100,B,202301,18,1,339
E1,M05,100-0,ALL,SF-100,B,202301,18,3,4840
E1,M05,100-0,A,SF-100,B,202302,19,4,1690
E1,M05,100-0,B,SF-100,B,202302,19,4,1193
E1,M05,100-0,C,SF-100,B,202302,19,2,994
E1,M05,100-0,D,SF-100,B,202302,19,2,746
E1,M05,100-0,E,SF-100,B,202302,19,0,348
E1,M05,100-0,ALL,SF-100,B,202302,19,12,4970
E1,M05,100-0,A,SF-100,B,202303,20,1,1734
E1,M05,100-0,B,SF-100,B,202303,20,2,1224
E1,M05,100-0,C,SF-100,B,202303,20,0,1020
E1,M05,100-0,D,SF-100,B,202303,20,0,765
E1,M05,100-0,E,SF-100,B,202303,20,1,357
E1,M05,100-0,ALL,SF-100,B,202303,20,4,5100
E1,M05,100-0,A,SF-100,B,202304,21,1,1778
E1,M05,100-0,B,SF-100,B,202304,21,2,1255
E1,M05,100-0,C,SF-100,B,202304,21,1,1046
E1,M05,100-0,D,SF-100,B,202304,21,0,784
E1,M05,100-0,E,SF-100,B,202304,21,1,366
E1,M05,100-0,ALL,SF-100,B,202304,21,5,5230
E1,M05,100-0,A,SF-100,B,202305,22,2,1822
E1,M05,100-0,B,SF-100,B,202305,22,2,1286
E1,M05,100-0,C,SF-100,B,202305,22,4,1072
E1,M05,100-0,D,SF-100,B,202305,22,0,804
E1,M05,100-0,E,SF-100,B,202305,22,0,375
E1,M05,100-0,ALL,SF-100,B,202305,22,8,5360
E1,M05,100-0,A,SF-100,B,202306,23,3,1867
E1,M05,100-0,B,SF-100,B,202306,23,2,1318
E1,M05,100-0,C,SF-100,B,202306,23,1,1098
E1,M05,100-0,D,SF-100,B,202306,23,2,824
E1,M05,100-0,E,SF-100,B,202306,23,1,384
E1,M05,100-0,ALL,SF-100,B,202306,23,9,5490
E1,M05,100-0,A,SF-100,B,202307,24,2,1911
E1,M05,100-0,B,SF-100,B,202307,24,0,1349
E1,M05,100-0,C,SF-100,B,202307,24,1,1124
E1,M05,100-0,D,SF-100,B,202307,24,2,843
E1,M05,100-0,E,SF-100,B,202307,24,0,393
E1,M05,100-0,ALL,SF-100,B,202307,24,5,5620
E1,M05,100-0,A,SF-100,B,202308,25,7,1955
E1,M05,100-0,B,SF-100,B,202308,25,1,1380
E1,M05,100-0,C,SF-100,B,202308,25,0,1150
E1,M05,100-0,D,SF-100,B,202308,25,1,862
E1,M05,100-0,E,SF-100,B,202308,25,1,403
E1,M05,100-0,ALL,SF-100,B,202308,25,10,5750
E1,M05,100-0,A,SF-100,B,202309,26,4,1999
E1,M05,100-0,B,SF-100,B,202309,26,2,1411
E1,M05,100-0,C,SF-100,B,202309,26,0,1176
E1,M05,100-0,D,SF-100,B,202309,26,0,882
E1,M05,100-0,E,SF-100,B,202309,26,1,412
E1,M05,100-0,ALL,SF-100,B,202309,26,7,5880
E1,M05,100-0,A,SF-100,B,202310,27,4,2043
E1,M05,100-0,B,SF-100,B,202310,27,1,1442
E1,M05,100-0,C,SF-100,B,202310,27,2,1202
E1,M05,100-0,D,SF-100,B,202310,27,1,902
E1,M05,100-0,E,SF-100,B,202310,27,1,421
E1,M05,100-0,ALL,SF-100,B,202310,27,9,6010
E1,M05,100-0,A,SF-100,B,202311,28,4,2088
E1,M05,100-0,B,SF-100,B,202311,28,4,1474
E1,M05,100-0,C,SF-100,B,202311,28,1,1228
E1,M05,100-0,D,SF-100,B,202311,28,1,921
E1,M05,100-0,E,SF-100,B,202311,28,2,430
E1,M05,100-0,ALL,SF-100,B,202311,28,12,6140
E1,M05,100-0,A,SF-100,B,202312,29,4,2132
E1,M05,100-0,B,SF-100,B,202312,29,2,1505
E1,M05,100-0,C,SF-100,B,202312,29,1,1254
E1,M05,100-0,D,SF-100,B,202312,29,0,940
E1,M05,100-0,E,SF-100,B,202312,29,0,439
E1,M05,100-0,ALL,SF-100,B,202312,29,7,6270
E1,M05,100-0,A,SF-100,B,202401,30,1,2176
E1,M05,100-0,B,SF-100,B,202401,30,3,1536
E1,M05,100-0,C,SF-100,B,202401,30,0,1280
E1,M05,100-0,D,SF-100,B,202401,30,2,960
E1,M05,100-0,E,SF-100,B,202401,30,0,448
E1,M05,100-0,ALL,SF-100,B,202401,30,6,6400
E1,M05,100-0,A,SF-100,B,202402,31,4,2220
E1,M05,100-0,B,SF-100,B,202402,31,3,1567
E1,M05,100-0,C,SF-100,B,202402,31,3,1306
E1,M05,100-0,D,SF-100,B,202402,31,2,980
E1,M05,100-0,E,SF-100,B,202402,31,1,457
E1,M05,100-0,ALL,SF-100,B,202402,31,13,6530
E1,M05,100-0,A,SF-100,B,202403,32,0,2264
E1,M05,100-0,B,SF-100,B,202403,32,6,1598
E1,M05,100-0,C,SF-100,B,202403,32,0,1332
E1,M05,100-0,D,SF-100,B,202403,32,0,999
E1,M05,100-0,E,SF-100,B,202403,32,0,466
E1,M05,100-0,ALL,SF-100,B,202403,32,6,6660
E1,M05,100-0,A,SF-100,B,202404,33,5,2309
E1,M05,100-0,B,SF-100,B,202404,33,0,1630
E1,M05,100-0,C,SF-100,B,202404,33,0,1358
E1,M05,100-0,D,SF-100,B,202404,33,2,1018
E1,M05,100-0,E,SF-100,B,202404,33,0,475
E1,M05,100-0,ALL,SF-100,B,202404,33,7,6790
E1,M05,100-0,A,SF-100,B,202405,34,1,2353
E1,M05,100-0,B,SF-100,B,202405,34,0,1661
E1,M05,100-0,C,SF-100,B,202405,34,1,1384
E1,M05,100-0,D,SF-100,B,202405,34,1,1038
E1,M05,100-0,E,SF-100,B,202405,34,0,484
E1,M05,100-0,ALL,SF-100,B,202405,34,3,6920
E1,M05,100-0,A,SF-100,B,202406,35,3,2397
E1,M05,100-0,B,SF-100,B,202406,35,3,1692
E1,M05,100-0,C,SF-100,B,202406,35,0,1410
E1,M05,100-0,D,SF-100,B,202406,35,0,1058
E1,M05,100-0,E,SF-100,B,202406,35,1,494
E1,M05,100-0,ALL,SF-100,B,202406,35,7,7050
E1,M05,100-0,A,SF-100,B,202407,36,4,2441
E1,M05,100-0,B,SF-100,B,202407,36,3,1723
E1,M05,100-0,C,SF-100,B,202407,36,3,1436
E1,M05,100-0,D,SF-100,B,202407,36,0,1077
E1,M05,100-0,E,SF-100,B,202407,36,1,503
E1,M05,100-0,ALL,SF-100,B,202407,36,11,7180
E1,M05,100-0,A,SF-100,B,202408,37,4,2485
E1,M05,100-0,B,SF-100,B,202408,37,3,1754
E1,M05,100-0,C,SF-100,B,202408,37,3,1462
E1,M05,100-0,D,SF-100,B,202408,37,2,1096
E1,M05,100-0,E,SF-100,B,202408,37,0,512
E1,M05,100-0,ALL,SF-100,B,202408,37,12,7310
E1,M05,100-0,A,SF-100,B,202409,38,2,2530
E1,M05,100-0,B,SF-100,B,202409,38,0,1786
E1,M05,100-0,C,SF-100,B,202409,38,2,1488
E1,M05,100-0,D,SF-100,B,202409,38,2,1116
E1,M05,100-0,E,SF-100,B,202409,38,1,521
E1,M05,100-0,ALL,SF-100,B,202409,38,7,7440
E1,M05,100-0,A,SF-100,B,202410,39,1,2574
E1,M05,100-0,B,SF-100,B,202410,39,2,1817
E1,M05,100-0,C,SF-100,B,202410,39,1,1514
E1,M05,100-0,D,SF-100,B,202410,39,3,1136
E1,M05,100-0,E,SF-100,B,202410,39,0,530
E1,M05,100-0,ALL,SF-100,B,202410,39,7,7570
E1,M05,100-0,A,SF-100,B,202411,40,0,2618
E1,M05,100-0,B,SF-100,B,202411,40,3,1848
E1,M05,100-0,C,SF-100,B,202411,40,4,1540
E1,M05,100-0,D,SF-100,B,202411,40,1,1155
E1,M05,100-0,E,SF-100,B,202411,40,1,539
E1,M05,100-0,ALL,SF-100,B,202411,40,9,7700
E1,M05,100-0,A,SF-100,B,202412,41,4,2662
E1,M05,100-0,B,SF-100,B,202412,41,3,1879
E1,M05,100-0,C,SF-100,B,202412,41,1,1566
E1,M05,100-0,D,SF-100,B,202412,41,1,1174
E1,M05,100-0,E,SF-100,B,202412,41,1,548
E1,M05,100-0,ALL,SF-100,B,202412,41,10,7830
E1,M05,101-0,A,SF-101,B,202107,0,1,850
E1,M05,101-0,B,SF-101,B,202107,0,3,600
E1,M05,101-0,D,SF-101,B,202107,0,1,375
E1,M05,101-0,ALL,SF-101,B,202107,0,5,2500
E1,M05,101-0,A,SF-101,B,202108,1,1,894
E1,M05,101-0,B,SF-101,B,202108,1,1,631
E1,M05,101-0,C,SF-101,B,202108,1,1,526
E1,M05,101-0,D,SF-101,B,202108,1,1,394
E1,M05,101-0,ALL,SF-101,B,202108,1,4,2630
E1,M05,101-0,A,SF-101,B,202109,2,2,938
E1,M05,101-0,B,SF-101,B,202109,2,1,662
E1,M05,101-0,C,SF-101,B,202109,2,0,552
E1,M05,101-0,D,SF-101,B,202109,2,0,414
E1,M05,101-0,ALL,SF-101,B,202109,2,3,2760
E1,M05,101-0,A,SF-101,B,202110,3,2,983
E1,M05,101-0,B,SF-101,B,202110,3,1,694
E1,M05,101-0,C,SF-101,B,202110,3,0,578
E1,M05,101-0,D,SF-101,B,202110,3,0,434
E1,M05,101-0,ALL,SF-101,B,202110,3,3,2890
E1,M05,101-0,A,SF-101,B,202111,4,0,1027
E1,M05,101-0,B,SF-101,B,202111,4,0,725
E1,M05,101-0,C,SF-101,B,202111,4,0,604
E1,M05,101-0,D,SF-101,B,202111,4,0,453
E1,M05,101-0,ALL,SF-101,B,202111,4,0,3020
E1,M05,101-0,A,SF-101,B,202112,5,3,1071
E1,M05,101-0,B,SF-101,B,202112,5,0,756
E1,M05,101-0,C,SF-101,B,202112,5,0,630
E1,M05,101-0,D,SF-101,B,202112,5,0,472
E1,M05,101-0,ALL,SF-101,B,202112,5,3,3150
E1,M05,101-0,A,SF-101,B,202201,6,2,1115
E1,M05,101-0,B,SF-101,B,202201,6,0,787
E1,M05,101-0,C,SF-101,B,202201,6,0,656
E1,M05,101-0,D,SF-101,B,202201,6,1,492
E1,M05,101-0,ALL,SF-101,B,202201,6,3,3280
E1,M05,101-0,A,SF-101,B,202202,7,3,1159
E1,M05,101-0,B,SF-101,B,202202,7,1,818
E1,M05,101-0,C,SF-101,B,202202,7,2,682
E1,M05,101-0,D,SF-101,B,202202,7,0,512
E1,M05,101-0,ALL,SF-101,B,202202,7,6,3410
E1,M05,101-0,A,SF-101,B,202203,8,5,1204
E1,M05,101-0,B,SF-101,B,202203,8,1,850
E1,M05,101-0,C,SF-101,B,202203,8,1,708
E1,M05,101-0,D,SF-101,B,202203,8,1,531
E1,M05,101-0,E,SF-101,B,202203,8,0,248
E1,M05,101-0,ALL,SF-101,B,202203,8,8,3540
E1,M05,101-0,A,SF-101,B,202204,9,2,1248
E1,M05,101-0,B,SF-101,B,202204,9,0,881
E1,M05,101-0,C,SF-101,B,202204,9,1,734
E1,M05,101-0,D,SF-101,B,202204,9,1,550
E1,M05,101-0,E,SF-101,B,202204,9,0,257
E1,M05,101-0,ALL,SF-101,B,202204,9,4,3670
E1,M05,101-0,A,SF-101,B,202205,10,1,1292
E1,M05,101-0,B,SF-101,B,202205,10,0,912
E1,M05,101-0,C,SF-101,B,202205,10,0,760
E1,M05,101-0,D,SF-101,B,202205,10,0,570
E1,M05,101-0,E,SF-101,B,202205,10,1,266
E1,M05,101-0,ALL,SF-101,B,202205,10,2,3800
E1,M05,101-0,A,SF-101,B,202206,11,0,1336
E1,M05,101-0,B,SF-101,B,202206,11,2,943
E1,M05,101-0,C,SF-101,B,202206,11,0,786
E1,M05,101-0,D,SF-101,B,202206,11,0,590
E1,M05,101-0,E,SF-101,B,202206,11,0,275
E1,M05,101-0,ALL,SF-101,B,202206,11,2,3930
E1,M05,101-0,A,SF-101,B,202207,12,0,1380
E1,M05,101-0,B,SF-101,B,202207,12,3,974
E1,M05,101-0,C,SF-101,B,202207,12,2,812
E1,M05,101-0,D,SF-101,B,202207,12,0,609
E1,M05,101-0,E,SF-101,B,202207,12,0,284
E1,M05,101-0,ALL,SF-101,B,202207,12,5,4060
E1,M05,101-0,A,SF-101,B,202208,13,0,1425
E1,M05,101-0,B,SF-101,B,202208,13,1,1006
E1,M05,101-0,C,SF-101,B,202208,13,2,838
E1,M05,101-0,D,SF-101,B,202208,13,1,628
E1,M05,101-0,E,SF-101,B,202208,13,0,293
E1,M05,101-0,ALL,SF-101,B,202208,13,4,4190
E1,M05,101-0,A,SF-101,B,202209,14,0,1469
E1,M05,101-0,B,SF-101,B,202209,14,0,1037
E1,M05,101-0,C,SF-101,B,202209,14,2,864
E1,M05,101-0,D,SF-101,B,202209,14,0,648
E1,M05,101-0,E,SF-101,B,202209,14,0,302
E1,M05,101-0,ALL,SF-101,B,202209,14,2,4320
E1,M05,101-0,A,SF-101,B,202210,15,0,1513
E1,M05,101-0,B,SF-101,B,202210,15,3,1068
E1,M05,101-0,C,SF-101,B,202210,15,1,890
E1,M05,101-0,D,SF-101,B,202210,15,0,668
E1,M05,101-0,E,SF-101,B,202210,15,0,312
E1,M05,101-0,ALL,SF-101,B,202210,15,4,4450
E1,M05,101-0,A,SF-101,B,202211,16,1,1557
E1,M05,101-0,B,SF-101,B,202211,16,0,1099
E1,M05,101-0,C,SF-101,B,202211,16,1,916
E1,M05,101-0,D,SF-101,B,202211,16,4,687
E1,M05,101-0,E,SF-101,B,202211,16,0,321
E1,M05,101-0,ALL,SF-101,B,202211,16,6,4580
E1,M05,101-0,A,SF-101,B,202212,17,2,1601
E1,M05,101-0,B,SF-101,B,202212,17,0,1130
E1,M05,101-0,C,SF-101,B,202212,17,2,942
E1,M05,101-0,D,SF-101,B,202212,17,2,706
E1,M05,101-0,E,SF-101,B,202212,17,0,330
E1,M05,101-0,ALL,SF-101,B,202212,17,6,4710
E1,M05,101-0,A,SF-101,B,202301,18,4,1646
E1,M05,101-0,B,SF-101,B,202301,18,0,1162
E1,M05,101-0,C,SF-101,B,202301,18,0,968
E1,M05,101-0,D,SF-101,B,202301,18,0,726
E1,M05,101-0,E,SF-101,B,202301,18,2,339
E1,M05,101-0,ALL,SF-101,B,202301,18,6,4840
E1,M05,101-0,A,SF-101,B,202302,19,3,1690
E1,M05,101-0,B,SF-101,B,202302,19,1,1193
E1,M05,101-0,C,SF-101,B,202302,19,1,994
E1,M05,101-0,D,SF-101,B,202302,19,0,746
E1,M05,101-0,E,SF-101,B,202302,19,1,348
E1,M05,101-0,ALL,SF-101,B,202302,19,6,4970
E1,M05,101-0,A,SF-101,B,202303,20,1,1734
E1,M05,101-0,B,SF-101,B,202303,20,2,1224
E1,M05,101-0,C,SF-101,B,202303,20,0,1020
E1,M05,101-0,D,SF-101,B,202303,20,1,765
E1,M05,101-0,E,SF-101,B,202303,20,0,357
E1,M05,101-0,ALL,SF-101,B,202303,20,4,5100
E1,M05,101-0,A,SF-101,B,202304,21,0,1778
E1,M05,101-0,B,SF-101,B,202304,21,2,1255
E1,M05,101-0,C,SF-101,B,202304,21,2,1046
E1,M05,101-0,D,SF-101,B,202304,21,1,784
E1,M05,101-0,E,SF-101,B,202304,21,0,366
E1,M05,101-0,ALL,SF-101,B,202304,21,5,5230
E1,M05,101-0,A,SF-101,B,202305,22,1,1822
E1,M05,101-0,B,SF-101,B,202305,22,2,1286
E1,M05,101-0,C,SF-101,B,202305,22,2,1072
E1,M05,101-0,D,SF-101,B,202305,22,2,804
E1,M05,101-0,E,SF-101,B,202305,22,1,375
E1,M05,101-0,ALL,SF-101,B,202305,22,8,5360
E1,M05,101-0,A,SF-101,B,202306,23,1,1867
E1,M05,101-0,B,SF-101,B,202306,23,1,1318
E1,M05,101-0,C,SF-101,B,202306,23,2,1098
E1,M05,101-0,D,SF-101,B,202306,23,1,824
E1,M05,101-0,E,SF-101,B,202306,23,1,384
E1,M05,101-0,ALL,SF-101,B,202306,23,6,5490
E1,M05,101-0,A,SF-101,B,202307,24,0,1911
E1,M05,101-0,B,SF-101,B,202307,24,1,1349
E1,M05,101-0,C,SF-101,B,202307,24,2,1124
E1,M05,101-0,D,SF-101,B,202307,24,0,843
E1,M05,101-0,E,SF-101,B,202307,24,0,393
E1,M05,101-0,ALL,SF-101,B,202307,24,3,5620
E1,M05,101-0,A,SF-101,B,202308,25,2,1955
E1,M05,101-0,B,SF-101,B,202308,25,1,1380
E1,M05,101-0,C,SF-101,B,202308,25,1,1150
E1,M05,101-0,D,SF-101,B,202308,25,1,862
E1,M05,101-0,E,SF-101,B,202308,25,0,403
E1,M05,101-0,ALL,SF-101,B,202308,25,5,5750
E1,M05,101-0,A,SF-101,B,202309,26,0,1999
E1,M05,101-0,B,SF-101,B,202309,26,1,1411
E1,M05,101-0,C,SF-101,B,202309,26,0,1176
E1,M05,101-0,D,SF-101,B,202309,26,0,882
E1,M05,101-0,E,SF-101,B,202309,26,0,412
E1,M05,101-0,ALL,SF-101,B,202309,26,1,5880
E1,M05,101-0,A,SF-101,B,202310,27,1,2043
E1,M05,101-0,B,SF-101,B,202310,27,1,1442
E1,M05,101-0,C,SF-101,B,202310,27,0,1202
E1,M05,101-0,D,SF-101,B,202310,27,1,902
E1,M05,101-0,E,SF-101,B,202310,27,0,421
E1,M05,101-0,ALL,SF-101,B,202310,27,3,6010
E1,M05,101-0,A,SF-101,B,202311,28,3,2088
E1,M05,101-0,B,SF-101,B,202311,28,2,1474
E1,M05,101-0,C,SF-101,B,202311,28,1,1228
E1,M05,101-0,D,SF-101,B,202311,28,0,921
E1,M05,101-0,E,SF-101,B,202311,28,0,430
E1,M05,101-0,ALL,SF-101,B,202311,28,6,6140
E1,M05,101-0,A,SF-101,B,202312,29,2,2132
E1,M05,101-0,B,SF-101,B,202312,29,0,1505
E1,M05,101-0,C,SF-101,B,202312,29,0,1254
E1,M05,101-0,D,SF-101,B,202312,29,0,940
E1,M05,101-0,E,SF-101,B,202312,29,0,439
E1,M05,101-0,ALL,SF-101,B,202312,29,2,6270
E1,M05,101-0,A,SF-101,B,202401,30,3,2176
E1,M05,101-0,B,SF-101,B,202401,30,1,1536
E1,M05,101-0,C,SF-101,B,202401,30,0,1280
E1,M05,101-0,D,SF-101,B,202401,30,2,960
E1,M05,101-0,E,SF-101,B,202401,30,0,448
E1,M05,101-0,ALL,SF-101,B,202401,30,6,6400
E1,M05,101-0,A,SF-101,B,202402,31,1,2220
E1,M05,101-0,B,SF-101,B,202402,31,0,1567
E1,M05,101-0,C,SF-101,B,202402,31,1,1306
E1,M05,101-0,D,SF-101,B,202402,31,0,980
E1,M05,101-0,E,SF-101,B,202402,31,0,457
E1,M05,101-0,ALL,SF-101,B,202402,31,2,6530
E1,M05,101-0,A,SF-101,B,202403,32,1,2264
E1,M05,101-0,B,SF-101,B,202403,32,1,1598
E1,M05,101-0,C,SF-101,B,202403,32,0,1332
E1,M05,101-0,D,SF-101,B,202403,32,0,999
E1,M05,101-0,E,SF-101,B,202403,32,0,466
E1,M05,101-0,ALL,SF-101,B,202403,32,2,6660
E1,M05,101-0,A,SF-101,B,202404,33,0,2309
E1,M05,101-0,B,SF-101,B,202404,33,3,1630
E1,M05,101-0,C,SF-101,B,202404,33,0,1358
E1,M05,101-0,D,SF-101,B,202404,33,0,1018
E1,M05,101-0,E,SF-101,B,202404,33,0,475
E1,M05,101-0,ALL,SF-101,B,202404,33,3,6790
E1,M05,101-0,A,SF-101,B,202405,34,4,2353
E1,M05,101-0,B,SF-101,B,202405,34,0,1661
E1,M05,101-0,C,SF-101,B,202405,34,0,1384
E1,M05,101-0,D,SF-101,B,202405,34,1,1038
E1,M05,101-0,E,SF-101,B,202405,34,1,484
E1,M05,101-0,ALL,SF-101,B,202405,34,6,6920
E1,M05,101-0,A,SF-101,B,202406,35,0,2397
E1,M05,101-0,B,SF-101,B,202406,35,2,1692
E1,M05,101-0,C,SF-101,B,202406,35,2,1410
E1,M05,101-0,D,SF-101,B,202406,35,1,1058
E1,M05,101-0,E,SF-101,B,202406,35,0,494
E1,M05,101-0,ALL,SF-101,B,202406,35,5,7050
E1,M05,101-0,A,SF-101,B,202407,36,3,2441
E1,M05,101-0,B,SF-101,B,202407,36,2,1723
E1,M05,101-0,C,SF-101,B,202407,36,1,1436
E1,M05,101-0,D,SF-101,B,202407,36,1,1077
E1,M05,101-0,E,SF-101,B,202407,36,0,503
E1,M05,101-0,ALL,SF-101,B,202407,36,7,7180
E1,M05,101-0,A,SF-101,B,202408,37,2,2485
E1,M05,101-0,B,SF-101,B,202408,37,0,1754
E1,M05,101-0,C,SF-101,B,202408,37,0,1462
E1,M05,101-0,D,SF-101,B,202408,37,1,1096
E1,M05,101-0,E,SF-101,B,202408,37,0,512
E1,M05,101-0,ALL,SF-101,B,202408,37,3,7310
E1,M05,101-0,A,SF-101,B,202409,38,1,2530
E1,M05,101-0,B,SF-101,B,202409,38,2,1786
E1,M05,101-0,C,SF-101,B,202409,38,1,1488
E1,M05,101-0,D,SF-101,B,202409,38,0,1116
E1,M05,101-0,E,SF-101,B,202409,38,1,521
E1,M05,101-0,ALL,SF-101,B,202409,38,5,7440
E1,M05,101-0,A,SF-101,B,202410,39,3,2574
E1,M05,101-0,B,SF-101,B,202410,39,3,1817
E1,M05,101-0,C,SF-101,B,202410,39,0,1514
E1,M05,101-0,D,SF-101,B,202410,39,0,1136
E1,M05,101-0,E,SF-101,B,202410,39,0,530
E1,M05,101-0,ALL,SF-101,B,202410,39,6,7570
E1,M05,101-0,A,SF-101,B,202411,40,4,2618
E1,M05,101-0,B,SF-101,B,202411,40,0,1848
E1,M05,101-0,C,SF-101,B,202411,40,3,1540
E1,M05,101-0,D,SF-101,B,202411,40,3,1155
E1,M05,101-0,E,SF-101,B,202411,40,1,539
E1,M05,101-0,ALL,SF-101,B,202411,40,11,7700
E1,M05,101-0,A,SF-101,B,202412,41,2,2662
E1,M05,101-0,B,SF-101,B,202412,41,2,1879
E1,M05,101-0,C,SF-101,B,202412,41,0,1566
E1,M05,101-0,D,SF-101,B,202412,41,0,1174
E1,M05,101-0,E,SF-101,B,202412,41,0,548
E1,M05,101-0,ALL,SF-101,B,202412,41,4,7830
E1,M05,102-0,A,SF-102,B,202107,0,3,850
E1,M05,102-0,C,SF-102,B,202107,0,2,500
E1,M05,102-0,ALL,SF-102,B,202107,0,5,2500
E1,M05,102-0,A,SF-102,B,202108,1,1,894
E1,M05,102-0,B,SF-102,B,202108,1,2,631
E1,M05,102-0,C,SF-102,B,202108,1,2,526
E1,M05,102-0,ALL,SF-102,B,202108,1,5,2630
E1,M05,102-0,A,SF-102,B,202109,2,3,938
E1,M05,102-0,B,SF-102,B,202109,2,2,662
E1,M05,102-0,C,SF-102,B,202109,2,0,552
E1,M05,102-0,D,SF-102,B,202109,2,0,414
E1,M05,102-0,ALL,SF-102,B,202109,2,5,2760
E1,M05,102-0,A,SF-102,B,202110,3,3,983
E1,M05,102-0,B,SF-102,B,202110,3,0,694
E1,M05,102-0,C,SF-102,B,202110,3,2,578
E1,M05,102-0,D,SF-102,B,202110,3,1,434
E1,M05,102-0,ALL,SF-102,B,202110,3,6,2890
E1,M05,102-0,A,SF-102,B,202111,4,2,1027
E1,M05,102-0,B,SF-102,B,202111,4,0,725
E1,M05,102-0,C,SF-102,B,202111,4,0,604
E1,M05,102-0,D,SF-102,B,202111,4,0,453
E1,M05,102-0,ALL,SF-102,B,202111,4,2,3020
E1,M05,102-0,A,SF-102,B,202112,5,3,1071
E1,M05,102-0,B,SF-102,B,202112,5,2,756
E1,M05,102-0,C,SF-102,B,202112,5,0,630
E1,M05,102-0,D,SF-102,B,202112,5,2,472
E1,M05,102-0,ALL,SF-102,B,202112,5,7,3150
E1,M05,102-0,A,SF-102,B,202201,6,4,1115
E1,M05,102-0,B,SF-102,B,202201,6,3,787
E1,M05,102-0,C,SF-102,B,202201,6,1,656
E1,M05,102-0,D,SF-102,B,202201,6,0,492
E1,M05,102-0,ALL,SF-102,B,202201,6,8,3280
E1,M05,102-0,A,SF-102,B,202202,7,2,1159
E1,M05,102-0,B,SF-102,B,202202,7,1,818
E1,M05,102-0,C,SF-102,B,202202,7,1,682
E1,M05,102-0,D,SF-102,B,202202,7,0,512
E1,M05,102-0,ALL,SF-102,B,202202,7,4,3410
E1,M05,102-0,A,SF-102,B,202203,8,0,1204
E1,M05,102-0,B,SF-102,B,202203,8,0,850
E1,M05,102-0,C,SF-102,B,202203,8,0,708
E1,M05,102-0,D,SF-102,B,202203,8,0,531
E1,M05,102-0,E,SF-102,B,202203,8,0,248
E1,M05,102-0,ALL,SF-102,B,202203,8,0,3540
E1,M05,102-0,A,SF-102,B,202204,9,2,1248
E1,M05,102-0,B,SF-102,B,202204,9,0,881
E1,M05,102-0,C,SF-102,B,202204,9,0,734
E1,M05,102-0,D,SF-102,B,202204,9,1,550
E1,M05,102-0,E,SF-102,B,202204,9,0,257
E1,M05,102-0,ALL,SF-102,B,202204,9,3,3670
E1,M05,102-0,A,SF-102,B,202205,10,3,1292
E1,M05,102-0,B,SF-102,B,202205,10,1,912
E1,M05,102-0,C,SF-102,B,202205,10,0,760
E1,M05,102-0,D,SF-102,B,202205,10,0,570
E1,M05,102-0,E,SF-102,B,202205,10,1,266
E1,M05,102-0,ALL,SF-102,B,202205,10,5,3800
E1,M05,102-0,A,SF-102,B,202206,11,1,1336
E1,M05,102-0,B,SF-102,B,202206,11,1,943
E1,M05,102-0,C,SF-102,B,202206,11,0,786
E1,M05,102-0,D,SF-102,B,202206,11,0,590
E1,M05,102-0,E,SF-102,B,202206,11,0,275
E1,M05,102-0,ALL,SF-102,B,202206,11,2,3930
E1,M05,102-0,A,SF-102,B,202207,12,0,1380
E1,M05,102-0,B,SF-102,B,202207,12,0,974
E1,M05,102-0,C,SF-102,B,202207,12,0,812
E1,M05,102-0,D,SF-102,B,202207,12,1,609
E1,M05,102-0,E,SF-102,B,202207,12,0,284
E1,M05,102-0,ALL,SF-102,B,202207,12,1,4060
E1,M05,102-0,A,SF-102,B,202208,13,1,1425
E1,M05,102-0,B,SF-102,B,202208,13,1,1006
E1,M05,102-0,C,SF-102,B,202208,13,1,838
E1,M05,102-0,D,SF-102,B,202208,13,0,628
E1,M05,102-0,E,SF-102,B,202208,13,0,293
E1,M05,102-0,ALL,SF-102,B,202208,13,3,4190
E1,M05,102-0,A,SF-102,B,202209,14,3,1469
E1,M05,102-0,B,SF-102,B,202209,14,2,1037
E1,M05,102-0,C,SF-102,B,202209,14,1,864
E1,M05,102-0,D,SF-102,B,202209,14,1,648
E1,M05,102-0,E,SF-102,B,202209,14,1,302
E1,M05,102-0,ALL,SF-102,B,202209,14,8,4320
E1,M05,102-0,A,SF-102,B,202210,15,2,1513
E1,M05,102-0,B,SF-102,B,202210,15,1,1068
E1,M05,102-0,C,SF-102,B,202210,15,0,890
E1,M05,102-0,D,SF-102,B,202210,15,1,668
E1,M05,102-0,E,SF-102,B,202210,15,0,312
E1,M05,102-0,ALL,SF-102,B,202210,15,4,4450
E1,M05,102-0,A,SF-102,B,202211,16,3,1557
E1,M05,102-0,B,SF-102,B,202211,16,2,1099
E1,M05,102-0,C,SF-102,B,202211,16,1,916
E1,M05,102-0,D,SF-102,B,202211,16,1,687
E1,M05,102-0,E,SF-102,B,202211,16,0,321
E1,M05,102-0,ALL,SF-102,B,202211,16,7,4580
E1,M05,102-0,A,SF-102,B,202212,17,3,1601
E1,M05,102-0,B,SF-102,B,202212,17,2,1130
E1,M05,102-0,C,SF-102,B,202212,17,1,942
E1,M05,102-0,D,SF-102,B,202212,17,1,706
E1,M05,102-0,E,SF-102,B,202212,17,0,330
E1,M05,102-0,ALL,SF-102,B,202212,17,7,4710
E1,M05,102-0,A,SF-102,B,202301,18,0,1646
E1,M05,102-0,B,SF-102,B,202301,18,1,1162
E1,M05,102-0,C,SF-102,B,202301,18,1,968
E1,M05,102-0,D,SF-102,B,202301,18,0,726
E1,M05,102-0,E,SF-102,B,202301,18,1,339
E1,M05,102-0,ALL,SF-102,B,202301,18,3,4840
E1,M05,102-0,A,SF-102,B,202302,19,4,1690
E1,M05,102-0,B,SF-102,B,202302,19,2,1193
E1,M05,102-0,C,SF-102,B,202302,19,1,994
E1,M05,102-0,D,SF-102,B,202302,19,1,746
E1,M05,102-0,E,SF-102,B,202302,19,1,348
E1,M05,102-0,ALL,SF-102,B,202302,19,9,4970
E1,M05,102-0,A,SF-102,B,202303,20,1,1734
E1,M05,102-0,B,SF-102,B,202303,20,0,1224
E1,M05,102-0,C,SF-102,B,202303,20,4,1020
E1,M05,102-0,D,SF-102,B,202303,20,1,765
E1,M05,102-0,E,SF-102,B,202303,20,0,357
E1,M05,102-0,ALL,SF-102,B,202303,20,6,5100
E1,M05,102-0,A,SF-102,B,202304,21,2,1778
E1,M05,102-0,B,SF-102,B,202304,21,1,1255
E1,M05,102-0,C,SF-102,B,202304,21,2,1046
E1,M05,102-0,D,SF-102,B,202304,21,0,784
E1,M05,102-0,E,SF-102,B,202304,21,1,366
E1,M05,102-0,ALL,SF-102,B,202304,21,6,5230
E1,M05,102-0,A,SF-102,B,202305,22,1,1822
E1,M05,102-0,B,SF-102,B,202305,22,2,1286
E1,M05,102-0,C,SF-102,B,202305,22,0,1072
E1,M05,102-0,D,SF-102,B,202305,22,0,804
E1,M05,102-0,E,SF-102,B,202305,22,1,375
E1,M05,102-0,ALL,SF-102,B,202305,22,4,5360
E1,M05,102-0,A,SF-102,B,202306,23,3,1867
E1,M05,102-0,B,SF-102,B,202306,23,1,1318
E1,M05,102-0,C,SF-102,B,202306,23,0,1098
E1,M05,102-0,D,SF-102,B,202306,23,1,824
E1,M05,102-0,E,SF-102,B,202306,23,0,384
E1,M05,102-0,ALL,SF-102,B,202306,23,5,5490
E1,M05,102-0,A,SF-102,B,202307,24,3,1911
E1,M05,102-0,B,SF-102,B,202307,24,1,1349
E1,M05,102-0,C,SF-102,B,202307,24,4,1124
E1,M05,102-0,D,SF-102,B,202307,24,0,843
E1,M05,102-0,E,SF-102,B,202307,24,1,393
E1,M05,102-0,ALL,SF-102,B,202307,24,9,5620
E1,M05,102-0,A,SF-102,B,202308,25,5,1955
E1,M05,102-0,B,SF-102,B,202308,25,4,1380
E1,M05,102-0,C,SF-102,B,202308,25,2,1150
E1,M05,102-0,D,SF-102,B,202308,25,1,862
E1,M05,102-0,E,SF-102,B,202308,25,0,403
E1,M05,102-0,ALL,SF-102,B,202308,25,12,5750
E1,M05,102-0,A,SF-102,B,202309,26,1,1999
E1,M05,102-0,B,SF-102,B,202309,26,1,1411
E1,M05,102-0,C,SF-102,B,202309,26,1,1176
E1,M05,102-0,D,SF-102,B,202309,26,2,882
E1,M05,102-0,E,SF-102,B,202309,26,0,412
E1,M05,102-0,ALL,SF-102,B,202309,26,5,5880
E1,M05,102-0,A,SF-102,B,202310,27,3,2043
E1,M05,102-0,B,SF-102,B,202310,27,3,1442
E1,M05,102-0,C,SF-102,B,202310,27,2,1202
E1,M05,102-0,D,SF-102,B,202310,27,1,902
E1,M05,102-0,E,SF-102,B,202310,27,0,421
E1,M05,102-0,ALL,SF-102,B,202310,27,9,6010
E1,M05,102-0,A,SF-102,B,202311,28,3,2088
E1,M05,102-0,B,SF-102,B,202311,28,1,1474
E1,M05,102-0,C,SF-102,B,202311,28,1,1228
E1,M05,102-0,D,SF-102,B,202311,28,1,921
E1,M05,102-0,E,SF-102,B,202311,28,0,430
E1,M05,102-0,ALL,SF-102,B,202311,28,6,6140
E1,M05,102-0,A,SF-102,B,202312,29,3,2132
E1,M05,102-0,B,SF-102,B,202312,29,1,1505
E1,M05,102-0,C,SF-102,B,202312,29,2,1254
E1,M05,102-0,D,SF-102,B,202312,29,0,940
E1,M05,102-0,E,SF-102,B,202312,29,0,439
E1,M05,102-0,ALL,SF-102,B,202312,29,6,6270
E1,M05,102-0,A,SF-102,B,202401,30,2,2176
E1,M05,102-0,B,SF-102,B,202401,30,3,1536
E1,M05,102-0,C,SF-102,B,202401,30,0,1280
E1,M05,102-0,D,SF-102,B,202401,30,2,960
E1,M05,102-0,E,SF-102,B,202401,30,0,448
E1,M05,102-0,ALL,SF-102,B,202401,30,7,6400
E1,M05,102-0,A,SF-102,B,202402,31,0,2220
E1,M05,102-0,B,SF-102,B,202402,31,0,1567
E1,M05,102-0,C,SF-102,B,202402,31,1,1306
E1,M05,102-0,D,SF-102,B,202402,31,0,980
E1,M05,102-0,E,SF-102,B,202402,31,0,457
E1,M05,102-0,ALL,SF-102,B,202402,31,1,6530
E1,M05,102-0,A,SF-102,B,202403,32,0,2264
E1,M05,102-0,B,SF-102,B,202403,32,3,1598
E1,M05,102-0,C,SF-102,B,202403,32,1,1332
E1,M05,102-0,D,SF-102,B,202403,32,1,999
E1,M05,102-0,E,SF-102,B,202403,32,1,466
E1,M05,102-0,ALL,SF-102,B,202403,32,6,6660
E1,M05,102-0,A,SF-102,B,202404,33,4,2309
E1,M05,102-0,B,SF-102,B,202404,33,2,1630
E1,M05,102-0,C,SF-102,B,202404,33,0,1358
E1,M05,102-0,D,SF-102,B,202404,33,0,1018
E1,M05,102-0,E,SF-102,B,202404,33,1,475
E1,M05,102-0,ALL,SF-102,B,202404,33,7,6790
E1,M05,102-0,A,SF-102,B,202405,34,0,2353
E1,M05,102-0,B,SF-102,B,202405,34,1,1661
E1,M05,102-0,C,SF-102,B,202405,34,3,1384
E1,M05,102-0,D,SF-102,B,202405,34,2,1038
E1,M05,102-0,E,SF-102,B,202405,34,0,484
E1,M05,102-0,ALL,SF-102,B,202405,34,6,6920
E1,M05,102-0,A,SF-102,B,202406,35,1,2397
E1,M05,102-0,B,SF-102,B,202406,35,1,1692
E1,M05,102-0,C,SF-102,B,202406,35,4,1410
E1,M05,102-0,D,SF-102,B,202406,35,1,1058
E1,M05,102-0,E,SF-102,B,202406,35,0,494
E1,M05,102-0,ALL,SF-102,B,202406,35,7,7050
E1,M05,102-0,A,SF-102,B,202407,36,5,2441
E1,M05,102-0,B,SF-102,B,202407,36,3,1723
E1,M05,102-0,C,SF-102,B,202407,36,5,1436
E1,M05,102-0,D,SF-102,B,202407,36,0,1077
E1,M05,102-0,E,SF-102,B,202407,36,1,503
E1,M05,102-0,ALL,SF-102,B,202407,36,14,7180
E1,M05,102-0,A,SF-102,B,202408,37,2,2485
E1,M05,102-0,B,SF-102,B,202408,37,3,1754
E1,M05,102-0,C,SF-102,B,202408,37,4,1462
E1,M05,102-0,D,SF-102,B,202408,37,0,1096
E1,M05,102-0,E,SF-102,B,202408,37,1,512
E1,M05,102-0,ALL,SF-102,B,202408,37,10,7310
E1,M05,102-0,A,SF-102,B,202409,38,5,2530
E1,M05,102-0,B,SF-102,B,202409,38,2,1786
E1,M05,102-0,C,SF-102,B,202409,38,1,1488
E1,M05,102-0,D,SF-102,B,202409,38,3,1116
E1,M05,102-0,E,SF-102,B,202409,38,0,521
E1,M05,102-0,ALL,SF-102,B,202409,38,11,7440
E1,M05,102-0,A,SF-102,B,202410,39,2,2574
E1,M05,102-0,B,SF-102,B,202410,39,2,1817
E1,M05,102-0,C,SF-102,B,202410,39,2,1514
E1,M05,102-0,D,SF-102,B,202410,39,1,1136
E1,M05,102-0,E,SF-102,B,202410,39,2,530
E1,M05,102-0,ALL,SF-102,B,202410,39,9,7570
E1,M05,102-0,A,SF-102,B,202411,40,2,2618
E1,M05,102-0,B,SF-102,B,202411,40,1,1848
E1,M05,102-0,C,SF-102,B,202411,40,1,1540
E1,M05,102-0,D,SF-102,B,202411,40,0,1155
E1,M05,102-0,E,SF-102,B,202411,40,0,539
E1,M05,102-0,ALL,SF-102,B,202411,40,4,7700
E1,M05,102-0,A,SF-102,B,202412,41,3,2662
E1,M05,102-0,B,SF-102,B,202412,41,1,1879
E1,M05,102-0,C,SF-102,B,202412,41,2,1566
E1,M05,102-0,D,SF-102,B,202412,41,2,1174
E1,M05,102-0,E,SF-102,B,202412,41,0,548
E1,M05,102-0,ALL,SF-102,B,202412,41,8,7830
E1,M05,103-0,A,SF-103,B,202107,0,1,850
E1,M05,103-0,ALL,SF-103,B,202107,0,1,2500
E1,M05,103-1,B,SF-103,B,202107,0,1,600
E1,M05,103-1,ALL,SF-103,B,202107,0,1,2500
E1,M05,103-0,ALL,SF-103,B,202108,1,0,2630
E1,M05,103-1,A,SF-103,B,202108,1,1,894
E1,M05,103-1,B,SF-103,B,202108,1,1,631
E1,M05,103-1,ALL,SF-103,B,202108,1,2,2630
E1,M05,103-0,A,SF-103,B,202109,2,1,938
E1,M05,103-0,B,SF-103,B,202109,2,0,662
E1,M05,103-0,C,SF-103,B,202109,2,0,552
E1,M05,103-0,D,SF-103,B,202109,2,0,414
E1,M05,103-0,ALL,SF-103,B,202109,2,1,2760
E1,M05,103-1,A,SF-103,B,202109,2,0,938
E1,M05,103-1,B,SF-103,B,202109,2,1,662
E1,M05,103-1,C,SF-103,B,202109,2,0,552
E1,M05,103-1,D,SF-103,B,202109,2,1,414
E1,M05,103-1,ALL,SF-103,B,202109,2,2,2760
E1,M05,103-0,A,SF-103,B,202110,3,0,983
E1,M05,103-0,B,SF-103,B,202110,3,0,694
E1,M05,103-0,C,SF-103,B,202110,3,0,578
E1,M05,103-0,D,SF-103,B,202110,3,0,434
E1,M05,103-0,ALL,SF-103,B,202110,3,0,2890
E1,M05,103-1,A,SF-103,B,202110,3,0,983
E1,M05,103-1,B,SF-103,B,202110,3,0,694
E1,M05,103-1,C,SF-103,B,202110,3,1,578
E1,M05,103-1,D,SF-103,B,202110,3,0,434
E1,M05,103-1,ALL,SF-103,B,202110,3,1,2890
E1,M05,103-0,A,SF-103,B,202111,4,2,1027
E1,M05,103-0,B,SF-103,B,202111,4,0,725
E1,M05,103-0,C,SF-103,B,202111,4,0,604
E1,M05,103-0,D,SF-103,B,202111,4,1,453
E1,M05,103-0,ALL,SF-103,B,202111,4,3,3020
E1,M05,103-1,A,SF-103,B,202111,4,0,1027
E1,M05,103-1,B,SF-103,B,202111,4,0,725
E1,M05,103-1,C,SF-103,B,202111,4,0,604
E1,M05,103-1,D,SF-103,B,202111,4,0,453
E1,M05,103-1,ALL,SF-103,B,202111,4,0,3020
E1,M05,103-0,A,SF-103,B,202112,5,1,1071
E1,M05,103-0,B,SF-103,B,202112,5,0,756
E1,M05,103-0,C,SF-103,B,202112,5,1,630
E1,M05,103-0,D,SF-103,B,202112,5,0,472
E1,M05,103-0,ALL,SF-103,B,202112,5,2,3150
E1,M05,103-1,A,SF-103,B,202112,5,0,1071
E1,M05,103-1,B,SF-103,B,202112,5,1,756
E1,M05,103-1,C,SF-103,B,202112,5,0,630
E1,M05,103-1,D,SF-103,B,202112,5,0,472
E1,M05,103-1,ALL,SF-103,B,202112,5,1,3150
E1,M05,103-0,A,SF-103,B,202201,6,2,1115
E1,M05,103-0,B,SF-103,B,202201,6,0,787
E1,M05,103-0,C,SF-103,B,202201,6,1,656
E1,M05,103-0,D,SF-103,B,202201,6,0,492
E1,M05,103-0,ALL,SF-103,B,202201,6,3,3280
E1,M05,103-1,A,SF-103,B,202201,6,0,1115
E1,M05,103-1,B,SF-103,B,202201,6,0,787
E1,M05,103-1,C,SF-103,B,202201,6,0,656
E1,M05,103-1,D,SF-103,B,202201,6,0,492
E1,M05,103-1,ALL,SF-103,B,202201,6,0,3280
E1,M05,103-0,A,SF-103,B,202202,7,1,1159
E1,M05,103-0,B,SF-103,B,202202,7,0,818
E1,M05,103-0,C,SF-103,B,202202,7,0,682
E1,M05,103-0,D,SF-103,B,202202,7,1,512
E1,M05,103-0,ALL,SF-103,B,202202,7,2,3410
E1,M05,103-1,A,SF-103,B,202202,7,0,1159
E1,M05,103-1,B,SF-103,B,202202,7,0,818
E1,M05,103-1,C,SF-103,B,202202,7,1,682
E1,M05,103-1,D,SF-103,B,202202,7,1,512
E1,M05,103-1,ALL,SF-103,B,202202,7,2,3410
E1,M05,103-0,A,SF-103,B,202203,8,0,1204
E1,M05,103-0,B,SF-103,B,202203,8,1,850
E1,M05,103-0,C,SF-103,B,202203,8,0,708
E1,M05,103-0,D,SF-103,B,202203,8,1,531
E1,M05,103-0,E,SF-103,B,202203,8,0,248
E1,M05,103-0,ALL,SF-103,B,202203,8,2,3540
E1,M05,103-1,A,SF-103,B,202203,8,1,1204
E1,M05,103-1,B,SF-103,B,202203,8,0,850
E1,M05,103-1,C,SF-103,B,202203,8,0,708
E1,M05,103-1,D,SF-103,B,202203,8,0,531
E1,M05,103-1,E,SF-103,B,202203,8,0,248
E1,M05,103-1,ALL,SF-103,B,202203,8,1,3540
E1,M05,103-0,A,SF-103,B,202204,9,0,1248
E1,M05,103-0,B,SF-103,B,202204,9,0,881
E1,M05,103-0,C,SF-103,B,202204,9,0,734
E1,M05,103-0,D,SF-103,B,202204,9,1,550
E1,M05,103-0,E,SF-103,B,202204,9,0,257
E1,M05,103-0,ALL,SF-103,B,202204,9,1,3670
E1,M05,103-1,A,SF-103,B,202204,9,1,1248
E1,M05,103-1,B,SF-103,B,202204,9,3,881
E1,M05,103-1,C,SF-103,B,202204,9,1,734
E1,M05,103-1,D,SF-103,B,202204,9,0,550
E1,M05,103-1,E,SF-103,B,202204,9,0,257
E1,M05,103-1,ALL,SF-103,B,202204,9,5,3670
E1,M05,103-0,A,SF-103,B,202205,10,0,1292
E1,M05,103-0,B,SF-103,B,202205,10,0,912
E1,M05,103-0,C,SF-103,B,202205,10,0,760
E1,M05,103-0,D,SF-103,B,202205,10,1,570
E1,M05,103-0,E,SF-103,B,202205,10,0,266
E1,M05,103-0,ALL,SF-103,B,202205,10,1,3800
E1,M05,103-1,A,SF-103,B,202205,10,0,1292
E1,M05,103-1,B,SF-103,B,202205,10,0,912
E1,M05,103-1,C,SF-103,B,202205,10,2,760
E1,M05,103-1,D,SF-103,B,202205,10,0,570
E1,M05,103-1,E,SF-103,B,202205,10,0,266
E1,M05,103-1,ALL,SF-103,B,202205,10,2,3800
E1,M05,103-0,A,SF-103,B,202206,11,0,1336
E1,M05,103-0,B,SF-103,B,202206,11,0,943
E1,M05,103-0,C,SF-103,B,202206,11,0,786
E1,M05,103-0,D,SF-103,B,202206,11,0,590
E1,M05,103-0,E,SF-103,B,202206,11,0,275
E1,M05,103-0,ALL,SF-103,B,202206,11,0,3930
E1,M05,103-1,A,SF-103,B,202206,11,1,1336
E1,M05,103-1,B,SF-103,B,202206,11,1,943
E1,M05,103-1,C,SF-103,B,202206,11,0,786
E1,M05,103-1,D,SF-103,B,202206,11,1,590
E1,M05,103-1,E,SF-103,B,202206,11,0,275
E1,M05,103-1,ALL,SF-103,B,202206,11,3,3930
E1,M05,103-0,A,SF-103,B,202207,12,0,1380
E1,M05,103-0,B,SF-103,B,202207,12,0,974
E1,M05,103-0,C,SF-103,B,202207,12,0,812
E1,M05,103-0,D,SF-103,B,202207,12,0,609
E1,M05,103-0,E,SF-103,B,202207,12,0,284
E1,M05,103-0,ALL,SF-103,B,202207,12,0,4060
E1,M05,103-1,A,SF-103,B,202207,12,1,1380
E1,M05,103-1,B,SF-103,B,202207,12,1,974
E1,M05,103-1,C,SF-103,B,202207,12,2,812
E1,M05,103-1,D,SF-103,B,202207,12,0,609
E1,M05,103-1,E,SF-103,B,202207,12,0,284
E1,M05,103-1,ALL,SF-103,B,202207,12,4,4060
E1,M05,103-0,A,SF-103,B,202208,13,2,1425
E1,M05,103-0,B,SF-103,B,202208,13,1,1006
E1,M05,103-0,C,SF-103,B,202208,13,1,838
E1,M05,103-0,D,SF-103,B,202208,13,0,628
E1,M05,103-0,E,SF-103,B,202208,13,0,293
E1,M05,103-0,ALL,SF-103,B,202208,13,4,4190
E1,M05,103-1,A,SF-103,B,202208,13,2,1425
E1,M05,103-1,B,SF-103,B,202208,13,0,1006
E1,M05,103-1,C,SF-103,B,202208,13,1,838
E1,M05,103-1,D,SF-103,B,202208,13,1,628
E1,M05,103-1,E,SF-103,B,202208,13,0,293
E1,M05,103-1,ALL,SF-103,B,202208,13,4,4190
E1,M05,103-0,A,SF-103,B,202209,14,0,1469
E1,M05,103-0,B,SF-103,B,202209,14,3,1037
E1,M05,103-0,C,SF-103,B,202209,14,2,864
E1,M05,103-0,D,SF-103,B,202209,14,0,648
E1,M05,103-0,E,SF-103,B,202209,14,0,302
E1,M05,103-0,ALL,SF-103,B,202209,14,5,4320
E1,M05,103-1,A,SF-103,B,202209,14,1,1469
E1,M05,103-1,B,SF-103,B,202209,14,4,1037
E1,M05,103-1,C,SF-103,B,202209,14,1,864
E1,M05,103-1,D,SF-103,B,202209,14,1,648
E1,M05,103-1,E,SF-103,B,202209,14,0,302
E1,M05,103-1,ALL,SF-103,B,202209,14,7,4320
E1,M05,103-0,A,SF-103,B,202210,15,2,1513
E1,M05,103-0,B,SF-103,B,202210,15,1,1068
E1,M05,103-0,C,SF-103,B,202210,15,0,890
E1,M05,103-0,D,SF-103,B,202210,15,1,668
E1,M05,103-0,E,SF-103,B,202210,15,0,312
E1,M05,103-0,ALL,SF-103,B,202210,15,4,4450
E1,M05,103-1,A,SF-103,B,202210,15,1,1513
E1,M05,103-1,B,SF-103,B,202210,15,0,1068
E1,M05,103-1,C,SF-103,B,202210,15,0,890
E1,M05,103-1,D,SF-103,B,202210,15,0,668
E1,M05,103-1,E,SF-103,B,202210,15,1,312
E1,M05,103-1,ALL,SF-103,B,202210,15,2,4450
E1,M05,103-0,A,SF-103,B,202211,16,2,1557
E1,M05,103-0,B,SF-103,B,202211,16,3,1099
E1,M05,103-0,C,SF-103,B,202211,16,1,916
E1,M05,103-0,D,SF-103,B,202211,16,1,687
E1,M05,103-0,E,SF-103,B,202211,16,0,321
E1,M05,103-0,ALL,SF-103,B,202211,16,7,4580
E1,M05,103-1,A,SF-103,B,202211,16,0,1557
E1,M05,103-1,B,SF-103,B,202211,16,2,1099
E1,M05,103-1,C,SF-103,B,202211,16,2,916
E1,M05,103-1,D,SF-103,B,202211,16,0,687
E1,M05,103-1,E,SF-103,B,202211,16,0,321
E1,M05,103-1,ALL,SF-103,B,202211,16,4,4580
E1,M05,103-0,A,SF-103,B,202212,17,1,1601
E1,M05,103-0,B,SF-103,B,202212,17,0,1130
E1,M05,103-0,C,SF-103,B,202212,17,2,942
E1,M05,103-0,D,SF-103,B,202212,17,2,706
E1,M05,103-0,E,SF-103,B,202212,17,0,330
E1,M05,103-0,ALL,SF-103,B,202212,17,5,4710
E1,M05,103-1,A,SF-103,B,202212,17,0,1601
E1,M05,103-1,B,SF-103,B,202212,17,0,1130
E1,M05,103-1,C,SF-103,B,202212,17,0,942
E1,M05,103-1,D,SF-103,B,202212,17,1,706
E1,M05,103-1,E,SF-103,B,202212,17,0,330
E1,M05,103-1,ALL,SF-103,B,202212,17,1,4710
E1,M05,103-0,A,SF-103,B,202301,18,0,1646
E1,M05,103-0,B,SF-103,B,202301,18,0,1162
E1,M05,103-0,C,SF-103,B,202301,18,1,968
E1,M05,103-0,D,SF-103,B,202301,18,0,726
E1,M05,103-0,E,SF-103,B,202301,18,0,339
E1,M05,103-0,ALL,SF-103,B,202301,18,1,4840
E1,M05,103-1,A,SF-103,B,202301,18,0,1646
E1,M05,103-1,B,SF-103,B,202301,18,0,1162
E1,M05,103-1,C,SF-103,B,202301,18,3,968
E1,M05,103-1,D,SF-103,B,202301,18,2,726
E1,M05,103-1,E,SF-103,B,202301,18,0,339
E1,M05,103-1,ALL,SF-103,B,202301,18,5,4840
E1,M05,103-0,A,SF-103,B,202302,19,3,1690
E1,M05,103-0,B,SF-103,B,202302,19,0,1193
E1,M05,103-0,C,SF-103,B,202302,19,0,994
E1,M05,103-0,D,SF-103,B,202302,19,1,746
E1,M05,103-0,E,SF-103,B,202302,19,2,348
E1,M05,103-0,ALL,SF-103,B,202302,19,6,4970
E1,M05,103-1,A,SF-103,B,202302,19,0,1690
E1,M05,103-1,B,SF-103,B,202302,19,2,1193
E1,M05,103-1,C,SF-103,B,202302,19,0,994
E1,M05,103-1,D,SF-103,B,202302,19,0,746
E1,M05,103-1,E,SF-103,B,202302,19,0,348
E1,M05,103-1,ALL,SF-103,B,202302,19,2,4970
E1,M05,103-0,A,SF-103,B,202303,20,3,1734
E1,M05,103-0,B,SF-103,B,202303,20,0,1224
E1,M05,103-0,C,SF-103,B,202303,20,0,1020
E1,M05,103-0,D,SF-103,B,202303,20,2,765
E1,M05,103-0,E,SF-103,B,202303,20,1,357
E1,M05,103-0,ALL,SF-103,B,202303,20,6,5100
E1,M05,103-1,A,SF-103,B,202303,20,3,1734
E1,M05,103-1,B,SF-103,B,202303,20,2,1224
E1,M05,103-1,C,SF-103,B,202303,20,0,1020
E1,M05,103-1,D,SF-103,B,202303,20,0,765
E1,M05,103-1,E,SF-103,B,202303,20,0,357
E1,M05,103-1,ALL,SF-103,B,202303,20,5,5100
E1,M05,103-0,A,SF-103,B,202304,21,2,1778
E1,M05,103-0,B,SF-103,B,202304,21,0,1255
E1,M05,103-0,C,SF-103,B,202304,21,0,1046
E1,M05,103-0,D,SF-103,B,202304,21,0,784
E1,M05,103-0,E,SF-103,B,202304,21,0,366
E1,M05,103-0,ALL,SF-103,B,202304,21,2,5230
E1,M05,103-1,A,SF-103,B,202304,21,5,1778
E1,M05,103-1,B,SF-103,B,202304,21,1,1255
E1,M05,103-1,C,SF-103,B,202304,21,0,1046
E1,M05,103-1,D,SF-103,B,202304,21,0,784
E1,M05,103-1,E,SF-103,B,202304,21,0,366
E1,M05,103-1,ALL,SF-103,B,202304,21,6,5230
E1,M05,103-0,A,SF-103,B,202305,22,1,1822
E1,M05,103-0,B,SF-103,B,202305,22,1,1286
E1,M05,103-0,C,SF-103,B,202305,22,0,1072
E1,M05,103-0,D,SF-103,B,202305,22,0,804
E1,M05,103-0,E,SF-103,B,202305,22,0,375
E1,M05,103-0,ALL,SF-103,B,202305,22,2,5360
E1,M05,103-1,A,SF-103,B,202305,22,1,1822
E1,M05,103-1,B,SF-103,B,202305,22,2,1286
E1,M05,103-1,C,SF-103,B,202305,22,1,1072
E1,M05,103-1,D,SF-103,B,202305,22,1,804
E1,M05,103-1,E,SF-103,B,202305,22,0,375
E1,M05,103-1,ALL,SF-103,B,202305,22,5,5360
E1,M05,103-0,A,SF-103,B,202306,23,0,1867
E1,M05,103-0,B,SF-103,B,202306,23,0,1318
E1,M05,103-0,C,SF-103,B,202306,23,1,1098
E1,M05,103-0,D,SF-103,B,202306,23,2,824
E1,M05,103-0,E,SF-103,B,202306,23,0,384
E1,M05,103-0,ALL,SF-103,B,202306,23,3,5490
E1,M05,103-1,A,SF-103,B,202306,23,0,1867
E1,M05,103-1,B,SF-103,B,202306,23,2,1318
E1,M05,103-1,C,SF-103,B,202306,23,0,1098
E1,M05,103-1,D,SF-103,B,202306,23,2,824
E1,M05,103-1,E,SF-103,B,202306,23,1,384
E1,M05,103-1,ALL,SF-103,B,202306,23,5,5490
E1,M05,103-0,A,SF-103,B,202307,24,1,1911
E1,M05,103-0,B,SF-103,B,202307,24,1,1349
E1,M05,103-0,C,SF-103,B,202307,24,0,1124
E1,M05,103-0,D,SF-103,B,202307,24,0,843
E1,M05,103-0,E,SF-103,B,202307,24,2,393
E1,M05,103-0,ALL,SF-103,B,202307,24,4,5620
E1,M05,103-1,A,SF-103,B,202307,24,1,1911
E1,M05,103-1,B,SF-103,B,202307,24,1,1349
E1,M05,103-1,C,SF-103,B,202307,24,0,1124
E1,M05,103-1,D,SF-103,B,202307,24,1,843
E1,M05,103-1,E,SF-103,B,202307,24,1,393
E1,M05,103-1,ALL,SF-103,B,202307,24,4,5620
E1,M05,103-0,A,SF-103,B,202308,25,0,1955
E1,M05,103-0,B,SF-103,B,202308,25,1,1380
E1,M05,103-0,C,SF-103,B,202308,25,2,1150
E1,M05,103-0,D,SF-103,B,202308,25,0,862
E1,M05,103-0,E,SF-103,B,202308,25,1,403
E1,M05,103-0,ALL,SF-103,B,202308,25,4,5750
E1,M05,103-1,A,SF-103,B,202308,25,3,1955
E1,M05,103-1,B,SF-103,B,202308,25,2,1380
E1,M05,103-1,C,SF-103,B,202308,25,1,1150
E1,M05,103-1,D,SF-103,B,202308,25,0,862
E1,M05,103-1,E,SF-103,B,202308,25,0,403
E1,M05,103-1,ALL,SF-103,B,202308,25,6,5750
E1,M05,103-0,A,SF-103,B,202309,26,1,1999
E1,M05,103-0,B,SF-103,B,202309,26,4,1411
E1,M05,103-0,C,SF-103,B,202309,26,0,1176
E1,M05,103-0,D,SF-103,B,202309,26,1,882
E1,M05,103-0,E,SF-103,B,202309,26,1,412
E1,M05,103-0,ALL,SF-103,B,202309,26,7,5880
E1,M05,103-1,A,SF-103,B,202309,26,3,1999
E1,M05,103-1,B,SF-103,B,202309,26,0,1411
E1,M05,103-1,C,SF-103,B,202309,26,0,1176
E1,M05,103-1,D,SF-103,B,202309,26,1,882
E1,M05,103-1,E,SF-103,B,202309,26,0,412
E1,M05,103-1,ALL,SF-103,B,202309,26,4,5880
E1,M05,103-0,A,SF-103,B,202310,27,0,2043
E1,M05,103-0,B,SF-103,B,202310,27,2,1442
E1,M05,103-0,C,SF-103,B,202310,27,3,1202
E1,M05,103-0,D,SF-103,B,202310,27,2,902
E1,M05,103-0,E,SF-103,B,202310,27,0,421
E1,M05,103-0,ALL,SF-103,B,202310,27,7,6010
E1,M05,103-1,A,SF-103,B,202310,27,0,2043
E1,M05,103-1,B,SF-103,B,202310,27,2,1442
E1,M05,103-1,C,SF-103,B,202310,27,2,1202
E1,M05,103-1,D,SF-103,B,202310,27,0,902
E1,M05,103-1,E,SF-103,B,202310,27,0,421
E1,M05,103-1,ALL,SF-103,B,202310,27,4,6010
E1,M05,103-0,A,SF-103,B,202311,28,3,2088
E1,M05,103-0,B,SF-103,B,202311,28,2,1474
E1,M05,103-0,C,SF-103,B,202311,28,1,1228
E1,M05,103-0,D,SF-103,B,202311,28,1,921
E1,M05,103-0,E,SF-103,B,202311,28,0,430
E1,M05,103-0,ALL,SF-103,B,202311,28,7,6140
E1,M05,103-1,A,SF-103,B,202311,28,1,2088
E1,M05,103-1,B,SF-103,B,202311,28,2,1474
E1,M05,103-1,C,SF-103,B,202311,28,0,1228
E1,M05,103-1,D,SF-103,B,202311,28,1,921
E1,M05,103-1,E,SF-103,B,202311,28,0,430
E1,M05,103-1,ALL,SF-103,B,202311,28,4,6140
E1,M05,103-0,A,SF-103,B,202312,29,1,2132
E1,M05,103-0,B,SF-103,B,202312,29,2,1505
E1,M05,103-0,C,SF-103,B,202312,29,0,1254
E1,M05,103-0,D,SF-103,B,202312,29,1,940
E1,M05,103-0,E,SF-103,B,202312,29,0,439
E1,M05,103-0,ALL,SF-103,B,202312,29,4,6270
E1,M05,103-1,A,SF-103,B,202312,29,5,2132
E1,M05,103-1,B,SF-103,B,202312,29,2,1505
E1,M05,103-1,C,SF-103,B,202312,29,2,1254
E1,M05,103-1,D,SF-103,B,202312,29,1,940
E1,M05,103-1,E,SF-103,B,202312,29,1,439
E1,M05,103-1,ALL,SF-103,B,202312,29,11,6270
E1,M05,103-0,A,SF-103,B,202401,30,5,2176
E1,M05,103-0,B,SF-103,B,202401,30,2,1536
E1,M05,103-0,C,SF-103,B,202401,30,0,1280
E1,M05,103-0,D,SF-103,B,202401,30,2,960
E1,M05,103-0,E,SF-103,B,202401,30,0,448
E1,M05,103-0,ALL,SF-103,B,202401,30,9,6400
E1,M05,103-1,A,SF-103,B,202401,30,0,2176
E1,M05,103-1,B,SF-103,B,202401,30,1,1536
E1,M05,103-1,C,SF-103,B,202401,30,1,1280
E1,M05,103-1,D,SF-103,B,202401,30,2,960
E1,M05,103-1,E,SF-103,B,202401,30,0,448
E1,M05,103-1,ALL,SF-103,B,202401,30,4,6400
E1,M05,103-0,A,SF-103,B,202402,31,0,2220
E1,M05,103-0,B,SF-103,B,202402,31,0,1567
E1,M05,103-0,C,SF-103,B,202402,31,1,1306
E1,M05,103-0,D,SF-103,B,202402,31,1,980
E1,M05,103-0,E,SF-103,B,202402,31,0,457
E1,M05,103-0,ALL,SF-103,B,202402,31,2,6530
E1,M05,103-1,A,SF-103,B,202402,31,2,2220
E1,M05,103-1,B,SF-103,B,202402,31,1,1567
E1,M05,103-1,C,SF-103,B,202402,31,0,1306
E1,M05,103-1,D,SF-103,B,202402,31,0,980
E1,M05,103-1,E,SF-103,B,202402,31,1,457
E1,M05,103-1,ALL,SF-103,B,202402,31,4,6530
E1,M05,103-0,A,SF-103,B,202403,32,0,2264
E1,M05,103-0,B,SF-103,B,202403,32,1,1598
E1,M05,103-0,C,SF-103,B,202403,32,0,1332
E1,M05,103-0,D,SF-103,B,202403,32,2,999
E1,M05,103-0,E,SF-103,B,202403,32,0,466
E1,M05,103-0,ALL,SF-103,B,202403,32,3,6660
E1,M05,103-1,A,SF-103,B,202403,32,2,2264
E1,M05,103-1,B,SF-103,B,202403,32,0,1598
E1,M05,103-1,C,SF-103,B,202403,32,0,1332
E1,M05,103-1,D,SF-103,B,202403,32,0,999
E1,M05,103-1,E,SF-103,B,202403,32,1,466
E1,M05,103-1,ALL,SF-103,B,202403,32,3,6660
E1,M05,103-0,A,SF-103,B,202404,33,1,2309
E1,M05,103-0,B,SF-103,B,202404,33,0,1630
E1,M05,103-0,C,SF-103,B,202404,33,1,1358
E1,M05,103-0,D,SF-103,B,202404,33,2,1018
E1,M05,103-0,E,SF-103,B,202404,33,0,475
E1,M05,103-0,ALL,SF-103,B,202404,33,4,6790
E1,M05,103-1,A,SF-103,B,202404,33,0,2309
E1,M05,103-1,B,SF-103,B,202404,33,0,1630
E1,M05,103-1,C,SF-103,B,202404,33,0,1358
E1,M05,103-1,D,SF-103,B,202404,33,1,1018
E1,M05,103-1,E,SF-103,B,202404,33,0,475
E1,M05,103-1,ALL,SF-103,B,202404,33,1,6790
E1,M05,103-0,A,SF-103,B,202405,34,1,2353
E1,M05,103-0,B,SF-103,B,202405,34,1,1661
E1,M05,103-0,C,SF-103,B,202405,34,0,1384
E1,M05,103-0,D,SF-103,B,202405,34,0,1038
E1,M05,103-0,E,SF-103,B,202405,34,1,484
E1,M05,103-0,ALL,SF-103,B,202405,34,3,6920
E1,M05,103-1,A,SF-103,B,202405,34,1,2353
E1,M05,103-1,B,SF-103,B,202405,34,3,1661
E1,M05,103-1,C,SF-103,B,202405,34,0,1384
E1,M05,103-1,D,SF-103,B,202405,34,0,1038
E1,M05,103-1,E,SF-103,B,202405,34,1,484
E1,M05,103-1,ALL,SF-103,B,202405,34,5,6920
E1,M05,103-0,A,SF-103,B,202406,35,1,2397
E1,M05,103-0,B,SF-103,B,202406,35,2,1692
E1,M05,103-0,C,SF-103,B,202406,35,2,1410
E1,M05,103-0,D,SF-103,B,202406,35,0,1058
E1,M05,103-0,E,SF-103,B,202406,35,1,494
E1,M05,103-0,ALL,SF-103,B,202406,35,6,7050
E1,M05,103-1,A,SF-103,B,202406,35,3,2397
E1,M05,103-1,B,SF-103,B,202406,35,0,1692
E1,M05,103-1,C,SF-103,B,202406,35,0,1410
E1,M05,103-1,D,SF-103,B,202406,35,0,1058
E1,M05,103-1,E,SF-103,B,202406,35,0,494
E1,M05,103-1,ALL,SF-103,B,202406,35,3,7050
E1,M05,103-0,A,SF-103,B,202407,36,1,2441
E1,M05,103-0,B,SF-103,B,202407,36,1,1723
E1,M05,103-0,C,SF-103,B,202407,36,0,1436
E1,M05,103-0,D,SF-103,B,202407,36,0,1077
E1,M05,103-0,E,SF-103,B,202407,36,1,503
E1,M05,103-0,ALL,SF-103,B,202407,36,3,7180
E1,M05,103-1,A,SF-103,B,202407,36,3,2441
E1,M05,103-1,B,SF-103,B,202407,36,0,1723
E1,M05,103-1,C,SF-103,B,202407,36,2,1436
E1,M05,103-1,D,SF-103,B,202407,36,0,1077
E1,M05,103-1,E,SF-103,B,202407,36,1,503
E1,M05,103-1,ALL,SF-103,B,202407,36,6,7180
E1,M05,103-0,A,SF-103,B,202408,37,2,2485
E1,M05,103-0,B,SF-103,B,202408,37,0,1754
E1,M05,103-0,C,SF-103,B,202408,37,1,1462
E1,M05,103-0,D,SF-103,B,202408,37,1,1096
E1,M05,103-0,E,SF-103,B,202408,37,2,512
E1,M05,103-0,ALL,SF-103,B,202408,37,6,7310
E1,M05,103-1,A,SF-103,B,202408,37,4,2485
E1,M05,103-1,B,SF-103,B,202408,37,0,1754
E1,M05,103-1,C,SF-103,B,202408,37,0,1462
E1,M05,103-1,D,SF-103,B,202408,37,1,1096
E1,M05,103-1,E,SF-103,B,202408,37,0,512
E1,M05,103-1,ALL,SF-103,B,202408,37,5,7310
E1,M05,103-0,A,SF-103,B,202409,38,3,2530
E1,M05,103-0,B,SF-103,B,202409,38,1,1786
E1,M05,103-0,C,SF-103,B,202409,38,0,1488
E1,M05,103-0,D,SF-103,B,202409,38,2,1116
E1,M05,103-0,E,SF-103,B,202409,38,0,521
E1,M05,103-0,ALL,SF-103,B,202409,38,6,7440
E1,M05,103-1,A,SF-103,B,202409,38,2,2530
E1,M05,103-1,B,SF-103,B,202409,38,1,1786
E1,M05,103-1,C,SF-103,B,202409,38,2,1488
E1,M05,103-1,D,SF-103,B,202409,38,0,1116
E1,M05,103-1,E,SF-103,B,202409,38,0,521
E1,M05,103-1,ALL,SF-103,B,202409,38,5,7440
E1,M05,103-0,A,SF-103,B,202410,39,2,2574
E1,M05,103-0,B,SF-103,B,202410,39,2,1817
E1,M05,103-0,C,SF-103,B,202410,39,1,1514
E1,M05,103-0,D,SF-103,B,202410,39,2,1136
E1,M05,103-0,E,SF-103,B,202410,39,0,530
E1,M05,103-0,ALL,SF-103,B,202410,39,7,7570
E1,M05,103-1,A,SF-103,B,202410,39,1,2574
E1,M05,103-1,B,SF-103,B,202410,39,0,1817
E1,M05,103-1,C,SF-103,B,202410,39,2,1514
E1,M05,103-1,D,SF-103,B,202410,39,1,1136
E1,M05,103-1,E,SF-103,B,202410,39,2,530
E1,M05,103-1,ALL,SF-103,B,202410,39,6,7570
E1,M05,103-0,A,SF-103,B,202411,40,0,2618
E1,M05,103-0,B,SF-103,B,202411,40,1,1848
E1,M05,103-0,C,SF-103,B,202411,40,0,1540
E1,M05,103-0,D,SF-103,B,202411,40,0,1155
E1,M05,103-0,E,SF-103,B,202411,40,0,539
E1,M05,103-0,ALL,SF-103,B,202411,40,1,7700
E1,M05,103-1,A,SF-103,B,202411,40,1,2618
E1,M05,103-1,B,SF-103,B,202411,40,1,1848
E1,M05,103-1,C,SF-103,B,202411,40,0,1540
E1,M05,103-1,D,SF-103,B,202411,40,1,1155
E1,M05,103-1,E,SF-103,B,202411,40,0,539
E1,M05,103-1,ALL,SF-103,B,202411,40,3,7700
E1,M05,103-0,A,SF-103,B,202412,41,1,2662
E1,M05,103-0,B,SF-103,B,202412,41,2,1879
E1,M05,103-0,C,SF-103,B,202412,41,1,1566
E1,M05,103-0,D,SF-103,B,202412,41,0,1174
E1,M05,103-0,E,SF-103,B,202412,41,2,548
E1,M05,103-0,ALL,SF-103,B,202412,41,6,7830
E1,M05,103-1,A,SF-103,B,202412,41,1,2662
E1,M05,103-1,B,SF-103,B,202412,41,0,1879
E1,M05,103-1,C,SF-103,B,202412,41,2,1566
E1,M05,103-1,D,SF-103,B,202412,41,0,1174
E1,M05,103-1,E,SF-103,B,202412,41,1,548
E1,M05,103-1,ALL,SF-103,B,202412,41,4,7830
E1,M05,104-0,A,SF-104,B,202107,0,2,850
E1,M05,104-0,ALL,SF-104,B,202107,0,2,2500
E1,M05,104-1,C,SF-104,B,202107,0,1,500
E1,M05,104-1,ALL,SF-104,B,202107,0,1,2500
E1,M05,104-0,A,SF-104,B,202108,1,2,894
E1,M05,104-0,B,SF-104,B,202108,1,1,631
E1,M05,104-0,ALL,SF-104,B,202108,1,3,2630
E1,M05,104-1,B,SF-104,B,202108,1,1,631
E1,M05,104-1,C,SF-104,B,202108,1,1,526
E1,M05,104-1,D,SF-104,B,202108,1,2,394
E1,M05,104-1,ALL,SF-104,B,202108,1,4,2630
E1,M05,104-0,A,SF-104,B,202109,2,2,938
E1,M05,104-0,B,SF-104,B,202109,2,0,662
E1,M05,104-0,C,SF-104,B,202109,2,1,552
E1,M05,104-0,D,SF-104,B,202109,2,0,414
E1,M05,104-0,ALL,SF-104,B,202109,2,3,2760
E1,M05,104-1,A,SF-104,B,202109,2,0,938
E1,M05,104-1,B,SF-104,B,202109,2,0,662
E1,M05,104-1,C,SF-104,B,202109,2,1,552
E1,M05,104-1,D,SF-104,B,202109,2,0,414
E1,M05,104-1,ALL,SF-104,B,202109,2,1,2760
E1,M05,104-0,A,SF-104,B,202110,3,2,983
E1,M05,104-0,B,SF-104,B,202110,3,0,694
E1,M05,104-0,C,SF-104,B,202110,3,2,578
E1,M05,104-0,D,SF-104,B,202110,3,0,434
E1,M05,104-0,ALL,SF-104,B,202110,3,4,2890
E1,M05,104-1,A,SF-104,B,202110,3,0,983
E1,M05,104-1,B,SF-104,B,202110,3,0,694
E1,M05,104-1,C,SF-104,B,202110,3,0,578
E1,M05,104-1,D,SF-104,B,202110,3,0,434
E1,M05,104-1,ALL,SF-104,B,202110,3,0,2890
E1,M05,104-0,A,SF-104,B,202111,4,0,1027
E1,M05,104-0,B,SF-104,B,202111,4,1,725
E1,M05,104-0,C,SF-104,B,202111,4,0,604
E1,M05,104-0,D,SF-104,B,202111,4,1,453
E1,M05,104-0,ALL,SF-104,B,202111,4,2,3020
E1,M05,104-1,A,SF-104,B,202111,4,0,1027
E1,M05,104-1,B,SF-104,B,202111,4,1,725
E1,M05,104-1,C,SF-104,B,202111,4,1,604
E1,M05,104-1,D,SF-104,B,202111,4,1,453
E1,M05,104-1,ALL,SF-104,B,202111,4,3,3020
E1,M05,104-0,A,SF-104,B,202112,5,1,1071
E1,M05,104-0,B,SF-104,B,202112,5,0,756
E1,M05,104-0,C,SF-104,B,202112,5,0,630
E1,M05,104-0,D,SF-104,B,202112,5,1,472
E1,M05,104-0,ALL,SF-104,B,202112,5,2,3150
E1,M05,104-1,A,SF-104,B,202112,5,2,1071
E1,M05,104-1,B,SF-104,B,202112,5,1,756
E1,M05,104-1,C,SF-104,B,202112,5,0,630
E1,M05,104-1,D,SF-104,B,202112,5,0,472
E1,M05,104-1,ALL,SF-104,B,202112,5,3,3150
E1,M05,104-0,A,SF-104,B,202201,6,3,1115
E1,M05,104-0,B,SF-104,B,202201,6,1,787
E1,M05,104-0,C,SF-104,B,202201,6,1,656
E1,M05,104-0,D,SF-104,B,202201,6,0,492
E1,M05,104-0,ALL,SF-104,B,202201,6,5,3280
E1,M05,104-1,A,SF-104,B,202201,6,0,1115
E1,M05,104-1,B,SF-104,B,202201,6,2,787
E1,M05,104-1,C,SF-104,B,202201,6,1,656
E1,M05,104-1,D,SF-104,B,202201,6,0,492
E1,M05,104-1,ALL,SF-104,B,202201,6,3,3280
E1,M05,104-0,A,SF-104,B,202202,7,0,1159
E1,M05,104-0,B,SF-104,B,202202,7,0,818
E1,M05,104-0,C,SF-104,B,202202,7,1,682
E1,M05,104-0,D,SF-104,B,202202,7,0,512
E1,M05,104-0,ALL,SF-104,B,202202,7,1,3410
E1,M05,104-1,A,SF-104,B,202202,7,2,1159
E1,M05,104-1,B,SF-104,B,202202,7,0,818
E1,M05,104-1,C,SF-104,B,202202,7,0,682
E1,M05,104-1,D,SF-104,B,202202,7,1,512
E1,M05,104-1,ALL,SF-104,B,202202,7,3,3410
E1,M05,104-0,A,SF-104,B,202203,8,1,1204
E1,M05,104-0,B,SF-104,B,202203,8,0,850
E1,M05,104-0,C,SF-104,B,202203,8,2,708
E1,M05,104-0,D,SF-104,B,202203,8,0,531
E1,M05,104-0,E,SF-104,B,202203,8,0,248
E1,M05,104-0,ALL,SF-104,B,202203,8,3,3540
E1,M05,104-1,A,SF-104,B,202203,8,2,1204
E1,M05,104-1,B,SF-104,B,202203,8,0,850
E1,M05,104-1,C,SF-104,B,202203,8,0,708
E1,M05,104-1,D,SF-104,B,202203,8,0,531
E1,M05,104-1,E,SF-104,B,202203,8,0,248
E1,M05,104-1,ALL,SF-104,B,202203,8,2,3540
E1,M05,104-0,A,SF-104,B,202204,9,1,1248
E1,M05,104-0,B,SF-104,B,202204,9,2,881
E1,M05,104-0,C,SF-104,B,202204,9,2,734
E1,M05,104-0,D,SF-104,B,202204,9,1,550
E1,M05,104-0,E,SF-104,B,202204,9,1,257
E1,M05,104-0,ALL,SF-104,B,202204,9,7,3670
E1,M05,104-1,A,SF-104,B,202204,9,3,1248
E1,M05,104-1,B,SF-104,B,202204,9,3,881
E1,M05,104-1,C,SF-104,B,202204,9,1,734
E1,M05,104-1,D,SF-104,B,202204,9,0,550
E1,M05,104-1,E,SF-104,B,202204,9,1,257
E1,M05,104-1,ALL,SF-104,B,202204,9,8,3670
E1,M05,104-0,A,SF-104,B,202205,10,1,1292
E1,M05,104-0,B,SF-104,B,202205,10,1,912
E1,M05,104-0,C,SF-104,B,202205,10,1,760
E1,M05,104-0,D,SF-104,B,202205,10,0,570
E1,M05,104-0,E,SF-104,B,202205,10,0,266
E1,M05,104-0,ALL,SF-104,B,202205,10,3,3800
E1,M05,104-1,A,SF-104,B,202205,10,1,1292
E1,M05,104-1,B,SF-104,B,202205,10,0,912
E1,M05,104-1,C,SF-104,B,202205,10,1,760
E1,M05,104-1,D,SF-104,B,202205,10,0,570
E1,M05,104-1,E,SF-104,B,202205,10,0,266
E1,M05,104-1,ALL,SF-104,B,202205,10,2,3800
E1,M05,104-0,A,SF-104,B,202206,11,4,1336
E1,M05,104-0,B,SF-104,B,202206,11,0,943
E1,M05,104-0,C,SF-104,B,202206,11,0,786
E1,M05,104-0,D,SF-104,B,202206,11,0,590
E1,M05,104-0,E,SF-104,B,202206,11,0,275
E1,M05,104-0,ALL,SF-104,B,202206,11,4,3930
E1,M05,104-1,A,SF-104,B,202206,11,3,1336
E1,M05,104-1,B,SF-104,B,202206,11,0,943
E1,M05,104-1,C,SF-104,B,202206,11,0,786
E1,M05,104-1,D,SF-104,B,202206,11,0,590
E1,M05,104-1,E,SF-104,B,202206,11,0,275
E1,M05,104-1,ALL,SF-104,B,202206,11,3,3930
E1,M05,104-0,A,SF-104,B,202207,12,0,1380
E1,M05,104-0,B,SF-104,B,202207,12,1,974
E1,M05,104-0,C,SF-104,B,202207,12,1,812
E1,M05,104-0,D,SF-104,B,202207,12,0,609
E1,M05,104-0,E,SF-104,B,202207,12,0,284
E1,M05,104-0,ALL,SF-104,B,202207,12,2,4060
E1,M05,104-1,A,SF-104,B,202207,12,0,1380
E1,M05,104-1,B,SF-104,B,202207,12,2,974
E1,M05,104-1,C,SF-104,B,202207,12,1,812
E1,M05,104-1,D,SF-104,B,202207,12,0,609
E1,M05,104-1,E,SF-104,B,202207,12,0,284
E1,M05,104-1,ALL,SF-104,B,202207,12,3,4060
E1,M05,104-0,A,SF-104,B,202208,13,1,1425
E1,M05,104-0,B,SF-104,B,202208,13,2,1006
E1,M05,104-0,C,SF-104,B,202208,13,2,838
E1,M05,104-0,D,SF-104,B,202208,13,0,628
E1,M05,104-0,E,SF-104,B,202208,13,1,293
E1,M05,104-0,ALL,SF-104,B,202208,13,6,4190
E1,M05,104-1,A,SF-104,B,202208,13,0,1425
E1,M05,104-1,B,SF-104,B,202208,13,1,1006
E1,M05,104-1,C,SF-104,B,202208,13,1,838
E1,M05,104-1,D,SF-104,B,202208,13,0,628
E1,M05,104-1,E,SF-104,B,202208,13,0,293
E1,M05,104-1,ALL,SF-104,B,202208,13,2,4190
E1,M05,104-0,A,SF-104,B,202209,14,3,1469
E1,M05,104-0,B,SF-104,B,202209,14,1,1037
E1,M05,104-0,C,SF-104,B,202209,14,1,864
E1,M05,104-0,D,SF-104,B,202209,14,2,648
E1,M05,104-0,E,SF-104,B,202209,14,0,302
E1,M05,104-0,ALL,SF-104,B,202209,14,7,4320
E1,M05,104-1,A,SF-104,B,202209,14,1,1469
E1,M05,104-1,B,SF-104,B,202209,14,2,1037
E1,M05,104-1,C,SF-104,B,202209,14,0,864
E1,M05,104-1,D,SF-104,B,202209,14,0,648
E1,M05,104-1,E,SF-104,B,202209,14,1,302
E1,M05,104-1,ALL,SF-104,B,202209,14,4,4320
E1,M05,104-0,A,SF-104,B,202210,15,0,1513
E1,M05,104-0,B,SF-104,B,202210,15,1,1068
E1,M05,104-0,C,SF-104,B,202210,15,0,890
E1,M05,104-0,D,SF-104,B,202210,15,1,668
E1,M05,104-0,E,SF-104,B,202210,15,1,312
E1,M05,104-0,ALL,SF-104,B,202210,15,3,4450
E1,M05,104-1,A,SF-104,B,202210,15,2,1513
E1,M05,104-1,B,SF-104,B,202210,15,3,1068
E1,M05,104-1,C,SF-104,B,202210,15,2,890
E1,M05,104-1,D,SF-104,B,202210,15,0,668
E1,M05,104-1,E,SF-104,B,202210,15,0,312
E1,M05,104-1,ALL,SF-104,B,202210,15,7,4450
E1,M05,104-0,A,SF-104,B,202211,16,1,1557
E1,M05,104-0,B,SF-104,B,202211,16,1,1099
E1,M05,104-0,C,SF-104,B,202211,16,2,916
E1,M05,104-0,D,SF-104,B,202211,16,0,687
E1,M05,104-0,E,SF-104,B,202211,16,0,321
E1,M05,104-0,ALL,SF-104,B,202211,16,4,4580
E1,M05,104-1,A,SF-104,B,202211,16,2,1557
E1,M05,104-1,B,SF-104,B,202211,16,0,1099
E1,M05,104-1,C,SF-104,B,202211,16,2,916
E1,M05,104-1,D,SF-104,B,202211,16,1,687
E1,M05,104-1,E,SF-104,B,202211,16,1,321
E1,M05,104-1,ALL,SF-104,B,202211,16,6,4580
E1,M05,104-0,A,SF-104,B,202212,17,1,1601
E1,M05,104-0,B,SF-104,B,202212,17,1,1130
E1,M05,104-0,C,SF-104,B,202212,17,5,942
E1,M05,104-0,D,SF-104,B,202212,17,2,706
E1,M05,104-0,E,SF-104,B,202212,17,0,330
E1,M05,104-0,ALL,SF-104,B,202212,17,9,4710
E1,M05,104-1,A,SF-104,B,202212,17,0,1601
E1,M05,104-1,B,SF-104,B,202212,17,0,1130
E1,M05,104-1,C,SF-104,B,202212,17,0,942
E1,M05,104-1,D,SF-104,B,202212,17,1,706
E1,M05,104-1,E,SF-104,B,202212,17,0,330
E1,M05,104-1,ALL,SF-104,B,202212,17,1,4710
E1,M05,104-0,A,SF-104,B,202301,18,0,1646
E1,M05,104-0,B,SF-104,B,202301,18,2,1162
E1,M05,104-0,C,SF-104,B,202301,18,1,968
E1,M05,104-0,D,SF-104,B,202301,18,3,726
E1,M05,104-0,E,SF-104,B,202301,18,1,339
E1,M05,104-0,ALL,SF-104,B,202301,18,7,4840
E1,M05,104-1,A,SF-104,B,202301,18,1,1646
E1,M05,104-1,B,SF-104,B,202301,18,1,1162
E1,M05,104-1,C,SF-104,B,202301,18,0,968
E1,M05,104-1,D,SF-104,B,202301,18,0,726
E1,M05,104-1,E,SF-104,B,202301,18,1,339
E1,M05,104-1,ALL,SF-104,B,202301,18,3,4840
E1,M05,104-0,A,SF-104,B,202302,19,4,1690
E1,M05,104-0,B,SF-104,B,202302,19,1,1193
E1,M05,104-0,C,SF-104,B,202302,19,0,994
E1,M05,104-0,D,SF-104,B,202302,19,0,746
E1,M05,104-0,E,SF-104,B,202302,19,1,348
E1,M05,104-0,ALL,SF-104,B,202302,19,6,4970
E1,M05,104-1,A,SF-104,B,202302,19,4,1690
E1,M05,104-1,B,SF-104,B,202302,19,0,1193
E1,M05,104-1,C,SF-104,B,202302,19,2,994
E1,M05,104-1,D,SF-104,B,202302,19,0,746
E1,M05,104-1,E,SF-104,B,202302,19,0,348
E1,M05,104-1,ALL,SF-104,B,202302,19,6,4970
E1,M05,104-0,A,SF-104,B,202303,20,2,1734
E1,M05,104-0,B,SF-104,B,202303,20,0,1224
E1,M05,104-0,C,SF-104,B,202303,20,3,1020
E1,M05,104-0,D,SF-104,B,202303,20,1,765
E1,M05,104-0,E,SF-104,B,202303,20,1,357
E1,M05,104-0,ALL,SF-104,B,202303,20,7,5100
E1,M05,104-1,A,SF-104,B,202303,20,0,1734
E1,M05,104-1,B,SF-104,B,202303,20,1,1224
E1,M05,104-1,C,SF-104,B,202303,20,1,1020
E1,M05,104-1,D,SF-104,B,202303,20,0,765
E1,M05,104-1,E,SF-104,B,202303,20,1,357
E1,M05,104-1,ALL,SF-104,B,202303,20,3,5100
E1,M05,104-0,A,SF-104,B,202304,21,5,1778
E1,M05,104-0,B,SF-104,B,202304,21,0,1255
E1,M05,104-0,C,SF-104,B,202304,21,1,1046
E1,M05,104-0,D,SF-104,B,202304,21,1,784
E1,M05,104-0,E,SF-104,B,202304,21,1,366
E1,M05,104-0,ALL,SF-104,B,202304,21,8,5230
E1,M05,104-1,A,SF-104,B,202304,21,0,1778
E1,M05,104-1,B,SF-104,B,202304,21,0,1255
E1,M05,104-1,C,SF-104,B,202304,21,0,1046
E1,M05,104-1,D,SF-104,B,202304,21,0,784
E1,M05,104-1,E,SF-104,B,202304,21,2,366
E1,M05,104-1,ALL,SF-104,B,202304,21,2,5230
E1,M05,104-0,A,SF-104,B,202305,22,0,1822
E1,M05,104-0,B,SF-104,B,202305,22,0,1286
E1,M05,104-0,C,SF-104,B,202305,22,2,1072
E1,M05,104-0,D,SF-104,B,202305,22,1,804
E1,M05,104-0,E,SF-104,B,202305,22,0,375
E1,M05,104-0,ALL,SF-104,B,202305,22,3,5360
E1,M05,104-1,A,SF-104,B,202305,22,2,1822
E1,M05,104-1,B,SF-104,B,202305,22,3,1286
E1,M05,104-1,C,SF-104,B,202305,22,0,1072
E1,M05,104-1,D,SF-104,B,202305,22,1,804
E1,M05,104-1,E,SF-104,B,202305,22,3,375
E1,M05,104-1,ALL,SF-104,B,202305,22,9,5360
E1,M05,104-0,A,SF-104,B,202306,23,0,1867
E1,M05,104-0,B,SF-104,B,202306,23,1,1318
E1,M05,104-0,C,SF-104,B,202306,23,2,1098
E1,M05,104-0,D,SF-104,B,202306,23,0,824
E1,M05,104-0,E,SF-104,B,202306,23,0,384
E1,M05,104-0,ALL,SF-104,B,202306,23,3,5490
E1,M05,104-1,A,SF-104,B,202306,23,2,1867
E1,M05,104-1,B,SF-104,B,202306,23,1,1318
E1,M05,104-1,C,SF-104,B,202306,23,0,1098
E1,M05,104-1,D,SF-104,B,202306,23,0,824
E1,M05,104-1,E,SF-104,B,202306,23,0,384
E1,M05,104-1,ALL,SF-104,B,202306,23,3,5490
E1,M05,104-0,A,SF-104,B,202307,24,2,1911
E1,M05,104-0,B,SF-104,B,202307,24,1,1349
E1,M05,104-0,C,SF-104,B,202307,24,0,1124
E1,M05,104-0,D,SF-104,B,202307,24,0,843
E1,M05,104-0,E,SF-104,B,202307,24,0,393
E1,M05,104-0,ALL,SF-104,B,202307,24,3,5620
E1,M05,104-1,A,SF-104,B,202307,24,4,1911
E1,M05,104-1,B,SF-104,B,202307,24,1,1349
E1,M05,104-1,C,SF-104,B,202307,24,0,1124
E1,M05,104-1,D,SF-104,B,202307,24,0,843
E1,M05,104-1,E,SF-104,B,202307,24,1,393
E1,M05,104-1,ALL,SF-104,B,202307,24,6,5620
E1,M05,104-0,A,SF-104,B,202308,25,1,1955
E1,M05,104-0,B,SF-104,B,202308,25,1,1380
E1,M05,104-0,C,SF-104,B,202308,25,1,1150
E1,M05,104-0,D,SF-104,B,202308,25,1,862
E1,M05,104-0,E,SF-104,B,202308,25,1,403
E1,M05,104-0,ALL,SF-104,B,202308,25,5,5750
E1,M05,104-1,A,SF-104,B,202308,25,0,1955
E1,M05,104-1,B,SF-104,B,202308,25,0,1380
E1,M05,104-1,C,SF-104,B,202308,25,1,1150
E1,M05,104-1,D,SF-104,B,202308,25,2,862
E1,M05,104-1,E,SF-104,B,202308,25,1,403
E1,M05,104-1,ALL,SF-104,B,202308,25,4,5750
E1,M05,104-0,A,SF-104,B,202309,26,1,1999
E1,M05,104-0,B,SF-104,B,202309,26,1,1411
E1,M05,104-0,C,SF-104,B,202309,26,2,1176
E1,M05,104-0,D,SF-104,B,202309,26,0,882
E1,M05,104-0,E,SF-104,B,202309,26,0,412
E1,M05,104-0,ALL,SF-104,B,202309,26,4,5880
E1,M05,104-1,A,SF-104,B,202309,26,1,1999
E1,M05,104-1,B,SF-104,B,202309,26,0,1411
E1,M05,104-1,C,SF-104,B,202309,26,1,1176
E1,M05,104-1,D,SF-104,B,202309,26,1,882
E1,M05,104-1,E,SF-104,B,202309,26,0,412
E1,M05,104-1,ALL,SF-104,B,202309,26,3,5880
E1,M05,104-0,A,SF-104,B,202310,27,3,2043
E1,M05,104-0,B,SF-104,B,202310,27,2,1442
E1,M05,104-0,C,SF-104,B,202310,27,1,1202
E1,M05,104-0,D,SF-104,B,202310,27,2,902
E1,M05,104-0,E,SF-104,B,202310,27,1,421
E1,M05,104-0,ALL,SF-104,B,202310,27,9,6010
E1,M05,104-1,A,SF-104,B,202310,27,1,2043
E1,M05,104-1,B,SF-104,B,202310,27,2,1442
E1,M05,104-1,C,SF-104,B,202310,27,0,1202
E1,M05,104-1,D,SF-104,B,202310,27,4,902
E1,M05,104-1,E,SF-104,B,202310,27,0,421
E1,M05,104-1,ALL,SF-104,B,202310,27,7,6010
E1,M05,104-0,A,SF-104,B,202311,28,0,2088
E1,M05,104-0,B,SF-104,B,202311,28,2,1474
E1,M05,104-0,C,SF-104,B,202311,28,3,1228
E1,M05,104-0,D,SF-104,B,202311,28,4,921
E1,M05,104-0,E,SF-104,B,202311,28,0,430
E1,M05,104-0,ALL,SF-104,B,202311,28,9,6140
E1,M05,104-1,A,SF-104,B,202311,28,2,2088
E1,M05,104-1,B,SF-104,B,202311,28,3,1474
E1,M05,104-1,C,SF-104,B,202311,28,3,1228
E1,M05,104-1,D,SF-104,B,202311,28,0,921
E1,M05,104-1,E,SF-104,B,202311,28,2,430
E1,M05,104-1,ALL,SF-104,B,202311,28,10,6140
E1,M05,104-0,A,SF-104,B,202312,29,1,2132
E1,M05,104-0,B,SF-104,B,202312,29,2,1505
E1,M05,104-0,C,SF-104,B,202312,29,0,1254
E1,M05,104-0,D,SF-104,B,202312,29,1,940
E1,M05,104-0,E,SF-104,B,202312,29,2,439
E1,M05,104-0,ALL,SF-104,B,202312,29,6,6270
E1,M05,104-1,A,SF-104,B,202312,29,3,2132
E1,M05,104-1,B,SF-104,B,202312,29,4,1505
E1,M05,104-1,C,SF-104,B,202312,29,2,1254
E1,M05,104-1,D,SF-104,B,202312,29,2,940
E1,M05,104-1,E,SF-104,B,202312,29,0,439
E1,M05,104-1,ALL,SF-104,B,202312,29,11,6270
E1,M05,104-0,A,SF-104,B,202401,30,5,2176
E1,M05,104-0,B,SF-104,B,202401,30,0,1536
E1,M05,104-0,C,SF-104,B,202401,30,0,1280
E1,M05,104-0,D,SF-104,B,202401,30,1,960
E1,M05,104-0,E,SF-104,B,202401,30,1,448
E1,M05,104-0,ALL,SF-104,B,202401,30,7,6400
E1,M05,104-1,A,SF-104,B,202401,30,1,2176
E1,M05,104-1,B,SF-104,B,202401,30,0,1536
E1,M05,104-1,C,SF-104,B,202401,30,0,1280
E1,M05,104-1,D,SF-104,B,202401,30,0,960
E1,M05,104-1,E,SF-104,B,202401,30,0,448
E1,M05,104-1,ALL,SF-104,B,202401,30,1,6400
E1,M05,104-0,A,SF-104,B,202402,31,2,2220
E1,M05,104-0,B,SF-104,B,202402,31,0,1567
E1,M05,104-0,C,SF-104,B,202402,31,1,1306
E1,M05,104-0,D,SF-104,B,202402,31,2,980
E1,M05,104-0,E,SF-104,B,202402,31,1,457
E1,M05,104-0,ALL,SF-104,B,202402,31,6,6530
E1,M05,104-1,A,SF-104,B,202402,31,2,2220
E1,M05,104-1,B,SF-104,B,202402,31,3,1567
E1,M05,104-1,C,SF-104,B,202402,31,1,1306
E1,M05,104-1,D,SF-104,B,202402,31,3,980
E1,M05,104-1,E,SF-104,B,202402,31,0,457
E1,M05,104-1,ALL,SF-104,B,202402,31,9,6530
E1,M05,104-0,A,SF-104,B,202403,32,4,2264
E1,M05,104-0,B,SF-104,B,202403,32,2,1598
E1,M05,104-0,C,SF-104,B,202403,32,3,1332
E1,M05,104-0,D,SF-104,B,202403,32,0,999
E1,M05,104-0,E,SF-104,B,202403,32,0,466
E1,M05,104-0,ALL,SF-104,B,202403,32,9,6660
E1,M05,104-1,A,SF-104,B,202403,32,5,2264
E1,M05,104-1,B,SF-104,B,202403,32,1,1598
E1,M05,104-1,C,SF-104,B,202403,32,0,1332
E1,M05,104-1,D,SF-104,B,202403,32,0,999
E1,M05,104-1,E,SF-104,B,202403,32,1,466
E1,M05,104-1,ALL,SF-104,B,202403,32,7,6660
E1,M05,104-0,A,SF-104,B,202404,33,3,2309
E1,M05,104-0,B,SF-104,B,202404,33,4,1630
E1,M05,104-0,C,SF-104,B,202404,33,2,1358
E1,M05,104-0,D,SF-104,B,202404,33,0,1018
E1,M05,104-0,E,SF-104,B,202404,33,0,475
E1,M05,104-0,ALL,SF-104,B,202404,33,9,6790
E1,M05,104-1,A,SF-104,B,202404,33,3,2309
E1,M05,104-1,B,SF-104,B,202404,33,2,1630
E1,M05,104-1,C,SF-104,B,202404,33,2,1358
E1,M05,104-1,D,SF-104,B,202404,33,0,1018
E1,M05,104-1,E,SF-104,B,202404,33,2,475
E1,M05,104-1,ALL,SF-104,B,202404,33,9,6790
E1,M05,104-0,A,SF-104,B,202405,34,0,2353
E1,M05,104-0,B,SF-104,B,202405,34,2,1661
E1,M05,104-0,C,SF-104,B,202405,34,2,1384
E1,M05,104-0,D,SF-104,B,202405,34,1,1038
E1,M05,104-0,E,SF-104,B,202405,34,0,484
E1,M05,104-0,ALL,SF-104,B,202405,34,5,6920
E1,M05,104-1,A,SF-104,B,202405,34,0,2353
E1,M05,104-1,B,SF-104,B,202405,34,3,1661
E1,M05,104-1,C,SF-104,B,202405,34,0,1384
E1,M05,104-1,D,SF-104,B,202405,34,1,1038
E1,M05,104-1,E,SF-104,B,202405,34,0,484
E1,M05,104-1,ALL,SF-104,B,202405,34,4,6920
E1,M05,104-0,A,SF-104,B,202406,35,6,2397
E1,M05,104-0,B,SF-104,B,202406,35,2,1692
E1,M05,104-0,C,SF-104,B,202406,35,2,1410
E1,M05,104-0,D,SF-104,B,202406,35,1,1058
E1,M05,104-0,E,SF-104,B,202406,35,0,494
E1,M05,104-0,ALL,SF-104,B,202406,35,11,7050
E1,M05,104-1,A,SF-104,B,202406,35,0,2397
E1,M05,104-1,B,SF-104,B,202406,35,1,1692
E1,M05,104-1,C,SF-104,B,202406,35,2,1410
E1,M05,104-1,D,SF-104,B,202406,35,2,1058
E1,M05,104-1,E,SF-104,B,202406,35,0,494
E1,M05,104-1,ALL,SF-104,B,202406,35,5,7050
E1,M05,104-0,A,SF-104,B,202407,36,1,2441
E1,M05,104-0,B,SF-104,B,202407,36,0,1723
E1,M05,104-0,C,SF-104,B,202407,36,0,1436
E1,M05,104-0,D,SF-104,B,202407,36,1,1077
E1,M05,104-0,E,SF-104,B,202407,36,0,503
E1,M05,104-0,ALL,SF-104,B,202407,36,2,7180
E1,M05,104-1,A,SF-104,B,202407,36,2,2441
E1,M05,104-1,B,SF-104,B,202407,36,1,1723
E1,M05,104-1,C,SF-104,B,202407,36,2,1436
E1,M05,104-1,D,SF-104,B,202407,36,0,1077
E1,M05,104-1,E,SF-104,B,202407,36,0,503
E1,M05,104-1,ALL,SF-104,B,202407,36,5,7180
E1,M05,104-0,A,SF-104,B,202408,37,2,2485
E1,M05,104-0,B,SF-104,B,202408,37,7,1754
E1,M05,104-0,C,SF-104,B,202408,37,2,1462
E1,M05,104-0,D,SF-104,B,202408,37,1,1096
E1,M05,104-0,E,SF-104,B,202408,37,0,512
E1,M05,104-0,ALL,SF-104,B,202408,37,12,7310
E1,M05,104-1,A,SF-104,B,202408,37,2,2485
E1,M05,104-1,B,SF-104,B,202408,37,2,1754
E1,M05,104-1,C,SF-104,B,202408,37,2,1462
E1,M05,104-1,D,SF-104,B,202408,37,0,1096
E1,M05,104-1,E,SF-104,B,202408,37,0,512
E1,M05,104-1,ALL,SF-104,B,202408,37,6,7310
E1,M05,104-0,A,SF-104,B,202409,38,2,2530
E1,M05,104-0,B,SF-104,B,202409,38,3,1786
E1,M05,104-0,C,SF-104,B,202409,38,1,1488
E1,M05,104-0,D,SF-104,B,202409,38,2,1116
E1,M05,104-0,E,SF-104,B,202409,38,0,521
E1,M05,104-0,ALL,SF-104,B,202409,38,8,7440
E1,M05,104-1,A,SF-104,B,202409,38,2,2530
E1,M05,104-1,B,SF-104,B,202409,38,2,1786
E1,M05,104-1,C,SF-104,B,202409,38,0,1488
E1,M05,104-1,D,SF-104,B,202409,38,0,1116
E1,M05,104-1,E,SF-104,B,202409,38,0,521
E1,M05,104-1,ALL,SF-104,B,202409,38,4,7440
E1,M05,104-0,A,SF-104,B,202410,39,4,2574
E1,M05,104-0,B,SF-104,B,202410,39,1,1817
E1,M05,104-0,C,SF-104,B,202410,39,1,1514
E1,M05,104-0,D,SF-104,B,202410,39,0,1136
E1,M05,104-0,E,SF-104,B,202410,39,0,530
E1,M05,104-0,ALL,SF-104,B,202410,39,6,7570
E1,M05,104-1,A,SF-104,B,202410,39,4,2574
E1,M05,104-1,B,SF-104,B,202410,39,1,1817
E1,M05,104-1,C,SF-104,B,202410,39,0,1514
E1,M05,104-1,D,SF-104,B,202410,39,1,1136
E1,M05,104-1,E,SF-104,B,202410,39,0,530
E1,M05,104-1,ALL,SF-104,B,202410,39,6,7570
E1,M05,104-0,A,SF-104,B,202411,40,1,2618
E1,M05,104-0,B,SF-104,B,202411,40,2,1848
E1,M05,104-0,C,SF-104,B,202411,40,1,1540
E1,M05,104-0,D,SF-104,B,202411,40,1,1155
E1,M05,104-0,E,SF-104,B,202411,40,1,539
E1,M05,104-0,ALL,SF-104,B,202411,40,6,7700
E1,M05,104-1,A,SF-104,B,202411,40,2,2618
E1,M05,104-1,B,SF-104,B,202411,40,1,1848
E1,M05,104-1,C,SF-104,B,202411,40,2,1540
E1,M05,104-1,D,SF-104,B,202411,40,0,1155
E1,M05,104-1,E,SF-104,B,202411,40,1,539
E1,M05,104-1,ALL,SF-104,B,202411,40,6,7700
E1,M05,104-0,A,SF-104,B,202412,41,3,2662
E1,M05,104-0,B,SF-104,B,202412,41,1,1879
E1,M05,104-0,C,SF-104,B,202412,41,1,1566
E1,M05,104-0,D,SF-104,B,202412,41,1,1174
E1,M05,104-0,E,SF-104,B,202412,41,0,548
E1,M05,104-0,ALL,SF-104,B,202412,41,6,7830
E1,M05,104-1,A,SF-104,B,202412,41,3,2662
E1,M05,104-1,B,SF-104,B,202412,41,0,1879
E1,M05,104-1,C,SF-104,B,202412,41,1,1566
E1,M05,104-1,D,SF-104,B,202412,41,0,1174
E1,M05,104-1,E,SF-104,B,202412,41,0,548
E1,M05,104-1,ALL,SF-104,B,202412,41,4,7830
E1,M05,105-0,ALL,SF-105,B,202107,0,0,2500
E1,M05,105-0,A,SF-105,B,202108,1,1,894
E1,M05,105-0,ALL,SF-105,B,202108,1,1,2630
E1,M05,105-0,A,SF-105,B,202109,2,0,938
E1,M05,105-0,B,SF-105,B,202109,2,0,662
E1,M05,105-0,C,SF-105,B,202109,2,1,552
E1,M05,105-0,D,SF-105,B,202109,2,0,414
E1,M05,105-0,ALL,SF-105,B,202109,2,1,2760
E1,M05,105-0,A,SF-105,B,202110,3,1,983
E1,M05,105-0,B,SF-105,B,202110,3,0,694
E1,M05,105-0,C,SF-105,B,202110,3,1,578
E1,M05,105-0,D,SF-105,B,202110,3,0,434
E1,M05,105-0,ALL,SF-105,B,202110,3,2,2890
E1,M05,105-0,A,SF-105,B,202111,4,0,1027
E1,M05,105-0,B,SF-105,B,202111,4,0,725
E1,M05,105-0,C,SF-105,B,202111,4,0,604
E1,M05,105-0,D,SF-105,B,202111,4,0,453
E1,M05,105-0,ALL,SF-105,B,202111,4,0,3020
E1,M05,105-0,A,SF-105,B,202112,5,0,1071
E1,M05,105-0,B,SF-105,B,202112,5,0,756
E1,M05,105-0,C,SF-105,B,202112,5,0,630
E1,M05,105-0,D,SF-105,B,202112,5,0,472
E1,M05,105-0,ALL,SF-105,B,202112,5,0,3150
E1,M05,105-0,A,SF-105,B,202201,6,0,1115
E1,M05,105-0,B,SF-105,B,202201,6,0,787
E1,M05,105-0,C,SF-105,B,202201,6,0,656
E1,M05,105-0,D,SF-105,B,202201,6,1,492
E1,M05,105-0,ALL,SF-105,B,202201,6,1,3280
E1,M05,105-0,A,SF-105,B,202202,7,0,1159
E1,M05,105-0,B,SF-105,B,202202,7,1,818
E1,M05,105-0,C,SF-105,B,202202,7,2,682
E1,M05,105-0,D,SF-105,B,202202,7,1,512
E1,M05,105-0,ALL,SF-105,B,202202,7,4,3410
E1,M05,105-0,A,SF-105,B,202203,8,0,1204
E1,M05,105-0,B,SF-105,B,202203,8,0,850
E1,M05,105-0,C,SF-105,B,202203,8,2,708
E1,M05,105-0,D,SF-105,B,202203,8,0,531
E1,M05,105-0,E,SF-105,B,202203,8,0,248
E1,M05,105-0,ALL,SF-105,B,202203,8,2,3540
E1,M05,105-0,A,SF-105,B,202204,9,0,1248
E1,M05,105-0,B,SF-105,B,202204,9,0,881
E1,M05,105-0,C,SF-105,B,202204,9,1,734
E1,M05,105-0,D,SF-105,B,202204,9,0,550
E1,M05,105-0,E,SF-105,B,202204,9,0,257
E1,M05,105-0,ALL,SF-105,B,202204,9,1,3670
E1,M05,105-0,A,SF-105,B,202205,10,1,1292
E1,M05,105-0,B,SF-105,B,202205,10,0,912
E1,M05,105-0,C,SF-105,B,202205,10,0,760
E1,M05,105-0,D,SF-105,B,202205,10,0,570
E1,M05,105-0,E,SF-105,B,202205,10,0,266
E1,M05,105-0,ALL,SF-105,B,202205,10,1,3800
E1,M05,105-0,A,SF-105,B,202206,11,0,1336
E1,M05,105-0,B,SF-105,B,202206,11,0,943
E1,M05,105-0,C,SF-105,B,202206,11,0,786
E1,M05,105-0,D,SF-105,B,202206,11,0,590
E1,M05,105-0,E,SF-105,B,202206,11,1,275
E1,M05,105-0,ALL,SF-105,B,202206,11,1,3930
E1,M05,105-0,A,SF-105,B,202207,12,1,1380
E1,M05,105-0,B,SF-105,B,202207,12,0,974
E1,M05,105-0,C,SF-105,B,202207,12,0,812
E1,M05,105-0,D,SF-105,B,202207,12,0,609
E1,M05,105-0,E,SF-105,B,202207,12,0,284
E1,M05,105-0,ALL,SF-105,B,202207,12,1,4060
E1,M05,105-0,A,SF-105,B,202208,13,1,1425
E1,M05,105-0,B,SF-105,B,202208,13,1,1006
E1,M05,105-0,C,SF-105,B,202208,13,1,838
E1,M05,105-0,D,SF-105,B,202208,13,0,628
E1,M05,105-0,E,SF-105,B,202208,13,0,293
E1,M05,105-0,ALL,SF-105,B,202208,13,3,4190
E1,M05,105-0,A,SF-105,B,202209,14,0,1469
E1,M05,105-0,B,SF-105,B,202209,14,0,1037
E1,M05,105-0,C,SF-105,B,202209,14,0,864
E1,M05,105-0,D,SF-105,B,202209,14,0,648
E1,M05,105-0,E,SF-105,B,202209,14,0,302
E1,M05,105-0,ALL,SF-105,B,202209,14,0,4320
E1,M05,105-0,A,SF-105,B,202210,15,0,1513
E1,M05,105-0,B,SF-105,B,202210,15,1,1068
E1,M05,105-0,C,SF-105,B,202210,15,1,890
E1,M05,105-0,D,SF-105,B,202210,15,0,668
E1,M05,105-0,E,SF-105,B,202210,15,0,312
E1,M05,105-0,ALL,SF-105,B,202210,15,2,4450
E1,M05,105-0,A,SF-105,B,202211,16,0,1557
E1,M05,105-0,B,SF-105,B,202211,16,1,1099
E1,M05,105-0,C,SF-105,B,202211,16,0,916
E1,M05,105-0,D,SF-105,B,202211,16,1,687
E1,M05,105-0,E,SF-105,B,202211,16,0,321
E1,M05,105-0,ALL,SF-105,B,202211,16,2,4580
E1,M05,105-0,A,SF-105,B,202212,17,1,1601
E1,M05,105-0,B,SF-105,B,202212,17,0,1130
E1,M05,105-0,C,SF-105,B,202212,17,0,942
E1,M05,105-0,D,SF-105,B,202212,17,0,706
E1,M05,105-0,E,SF-105,B,202212,17,0,330
E1,M05,105-0,ALL,SF-105,B,202212,17,1,4710
E1,M05,105-0,A,SF-105,B,202301,18,0,1646
E1,M05,105-0,B,SF-105,B,202301,18,0,1162
E1,M05,105-0,C,SF-105,B,202301,18,0,968
E1,M05,105-0,D,SF-105,B,202301,18,0,726
E1,M05,105-0,E,SF-105,B,202301,18,0,339
E1,M05,105-0,ALL,SF-105,B,202301,18,0,4840
E1,M05,105-0,A,SF-105,B,202302,19,0,1690
E1,M05,105-0,B,SF-105,B,202302,19,0,1193
E1,M05,105-0,C,SF-105,B,202302,19,1,994
E1,M05,105-0,D,SF-105,B,202302,19,1,746
E1,M05,105-0,E,SF-105,B,202302,19,0,348
E1,M05,105-0,ALL,SF-105,B,202302,19,2,4970
E1,M05,105-0,A,SF-105,B,202303,20,2,1734
E1,M05,105-0,B,SF-105,B,202303,20,0,1224
E1,M05,105-0,C,SF-105,B,202303,20,0,1020
E1,M05,105-0,D,SF-105,B,202303,20,0,765
E1,M05,105-0,E,SF-105,B,202303,20,0,357
E1,M05,105-0,ALL,SF-105,B,202303,20,2,5100
E1,M05,105-0,A,SF-105,B,202304,21,0,1778
E1,M05,105-0,B,SF-105,B,202304,21,0,1255
E1,M05,105-0,C,SF-105,B,202304,21,0,1046
E1,M05,105-0,D,SF-105,B,202304,21,0,784
E1,M05,105-0,E,SF-105,B,202304,21,0,366
E1,M05,105-0,ALL,SF-105,B,202304,21,0,5230
E1,M05,105-0,A,SF-105,B,202305,22,0,1822
E1,M05,105-0,B,SF-105,B,202305,22,0,1286
E1,M05,105-0,C,SF-105,B,202305,22,0,1072
E1,M05,105-0,D,SF-105,B,202305,22,0,804
E1,M05,105-0,E,SF-105,B,202305,22,1,375
E1,M05,105-0,ALL,SF-105,B,202305,22,1,5360
E1,M05,105-0,A,SF-105,B,202306,23,1,1867
E1,M05,105-0,B,SF-105,B,202306,23,0,1318
E1,M05,105-0,C,SF-105,B,202306,23,0,1098
E1,M05,105-0,D,SF-105,B,202306,23,0,824
E1,M05,105-0,E,SF-105,B,202306,23,0,384
E1,M05,105-0,ALL,SF-105,B,202306,23,1,5490
E1,M05,105-0,A,SF-105,B,202307,24,1,1911
E1,M05,105-0,B,SF-105,B,202307,24,0,1349
E1,M05,105-0,C,SF-105,B,202307,24,0,1124
E1,M05,105-0,D,SF-105,B,202307,24,0,843
E1,M05,105-0,E,SF-105,B,202307,24,0,393
E1,M05,105-0,ALL,SF-105,B,202307,24,1,5620
E1,M05,105-0,A,SF-105,B,202308,25,0,1955
E1,M05,105-0,B,SF-105,B,202308,25,1,1380
E1,M05,105-0,C,SF-105,B,202308,25,0,1150
E1,M05,105-0,D,SF-105,B,202308,25,0,862
E1,M05,105-0,E,SF-105,B,202308,25,0,403
E1,M05,105-0,ALL,SF-105,B,202308,25,1,5750
E1,M05,105-0,A,SF-105,B,202309,26,3,1999
E1,M05,105-0,B,SF-105,B,202309,26,1,1411
E1,M05,105-0,C,SF-105,B,202309,26,1,1176
E1,M05,105-0,D,SF-105,B,202309,26,0,882
E1,M05,105-0,E,SF-105,B,202309,26,0,412
E1,M05,105-0,ALL,SF-105,B,202309,26,5,5880
E1,M05,105-0,A,SF-105,B,202310,27,0,2043
E1,M05,105-0,B,SF-105,B,202310,27,0,1442
E1,M05,105-0,C,SF-105,B,202310,27,0,1202
E1,M05,105-0,D,SF-105,B,202310,27,0,902
E1,M05,105-0,E,SF-105,B,202310,27,1,421
E1,M05,105-0,ALL,SF-105,B,202310,27,1,6010
E1,M05,105-0,A,SF-105,B,202311,28,1,2088
E1,M05,105-0,B,SF-105,B,202311,28,0,1474
E1,M05,105-0,C,SF-105,B,202311,28,0,1228
E1,M05,105-0,D,SF-105,B,202311,28,0,921
E1,M05,105-0,E,SF-105,B,202311,28,1,430
E1,M05,105-0,ALL,SF-105,B,202311,28,2,6140
E1,M05,105-0,A,SF-105,B,202312,29,0,2132
E1,M05,105-0,B,SF-105,B,202312,29,1,1505
E1,M05,105-0,C,SF-105,B,202312,29,0,1254
E1,M05,105-0,D,SF-105,B,202312,29,0,940
E1,M05,105-0,E,SF-105,B,202312,29,0,439
E1,M05,105-0,ALL,SF-105,B,202312,29,1,6270
E1,M05,105-0,A,SF-105,B,202401,30,0,2176
E1,M05,105-0,B,SF-105,B,202401,30,0,1536
E1,M05,105-0,C,SF-105,B,202401,30,1,1280
E1,M05,105-0,D,SF-105,B,202401,30,0,960
E1,M05,105-0,E,SF-105,B,202401,30,0,448
E1,M05,105-0,ALL,SF-105,B,202401,30,1,6400
E1,M05,105-0,A,SF-105,B,202402,31,0,2220
E1,M05,105-0,B,SF-105,B,202402,31,1,1567
E1,M05,105-0,C,SF-105,B,202402,31,0,1306
E1,M05,105-0,D,SF-105,B,202402,31,1,980
E1,M05,105-0,E,SF-105,B,202402,31,0,457
E1,M05,105-0,ALL,SF-105,B,202402,31,2,6530
E1,M05,105-0,A,SF-105,B,202403,32,0,2264
E1,M05,105-0,B,SF-105,B,202403,32,0,1598
E1,M05,105-0,C,SF-105,B,202403,32,2,1332
E1,M05,105-0,D,SF-105,B,202403,32,0,999
E1,M05,105-0,E,SF-105,B,202403,32,0,466
E1,M05,105-0,ALL,SF-105,B,202403,32,2,6660
E1,M05,105-0,A,SF-105,B,202404,33,0,2309
E1,M05,105-0,B,SF-105,B,202404,33,0,1630
E1,M05,105-0,C,SF-105,B,202404,33,1,1358
E1,M05,105-0,D,SF-105,B,202404,33,1,1018
E1,M05,105-0,E,SF-105,B,202404,33,0,475
E1,M05,105-0,ALL,SF-105,B,202404,33,2,6790
E1,M05,105-0,A,SF-105,B,202405,34,0,2353
E1,M05,105-0,B,SF-105,B,202405,34,0,1661
E1,M05,105-0,C,SF-105,B,202405,34,0,1384
E1,M05,105-0,D,SF-105,B,202405,34,0,1038
E1,M05,105-0,E,SF-105,B,202405,34,0,484
E1,M05,105-0,ALL,SF-105,B,202405,34,0,6920
E1,M05,105-0,A,SF-105,B,202406,35,2,2397
E1,M05,105-0,B,SF-105,B,202406,35,0,1692
E1,M05,105-0,C,SF-105,B,202406,35,0,1410
E1,M05,105-0,D,SF-105,B,202406,35,1,1058
E1,M05,105-0,E,SF-105,B,202406,35,0,494
E1,M05,105-0,ALL,SF-105,B,202406,35,3,7050
E1,M05,105-0,A,SF-105,B,202407,36,1,2441
E1,M05,105-0,B,SF-105,B,202407,36,0,1723
E1,M05,105-0,C,SF-105,B,202407,36,0,1436
E1,M05,105-0,D,SF-105,B,202407,36,0,1077
E1,M05,105-0,E,SF-105,B,202407,36,0,503
E1,M05,105-0,ALL,SF-105,B,202407,36,1,7180
E1,M05,105-0,A,SF-105,B,202408,37,2,2485
E1,M05,105-0,B,SF-105,B,202408,37,2,1754
E1,M05,105-0,C,SF-105,B,202408,37,2,1462
E1,M05,105-0,D,SF-105,B,202408,37,1,1096
E1,M05,105-0,E,SF-105,B,202408,37,0,512
E1,M05,105-0,ALL,SF-105,B,202408,37,7,7310
E1,M05,105-0,A,SF-105,B,202409,38,0,2530
E1,M05,105-0,B,SF-105,B,202409,38,1,1786
E1,M05,105-0,C,SF-105,B,202409,38,0,1488
E1,M05,105-0,D,SF-105,B,202409,38,1,1116
E1,M05,105-0,E,SF-105,B,202409,38,0,521
E1,M05,105-0,ALL,SF-105,B,202409,38,2,7440
E1,M05,105-0,A,SF-105,B,202410,39,2,2574
E1,M05,105-0,B,SF-105,B,202410,39,0,1817
E1,M05,105-0,C,SF-105,B,202410,39,0,1514
E1,M05,105-0,D,SF-105,B,202410,39,0,1136
E1,M05,105-0,E,SF-105,B,202410,39,1,530
E1,M05,105-0,ALL,SF-105,B,202410,39,3,7570
E1,M05,105-0,A,SF-105,B,202411,40,0,2618
E1,M05,105-0,B,SF-105,B,202411,40,0,1848
E1,M05,105-0,C,SF-105,B,202411,40,0,1540
E1,M05,105-0,D,SF-105,B,202411,40,2,1155
E1,M05,105-0,E,SF-105,B,202411,40,0,539
E1,M05,105-0,ALL,SF-105,B,202411,40,2,7700
E1,M05,105-0,A,SF-105,B,202412,41,1,2662
E1,M05,105-0,B,SF-105,B,202412,41,1,1879
E1,M05,105-0,C,SF-105,B,202412,41,0,1566
E1,M05,105-0,D,SF-105,B,202412,41,0,1174
E1,M05,105-0,E,SF-105,B,202412,41,1,548
E1,M05,105-0,ALL,SF-105,B,202412,41,3,7830
E1,M06,100-0,A,SF-100,B,202108,0,5,850
E1,M06,100-0,B,SF-100,B,202108,0,3,600
E1,M06,100-0,D,SF-100,B,202108,0,1,375
E1,M06,100-0,ALL,SF-100,B,202108,0,9,2500
E1,M06,100-0,A,SF-100,B,202109,1,1,894
E1,M06,100-0,D,SF-100,B,202109,1,1,394
E1,M06,100-0,ALL,SF-100,B,202109,1,2,2630
E1,M06,100-0,A,SF-100,B,202110,2,2,938
E1,M06,100-0,B,SF-100,B,202110,2,1,662
E1,M06,100-0,C,SF-100,B,202110,2,0,552
E1,M06,100-0,D,SF-100,B,202110,2,0,414
E1,M06,100-0,ALL,SF-100,B,202110,2,3,2760
E1,M06,100-0,A,SF-100,B,202111,3,1,983
E1,M06,100-0,B,SF-100,B,202111,3,0,694
E1,M06,100-0,C,SF-100,B,202111,3,2,578
E1,M06,100-0,D,SF-100,B,202111,3,0,434
E1,M06,100-0,ALL,SF-100,B,202111,3,3,2890
E1,M06,100-0,A,SF-100,B,202112,4,0,1027
E1,M06,100-0,B,SF-100,B,202112,4,0,725
E1,M06,100-0,C,SF-100,B,202112,4,0,604
E1,M06,100-0,D,SF-100,B,202112,4,0,453
E1,M06,100-0,ALL,SF-100,B,202112,4,0,3020
E1,M06,100-0,A,SF-100,B,202201,5,0,1071
E1,M06,100-0,B,SF-100,B,202201,5,1,756
E1,M06,100-0,C,SF-100,B,202201,5,1,630
E1,M06,100-0,D,SF-100,B,202201,5,0,472
E1,M06,100-0,ALL,SF-100,B,202201,5,2,3150
E1,M06,100-0,A,SF-100,B,202202,6,3,1115
E1,M06,100-0,B,SF-100,B,202202,6,1,787
E1,M06,100-0,C,SF-100,B,202202,6,0,656
E1,M06,100-0,D,SF-100,B,202202,6,0,492
E1,M06,100-0,ALL,SF-100,B,202202,6,4,3280
E1,M06,100-0,A,SF-100,B,202203,7,0,1159
E1,M06,100-0,B,SF-100,B,202203,7,0,818
E1,M06,100-0,C,SF-100,B,202203,7,2,682
E1,M06,100-0,D,SF-100,B,202203,7,0,512
E1,M06,100-0,ALL,SF-100,B,202203,7,2,3410
E1,M06,100-0,A,SF-100,B,202204,8,2,1204
E1,M06,100-0,B,SF-100,B,202204,8,2,850
E1,M06,100-0,C,SF-100,B,202204,8,1,708
E1,M06,100-0,D,SF-100,B,202204,8,0,531
E1,M06,100-0,E,SF-100,B,202204,8,1,248
E1,M06,100-0,ALL,SF-100,B,202204,8,6,3540
E1,M06,100-0,A,SF-100,B,202205,9,0,1248
E1,M06,100-0,B,SF-100,B,202205,9,0,881
E1,M06,100-0,C,SF-100,B,202205,9,1,734
E1,M06,100-0,D,SF-100,B,202205,9,0,550
E1,M06,100-0,E,SF-100,B,202205,9,0,257
E1,M06,100-0,ALL,SF-100,B,202205,9,1,3670
E1,M06,100-0,A,SF-100,B,202206,10,4,1292
E1,M06,100-0,B,SF-100,B,202206,10,2,912
E1,M06,100-0,C,SF-100,B,202206,10,0,760
E1,M06,100-0,D,SF-100,B,202206,10,2,570
E1,M06,100-0,E,SF-100,B,202206,10,0,266
E1,M06,100-0,ALL,SF-100,B,202206,10,8,3800
E1,M06,100-0,A,SF-100,B,202207,11,2,1336
E1,M06,100-0,B,SF-100,B,202207,11,1,943
E1,M06,100-0,C,SF-100,B,202207,11,2,786
E1,M06,100-0,D,SF-100,B,202207,11,0,590
E1,M06,100-0,E,SF-100,B,202207,11,0,275
E1,M06,100-0,ALL,SF-100,B,202207,11,5,3930
E1,M06,100-0,A,SF-100,B,202208,12,2,1380
E1,M06,100-0,B,SF-100,B,202208,12,1,974
E1,M06,100-0,C,SF-100,B,202208,12,2,812
E1,M06,100-0,D,SF-100,B,202208,12,0,609
E1,M06,100-0,E,SF-100,B,202208,12,0,284
E1,M06,100-0,ALL,SF-100,B,202208,12,5,4060
E1,M06,100-0,A,SF-100,B,202209,13,2,1425
E1,M06,100-0,B,SF-100,B,202209,13,3,1006
E1,M06,100-0,C,SF-100,B,202209,13,3,838
E1,M06,100-0,D,SF-100,B,202209,13,0,628
E1,M06,100-0,E,SF-100,B,202209,13,0,293
E1,M06,100-0,ALL,SF-100,B,202209,13,8,4190
E1,M06,100-0,A,SF-100,B,202210,14,2,1469
E1,M06,100-0,B,SF-100,B,202210,14,1,1037
E1,M06,100-0,C,SF-100,B,202210,14,2,864
E1,M06,100-0,D,SF-100,B,202210,14,0,648
E1,M06,100-0,E,SF-100,B,202210,14,1,302
E1,M06,100-0,ALL,SF-100,B,202210,14,6,4320
E1,M06,100-0,A,SF-100,B,202211,15,2,1513
E1,M06,100-0,B,SF-100,B,202211,15,0,1068
E1,M06,100-0,C,SF-100,B,202211,15,2,890
E1,M06,100-0,D,SF-100,B,202211,15,1,668
E1,M06,100-0,E,SF-100,B,202211,15,0,312
E1,M06,100-0,ALL,SF-100,B,202211,15,5,4450
E1,M06,100-0,A,SF-100,B,202212,16,0,1557
E1,M06,100-0,B,SF-100,B,202212,16,1,1099
E1,M06,100-0,C,SF-100,B,202212,16,2,916
E1,M06,100-0,D,SF-100,B,202212,16,1,687
E1,M06,100-0,E,SF-100,B,202212,16,0,321
E1,M06,100-0,ALL,SF-100,B,202212,16,4,4580
E1,M06,100-0,A,SF-100,B,202301,17,3,1601
E1,M06,100-0,B,SF-100,B,202301,17,0,1130
E1,M06,100-0,C,SF-100,B,202301,17,1,942
E1,M06,100-0,D,SF-100,B,202301,17,0,706
E1,M06,100-0,E,SF-100,B,202301,17,1,330
E1,M06,100-0,ALL,SF-100,B,202301,17,5,4710
E1,M06,100-0,A,SF-100,B,202302,18,1,1646
E1,M06,100-0,B,SF-100,B,202302,18,2,1162
E1,M06,100-0,C,SF-100,B,202302,18,1,968
E1,M06,100-0,D,SF-100,B,202302,18,0,726
E1,M06,100-0,E,SF-100,B,202302,18,1,339
E1,M06,100-0,ALL,SF-100,B,202302,18,5,4840
E1,M06,100-0,A,SF-100,B,202303,19,0,1690
E1,M06,100-0,B,SF-100,B,202303,19,1,1193
E1,M06,100-0,C,SF-100,B,202303,19,1,994
E1,M06,100-0,D,SF-100,B,202303,19,0,746
E1,M06,100-0,E,SF-100,B,202303,19,0,348
E1,M06,100-0,ALL,SF-100,B,202303,19,2,4970
E1,M06,100-0,A,SF-100,B,202304,20,3,1734
E1,M06,100-0,B,SF-100,B,202304,20,0,1224
E1,M06,100-0,C,SF-100,B,202304,20,2,1020
E1,M06,100-0,D,SF-100,B,202304,20,0,765
E1,M06,100-0,E,SF-100,B,202304,20,0,357
E1,M06,100-0,ALL,SF-100,B,202304,20,5,5100
E1,M06,100-0,A,SF-100,B,202305,21,0,1778
E1,M06,100-0,B,SF-100,B,202305,21,2,1255
E1,M06,100-0,C,SF-100,B,202305,21,0,1046
E1,M06,100-0,D,SF-100,B,202305,21,0,784
E1,M06,100-0,E,SF-100,B,202305,21,0,366
E1,M06,100-0,ALL,SF-100,B,202305,21,2,5230
E1,M06,100-0,A,SF-100,B,202306,22,1,1822
E1,M06,100-0,B,SF-100,B,202306,22,0,1286
E1,M06,100-0,C,SF-100,B,202306,22,1,1072
E1,M06,100-0,D,SF-100,B,202306,22,1,804
E1,M06,100-0,E,SF-100,B,202306,22,1,375
E1,M06,100-0,ALL,SF-100,B,202306,22,4,5360
E1,M06,100-0,A,SF-100,B,202307,23,1,1867
E1,M06,100-0,B,SF-100,B,202307,23,2,1318
E1,M06,100-0,C,SF-100,B,202307,23,1,1098
E1,M06,100-0,D,SF-100,B,202307,23,1,824
E1,M06,100-0,E,SF-100,B,202307,23,0,384
E1,M06,100-0,ALL,SF-100,B,202307,23,5,5490
E1,M06,100-0,A,SF-100,B,202308,24,2,1911
E1,M06,100-0,B,SF-100,B,202308,24,0,1349
E1,M06,100-0,C,SF-100,B,202308,24,3,1124
E1,M06,100-0,D,SF-100,B,202308,24,2,843
E1,M06,100-0,E,SF-100,B,202308,24,1,393
E1,M06,100-0,ALL,SF-100,B,202308,24,8,5620
E1,M06,100-0,A,SF-100,B,202309,25,2,1955
E1,M06,100-0,B,SF-100,B,202309,25,3,1380
E1,M06,100-0,C,SF-100,B,202309,25,2,1150
E1,M06,100-0,D,SF-100,B,202309,25,0,862
E1,M06,100-0,E,SF-100,B,202309,25,1,403
E1,M06,100-0,ALL,SF-100,B,202309,25,8,5750
E1,M06,100-0,A,SF-100,B,202310,26,1,1999
E1,M06,100-0,B,SF-100,B,202310,26,0,1411
E1,M06,100-0,C,SF-100,B,202310,26,1,1176
E1,M06,100-0,D,SF-100,B,202310,26,1,882
E1,M06,100-0,E,SF-100,B,202310,26,0,412
E1,M06,100-0,ALL,SF-100,B,202310,26,3,5880
E1,M06,100-0,A,SF-100,B,202311,27,1,2043
E1,M06,100-0,B,SF-100,B,202311,27,2,1442
E1,M06,100-0,C,SF-100,B,202311,27,0,1202
E1,M06,100-0,D,SF-100,B,202311,27,0,902
E1,M06,100-0,E,SF-100,B,202311,27,1,421
E1,M06,100-0,ALL,SF-100,B,202311,27,4,6010
E1,M06,100-0,A,SF-100,B,202312,28,2,2088
E1,M06,100-0,B,SF-100,B,202312,28,1,1474
E1,M06,100-0,C,SF-100,B,202312,28,2,1228
E1,M06,100-0,D,SF-100,B,202312,28,0,921
E1,M06,100-0,E,SF-100,B,202312,28,0,430
E1,M06,100-0,ALL,SF-100,B,202312,28,5,6140
E1,M06,100-0,A,SF-100,B,202401,29,7,2132
E1,M06,100-0,B,SF-100,B,202401,29,2,1505
E1,M06,100-0,C,SF-100,B,202401,29,1,1254
E1,M06,100-0,D,SF-100,B,202401,29,2,940
E1,M06,100-0,E,SF-100,B,202401,29,0,439
E1,M06,100-0,ALL,SF-100,B,202401,29,12,6270
E1,M06,100-0,A,SF-100,B,202402,30,1,2176
E1,M06,100-0,B,SF-100,B,202402,30,1,1536
E1,M06,100-0,C,SF-100,B,202402,30,2,1280
E1,M06,100-0,D,SF-100,B,202402,30,2,960
E1,M06,100-0,E,SF-100,B,202402,30,0,448
E1,M06,100-0,ALL,SF-100,B,202402,30,6,6400
E1,M06,100-0,A,SF-100,B,202403,31,2,2220
E1,M06,100-0,B,SF-100,B,202403,31,4,1567
E1,M06,100-0,C,SF-100,B,202403,31,1,1306
E1,M06,100-0,D,SF-100,B,202403,31,0,980
E1,M06,100-0,E,SF-100,B,202403,31,0,457
E1,M06,100-0,ALL,SF-100,B,202403,31,7,6530
E1,M06,100-0,A,SF-100,B,202404,32,4,2264
E1,M06,100-0,B,SF-100,B,202404,32,1,1598
E1,M06,100-0,C,SF-100,B,202404,32,4,1332
E1,M06,100-0,D,SF-100,B,202404,32,2,999
E1,M06,100-0,E,SF-100,B,202404,32,0,466
E1,M06,100-0,ALL,SF-100,B,202404,32,11,6660
E1,M06,100-0,A,SF-100,B,202405,33,2,2309
E1,M06,100-0,B,SF-100,B,202405,33,0,1630
E1,M06,100-0,C,SF-100,B,202405,33,2,1358
E1,M06,100-0,D,SF-100,B,202405,33,3,1018
E1,M06,100-0,E,SF-100,B,202405,33,0,475
E1,M06,100-0,ALL,SF-100,B,202405,33,7,6790
E1,M06,100-0,A,SF-100,B,202406,34,2,2353
E1,M06,100-0,B,SF-100,B,202406,34,2,1661
E1,M06,100-0,C,SF-100,B,202406,34,2,1384
E1,M06,100-0,D,SF-100,B,202406,34,1,1038
E1,M06,100-0,E,SF-100,B,202406,34,0,484
E1,M06,100-0,ALL,SF-100,B,202406,34,7,6920
E1,M06,100-0,A,SF-100,B,202407,35,3,2397
E1,M06,100-0,B,SF-100,B,202407,35,3,1692
E1,M06,100-0,C,SF-100,B,202407,35,2,1410
E1,M06,100-0,D,SF-100,B,202407,35,2,1058
E1,M06,100-0,E,SF-100,B,202407,35,0,494
E1,M06,100-0,ALL,SF-100,B,202407,35,10,7050
E1,M06,100-0,A,SF-100,B,202408,36,3,2441
E1,M06,100-0,B,SF-100,B,202408,36,1,1723
E1,M06,100-0,C,SF-100,B,202408,36,0,1436
E1,M06,100-0,D,SF-100,B,202408,36,0,1077
E1,M06,100-0,E,SF-100,B,202408,36,3,503
E1,M06,100-0,ALL,SF-100,B,202408,36,7,7180
E1,M06,100-0,A,SF-100,B,202409,37,5,2485
E1,M06,100-0,B,SF-100,B,202409,37,3,1754
E1,M06,100-0,C,SF-100,B,202409,37,1,1462
E1,M06,100-0,D,SF-100,B,202409,37,5,1096
E1,M06,100-0,E,SF-100,B,202409,37,0,512
E1,M06,100-0,ALL,SF-100,B,202409,37,14,7310
E1,M06,100-0,A,SF-100,B,202410,38,2,2530
E1,M06,100-0,B,SF-100,B,202410,38,2,1786
E1,M06,100-0,C,SF-100,B,202410,38,2,1488
E1,M06,100-0,D,SF-100,B,202410,38,3,1116
E1,M06,100-0,E,SF-100,B,202410,38,2,521
E1,M06,100-0,ALL,SF-100,B,202410,38,11,7440
E1,M06,100-0,A,SF-100,B,202411,39,2,2574
E1,M06,100-0,B,SF-100,B,202411,39,1,1817
E1,M06,100-0,C,SF-100,B,202411,39,1,1514
E1,M06,100-0,D,SF-100,B,202411,39,0,1136
E1,M06,100-0,E,SF-100,B,202411,39,1,530
E1,M06,100-0,ALL,SF-100,B,202411,39,5,7570
E1,M06,100-0,A,SF-100,B,202412,40,3,2618
E1,M06,100-0,B,SF-100,B,202412,40,2,1848
E1,M06,100-0,C,SF-100,B,202412,40,5,1540
E1,M06,100-0,D,SF-100,B,202412,40,2,1155
E1,M06,100-0,E,SF-100,B,202412,40,1,539
E1,M06,100-0,ALL,SF-100,B,202412,40,13,7700
E1,M06,101-0,B,SF-101,B,202108,0,1,600
E1,M06,101-0,D,SF-101,B,202108,0,1,375
E1,M06,101-0,ALL,SF-101,B,202108,0,2,2500
E1,M06,101-0,B,SF-101,B,202109,1,1,631
E1,M06,101-0,ALL,SF-101,B,202109,1,1,2630
E1,M06,101-0,A,SF-101,B,202110,2,1,938
E1,M06,101-0,B,SF-101,B,202110,2,2,662
E1,M06,101-0,C,SF-101,B,202110,2,0,552
E1,M06,101-0,D,SF-101,B,202110,2,1,414
E1,M06,101-0,ALL,SF-101,B,202110,2,4,2760
E1,M06,101-0,A,SF-101,B,202111,3,2,983
E1,M06,101-0,B,SF-101,B,202111,3,0,694
E1,M06,101-0,C,SF-101,B,202111,3,0,578
E1,M06,101-0,D,SF-101,B,202111,3,1,434
E1,M06,101-0,ALL,SF-101,B,202111,3,3,2890
E1,M06,101-0,A,SF-101,B,202112,4,1,1027
E1,M06,101-0,B,SF-101,B,202112,4,2,725
E1,M06,101-0,C,SF-101,B,202112,4,3,604
E1,M06,101-0,D,SF-101,B,202112,4,0,453
E1,M06,101-0,ALL,SF-101,B,202112,4,6,3020
E1,M06,101-0,A,SF-101,B,202201,5,0,1071
E1,M06,101-0,B,SF-101,B,202201,5,0,756
E1,M06,101-0,C,SF-101,B,202201,5,0,630
E1,M06,101-0,D,SF-101,B,202201,5,0,472
E1,M06,101-0,ALL,SF-101,B,202201,5,0,3150
E1,M06,101-0,A,SF-101,B,202202,6,0,1115
E1,M06,101-0,B,SF-101,B,202202,6,1,787
E1,M06,101-0,C,SF-101,B,202202,6,1,656
E1,M06,101-0,D,SF-101,B,202202,6,0,492
E1,M06,101-0,ALL,SF-101,B,202202,6,2,3280
E1,M06,101-0,A,SF-101,B,202203,7,0,1159
E1,M06,101-0,B,SF-101,B,202203,7,0,818
E1,M06,101-0,C,SF-101,B,202203,7,1,682
E1,M06,101-0,D,SF-101,B,202203,7,2,512
E1,M06,101-0,ALL,SF-101,B,202203,7,3,3410
E1,M06,101-0,A,SF-101,B,202204,8,0,1204
E1,M06,101-0,B,SF-101,B,202204,8,0,850
E1,M06,101-0,C,SF-101,B,202204,8,1,708
E1,M06,101-0,D,SF-101,B,202204,8,1,531
E1,M06,101-0,E,SF-101,B,202204,8,0,248
E1,M06,101-0,ALL,SF-101,B,202204,8,2,3540
E1,M06,101-0,A,SF-101,B,202205,9,1,1248
E1,M06,101-0,B,SF-101,B,202205,9,0,881
E1,M06,101-0,C,SF-101,B,202205,9,0,734
E1,M06,101-0,D,SF-101,B,202205,9,0,550
E1,M06,101-0,E,SF-101,B,202205,9,1,257
E1,M06,101-0,ALL,SF-101,B,202205,9,2,3670
E1,M06,101-0,A,SF-101,B,202206,10,1,1292
E1,M06,101-0,B,SF-101,B,202206,10,2,912
E1,M06,101-0,C,SF-101,B,202206,10,1,760
E1,M06,101-0,D,SF-101,B,202206,10,0,570
E1,M06,101-0,E,SF-101,B,202206,10,0,266
E1,M06,101-0,ALL,SF-101,B,202206,10,4,3800
E1,M06,101-0,A,SF-101,B,202207,11,1,1336
E1,M06,101-0,B,SF-101,B,202207,11,1,943
E1,M06,101-0,C,SF-101,B,202207,11,1,786
E1,M06,101-0,D,SF-101,B,202207,11,1,590
E1,M06,101-0,E,SF-101,B,202207,11,0,275
E1,M06,101-0,ALL,SF-101,B,202207,11,4,3930
E1,M06,101-0,A,SF-101,B,202208,12,2,1380
E1,M06,101-0,B,SF-101,B,202208,12,0,974
E1,M06,101-0,C,SF-101,B,202208,12,0,812
E1,M06,101-0,D,SF-101,B,202208,12,0,609
E1,M06,101-0,E,SF-101,B,202208,12,1,284
E1,M06,101-0,ALL,SF-101,B,202208,12,3,4060
E1,M06,101-0,A,SF-101,B,202209,13,1,1425
E1,M06,101-0,B,SF-101,B,202209,13,0,1006
E1,M06,101-0,C,SF-101,B,202209,13,0,838
E1,M06,101-0,D,SF-101,B,202209,13,1,628
E1,M06,101-0,E,SF-101,B,202209,13,1,293
E1,M06,101-0,ALL,SF-101,B,202209,13,3,4190
E1,M06,101-0,A,SF-101,B,202210,14,1,1469
E1,M06,101-0,B,SF-101,B,202210,14,0,1037
E1,M06,101-0,C,SF-101,B,202210,14,1,864
E1,M06,101-0,D,SF-101,B,202210,14,1,648
E1,M06,101-0,E,SF-101,B,202210,14,0,302
E1,M06,101-0,ALL,SF-101,B,202210,14,3,4320
E1,M06,101-0,A,SF-101,B,202211,15,1,1513
E1,M06,101-0,B,SF-101,B,202211,15,1,1068
E1,M06,101-0,C,SF-101,B,202211,15,0,890
E1,M06,101-0,D,SF-101,B,202211,15,1,668
E1,M06,101-0,E,SF-101,B,202211,15,0,312
E1,M06,101-0,ALL,SF-101,B,202211,15,3,4450
E1,M06,101-0,A,SF-101,B,202212,16,3,1557
E1,M06,101-0,B,SF-101,B,202212,16,1,1099
E1,M06,101-0,C,SF-101,B,202212,16,3,916
E1,M06,101-0,D,SF-101,B,202212,16,0,687
E1,M06,101-0,E,SF-101,B,202212,16,0,321
E1,M06,101-0,ALL,SF-101,B,202212,16,7,4580
E1,M06,101-0,A,SF-101,B,202301,17,1,1601
E1,M06,101-0,B,SF-101,B,202301,17,1,1130
E1,M06,101-0,C,SF-101,B,202301,17,3,942
E1,M06,101-0,D,SF-101,B,202301,17,0,706
E1,M06,101-0,E,SF-101,B,202301,17,0,330
E1,M06,101-0,ALL,SF-101,B,202301,17,5,4710
E1,M06,101-0,A,SF-101,B,202302,18,0,1646
E1,M06,101-0,B,SF-101,B,202302,18,2,1162
E1,M06,101-0,C,SF-101,B,202302,18,0,968
E1,M06,101-0,D,SF-101,B,202302,18,1,726
E1,M06,101-0,E,SF-101,B,202302,18,0,339
E1,M06,101-0,ALL,SF-101,B,202302,18,3,4840
E1,M06,101-0,A,SF-101,B,202303,19,3,1690
E1,M06,101-0,B,SF-101,B,202303,19,0,1193
E1,M06,101-0,C,SF-101,B,202303,19,0,994
E1,M06,101-0,D,SF-101,B,202303,19,0,746
E1,M06,101-0,E,SF-101,B,202303,19,0,348
E1,M06,101-0,ALL,SF-101,B,202303,19,3,4970
E1,M06,101-0,A,SF-101,B,202304,20,1,1734
E1,M06,101-0,B,SF-101,B,202304,20,0,1224
E1,M06,101-0,C,SF-101,B,202304,20,0,1020
E1,M06,101-0,D,SF-101,B,202304,20,2,765
E1,M06,101-0,E,SF-101,B,202304,20,0,357
E1,M06,101-0,ALL,SF-101,B,202304,20,3,5100
E1,M06,101-0,A,SF-101,B,202305,21,3,1778
E1,M06,101-0,B,SF-101,B,202305,21,1,1255
E1,M06,101-0,C,SF-101,B,202305,21,1,1046
E1,M06,101-0,D,SF-101,B,202305,21,1,784
E1,M06,101-0,E,SF-101,B,202305,21,0,366
E1,M06,101-0,ALL,SF-101,B,202305,21,6,5230
E1,M06,101-0,A,SF-101,B,202306,22,0,1822
E1,M06,101-0,B,SF-101,B,202306,22,0,1286
E1,M06,101-0,C,SF-101,B,202306,22,1,1072
E1,M06,101-0,D,SF-101,B,202306,22,2,804
E1,M06,101-0,E,SF-101,B,202306,22,1,375
E1,M06,101-0,ALL,SF-101,B,202306,22,4,5360
E1,M06,101-0,A,SF-101,B,202307,23,2,1867
E1,M06,101-0,B,SF-101,B,202307,23,2,1318
E1,M06,101-0,C,SF-101,B,202307,23,1,1098
E1,M06,101-0,D,SF-101,B,202307,23,2,824
E1,M06,101-0,E,SF-101,B,202307,23,0,384
E1,M06,101-0,ALL,SF-101,B,202307,23,7,5490
E1,M06,101-0,A,SF-101,B,202308,24,1,1911
E1,M06,101-0,B,SF-101,B,202308,24,1,1349
E1,M06,101-0,C,SF-101,B,202308,24,0,1124
E1,M06,101-0,D,SF-101,B,202308,24,0,843
E1,M06,101-0,E,SF-101,B,202308,24,0,393
E1,M06,101-0,ALL,SF-101,B,202308,24,2,5620
E1,M06,101-0,A,SF-101,B,202309,25,2,1955
E1,M06,101-0,B,SF-101,B,202309,25,2,1380
E1,M06,101-0,C,SF-101,B,202309,25,1,1150
E1,M06,101-0,D,SF-101,B,202309,25,0,862
E1,M06,101-0,E,SF-101,B,202309,25,1,403
E1,M06,101-0,ALL,SF-101,B,202309,25,6,5750
E1,M06,101-0,A,SF-101,B,202310,26,2,1999
E1,M06,101-0,B,SF-101,B,202310,26,0,1411
E1,M06,101-0,C,SF-101,B,202310,26,3,1176
E1,M06,101-0,D,SF-101,B,202310,26,1,882
E1,M06,101-0,E,SF-101,B,202310,26,1,412
E1,M06,101-0,ALL,SF-101,B,202310,26,7,5880
E1,M06,101-0,A,SF-101,B,202311,27,1,2043
E1,M06,101-0,B,SF-101,B,202311,27,0,1442
E1,M06,101-0,C,SF-101,B,202311,27,0,1202
E1,M06,101-0,D,SF-101,B,202311,27,2,902
E1,M06,101-0,E,SF-101,B,202311,27,0,421
E1,M06,101-0,ALL,SF-101,B,202311,27,3,6010
E1,M06,101-0,A,SF-101,B,202312,28,4,2088
E1,M06,101-0,B,SF-101,B,202312,28,1,1474
E1,M06,101-0,C,SF-101,B,202312,28,0,1228
E1,M06,101-0,D,SF-101,B,202312,28,0,921
E1,M06,101-0,E,SF-101,B,202312,28,0,430
E1,M06,101-0,ALL,SF-101,B,202312,28,5,6140
E1,M06,101-0,A,SF-101,B,202401,29,1,2132
E1,M06,101-0,B,SF-101,B,202401,29,0,1505
E1,M06,101-0,C,SF-101,B,202401,29,1,1254
E1,M06,101-0,D,SF-101,B,202401,29,1,940
E1,M06,101-0,E,SF-101,B,202401,29,0,439
E1,M06,101-0,ALL,SF-101,B,202401,29,3,6270
E1,M06,101-0,A,SF-101,B,202402,30,1,2176
E1,M06,101-0,B,SF-101,B,202402,30,1,1536
E1,M06,101-0,C,SF-101,B,202402,30,1,1280
E1,M06,101-0,D,SF-101,B,202402,30,2,960
E1,M06,101-0,E,SF-101,B,202402,30,1,448
E1,M06,101-0,ALL,SF-101,B,202402,30,6,6400
E1,M06,101-0,A,SF-101,B,202403,31,4,2220
E1,M06,101-0,B,SF-101,B,202403,31,2,1567
E1,M06,101-0,C,SF-101,B,202403,31,3,1306
E1,M06,101-0,D,SF-101,B,202403,31,0,980
E1,M06,101-0,E,SF-101,B,202403,31,1,457
E1,M06,101-0,ALL,SF-101,B,202403,31,10,6530
E1,M06,101-0,A,SF-101,B,202404,32,3,2264
E1,M06,101-0,B,SF-101,B,202404,32,1,1598
E1,M06,101-0,C,SF-101,B,202404,32,0,1332
E1,M06,101-0,D,SF-101,B,202404,32,1,999
E1,M06,101-0,E,SF-101,B,202404,32,2,466
E1,M06,101-0,ALL,SF-101,B,202404,32,7,6660
E1,M06,101-0,A,SF-101,B,202405,33,2,2309
E1,M06,101-0,B,SF-101,B,202405,33,0,1630
E1,M06,101-0,C,SF-101,B,202405,33,1,1358
E1,M06,101-0,D,SF-101,B,202405,33,1,1018
E1,M06,101-0,E,SF-101,B,202405,33,0,475
E1,M06,101-0,ALL,SF-101,B,202405,33,4,6790
E1,M06,101-0,A,SF-101,B,202406,34,5,2353
E1,M06,101-0,B,SF-101,B,202406,34,1,1661
E1,M06,101-0,C,SF-101,B,202406,34,5,1384
E1,M06,101-0,D,SF-101,B,202406,34,4,1038
E1,M06,101-0,E,SF-101,B,202406,34,0,484
E1,M06,101-0,ALL,SF-101,B,202406,34,15,6920
E1,M06,101-0,A,SF-101,B,202407,35,1,2397
E1,M06,101-0,B,SF-101,B,202407,35,0,1692
E1,M06,101-0,C,SF-101,B,202407,35,1,1410
E1,M06,101-0,D,SF-101,B,202407,35,0,1058
E1,M06,101-0,E,SF-101,B,202407,35,0,494
E1,M06,101-0,ALL,SF-101,B,202407,35,2,7050
E1,M06,101-0,A,SF-101,B,202408,36,3,2441
E1,M06,101-0,B,SF-101,B,202408,36,1,1723
E1,M06,101-0,C,SF-101,B,202408,36,0,1436
E1,M06,101-0,D,SF-101,B,202408,36,1,1077
E1,M06,101-0,E,SF-101,B,202408,36,0,503
E1,M06,101-0,ALL,SF-101,B,202408,36,5,7180
E1,M06,101-0,A,SF-101,B,202409,37,1,2485
E1,M06,101-0,B,SF-101,B,202409,37,2,1754
E1,M06,101-0,C,SF-101,B,202409,37,1,1462
E1,M06,101-0,D,SF-101,B,202409,37,2,1096
E1,M06,101-0,E,SF-101,B,202409,37,0,512
E1,M06,101-0,ALL,SF-101,B,202409,37,6,7310
E1,M06,101-0,A,SF-101,B,202410,38,0,2530
E1,M06,101-0,B,SF-101,B,202410,38,1,1786
E1,M06,101-0,C,SF-101,B,202410,38,3,1488
E1,M06,101-0,D,SF-101,B,202410,38,0,1116
E1,M06,101-0,E,SF-101,B,202410,38,1,521
E1,M06,101-0,ALL,SF-101,B,202410,38,5,7440
E1,M06,101-0,A,SF-101,B,202411,39,2,2574
E1,M06,101-0,B,SF-101,B,202411,39,0,1817
E1,M06,101-0,C,SF-101,B,202411,39,0,1514
E1,M06,101-0,D,SF-101,B,202411,39,1,1136
E1,M06,101-0,E,SF-101,B,202411,39,1,530
E1,M06,101-0,ALL,SF-101,B,202411,39,4,7570
E1,M06,101-0,A,SF-101,B,202412,40,1,2618
E1,M06,101-0,B,SF-101,B,202412,40,1,1848
E1,M06,101-0,C,SF-101,B,202412,40,1,1540
E1,M06,101-0,D,SF-101,B,202412,40,0,1155
E1,M06,101-0,E,SF-101,B,202412,40,0,539
E1,M06,101-0,ALL,SF-101,B,202412,40,3,7700
E1,M06,102-0,A,SF-102,B,202108,0,2,850
E1,M06,102-0,C,SF-102,B,202108,0,2,500
E1,M06,102-0,D,SF-102,B,202108,0,1,375
E1,M06,102-0,ALL,SF-102,B,202108,0,5,2500
E1,M06,102-0,A,SF-102,B,202109,1,3,894
E1,M06,102-0,B,SF-102,B,202109,1,2,631
E1,M06,102-0,C,SF-102,B,202109,1,2,526
E1,M06,102-0,ALL,SF-102,B,202109,1,7,2630
E1,M06,102-0,A,SF-102,B,202110,2,1,938
E1,M06,102-0,B,SF-102,B,202110,2,4,662
E1,M06,102-0,C,SF-102,B,202110,2,3,552
E1,M06,102-0,D,SF-102,B,202110,2,1,414
E1,M06,102-0,ALL,SF-102,B,202110,2,9,2760
E1,M06,102-0,A,SF-102,B,202111,3,2,983
E1,M06,102-0,B,SF-102,B,202111,3,1,694
E1,M06,102-0,C,SF-102,B,202111,3,1,578
E1,M06,102-0,D,SF-102,B,202111,3,3,434
E1,M06,102-0,ALL,SF-102,B,202111,3,7,2890
E1,M06,102-0,A,SF-102,B,202112,4,4,1027
E1,M06,102-0,B,SF-102,B,202112,4,3,725
E1,M06,102-0,C,SF-102,B,202112,4,5,604
E1,M06,102-0,D,SF-102,B,202112,4,2,453
E1,M06,102-0,ALL,SF-102,B,202112,4,14,3020
E1,M06,102-0,A,SF-102,B,202201,5,3,1071
E1,M06,102-0,B,SF-102,B,202201,5,2,756
E1,M06,102-0,C,SF-102,B,202201,5,0,630
E1,M06,102-0,D,SF-102,B,202201,5,1,472
E1,M06,102-0,ALL,SF-102,B,202201,5,6,3150
E1,M06,102-0,A,SF-102,B,202202,6,2,1115
E1,M06,102-0,B,SF-102,B,202202,6,5,787
E1,M06,102-0,C,SF-102,B,202202,6,1,656
E1,M06,102-0,D,SF-102,B,202202,6,0,492
E1,M06,102-0,ALL,SF-102,B,202202,6,8,3280
E1,M06,102-0,A,SF-102,B,202203,7,2,1159
E1,M06,102-0,B,SF-102,B,202203,7,3,818
E1,M06,102-0,C,SF-102,B,202203,7,0,682
E1,M06,102-0,D,SF-102,B,202203,7,1,512
E1,M06,102-0,ALL,SF-102,B,202203,7,6,3410
E1,M06,102-0,A,SF-102,B,202204,8,2,1204
E1,M06,102-0,B,SF-102,B,202204,8,3,850
E1,M06,102-0,C,SF-102,B,202204,8,1,708
E1,M06,102-0,D,SF-102,B,202204,8,1,531
E1,M06,102-0,E,SF-102,B,202204,8,0,248
E1,M06,102-0,ALL,SF-102,B,202204,8,7,3540
E1,M06,102-0,A,SF-102,B,202205,9,0,1248
E1,M06,102-0,B,SF-102,B,202205,9,2,881
E1,M06,102-0,C,SF-102,B,202205,9,1,734
E1,M06,102-0,D,SF-102,B,202205,9,2,550
E1,M06,102-0,E,SF-102,B,202205,9,0,257
E1,M06,102-0,ALL,SF-102,B,202205,9,5,3670
E1,M06,102-0,A,SF-102,B,202206,10,4,1292
E1,M06,102-0,B,SF-102,B,202206,10,1,912
E1,M06,102-0,C,SF-102,B,202206,10,1,760
E1,M06,102-0,D,SF-102,B,202206,10,2,570
E1,M06,102-0,E,SF-102,B,202206,10,0,266
E1,M06,102-0,ALL,SF-102,B,202206,10,8,3800
E1,M06,102-0,A,SF-102,B,202207,11,5,1336
E1,M06,102-0,B,SF-102,B,202207,11,3,943
E1,M06,102-0,C,SF-102,B,202207,11,1,786
E1,M06,102-0,D,SF-102,B,202207,11,3,590
E1,M06,102-0,E,SF-102,B,202207,11,3,275
E1,M06,102-0,ALL,SF-102,B,202207,11,15,3930
E1,M06,102-0,A,SF-102,B,202208,12,4,1380
E1,M06,102-0,B,SF-102,B,202208,12,1,974
E1,M06,102-0,C,SF-102,B,202208,12,0,812
E1,M06,102-0,D,SF-102,B,202208,12,4,609
E1,M06,102-0,E,SF-102,B,202208,12,0,284
E1,M06,102-0,ALL,SF-102,B,202208,12,9,4060
E1,M06,102-0,A,SF-102,B,202209,13,5,1425
E1,M06,102-0,B,SF-102,B,202209,13,1,1006
E1,M06,102-0,C,SF-102,B,202209,13,3,838
E1,M06,102-0,D,SF-102,B,202209,13,1,628
E1,M06,102-0,E,SF-102,B,202209,13,0,293
E1,M06,102-0,ALL,SF-102,B,202209,13,10,4190
E1,M06,102-0,A,SF-102,B,202210,14,4,1469
E1,M06,102-0,B,SF-102,B,202210,14,4,1037
E1,M06,102-0,C,SF-102,B,202210,14,4,864
E1,M06,102-0,D,SF-102,B,202210,14,3,648
E1,M06,102-0,E,SF-102,B,202210,14,1,302
E1,M06,102-0,ALL,SF-102,B,202210,14,16,4320
E1,M06,102-0,A,SF-102,B,202211,15,4,1513
E1,M06,102-0,B,SF-102,B,202211,15,5,1068
E1,M06,102-0,C,SF-102,B,202211,15,1,890
E1,M06,102-0,D,SF-102,B,202211,15,0,668
E1,M06,102-0,E,SF-102,B,202211,15,1,312
E1,M06,102-0,ALL,SF-102,B,202211,15,11,4450
E1,M06,102-0,A,SF-102,B,202212,16,4,1557
E1,M06,102-0,B,SF-102,B,202212,16,1,1099
E1,M06,102-0,C,SF-102,B,202212,16,2,916
E1,M06,102-0,D,SF-102,B,202212,16,0,687
E1,M06,102-0,E,SF-102,B,202212,16,2,321
E1,M06,102-0,ALL,SF-102,B,202212,16,9,4580
E1,M06,102-0,A,SF-102,B,202301,17,8,1601
E1,M06,102-0,B,SF-102,B,202301,17,4,1130
E1,M06,102-0,C,SF-102,B,202301,17,3,942
E1,M06,102-0,D,SF-102,B,202301,17,0,706
E1,M06,102-0,E,SF-102,B,202301,17,0,330
E1,M06,102-0,ALL,SF-102,B,202301,17,15,4710
E1,M06,102-0,A,SF-102,B,202302,18,5,1646
E1,M06,102-0,B,SF-102,B,202302,18,3,1162
E1,M06,102-0,C,SF-102,B,202302,18,4,968
E1,M06,102-0,D,SF-102,B,202302,18,2,726
E1,M06,102-0,E,SF-102,B,202302,18,0,339
E1,M06,102-0,ALL,SF-102,B,202302,18,14,4840
E1,M06,102-0,A,SF-102,B,202303,19,3,1690
E1,M06,102-0,B,SF-102,B,202303,19,2,1193
E1,M06,102-0,C,SF-102,B,202303,19,2,994
E1,M06,102-0,D,SF-102,B,202303,19,4,746
E1,M06,102-0,E,SF-102,B,202303,19,1,348
E1,M06,102-0,ALL,SF-102,B,202303,19,12,4970
E1,M06,102-0,A,SF-102,B,202304,20,6,1734
E1,M06,102-0,B,SF-102,B,202304,20,2,1224
E1,M06,102-0,C,SF-102,B,202304,20,3,1020
E1,M06,102-0,D,SF-102,B,202304,20,2,765
E1,M06,102-0,E,SF-102,B,202304,20,1,357
E1,M06,102-0,ALL,SF-102,B,202304,20,14,5100
E1,M06,102-0,A,SF-102,B,202305,21,6,1778
E1,M06,102-0,B,SF-102,B,202305,21,6,1255
E1,M06,102-0,C,SF-102,B,202305,21,5,1046
E1,M06,102-0,D,SF-102,B,202305,21,3,784
E1,M06,102-0,E,SF-102,B,202305,21,0,366
E1,M06,102-0,ALL,SF-102,B,202305,21,20,5230
E1,M06,102-0,A,SF-102,B,202306,22,6,1822
E1,M06,102-0,B,SF-102,B,202306,22,6,1286
E1,M06,102-0,C,SF-102,B,202306,22,4,1072
E1,M06,102-0,D,SF-102,B,202306,22,1,804
E1,M06,102-0,E,SF-102,B,202306,22,4,375
E1,M06,102-0,ALL,SF-102,B,202306,22,21,5360
E1,M06,102-0,A,SF-102,B,202307,23,11,1867
E1,M06,102-0,B,SF-102,B,202307,23,3,1318
E1,M06,102-0,C,SF-102,B,202307,23,7,1098
E1,M06,102-0,D,SF-102,B,202307,23,3,824
E1,M06,102-0,E,SF-102,B,202307,23,0,384
E1,M06,102-0,ALL,SF-102,B,202307,23,24,5490
E1,M06,102-0,A,SF-102,B,202308,24,2,1911
E1,M06,102-0,B,SF-102,B,202308,24,2,1349
E1,M06,102-0,C,SF-102,B,202308,24,4,1124
E1,M06,102-0,D,SF-102,B,202308,24,4,843
E1,M06,102-0,E,SF-102,B,202308,24,2,393
E1,M06,102-0,ALL,SF-102,B,202308,24,14,5620
E1,M06,102-0,A,SF-102,B,202309,25,2,1955
E1,M06,102-0,B,SF-102,B,202309,25,4,1380
E1,M06,102-0,C,SF-102,B,202309,25,3,1150
E1,M06,102-0,D,SF-102,B,202309,25,2,862
E1,M06,102-0,E,SF-102,B,202309,25,1,403
E1,M06,102-0,ALL,SF-102,B,202309,25,12,5750
E1,M06,102-0,A,SF-102,B,202310,26,9,1999
E1,M06,102-0,B,SF-102,B,202310,26,4,1411
E1,M06,102-0,C,SF-102,B,202310,26,2,1176
E1,M06,102-0,D,SF-102,B,202310,26,4,882
E1,M06,102-0,E,SF-102,B,202310,26,1,412
E1,M06,102-0,ALL,SF-102,B,202310,26,20,5880
E1,M06,102-0,A,SF-102,B,202311,27,3,2043
E1,M06,102-0,B,SF-102,B,202311,27,3,1442
E1,M06,102-0,C,SF-102,B,202311,27,2,1202
E1,M06,102-0,D,SF-102,B,202311,27,3,902
E1,M06,102-0,E,SF-102,B,202311,27,0,421
E1,M06,102-0,ALL,SF-102,B,202311,27,11,6010
E1,M06,102-0,A,SF-102,B,202312,28,6,2088
E1,M06,102-0,B,SF-102,B,202312,28,1,1474
E1,M06,102-0,C,SF-102,B,202312,28,2,1228
E1,M06,102-0,D,SF-102,B,202312,28,1,921
E1,M06,102-0,E,SF-102,B,202312,28,0,430
E1,M06,102-0,ALL,SF-102,B,202312,28,10,6140
E1,M06,102-0,A,SF-102,B,202401,29,7,2132
E1,M06,102-0,B,SF-102,B,202401,29,6,1505
E1,M06,102-0,C,SF-102,B,202401,29,6,1254
E1,M06,102-0,D,SF-102,B,202401,29,2,940
E1,M06,102-0,E,SF-102,B,202401,29,1,439
E1,M06,102-0,ALL,SF-102,B,202401,29,22,6270
E1,M06,102-0,A,SF-102,B,202402,30,4,2176
E1,M06,102-0,B,SF-102,B,202402,30,6,1536
E1,M06,102-0,C,SF-102,B,202402,30,4,1280
E1,M06,102-0,D,SF-102,B,202402,30,1,960
E1,M06,102-0,E,SF-102,B,202402,30,0,448
E1,M06,102-0,ALL,SF-102,B,202402,30,15,6400
E1,M06,102-0,A,SF-102,B,202403,31,12,2220
E1,M06,102-0,B,SF-102,B,202403,31,7,1567
E1,M06,102-0,C,SF-102,B,202403,31,5,1306
E1,M06,102-0,D,SF-102,B,202403,31,1,980
E1,M06,102-0,E,SF-102,B,202403,31,1,457
E1,M06,102-0,ALL,SF-102,B,202403,31,26,6530
E1,M06,102-0,A,SF-102,B,202404,32,7,2264
E1,M06,102-0,B,SF-102,B,202404,32,5,1598
E1,M06,102-0,C,SF-102,B,202404,32,2,1332
E1,M06,102-0,D,SF-102,B,202404,32,2,999
E1,M06,102-0,E,SF-102,B,202404,32,2,466
E1,M06,102-0,ALL,SF-102,B,202404,32,18,6660
E1,M06,102-0,A,SF-102,B,202405,33,5,2309
E1,M06,102-0,B,SF-102,B,202405,33,5,1630
E1,M06,102-0,C,SF-102,B,202405,33,2,1358
E1,M06,102-0,D,SF-102,B,202405,33,2,1018
E1,M06,102-0,E,SF-102,B,202405,33,2,475
E1,M06,102-0,ALL,SF-102,B,202405,33,16,6790
E1,M06,102-0,A,SF-102,B,202406,34,8,2353
E1,M06,102-0,B,SF-102,B,202406,34,6,1661
E1,M06,102-0,C,SF-102,B,202406,34,4,1384
E1,M06,102-0,D,SF-102,B,202406,34,4,1038
E1,M06,102-0,E,SF-102,B,202406,34,0,484
E1,M06,102-0,ALL,SF-102,B,202406,34,22,6920
E1,M06,102-0,A,SF-102,B,202407,35,3,2397
E1,M06,102-0,B,SF-102,B,202407,35,1,1692
E1,M06,102-0,C,SF-102,B,202407,35,3,1410
E1,M06,102-0,D,SF-102,B,202407,35,7,1058
E1,M06,102-0,E,SF-102,B,202407,35,1,494
E1,M06,102-0,ALL,SF-102,B,202407,35,15,7050
E1,M06,102-0,A,SF-102,B,202408,36,8,2441
E1,M06,102-0,B,SF-102,B,202408,36,3,1723
E1,M06,102-0,C,SF-102,B,202408,36,1,1436
E1,M06,102-0,D,SF-102,B,202408,36,5,1077
E1,M06,102-0,E,SF-102,B,202408,36,0,503
E1,M06,102-0,ALL,SF-102,B,202408,36,17,7180
E1,M06,102-0,A,SF-102,B,202409,37,9,2485
E1,M06,102-0,B,SF-102,B,202409,37,6,1754
E1,M06,102-0,C,SF-102,B,202409,37,3,1462
E1,M06,102-0,D,SF-102,B,202409,37,2,1096
E1,M06,102-0,E,SF-102,B,202409,37,3,512
E1,M06,102-0,ALL,SF-102,B,202409,37,23,7310
E1,M06,102-0,A,SF-102,B,202410,38,8,2530
E1,M06,102-0,B,SF-102,B,202410,38,4,1786
E1,M06,102-0,C,SF-102,B,202410,38,4,1488
E1,M06,102-0,D,SF-102,B,202410,38,5,1116
E1,M06,102-0,E,SF-102,B,202410,38,3,521
E1,M06,102-0,ALL,SF-102,B,202410,38,24,7440
E1,M06,102-0,A,SF-102,B,202411,39,7,2574
E1,M06,102-0,B,SF-102,B,202411,39,4,1817
E1,M06,102-0,C,SF-102,B,202411,39,2,1514
E1,M06,102-0,D,SF-102,B,202411,39,2,1136
E1,M06,102-0,E,SF-102,B,202411,39,1,530
E1,M06,102-0,ALL,SF-102,B,202411,39,16,7570
E1,M06,102-0,A,SF-102,B,202412,40,10,2618
E1,M06,102-0,B,SF-102,B,202412,40,6,1848
E1,M06,102-0,C,SF-102,B,202412,40,4,1540
E1,M06,102-0,D,SF-102,B,202412,40,3,1155
E1,M06,102-0,E,SF-102,B,202412,40,1,539
E1,M06,102-0,ALL,SF-102,B,202412,40,24,7700
E1,M06,103-0,C,SF-103,B,202108,0,1,500
E1,M06,103-0,ALL,SF-103,B,202108,0,1,2500
E1,M06,103-1,A,SF-103,B,202108,0,1,850
E1,M06,103-1,ALL,SF-103,B,202108,0,1,2500
E1,M06,103-0,A,SF-103,B,202109,1,1,894
E1,M06,103-0,B,SF-103,B,202109,1,1,631
E1,M06,103-0,C,SF-103,B,202109,1,2,526
E1,M06,103-0,D,SF-103,B,202109,1,1,394
E1,M06,103-0,ALL,SF-103,B,202109,1,5,2630
E1,M06,103-1,ALL,SF-103,B,202109,1,0,2630
E1,M06,103-0,A,SF-103,B,202110,2,2,938
E1,M06,103-0,B,SF-103,B,202110,2,0,662
E1,M06,103-0,C,SF-103,B,202110,2,1,552
E1,M06,103-0,D,SF-103,B,202110,2,0,414
E1,M06,103-0,ALL,SF-103,B,202110,2,3,2760
E1,M06,103-1,A,SF-103,B,202110,2,1,938
E1,M06,103-1,B,SF-103,B,202110,2,1,662
E1,M06,103-1,C,SF-103,B,202110,2,0,552
E1,M06,103-1,D,SF-103,B,202110,2,1,414
E1,M06,103-1,ALL,SF-103,B,202110,2,3,2760
E1,M06,103-0,A,SF-103,B,202111,3,1,983
E1,M06,103-0,B,SF-103,B,202111,3,0,694
E1,M06,103-0,C,SF-103,B,202111,3,0,578
E1,M06,103-0,D,SF-103,B,202111,3,0,434
E1,M06,103-0,ALL,SF-103,B,202111,3,1,2890
E1,M06,103-1,A,SF-103,B,202111,3,2,983
E1,M06,103-1,B,SF-103,B,202111,3,3,694
E1,M06,103-1,C,SF-103,B,202111,3,0,578
E1,M06,103-1,D,SF-103,B,202111,3,1,434
E1,M06,103-1,ALL,SF-103,B,202111,3,6,2890
E1,M06,103-0,A,SF-103,B,202112,4,1,1027
E1,M06,103-0,B,SF-103,B,202112,4,1,725
E1,M06,103-0,C,SF-103,B,202112,4,0,604
E1,M06,103-0,D,SF-103,B,202112,4,0,453
E1,M06,103-0,ALL,SF-103,B,202112,4,2,3020
E1,M06,103-1,A,SF-103,B,202112,4,3,1027
E1,M06,103-1,B,SF-103,B,202112,4,0,725
E1,M06,103-1,C,SF-103,B,202112,4,0,604
E1,M06,103-1,D,SF-103,B,202112,4,0,453
E1,M06,103-1,ALL,SF-103,B,202112,4,3,3020
E1,M06,103-0,A,SF-103,B,202201,5,0,1071
E1,M06,103-0,B,SF-103,B,202201,5,1,756
E1,M06,103-0,C,SF-103,B,202201,5,1,630
E1,M06,103-0,D,SF-103,B,202201,5,1,472
E1,M06,103-0,ALL,SF-103,B,202201,5,3,3150
E1,M06,103-1,A,SF-103,B,202201,5,2,1071
E1,M06,103-1,B,SF-103,B,202201,5,0,756
E1,M06,103-1,C,SF-103,B,202201,5,0,630
E1,M06,103-1,D,SF-103,B,202201,5,0,472
E1,M06,103-1,ALL,SF-103,B,202201,5,2,3150
E1,M06,103-0,A,SF-103,B,202202,6,2,1115
E1,M06,103-0,B,SF-103,B,202202,6,0,787
E1,M06,103-0,C,SF-103,B,202202,6,1,656
E1,M06,103-0,D,SF-103,B,202202,6,0,492
E1,M06,103-0,ALL,SF-103,B,202202,6,3,3280
E1,M06,103-1,A,SF-103,B,202202,6,0,1115
E1,M06,103-1,B,SF-103,B,202202,6,1,787
E1,M06,103-1,C,SF-103,B,202202,6,0,656
E1,M06,103-1,D,SF-103,B,202202,6,0,492
E1,M06,103-1,ALL,SF-103,B,202202,6,1,3280
E1,M06,103-0,A,SF-103,B,202203,7,1,1159
E1,M06,103-0,B,SF-103,B,202203,7,1,818
E1,M06,103-0,C,SF-103,B,202203,7,2,682
E1,M06,103-0,D,SF-103,B,202203,7,0,512
E1,M06,103-0,ALL,SF-103,B,202203,7,4,3410
E1,M06,103-1,A,SF-103,B,202203,7,0,1159
E1,M06,103-1,B,SF-103,B,202203,7,1,818
E1,M06,103-1,C,SF-103,B,202203,7,1,682
E1,M06,103-1,D,SF-103,B,202203,7,0,512
E1,M06,103-1,ALL,SF-103,B,202203,7,2,3410
E1,M06,103-0,A,SF-103,B,202204,8,2,1204
E1,M06,103-0,B,SF-103,B,202204,8,1,850
E1,M06,103-0,C,SF-103,B,202204,8,0,708
E1,M06,103-0,D,SF-103,B,202204,8,0,531
E1,M06,103-0,E,SF-103,B,202204,8,0,248
E1,M06,103-0,ALL,SF-103,B,202204,8,3,3540
E1,M06,103-1,A,SF-103,B,202204,8,2,1204
E1,M06,103-1,B,SF-103,B,202204,8,0,850
E1,M06,103-1,C,SF-103,B,202204,8,0,708
E1,M06,103-1,D,SF-103,B,202204,8,0,531
E1,M06,103-1,E,SF-103,B,202204,8,1,248
E1,M06,103-1,ALL,SF-103,B,202204,8,3,3540
E1,M06,103-0,A,SF-103,B,202205,9,1,1248
E1,M06,103-0,B,SF-103,B,202205,9,0,881
E1,M06,103-0,C,SF-103,B,202205,9,0,734
E1,M06,103-0,D,SF-103,B,202205,9,0,550
E1,M06,103-0,E,SF-103,B,202205,9,0,257
E1,M06,103-0,ALL,SF-103,B,202205,9,1,3670
E1,M06,103-1,A,SF-103,B,202205,9,0,1248
E1,M06,103-1,B,SF-103,B,202205,9,1,881
E1,M06,103-1,C,SF-103,B,202205,9,0,734
E1,M06,103-1,D,SF-103,B,202205,9,0,550
E1,M06,103-1,E,SF-103,B,202205,9,2,257
E1,M06,103-1,ALL,SF-103,B,202205,9,3,3670
E1,M06,103-0,A,SF-103,B,202206,10,2,1292
E1,M06,103-0,B,SF-103,B,202206,10,2,912
E1,M06,103-0,C,SF-103,B,202206,10,1,760
E1,M06,103-0,D,SF-103,B,202206,10,1,570
E1,M06,103-0,E,SF-103,B,202206,10,0,266
E1,M06,103-0,ALL,SF-103,B,202206,10,6,3800
E1,M06,103-1,A,SF-103,B,202206,10,0,1292
E1,M06,103-1,B,SF-103,B,202206,10,1,912
E1,M06,103-1,C,SF-103,B,202206,10,0,760
E1,M06,103-1,D,SF-103,B,202206,10,0,570
E1,M06,103-1,E,SF-103,B,202206,10,0,266
E1,M06,103-1,ALL,SF-103,B,202206,10,1,3800
E1,M06,103-0,A,SF-103,B,202207,11,2,1336
E1,M06,103-0,B,SF-103,B,202207,11,0,943
E1,M06,103-0,C,SF-103,B,202207,11,0,786
E1,M06,103-0,D,SF-103,B,202207,11,0,590
E1,M06,103-0,E,SF-103,B,202207,11,0,275
E1,M06,103-0,ALL,SF-103,B,202207,11,2,3930
E1,M06,103-1,A,SF-103,B,202207,11,2,1336
E1,M06,103-1,B,SF-103,B,202207,11,1,943
E1,M06,103-1,C,SF-103,B,202207,11,0,786
E1,M06,103-1,D,SF-103,B,202207,11,1,590
E1,M06,103-1,E,SF-103,B,202207,11,0,275
E1,M06,103-1,ALL,SF-103,B,202207,11,4,3930
E1,M06,103-0,A,SF-103,B,202208,12,0,1380
E1,M06,103-0,B,SF-103,B,202208,12,2,974
E1,M06,103-0,C,SF-103,B,202208,12,0,812
E1,M06,103-0,D,SF-103,B,202208,12,1,609
E1,M06,103-0,E,SF-103,B,202208,12,0,284
E1,M06,103-0,ALL,SF-103,B,202208,12,3,4060
E1,M06,103-1,A,SF-103,B,202208,12,1,1380
E1,M06,103-1,B,SF-103,B,202208,12,0,974
E1,M06,103-1,C,SF-103,B,202208,12,0,812
E1,M06,103-1,D,SF-103,B,202208,12,0,609
E1,M06,103-1,E,SF-103,B,202208,12,0,284
E1,M06,103-1,ALL,SF-103,B,202208,12,1,4060
E1,M06,103-0,A,SF-103,B,202209,13,3,1425
E1,M06,103-0,B,SF-103,B,202209,13,1,1006
E1,M06,103-0,C,SF-103,B,202209,13,0,838
E1,M06,103-0,D,SF-103,B,202209,13,1,628
E1,M06,103-0,E,SF-103,B,202209,13,0,293
E1,M06,103-0,ALL,SF-103,B,202209,13,5,4190
E1,M06,103-1,A,SF-103,B,202209,13,2,1425
E1,M06,103-1,B,SF-103,B,202209,13,1,1006
E1,M06,103-1,C,SF-103,B,202209,13,1,838
E1,M06,103-1,D,SF-103,B,202209,13,0,628
E1,M06,103-1,E,SF-103,B,202209,13,1,293
E1,M06,103-1,ALL,SF-103,B,202209,13,5,4190
E1,M06,103-0,A,SF-103,B,202210,14,2,1469
E1,M06,103-0,B,SF-103,B,202210,14,0,1037
E1,M06,103-0,C,SF-103,B,202210,14,1,864
E1,M06,103-0,D,SF-103,B,202210,14,1,648
E1,M06,103-0,E,SF-103,B,202210,14,0,302
E1,M06,103-0,ALL,SF-103,B,202210,14,4,4320
E1,M06,103-1,A,SF-103,B,202210,14,1,1469
E1,M06,103-1,B,SF-103,B,202210,14,1,1037
E1,M06,103-1,C,SF-103,B,202210,14,0,864
E1,M06,103-1,D,SF-103,B,202210,14,0,648
E1,M06,103-1,E,SF-103,B,202210,14,1,302
E1,M06,103-1,ALL,SF-103,B,202210,14,3,4320
E1,M06,103-0,A,SF-103,B,202211,15,0,1513
E1,M06,103-0,B,SF-103,B,202211,15,0,1068
E1,M06,103-0,C,SF-103,B,202211,15,1,890
E1,M06,103-0,D,SF-103,B,202211,15,0,668
E1,M06,103-0,E,SF-103,B,202211,15,0,312
E1,M06,103-0,ALL,SF-103,B,202211,15,1,4450
E1,M06,103-1,A,SF-103,B,202211,15,2,1513
E1,M06,103-1,B,SF-103,B,202211,15,1,1068
E1,M06,103-1,C,SF-103,B,202211,15,0,890
E1,M06,103-1,D,SF-103,B,202211,15,1,668
E1,M06,103-1,E,SF-103,B,202211,15,0,312
E1,M06,103-1,ALL,SF-103,B,202211,15,4,4450
E1,M06,103-0,A,SF-103,B,202212,16,1,1557
E1,M06,103-0,B,SF-103,B,202212,16,2,1099
E1,M06,103-0,C,SF-103,B,202212,16,1,916
E1,M06,103-0,D,SF-103,B,202212,16,0,687
E1,M06,103-0,E,SF-103,B,202212,16,0,321
E1,M06,103-0,ALL,SF-103,B,202212,16,4,4580
E1,M06,103-1,A,SF-103,B,202212,16,2,1557
E1,M06,103-1,B,SF-103,B,202212,16,1,1099
E1,M06,103-1,C,SF-103,B,202212,16,0,916
E1,M06,103-1,D,SF-103,B,202212,16,0,687
E1,M06,103-1,E,SF-103,B,202212,16,1,321
E1,M06,103-1,ALL,SF-103,B,202212,16,4,4580
E1,M06,103-0,A,SF-103,B,202301,17,1,1601
E1,M06,103-0,B,SF-103,B,202301,17,1,1130
E1,M06,103-0,C,SF-103,B,202301,17,1,942
E1,M06,103-0,D,SF-103,B,202301,17,1,706
E1,M06,103-0,E,SF-103,B,202301,17,0,330
E1,M06,103-0,ALL,SF-103,B,202301,17,4,4710
E1,M06,103-1,A,SF-103,B,202301,17,2,1601
E1,M06,103-1,B,SF-103,B,202301,17,1,1130
E1,M06,103-1,C,SF-103,B,202301,17,3,942
E1,M06,103-1,D,SF-103,B,202301,17,0,706
E1,M06,103-1,E,SF-103,B,202301,17,1,330
E1,M06,103-1,ALL,SF-103,B,202301,17,7,4710
E1,M06,103-0,A,SF-103,B,202302,18,1,1646
E1,M06,103-0,B,SF-103,B,202302,18,1,1162
E1,M06,103-0,C,SF-103,B,202302,18,0,968
E1,M06,103-0,D,SF-103,B,202302,18,0,726
E1,M06,103-0,E,SF-103,B,202302,18,0,339
E1,M06,103-0,ALL,SF-103,B,202302,18,2,4840
E1,M06,103-1,A,SF-103,B,202302,18,3,1646
E1,M06,103-1,B,SF-103,B,202302,18,0,1162
E1,M06,103-1,C,SF-103,B,202302,18,0,968
E1,M06,103-1,D,SF-103,B,202302,18,0,726
E1,M06,103-1,E,SF-103,B,202302,18,0,339
E1,M06,103-1,ALL,SF-103,B,202302,18,3,4840
E1,M06,103-0,A,SF-103,B,202303,19,3,1690
E1,M06,103-0,B,SF-103,B,202303,19,1,1193
E1,M06,103-0,C,SF-103,B,202303,19,1,994
E1,M06,103-0,D,SF-103,B,202303,19,0,746
E1,M06,103-0,E,SF-103,B,202303,19,0,348
E1,M06,103-0,ALL,SF-103,B,202303,19,5,4970
E1,M06,103-1,A,SF-103,B,202303,19,1,1690
E1,M06,103-1,B,SF-103,B,202303,19,0,1193
E1,M06,103-1,C,SF-103,B,202303,19,1,994
E1,M06,103-1,D,SF-103,B,202303,19,1,746
E1,M06,103-1,E,SF-103,B,202303,19,0,348
E1,M06,103-1,ALL,SF-103,B,202303,19,3,4970
E1,M06,103-0,A,SF-103,B,202304,20,4,1734
E1,M06,103-0,B,SF-103,B,202304,20,0,1224
E1,M06,103-0,C,SF-103,B,202304,20,2,1020
E1,M06,103-0,D,SF-103,B,202304,20,0,765
E1,M06,103-0,E,SF-103,B,202304,20,0,357
E1,M06,103-0,ALL,SF-103,B,202304,20,6,5100
E1,M06,103-1,A,SF-103,B,202304,20,0,1734
E1,M06,103-1,B,SF-103,B,202304,20,0,1224
E1,M06,103-1,C,SF-103,B,202304,20,0,1020
E1,M06,103-1,D,SF-103,B,202304,20,0,765
E1,M06,103-1,E,SF-103,B,202304,20,0,357
E1,M06,103-1,ALL,SF-103,B,202304,20,0,5100
E1,M06,103-0,A,SF-103,B,202305,21,0,1778
E1,M06,103-0,B,SF-103,B,202305,21,0,1255
E1,M06,103-0,C,SF-103,B,202305,21,2,1046
E1,M06,103-0,D,SF-103,B,202305,21,1,784
E1,M06,103-0,E,SF-103,B,202305,21,0,366
E1,M06,103-0,ALL,SF-103,B,202305,21,3,5230
E1,M06,103-1,A,SF-103,B,202305,21,1,1778
E1,M06,103-1,B,SF-103,B,202305,21,1,1255
E1,M06,103-1,C,SF-103,B,202305,21,1,1046
E1,M06,103-1,D,SF-103,B,202305,21,1,784
E1,M06,103-1,E,SF-103,B,202305,21,1,366
E1,M06,103-1,ALL,SF-103,B,202305,21,5,5230
E1,M06,103-0,A,SF-103,B,202306,22,0,1822
E1,M06,103-0,B,SF-103,B,202306,22,1,1286
E1,M06,103-0,C,SF-103,B,202306,22,0,1072
E1,M06,103-0,D,SF-103,B,202306,22,1,804
E1,M06,103-0,E,SF-103,B,202306,22,0,375
E1,M06,103-0,ALL,SF-103,B,202306,22,2,5360
E1,M06,103-1,A,SF-103,B,202306,22,0,1822
E1,M06,103-1,B,SF-103,B,202306,22,0,1286
E1,M06,103-1,C,SF-103,B,202306,22,0,1072
E1,M06,103-1,D,SF-103,B,202306,22,1,804
E1,M06,103-1,E,SF-103,B,202306,22,1,375
E1,M06,103-1,ALL,SF-103,B,202306,22,2,5360
E1,M06,103-0,A,SF-103,B,202307,23,1,1867
E1,M06,103-0,B,SF-103,B,202307,23,4,1318
E1,M06,103-0,C,SF-103,B,202307,23,3,1098
E1,M06,103-0,D,SF-103,B,202307,23,0,824
E1,M06,103-0,E,SF-103,B,202307,23,0,384
E1,M06,103-0,ALL,SF-103,B,202307,23,8,5490
E1,M06,103-1,A,SF-103,B,202307,23,2,1867
E1,M06,103-1,B,SF-103,B,202307,23,1,1318
E1,M06,103-1,C,SF-103,B,202307,23,2,1098
E1,M06,103-1,D,SF-103,B,202307,23,0,824
E1,M06,103-1,E,SF-103,B,202307,23,0,384
E1,M06,103-1,ALL,SF-103,B,202307,23,5,5490
E1,M06,103-0,A,SF-103,B,202308,24,1,1911
E1,M06,103-0,B,SF-103,B,202308,24,0,1349
E1,M06,103-0,C,SF-103,B,202308,24,0,1124
E1,M06,103-0,D,SF-103,B,202308,24,0,843
E1,M06,103-0,E,SF-103,B,202308,24,0,393
E1,M06,103-0,ALL,SF-103,B,202308,24,1,5620
E1,M06,103-1,A,SF-103,B,202308,24,3,1911
E1,M06,103-1,B,SF-103,B,202308,24,2,1349
E1,M06,103-1,C,SF-103,B,202308,24,0,1124
E1,M06,103-1,D,SF-103,B,202308,24,0,843
E1,M06,103-1,E,SF-103,B,202308,24,2,393
E1,M06,103-1,ALL,SF-103,B,202308,24,7,5620
E1,M06,103-0,A,SF-103,B,202309,25,3,1955
E1,M06,103-0,B,SF-103,B,202309,25,1,1380
E1,M06,103-0,C,SF-103,B,202309,25,1,1150
E1,M06,103-0,D,SF-103,B,202309,25,0,862
E1,M06,103-0,E,SF-103,B,202309,25,1,403
E1,M06,103-0,ALL,SF-103,B,202309,25,6,5750
E1,M06,103-1,A,SF-103,B,202309,25,1,1955
E1,M06,103-1,B,SF-103,B,202309,25,0,1380
E1,M06,103-1,C,SF-103,B,202309,25,1,1150
E1,M06,103-1,D,SF-103,B,202309,25,0,862
E1,M06,103-1,E,SF-103,B,202309,25,0,403
E1,M06,103-1,ALL,SF-103,B,202309,25,2,5750
E1,M06,103-0,A,SF-103,B,202310,26,0,1999
E1,M06,103-0,B,SF-103,B,202310,26,1,1411
E1,M06,103-0,C,SF-103,B,202310,26,0,1176
E1,M06,103-0,D,SF-103,B,202310,26,2,882
E1,M06,103-0,E,SF-103,B,202310,26,1,412
E1,M06,103-0,ALL,SF-103,B,202310,26,4,5880
E1,M06,103-1,A,SF-103,B,202310,26,2,1999
E1,M06,103-1,B,SF-103,B,202310,26,1,1411
E1,M06,103-1,C,SF-103,B,202310,26,0,1176
E1,M06,103-1,D,SF-103,B,202310,26,1,882
E1,M06,103-1,E,SF-103,B,202310,26,0,412
E1,M06,103-1,ALL,SF-103,B,202310,26,4,5880
E1,M06,103-0,A,SF-103,B,202311,27,1,2043
E1,M06,103-0,B,SF-103,B,202311,27,0,1442
E1,M06,103-0,C,SF-103,B,202311,27,1,1202
E1,M06,103-0,D,SF-103,B,202311,27,0,902
E1,M06,103-0,E,SF-103,B,202311,27,2,421
E1,M06,103-0,ALL,SF-103,B,202311,27,4,6010
E1,M06,103-1,A,SF-103,B,202311,27,2,2043
E1,M06,103-1,B,SF-103,B,202311,27,1,1442
E1,M06,103-1,C,SF-103,B,202311,27,1,1202
E1,M06,103-1,D,SF-103,B,202311,27,0,902
E1,M06,103-1,E,SF-103,B,202311,27,0,421
E1,M06,103-1,ALL,SF-103,B,202311,27,4,6010
E1,M06,103-0,A,SF-103,B,202312,28,0,2088
E1,M06,103-0,B,SF-103,B,202312,28,0,1474
E1,M06,103-0,C,SF-103,B,202312,28,0,1228
E1,M06,103-0,D,SF-103,B,202312,28,1,921
E1,M06,103-0,E,SF-103,B,202312,28,0,430
E1,M06,103-0,ALL,SF-103,B,202312,28,1,6140
E1,M06,103-1,A,SF-103,B,202312,28,1,2088
E1,M06,103-1,B,SF-103,B,202312,28,2,1474
E1,M06,103-1,C,SF-103,B,202312,28,1,1228
E1,M06,103-1,D,SF-103,B,202312,28,0,921
E1,M06,103-1,E,SF-103,B,202312,28,0,430
E1,M06,103-1,ALL,SF-103,B,202312,28,4,6140
E1,M06,103-0,A,SF-103,B,202401,29,1,2132
E1,M06,103-0,B,SF-103,B,202401,29,0,1505
E1,M06,103-0,C,SF-103,B,202401,29,0,1254
E1,M06,103-0,D,SF-103,B,202401,29,2,940
E1,M06,103-0,E,SF-103,B,202401,29,0,439
E1,M06,103-0,ALL,SF-103,B,202401,29,3,6270
E1,M06,103-1,A,SF-103,B,202401,29,3,2132
E1,M06,103-1,B,SF-103,B,202401,29,1,1505
E1,M06,103-1,C,SF-103,B,202401,29,1,1254
E1,M06,103-1,D,SF-103,B,202401,29,0,940
E1,M06,103-1,E,SF-103,B,202401,29,0,439
E1,M06,103-1,ALL,SF-103,B,202401,29,5,6270
E1,M06,103-0,A,SF-103,B,202402,30,2,2176
E1,M06,103-0,B,SF-103,B,202402,30,1,1536
E1,M06,103-0,C,SF-103,B,202402,30,0,1280
E1,M06,103-0,D,SF-103,B,202402,30,1,960
E1,M06,103-0,E,SF-103,B,202402,30,0,448
E1,M06,103-0,ALL,SF-103,B,202402,30,4,6400
E1,M06,103-1,A,SF-103,B,202402,30,0,2176
E1,M06,103-1,B,SF-103,B,202402,30,1,1536
E1,M06,103-1,C,SF-103,B,202402,30,3,1280
E1,M06,103-1,D,SF-103,B,202402,30,0,960
E1,M06,103-1,E,SF-103,B,202402,30,0,448
E1,M06,103-1,ALL,SF-103,B,202402,30,4,6400
E1,M06,103-0,A,SF-103,B,202403,31,3,2220
E1,M06,103-0,B,SF-103,B,202403,31,2,1567
E1,M06,103-0,C,SF-103,B,202403,31,2,1306
E1,M06,103-0,D,SF-103,B,202403,31,1,980
E1,M06,103-0,E,SF-103,B,202403,31,0,457
E1,M06,103-0,ALL,SF-103,B,202403,31,8,6530
E1,M06,103-1,A,SF-103,B,202403,31,2,2220
E1,M06,103-1,B,SF-103,B,202403,31,3,1567
E1,M06,103-1,C,SF-103,B,202403,31,2,1306
E1,M06,103-1,D,SF-103,B,202403,31,0,980
E1,M06,103-1,E,SF-103,B,202403,31,0,457
E1,M06,103-1,ALL,SF-103,B,202403,31,7,6530
E1,M06,103-0,A,SF-103,B,202404,32,1,2264
E1,M06,103-0,B,SF-103,B,202404,32,0,1598
E1,M06,103-0,C,SF-103,B,202404,32,0,1332
E1,M06,103-0,D,SF-103,B,202404,32,0,999
E1,M06,103-0,E,SF-103,B,202404,32,1,466
E1,M06,103-0,ALL,SF-103,B,202404,32,2,6660
E1,M06,103-1,A,SF-103,B,202404,32,2,2264
E1,M06,103-1,B,SF-103,B,202404,32,2,1598
E1,M06,103-1,C,SF-103,B,202404,32,1,1332
E1,M06,103-1,D,SF-103,B,202404,32,0,999
E1,M06,103-1,E,SF-103,B,202404,32,0,466
E1,M06,103-1,ALL,SF-103,B,202404,32,5,6660
E1,M06,103-0,A,SF-103,B,202405,33,2,2309
E1,M06,103-0,B,SF-103,B,202405,33,2,1630
E1,M06,103-0,C,SF-103,B,202405,33,1,1358
E1,M06,103-0,D,SF-103,B,202405,33,3,1018
E1,M06,103-0,E,SF-103,B,202405,33,0,475
E1,M06,103-0,ALL,SF-103,B,202405,33,8,6790
E1,M06,103-1,A,SF-103,B,202405,33,1,2309
E1,M06,103-1,B,SF-103,B,202405,33,3,1630
E1,M06,103-1,C,SF-103,B,202405,33,2,1358
E1,M06,103-1,D,SF-103,B,202405,33,1,1018
E1,M06,103-1,E,SF-103,B,202405,33,0,475
E1,M06,103-1,ALL,SF-103,B,202405,33,7,6790
E1,M06,103-0,A,SF-103,B,202406,34,1,2353
E1,M06,103-0,B,SF-103,B,202406,34,2,1661
E1,M06,103-0,C,SF-103,B,202406,34,2,1384
E1,M06,103-0,D,SF-103,B,202406,34,0,1038
E1,M06,103-0,E,SF-103,B,202406,34,0,484
E1,M06,103-0,ALL,SF-103,B,202406,34,5,6920
E1,M06,103-1,A,SF-103,B,202406,34,0,2353
E1,M06,103-1,B,SF-103,B,202406,34,1,1661
E1,M06,103-1,C,SF-103,B,202406,34,1,1384
E1,M06,103-1,D,SF-103,B,202406,34,0,1038
E1,M06,103-1,E,SF-103,B,202406,34,0,484
E1,M06,103-1,ALL,SF-103,B,202406,34,2,6920
E1,M06,103-0,A,SF-103,B,202407,35,2,2397
E1,M06,103-0,B,SF-103,B,202407,35,2,1692
E1,M06,103-0,C,SF-103,B,202407,35,0,1410
E1,M06,103-0,D,SF-103,B,202407,35,0,1058
E1,M06,103-0,E,SF-103,B,202407,35,1,494
E1,M06,103-0,ALL,SF-103,B,202407,35,5,7050
E1,M06,103-1,A,SF-103,B,202407,35,0,2397
E1,M06,103-1,B,SF-103,B,202407,35,3,1692
E1,M06,103-1,C,SF-103,B,202407,35,0,1410
E1,M06,103-1,D,SF-103,B,202407,35,1,1058
E1,M06,103-1,E,SF-103,B,202407,35,0,494
E1,M06,103-1,ALL,SF-103,B,202407,35,4,7050
E1,M06,103-0,A,SF-103,B,202408,36,2,2441
E1,M06,103-0,B,SF-103,B,202408,36,2,1723
E1,M06,103-0,C,SF-103,B,202408,36,1,1436
E1,M06,103-0,D,SF-103,B,202408,36,1,1077
E1,M06,103-0,E,SF-103,B,202408,36,2,503
E1,M06,103-0,ALL,SF-103,B,202408,36,8,7180
E1,M06,103-1,A,SF-103,B,202408,36,6,2441
E1,M06,103-1,B,SF-103,B,202408,36,2,1723
E1,M06,103-1,C,SF-103,B,202408,36,0,1436
E1,M06,103-1,D,SF-103,B,202408,36,0,1077
E1,M06,103-1,E,SF-103,B,202408,36,0,503
E1,M06,103-1,ALL,SF-103,B,202408,36,8,7180
E1,M06,103-0,A,SF-103,B,202409,37,1,2485
E1,M06,103-0,B,SF-103,B,202409,37,1,1754
E1,M06,103-0,C,SF-103,B,202409,37,0,1462
E1,M06,103-0,D,SF-103,B,202409,37,1,1096
E1,M06,103-0,E,SF-103,B,202409,37,0,512
E1,M06,103-0,ALL,SF-103,B,202409,37,3,7310
E1,M06,103-1,A,SF-103,B,202409,37,5,2485
E1,M06,103-1,B,SF-103,B,202409,37,2,1754
E1,M06,103-1,C,SF-103,B,202409,37,1,1462
E1,M06,103-1,D,SF-103,B,202409,37,0,1096
E1,M06,103-1,E,SF-103,B,202409,37,0,512
E1,M06,103-1,ALL,SF-103,B,202409,37,8,7310
E1,M06,103-0,A,SF-103,B,202410,38,0,2530
E1,M06,103-0,B,SF-103,B,202410,38,2,1786
E1,M06,103-0,C,SF-103,B,202410,38,0,1488
E1,M06,103-0,D,SF-103,B,202410,38,1,1116
E1,M06,103-0,E,SF-103,B,202410,38,2,521
E1,M06,103-0,ALL,SF-103,B,202410,38,5,7440
E1,M06,103-1,A,SF-103,B,202410,38,0,2530
E1,M06,103-1,B,SF-103,B,202410,38,0,1786
E1,M06,103-1,C,SF-103,B,202410,38,2,1488
E1,M06,103-1,D,SF-103,B,202410,38,2,1116
E1,M06,103-1,E,SF-103,B,202410,38,0,521
E1,M06,103-1,ALL,SF-103,B,202410,38,4,7440
E1,M06,103-0,A,SF-103,B,202411,39,2,2574
E1,M06,103-0,B,SF-103,B,202411,39,1,1817
E1,M06,103-0,C,SF-103,B,202411,39,1,1514
E1,M06,103-0,D,SF-103,B,202411,39,0,1136
E1,M06,103-0,E,SF-103,B,202411,39,0,530
E1,M06,103-0,ALL,SF-103,B,202411,39,4,7570
E1,M06,103-1,A,SF-103,B,202411,39,1,2574
E1,M06,103-1,B,SF-103,B,202411,39,2,1817
E1,M06,103-1,C,SF-103,B,202411,39,1,1514
E1,M06,103-1,D,SF-103,B,202411,39,1,1136
E1,M06,103-1,E,SF-103,B,202411,39,1,530
E1,M06,103-1,ALL,SF-103,B,202411,39,6,7570
E1,M06,103-0,A,SF-103,B,202412,40,1,2618
E1,M06,103-0,B,SF-103,B,202412,40,0,1848
E1,M06,103-0,C,SF-103,B,202412,40,0,1540
E1,M06,103-0,D,SF-103,B,202412,40,2,1155
E1,M06,103-0,E,SF-103,B,202412,40,1,539
E1,M06,103-0,ALL,SF-103,B,202412,40,4,7700
E1,M06,103-1,A,SF-103,B,202412,40,2,2618
E1,M06,103-1,B,SF-103,B,202412,40,0,1848
E1,M06,103-1,C,SF-103,B,202412,40,0,1540
E1,M06,103-1,D,SF-103,B,202412,40,2,1155
E1,M06,103-1,E,SF-103,B,202412,40,0,539
E1,M06,103-1,ALL,SF-103,B,202412,40,4,7700
E1,M06,104-0,A,SF-104,B,202108,0,1,850
E1,M06,104-0,B,SF-104,B,202108,0,1,600
E1,M06,104-0,ALL,SF-104,B,202108,0,2,2500
E1,M06,104-0,A,SF-104,B,202109,1,2,894
E1,M06,104-0,C,SF-104,B,202109,1,2,526
E1,M06,104-0,D,SF-104,B,202109,1,1,394
E1,M06,104-0,ALL,SF-104,B,202109,1,5,2630
E1,M06,104-0,A,SF-104,B,202110,2,0,938
E1,M06,104-0,B,SF-104,B,202110,2,1,662
E1,M06,104-0,C,SF-104,B,202110,2,1,552
E1,M06,104-0,D,SF-104,B,202110,2,1,414
E1,M06,104-0,ALL,SF-104,B,202110,2,3,2760
E1,M06,104-0,A,SF-104,B,202111,3,1,983
E1,M06,104-0,B,SF-104,B,202111,3,0,694
E1,M06,104-0,C,SF-104,B,202111,3,0,578
E1,M06,104-0,D,SF-104,B,202111,3,1,434
E1,M06,104-0,ALL,SF-104,B,202111,3,2,2890
E1,M06,104-0,A,SF-104,B,202112,4,2,1027
E1,M06,104-0,B,SF-104,B,202112,4,0,725
E1,M06,104-0,C,SF-104,B,202112,4,0,604
E1,M06,104-0,D,SF-104,B,202112,4,0,453
E1,M06,104-0,ALL,SF-104,B,202112,4,2,3020
E1,M06,104-0,A,SF-104,B,202201,5,1,1071
E1,M06,104-0,B,SF-104,B,202201,5,0,756
E1,M06,104-0,C,SF-104,B,202201,5,1,630
E1,M06,104-0,D,SF-104,B,202201,5,1,472
E1,M06,104-0,ALL,SF-104,B,202201,5,3,3150
E1,M06,104-0,A,SF-104,B,202202,6,2,1115
E1,M06,104-0,B,SF-104,B,202202,6,1,787
E1,M06,104-0,C,SF-104,B,202202,6,1,656
E1,M06,104-0,D,SF-104,B,202202,6,2,492
E1,M06,104-0,ALL,SF-104,B,202202,6,6,3280
E1,M06,104-0,A,SF-104,B,202203,7,2,1159
E1,M06,104-0,B,SF-104,B,202203,7,1,818
E1,M06,104-0,C,SF-104,B,202203,7,1,682
E1,M06,104-0,D,SF-104,B,202203,7,1,512
E1,M06,104-0,ALL,SF-104,B,202203,7,5,3410
E1,M06,104-0,A,SF-104,B,202204,8,2,1204
E1,M06,104-0,B,SF-104,B,202204,8,1,850
E1,M06,104-0,C,SF-104,B,202204,8,1,708
E1,M06,104-0,D,SF-104,B,202204,8,1,531
E1,M06,104-0,E,SF-104,B,202204,8,0,248
E1,M06,104-0,ALL,SF-104,B,202204,8,5,3540
E1,M06,104-0,A,SF-104,B,202205,9,0,1248
E1,M06,104-0,B,SF-104,B,202205,9,0,881
E1,M06,104-0,C,SF-104,B,202205,9,1,734
E1,M06,104-0,D,SF-104,B,202205,9,0,550
E1,M06,104-0,E,SF-104,B,202205,9,0,257
E1,M06,104-0,ALL,SF-104,B,202205,9,1,3670
E1,M06,104-0,A,SF-104,B,202206,10,0,1292
E1,M06,104-0,B,SF-104,B,202206,10,1,912
E1,M06,104-0,C,SF-104,B,202206,10,2,760
E1,M06,104-0,D,SF-104,B,202206,10,1,570
E1,M06,104-0,E,SF-104,B,202206,10,0,266
E1,M06,104-0,ALL,SF-104,B,202206,10,4,3800
E1,M06,104-0,A,SF-104,B,202207,11,2,1336
E1,M06,104-0,B,SF-104,B,202207,11,0,943
E1,M06,104-0,C,SF-104,B,202207,11,3,786
E1,M06,104-0,D,SF-104,B,202207,11,1,590
E1,M06,104-0,E,SF-104,B,202207,11,0,275
E1,M06,104-0,ALL,SF-104,B,202207,11,6,3930
E1,M06,104-0,A,SF-104,B,202208,12,3,1380
E1,M06,104-0,B,SF-104,B,202208,12,2,974
E1,M06,104-0,C,SF-104,B,202208,12,1,812
E1,M06,104-0,D,SF-104,B,202208,12,0,609
E1,M06,104-0,E,SF-104,B,202208,12,0,284
E1,M06,104-0,ALL,SF-104,B,202208,12,6,4060
E1,M06,104-0,A,SF-104,B,202209,13,3,1425
E1,M06,104-0,B,SF-104,B,202209,13,2,1006
E1,M06,104-0,C,SF-104,B,202209,13,1,838
E1,M06,104-0,D,SF-104,B,202209,13,1,628
E1,M06,104-0,E,SF-104,B,202209,13,0,293
E1,M06,104-0,ALL,SF-104,B,202209,13,7,4190
E1,M06,104-0,A,SF-104,B,202210,14,0,1469
E1,M06,104-0,B,SF-104,B,202210,14,0,1037
E1,M06,104-0,C,SF-104,B,202210,14,1,864
E1,M06,104-0,D,SF-104,B,202210,14,2,648
E1,M06,104-0,E,SF-104,B,202210,14,0,302
E1,M06,104-0,ALL,SF-104,B,202210,14,3,4320
E1,M06,104-0,A,SF-104,B,202211,15,1,1513
E1,M06,104-0,B,SF-104,B,202211,15,2,1068
E1,M06,104-0,C,SF-104,B,202211,15,0,890
E1,M06,104-0,D,SF-104,B,202211,15,1,668
E1,M06,104-0,E,SF-104,B,202211,15,1,312
E1,M06,104-0,ALL,SF-104,B,202211,15,5,4450
E1,M06,104-0,A,SF-104,B,202212,16,3,1557
E1,M06,104-0,B,SF-104,B,202212,16,1,1099
E1,M06,104-0,C,SF-104,B,202212,16,1,916
E1,M06,104-0,D,SF-104,B,202212,16,0,687
E1,M06,104-0,E,SF-104,B,202212,16,1,321
E1,M06,104-0,ALL,SF-104,B,202212,16,6,4580
E1,M06,104-0,A,SF-104,B,202301,17,1,1601
E1,M06,104-0,B,SF-104,B,202301,17,0,1130
E1,M06,104-0,C,SF-104,B,202301,17,2,942
E1,M06,104-0,D,SF-104,B,202301,17,0,706
E1,M06,104-0,E,SF-104,B,202301,17,0,330
E1,M06,104-0,ALL,SF-104,B,202301,17,3,4710
E1,M06,104-0,A,SF-104,B,202302,18,0,1646
E1,M06,104-0,B,SF-104,B,202302,18,1,1162
E1,M06,104-0,C,SF-104,B,202302,18,0,968
E1,M06,104-0,D,SF-104,B,202302,18,0,726
E1,M06,104-0,E,SF-104,B,202302,18,0,339
E1,M06,104-0,ALL,SF-104,B,202302,18,1,4840
E1,M06,104-0,A,SF-104,B,202303,19,3,1690
E1,M06,104-0,B,SF-104,B,202303,19,2,1193
E1,M06,104-0,C,SF-104,B,202303,19,1,994
E1,M06,104-0,D,SF-104,B,202303,19,0,746
E1,M06,104-0,E,SF-104,B,202303,19,1,348
E1,M06,104-0,ALL,SF-104,B,202303,19,7,4970
E1,M06,104-0,A,SF-104,B,202304,20,3,1734
E1,M06,104-0,B,SF-104,B,202304,20,1,1224
E1,M06,104-0,C,SF-104,B,202304,20,1,1020
E1,M06,104-0,D,SF-104,B,202304,20,2,765
E1,M06,104-0,E,SF-104,B,202304,20,0,357
E1,M06,104-0,ALL,SF-104,B,202304,20,7,5100
E1,M06,104-0,A,SF-104,B,202305,21,2,1778
E1,M06,104-0,B,SF-104,B,202305,21,1,1255
E1,M06,104-0,C,SF-104,B,202305,21,2,1046
E1,M06,104-0,D,SF-104,B,202305,21,1,784
E1,M06,104-0,E,SF-104,B,202305,21,0,366
E1,M06,104-0,ALL,SF-104,B,202305,21,6,5230
E1,M06,104-0,A,SF-104,B,202306,22,2,1822
E1,M06,104-0,B,SF-104,B,202306,22,3,1286
E1,M06,104-0,C,SF-104,B,202306,22,0,1072
E1,M06,104-0,D,SF-104,B,202306,22,1,804
E1,M06,104-0,E,SF-104,B,202306,22,0,375
E1,M06,104-0,ALL,SF-104,B,202306,22,6,5360
E1,M06,104-0,A,SF-104,B,202307,23,1,1867
E1,M06,104-0,B,SF-104,B,202307,23,0,1318
E1,M06,104-0,C,SF-104,B,202307,23,1,1098
E1,M06,104-0,D,SF-104,B,202307,23,1,824
E1,M06,104-0,E,SF-104,B,202307,23,0,384
E1,M06,104-0,ALL,SF-104,B,202307,23,3,5490
E1,M06,104-0,A,SF-104,B,202308,24,2,1911
E1,M06,104-0,B,SF-104,B,202308,24,1,1349
E1,M06,104-0,C,SF-104,B,202308,24,2,1124
E1,M06,104-0,D,SF-104,B,202308,24,1,843
E1,M06,104-0,E,SF-104,B,202308,24,0,393
E1,M06,104-0,ALL,SF-104,B,202308,24,6,5620
E1,M06,104-0,A,SF-104,B,202309,25,0,1955
E1,M06,104-0,B,SF-104,B,202309,25,1,1380
E1,M06,104-0,C,SF-104,B,202309,25,1,1150
E1,M06,104-0,D,SF-104,B,202309,25,2,862
E1,M06,104-0,E,SF-104,B,202309,25,1,403
E1,M06,104-0,ALL,SF-104,B,202309,25,5,5750
E1,M06,104-0,A,SF-104,B,202310,26,4,1999
E1,M06,104-0,B,SF-104,B,202310,26,1,1411
E1,M06,104-0,C,SF-104,B,202310,26,1,1176
E1,M06,104-0,D,SF-104,B,202310,26,1,882
E1,M06,104-0,E,SF-104,B,202310,26,0,412
E1,M06,104-0,ALL,SF-104,B,202310,26,7,5880
E1,M06,104-0,A,SF-104,B,202311,27,1,2043
E1,M06,104-0,B,SF-104,B,202311,27,1,1442
E1,M06,104-0,C,SF-104,B,202311,27,3,1202
E1,M06,104-0,D,SF-104,B,202311,27,0,902
E1,M06,104-0,E,SF-104,B,202311,27,0,421
E1,M06,104-0,ALL,SF-104,B,202311,27,5,6010
E1,M06,104-0,A,SF-104,B,202312,28,2,2088
E1,M06,104-0,B,SF-104,B,202312,28,0,1474
E1,M06,104-0,C,SF-104,B,202312,28,0,1228
E1,M06,104-0,D,SF-104,B,202312,28,0,921
E1,M06,104-0,E,SF-104,B,202312,28,1,430
E1,M06,104-0,ALL,SF-104,B,202312,28,3,6140
E1,M06,104-0,A,SF-104,B,202401,29,1,2132
E1,M06,104-0,B,SF-104,B,202401,29,3,1505
E1,M06,104-0,C,SF-104,B,202401,29,4,1254
E1,M06,104-0,D,SF-104,B,202401,29,2,940
E1,M06,104-0,E,SF-104,B,202401,29,0,439
E1,M06,104-0,ALL,SF-104,B,202401,29,10,6270
E1,M06,104-0,A,SF-104,B,202402,30,3,2176
E1,M06,104-0,B,SF-104,B,202402,30,0,1536
E1,M06,104-0,C,SF-104,B,202402,30,0,1280
E1,M06,104-0,D,SF-104,B,202402,30,2,960
E1,M06,104-0,E,SF-104,B,202402,30,1,448
E1,M06,104-0,ALL,SF-104,B,202402,30,6,6400
E1,M06,104-0,A,SF-104,B,202403,31,0,2220
E1,M06,104-0,B,SF-104,B,202403,31,2,1567
E1,M06,104-0,C,SF-104,B,202403,31,1,1306
E1,M06,104-0,D,SF-104,B,202403,31,0,980
E1,M06,104-0,E,SF-104,B,202403,31,1,457
E1,M06,104-0,ALL,SF-104,B,202403,31,4,6530
E1,M06,104-0,A,SF-104,B,202404,32,1,2264
E1,M06,104-0,B,SF-104,B,202404,32,2,1598
E1,M06,104-0,C,SF-104,B,202404,32,3,1332
E1,M06,104-0,D,SF-104,B,202404,32,2,999
E1,M06,104-0,E,SF-104,B,202404,32,0,466
E1,M06,104-0,ALL,SF-104,B,202404,32,8,6660
E1,M06,104-0,A,SF-104,B,202405,33,4,2309
E1,M06,104-0,B,SF-104,B,202405,33,3,1630
E1,M06,104-0,C,SF-104,B,202405,33,2,1358
E1,M06,104-0,D,SF-104,B,202405,33,2,1018
E1,M06,104-0,E,SF-104,B,202405,33,2,475
E1,M06,104-0,ALL,SF-104,B,202405,33,13,6790
E1,M06,104-0,A,SF-104,B,202406,34,3,2353
E1,M06,104-0,B,SF-104,B,202406,34,1,1661
E1,M06,104-0,C,SF-104,B,202406,34,1,1384
E1,M06,104-0,D,SF-104,B,202406,34,1,1038
E1,M06,104-0,E,SF-104,B,202406,34,0,484
E1,M06,104-0,ALL,SF-104,B,202406,34,6,6920
E1,M06,104-0,A,SF-104,B,202407,35,2,2397
E1,M06,104-0,B,SF-104,B,202407,35,1,1692
E1,M06,104-0,C,SF-104,B,202407,35,2,1410
E1,M06,104-0,D,SF-104,B,202407,35,4,1058
E1,M06,104-0,E,SF-104,B,202407,35,0,494
E1,M06,104-0,ALL,SF-104,B,202407,35,9,7050
E1,M06,104-0,A,SF-104,B,202408,36,1,2441
E1,M06,104-0,B,SF-104,B,202408,36,1,1723
E1,M06,104-0,C,SF-104,B,202408,36,1,1436
E1,M06,104-0,D,SF-104,B,202408,36,2,1077
E1,M06,104-0,E,SF-104,B,202408,36,0,503
E1,M06,104-0,ALL,SF-104,B,202408,36,5,7180
E1,M06,104-0,A,SF-104,B,202409,37,2,2485
E1,M06,104-0,B,SF-104,B,202409,37,1,1754
E1,M06,104-0,C,SF-104,B,202409,37,0,1462
E1,M06,104-0,D,SF-104,B,202409,37,1,1096
E1,M06,104-0,E,SF-104,B,202409,37,0,512
E1,M06,104-0,ALL,SF-104,B,202409,37,4,7310
E1,M06,104-0,A,SF-104,B,202410,38,2,2530
E1,M06,104-0,B,SF-104,B,202410,38,2,1786
E1,M06,104-0,C,SF-104,B,202410,38,0,1488
E1,M06,104-0,D,SF-104,B,202410,38,1,1116
E1,M06,104-0,E,SF-104,B,202410,38,1,521
E1,M06,104-0,ALL,SF-104,B,202410,38,6,7440
E1,M06,104-0,A,SF-104,B,202411,39,2,2574
E1,M06,104-0,B,SF-104,B,202411,39,4,1817
E1,M06,104-0,C,SF-104,B,202411,39,1,1514
E1,M06,104-0,D,SF-104,B,202411,39,1,1136
E1,M06,104-0,E,SF-104,B,202411,39,1,530
E1,M06,104-0,ALL,SF-104,B,202411,39,9,7570
E1,M06,104-0,A,SF-104,B,202412,40,1,2618
E1,M06,104-0,B,SF-104,B,202412,40,2,1848
E1,M06,104-0,C,SF-104,B,202412,40,2,1540
E1,M06,104-0,D,SF-104,B,202412,40,0,1155
E1,M06,104-0,E,SF-104,B,202412,40,0,539
E1,M06,104-0,ALL,SF-104,B,202412,40,5,7700
E1,M06,105-0,ALL,SF-105,B,202108,0,0,2500
E1,M06,105-0,A,SF-105,B,202109,1,1,894
E1,M06,105-0,ALL,SF-105,B,202109,1,1,2630
E1,M06,105-0,A,SF-105,B,202110,2,0,938
E1,M06,105-0,B,SF-105,B,202110,2,0,662
E1,M06,105-0,C,SF-105,B,202110,2,0,552
E1,M06,105-0,D,SF-105,B,202110,2,0,414
E1,M06,105-0,ALL,SF-105,B,202110,2,0,2760
E1,M06,105-0,A,SF-105,B,202111,3,0,983
E1,M06,105-0,B,SF-105,B,202111,3,0,694
E1,M06,105-0,C,SF-105,B,202111,3,0,578
E1,M06,105-0,D,SF-105,B,202111,3,0,434
E1,M06,105-0,ALL,SF-105,B,202111,3,0,2890
E1,M06,105-0,A,SF-105,B,202112,4,0,1027
E1,M06,105-0,B,SF-105,B,202112,4,0,725
E1,M06,105-0,C,SF-105,B,202112,4,1,604
E1,M06,105-0,D,SF-105,B,202112,4,1,453
E1,M06,105-0,ALL,SF-105,B,202112,4,2,3020
E1,M06,105-0,A,SF-105,B,202201,5,0,1071
E1,M06,105-0,B,SF-105,B,202201,5,1,756
E1,M06,105-0,C,SF-105,B,202201,5,0,630
E1,M06,105-0,D,SF-105,B,202201,5,0,472
E1,M06,105-0,ALL,SF-105,B,202201,5,1,3150
E1,M06,105-0,A,SF-105,B,202202,6,0,1115
E1,M06,105-0,B,SF-105,B,202202,6,0,787
E1,M06,105-0,C,SF-105,B,202202,6,0,656
E1,M06,105-0,D,SF-105,B,202202,6,0,492
E1,M06,105-0,ALL,SF-105,B,202202,6,0,3280
E1,M06,105-0,A,SF-105,B,202203,7,0,1159
E1,M06,105-0,B,SF-105,B,202203,7,0,818
E1,M06,105-0,C,SF-105,B,202203,7,0,682
E1,M06,105-0,D,SF-105,B,202203,7,1,512
E1,M06,105-0,ALL,SF-105,B,202203,7,1,3410
E1,M06,105-0,A,SF-105,B,202204,8,0,1204
E1,M06,105-0,B,SF-105,B,202204,8,0,850
E1,M06,105-0,C,SF-105,B,202204,8,1,708
E1,M06,105-0,D,SF-105,B,202204,8,0,531
E1,M06,105-0,E,SF-105,B,202204,8,0,248
E1,M06,105-0,ALL,SF-105,B,202204,8,1,3540
E1,M06,105-0,A,SF-105,B,202205,9,0,1248
E1,M06,105-0,B,SF-105,B,202205,9,0,881
E1,M06,105-0,C,SF-105,B,202205,9,0,734
E1,M06,105-0,D,SF-105,B,202205,9,0,550
E1,M06,105-0,E,SF-105,B,202205,9,0,257
E1,M06,105-0,ALL,SF-105,B,202205,9,0,3670
E1,M06,105-0,A,SF-105,B,202206,10,1,1292
E1,M06,105-0,B,SF-105,B,202206,10,0,912
E1,M06,105-0,C,SF-105,B,202206,10,0,760
E1,M06,105-0,D,SF-105,B,202206,10,0,570
E1,M06,105-0,E,SF-105,B,202206,10,0,266
E1,M06,105-0,ALL,SF-105,B,202206,10,1,3800
E1,M06,105-0,A,SF-105,B,202207,11,2,1336
E1,M06,105-0,B,SF-105,B,202207,11,0,943
E1,M06,105-0,C,SF-105,B,202207,11,0,786
E1,M06,105-0,D,SF-105,B,202207,11,0,590
E1,M06,105-0,E,SF-105,B,202207,11,0,275
E1,M06,105-0,ALL,SF-105,B,202207,11,2,3930
E1,M06,105-0,A,SF-105,B,202208,12,0,1380
E1,M06,105-0,B,SF-105,B,202208,12,0,974
E1,M06,105-0,C,SF-105,B,202208,12,1,812
E1,M06,105-0,D,SF-105,B,202208,12,0,609
E1,M06,105-0,E,SF-105,B,202208,12,0,284
E1,M06,105-0,ALL,SF-105,B,202208,12,1,4060
E1,M06,105-0,A,SF-105,B,202209,13,0,1425
E1,M06,105-0,B,SF-105,B,202209,13,0,1006
E1,M06,105-0,C,SF-105,B,202209,13,0,838
E1,M06,105-0,D,SF-105,B,202209,13,0,628
E1,M06,105-0,E,SF-105,B,202209,13,0,293
E1,M06,105-0,ALL,SF-105,B,202209,13,0,4190
E1,M06,105-0,A,SF-105,B,202210,14,0,1469
E1,M06,105-0,B,SF-105,B,202210,14,0,1037
E1,M06,105-0,C,SF-105,B,202210,14,0,864
E1,M06,105-0,D,SF-105,B,202210,14,0,648
E1,M06,105-0,E,SF-105,B,202210,14,0,302
E1,M06,105-0,ALL,SF-105,B,202210,14,0,4320
E1,M06,105-0,A,SF-105,B,202211,15,0,1513
E1,M06,105-0,B,SF-105,B,202211,15,1,1068
E1,M06,105-0,C,SF-105,B,202211,15,0,890
E1,M06,105-0,D,SF-105,B,202211,15,0,668
E1,M06,105-0,E,SF-105,B,202211,15,0,312
E1,M06,105-0,ALL,SF-105,B,202211,15,1,4450
E1,M06,105-0,A,SF-105,B,202212,16,1,1557
E1,M06,105-0,B,SF-105,B,202212,16,0,1099
E1,M06,105-0,C,SF-105,B,202212,16,0,916
E1,M06,105-0,D,SF-105,B,202212,16,0,687
E1,M06,105-0,E,SF-105,B,202212,16,0,321
E1,M06,105-0,ALL,SF-105,B,202212,16,1,4580
E1,M06,105-0,A,SF-105,B,202301,17,1,1601
E1,M06,105-0,B,SF-105,B,202301,17,1,1130
E1,M06,105-0,C,SF-105,B,202301,17,2,942
E1,M06,105-0,D,SF-105,B,202301,17,0,706
E1,M06,105-0,E,SF-105,B,202301,17,0,330
E1,M06,105-0,ALL,SF-105,B,202301,17,4,4710
E1,M06,105-0,A,SF-105,B,202302,18,1,1646
E1,M06,105-0,B,SF-105,B,202302,18,0,1162
E1,M06,105-0,C,SF-105,B,202302,18,1,968
E1,M06,105-0,D,SF-105,B,202302,18,1,726
E1,M06,105-0,E,SF-105,B,202302,18,0,339
E1,M06,105-0,ALL,SF-105,B,202302,18,3,4840
E1,M06,105-0,A,SF-105,B,202303,19,0,1690
E1,M06,105-0,B,SF-105,B,202303,19,2,1193
E1,M06,105-0,C,SF-105,B,202303,19,2,994
E1,M06,105-0,D,SF-105,B,202303,19,0,746
E1,M06,105-0,E,SF-105,B,202303,19,0,348
E1,M06,105-0,ALL,SF-105,B,202303,19,4,4970
E1,M06,105-0,A,SF-105,B,202304,20,0,1734
E1,M06,105-0,B,SF-105,B,202304,20,0,1224
E1,M06,105-0,C,SF-105,B,202304,20,0,1020
E1,M06,105-0,D,SF-105,B,202304,20,0,765
E1,M06,105-0,E,SF-105,B,202304,20,0,357
E1,M06,105-0,ALL,SF-105,B,202304,20,0,5100
E1,M06,105-0,A,SF-105,B,202305,21,1,1778
E1,M06,105-0,B,SF-105,B,202305,21,0,1255
E1,M06,105-0,C,SF-105,B,202305,21,0,1046
E1,M06,105-0,D,SF-105,B,202305,21,0,784
E1,M06,105-0,E,SF-105,B,202305,21,0,366
E1,M06,105-0,ALL,SF-105,B,202305,21,1,5230
E1,M06,105-0,A,SF-105,B,202306,22,1,1822
E1,M06,105-0,B,SF-105,B,202306,22,0,1286
E1,M06,105-0,C,SF-105,B,202306,22,0,1072
E1,M06,105-0,D,SF-105,B,202306,22,0,804
E1,M06,105-0,E,SF-105,B,202306,22,0,375
E1,M06,105-0,ALL,SF-105,B,202306,22,1,5360
E1,M06,105-0,A,SF-105,B,202307,23,0,1867
E1,M06,105-0,B,SF-105,B,202307,23,1,1318
E1,M06,105-0,C,SF-105,B,202307,23,0,1098
E1,M06,105-0,D,SF-105,B,202307,23,1,824
E1,M06,105-0,E,SF-105,B,202307,23,0,384
E1,M06,105-0,ALL,SF-105,B,202307,23,2,5490
E1,M06,105-0,A,SF-105,B,202308,24,0,1911
E1,M06,105-0,B,SF-105,B,202308,24,1,1349
E1,M06,105-0,C,SF-105,B,202308,24,0,1124
E1,M06,105-0,D,SF-105,B,202308,24,0,843
E1,M06,105-0,E,SF-105,B,202308,24,0,393
E1,M06,105-0,ALL,SF-105,B,202308,24,1,5620
E1,M06,105-0,A,SF-105,B,202309,25,0,1955
E1,M06,105-0,B,SF-105,B,202309,25,0,1380
E1,M06,105-0,C,SF-105,B,202309,25,1,1150
E1,M06,105-0,D,SF-105,B,202309,25,0,862
E1,M06,105-0,E,SF-105,B,202309,25,1,403
E1,M06,105-0,ALL,SF-105,B,202309,25,2,5750
E1,M06,105-0,A,SF-105,B,202310,26,1,1999
E1,M06,105-0,B,SF-105,B,202310,26,1,1411
E1,M06,105-0,C,SF-105,B,202310,26,0,1176
E1,M06,105-0,D,SF-105,B,202310,26,1,882
E1,M06,105-0,E,SF-105,B,202310,26,0,412
E1,M06,105-0,ALL,SF-105,B,202310,26,3,5880
E1,M06,105-0,A,SF-105,B,202311,27,0,2043
E1,M06,105-0,B,SF-105,B,202311,27,0,1442
E1,M06,105-0,C,SF-105,B,202311,27,1,1202
E1,M06,105-0,D,SF-105,B,202311,27,0,902
E1,M06,105-0,E,SF-105,B,202311,27,0,421
E1,M06,105-0,ALL,SF-105,B,202311,27,1,6010
E1,M06,105-0,A,SF-105,B,202312,28,1,2088
E1,M06,105-0,B,SF-105,B,202312,28,0,1474
E1,M06,105-0,C,SF-105,B,202312,28,1,1228
E1,M06,105-0,D,SF-105,B,202312,28,0,921
E1,M06,105-0,E,SF-105,B,202312,28,0,430
E1,M06,105-0,ALL,SF-105,B,202312,28,2,6140
E1,M06,105-0,A,SF-105,B,202401,29,0,2132
E1,M06,105-0,B,SF-105,B,202401,29,0,1505
E1,M06,105-0,C,SF-105,B,202401,29,0,1254
E1,M06,105-0,D,SF-105,B,202401,29,1,940
E1,M06,105-0,E,SF-105,B,202401,29,0,439
E1,M06,105-0,ALL,SF-105,B,202401,29,1,6270
E1,M06,105-0,A,SF-105,B,202402,30,1,2176
E1,M06,105-0,B,SF-105,B,202402,30,1,1536
E1,M06,105-0,C,SF-105,B,202402,30,0,1280
E1,M06,105-0,D,SF-105,B,202402,30,0,960
E1,M06,105-0,E,SF-105,B,202402,30,0,448
E1,M06,105-0,ALL,SF-105,B,202402,30,2,6400
E1,M06,105-0,A,SF-105,B,202403,31,0,2220
E1,M06,105-0,B,SF-105,B,202403,31,1,1567
E1,M06,105-0,C,SF-105,B,202403,31,2,1306
E1,M06,105-0,D,SF-105,B,202403,31,0,980
E1,M06,105-0,E,SF-105,B,202403,31,0,457
E1,M06,105-0,ALL,SF-105,B,202403,31,3,6530
E1,M06,105-0,A,SF-105,B,202404,32,2,2264
E1,M06,105-0,B,SF-105,B,202404,32,0,1598
E1,M06,105-0,C,SF-105,B,202404,32,0,1332
E1,M06,105-0,D,SF-105,B,202404,32,0,999
E1,M06,105-0,E,SF-105,B,202404,32,0,466
E1,M06,105-0,ALL,SF-105,B,202404,32,2,6660
E1,M06,105-0,A,SF-105,B,202405,33,1,2309
E1,M06,105-0,B,SF-105,B,202405,33,1,1630
E1,M06,105-0,C,SF-105,B,202405,33,1,1358
E1,M06,105-0,D,SF-105,B,202405,33,0,1018
E1,M06,105-0,E,SF-105,B,202405,33,0,475
E1,M06,105-0,ALL,SF-105,B,202405,33,3,6790
E1,M06,105-0,A,SF-105,B,202406,34,3,2353
E1,M06,105-0,B,SF-105,B,202406,34,0,1661
E1,M06,105-0,C,SF-105,B,202406,34,0,1384
E1,M06,105-0,D,SF-105,B,202406,34,0,1038
E1,M06,105-0,E,SF-105,B,202406,34,0,484
E1,M06,105-0,ALL,SF-105,B,202406,34,3,6920
E1,M06,105-0,A,SF-105,B,202407,35,0,2397
E1,M06,105-0,B,SF-105,B,202407,35,0,1692
E1,M06,105-0,C,SF-105,B,202407,35,1,1410
E1,M06,105-0,D,SF-105,B,202407,35,0,1058
E1,M06,105-0,E,SF-105,B,202407,35,1,494
E1,M06,105-0,ALL,SF-105,B,202407,35,2,7050
E1,M06,105-0,A,SF-105,B,202408,36,1,2441
E1,M06,105-0,B,SF-105,B,202408,36,0,1723
E1,M06,105-0,C,SF-105,B,202408,36,0,1436
E1,M06,105-0,D,SF-105,B,202408,36,0,1077
E1,M06,105-0,E,SF-105,B,202408,36,1,503
E1,M06,105-0,ALL,SF-105,B,202408,36,2,7180
E1,M06,105-0,A,SF-105,B,202409,37,1,2485
E1,M06,105-0,B,SF-105,B,202409,37,0,1754
E1,M06,105-0,C,SF-105,B,202409,37,1,1462
E1,M06,105-0,D,SF-105,B,202409,37,0,1096
E1,M06,105-0,E,SF-105,B,202409,37,0,512
E1,M06,105-0,ALL,SF-105,B,202409,37,2,7310
E1,M06,105-0,A,SF-105,B,202410,38,0,2530
E1,M06,105-0,B,SF-105,B,202410,38,1,1786
E1,M06,105-0,C,SF-105,B,202410,38,0,1488
E1,M06,105-0,D,SF-105,B,202410,38,0,1116
E1,M06,105-0,E,SF-105,B,202410,38,0,521
E1,M06,105-0,ALL,SF-105,B,202410,38,1,7440
E1,M06,105-0,A,SF-105,B,202411,39,0,2574
E1,M06,105-0,B,SF-105,B,202411,39,0,1817
E1,M06,105-0,C,SF-105,B,202411,39,0,1514
E1,M06,105-0,D,SF-105,B,202411,39,0,1136
E1,M06,105-0,E,SF-105,B,202411,39,0,530
E1,M06,105-0,ALL,SF-105,B,202411,39,0,7570
E1,M06,105-0,A,SF-105,B,202412,40,0,2618
E1,M06,105-0,B,SF-105,B,202412,40,0,1848
E1,M06,105-0,C,SF-105,B,202412,40,1,1540
E1,M06,105-0,D,SF-105,B,202412,40,0,1155
E1,M06,105-0,E,SF-105,B,202412,40,0,539
E1,M06,105-0,ALL,SF-105,B,202412,40,1,7700
E1,M07,100-0,C,SF-100,B,202110,0,1,500
E1,M07,100-0,ALL,SF-100,B,202110,0,1,2500
E1,M07,100-0,A,SF-100,B,202111,1,3,894
E1,M07,100-0,C,SF-100,B,202111,1,1,526
E1,M07,100-0,ALL,SF-100,B,202111,1,4,2630
E1,M07,100-0,A,SF-100,B,202112,2,2,938
E1,M07,100-0,B,SF-100,B,202112,2,1,662
E1,M07,100-0,C,SF-100,B,202112,2,0,552
E1,M07,100-0,D,SF-100,B,202112,2,1,414
E1,M07,100-0,ALL,SF-100,B,202112,2,4,2760
E1,M07,100-0,A,SF-100,B,202201,3,2,983
E1,M07,100-0,B,SF-100,B,202201,3,1,694
E1,M07,100-0,C,SF-100,B,202201,3,1,578
E1,M07,100-0,D,SF-100,B,202201,3,0,434
E1,M07,100-0,ALL,SF-100,B,202201,3,4,2890
E1,M07,100-0,A,SF-100,B,202202,4,2,1027
E1,M07,100-0,B,SF-100,B,202202,4,0,725
E1,M07,100-0,C,SF-100,B,202202,4,0,604
E1,M07,100-0,D,SF-100,B,202202,4,1,453
E1,M07,100-0,ALL,SF-100,B,202202,4,3,3020
E1,M07,100-0,A,SF-100,B,202203,5,1,1071
E1,M07,100-0,B,SF-100,B,202203,5,1,756
E1,M07,100-0,C,SF-100,B,202203,5,1,630
E1,M07,100-0,D,SF-100,B,202203,5,0,472
E1,M07,100-0,ALL,SF-100,B,202203,5,3,3150
E1,M07,100-0,A,SF-100,B,202204,6,0,1115
E1,M07,100-0,B,SF-100,B,202204,6,1,787
E1,M07,100-0,C,SF-100,B,202204,6,1,656
E1,M07,100-0,D,SF-100,B,202204,6,1,492
E1,M07,100-0,ALL,SF-100,B,202204,6,3,3280
E1,M07,100-0,A,SF-100,B,202205,7,1,1159
E1,M07,100-0,B,SF-100,B,202205,7,0,818
E1,M07,100-0,C,SF-100,B,202205,7,1,682
E1,M07,100-0,D,SF-100,B,202205,7,0,512
E1,M07,100-0,ALL,SF-100,B,202205,7,2,3410
E1,M07,100-0,A,SF-100,B,202206,8,0,1204
E1,M07,100-0,B,SF-100,B,202206,8,0,850
E1,M07,100-0,C,SF-100,B,202206,8,0,708
E1,M07,100-0,D,SF-100,B,202206,8,1,531
E1,M07,100-0,E,SF-100,B,202206,8,1,248
E1,M07,100-0,ALL,SF-100,B,202206,8,2,3540
E1,M07,100-0,A,SF-100,B,202207,9,0,1248
E1,M07,100-0,B,SF-100,B,202207,9,0,881
E1,M07,100-0,C,SF-100,B,202207,9,0,734
E1,M07,100-0,D,SF-100,B,202207,9,0,550
E1,M07,100-0,E,SF-100,B,202207,9,0,257
E1,M07,100-0,ALL,SF-100,B,202207,9,0,3670
E1,M07,100-0,A,SF-100,B,202208,10,1,1292
E1,M07,100-0,B,SF-100,B,202208,10,1,912
E1,M07,100-0,C,SF-100,B,202208,10,0,760
E1,M07,100-0,D,SF-100,B,202208,10,0,570
E1,M07,100-0,E,SF-100,B,202208,10,0,266
E1,M07,100-0,ALL,SF-100,B,202208,10,2,3800
E1,M07,100-0,A,SF-100,B,202209,11,3,1336
E1,M07,100-0,B,SF-100,B,202209,11,3,943
E1,M07,100-0,C,SF-100,B,202209,11,0,786
E1,M07,100-0,D,SF-100,B,202209,11,0,590
E1,M07,100-0,E,SF-100,B,202209,11,0,275
E1,M07,100-0,ALL,SF-100,B,202209,11,6,3930
E1,M07,100-0,A,SF-100,B,202210,12,2,1380
E1,M07,100-0,B,SF-100,B,202210,12,0,974
E1,M07,100-0,C,SF-100,B,202210,12,1,812
E1,M07,100-0,D,SF-100,B,202210,12,1,609
E1,M07,100-0,E,SF-100,B,202210,12,0,284
E1,M07,100-0,ALL,SF-100,B,202210,12,4,4060
E1,M07,100-0,A,SF-100,B,202211,13,2,1425
E1,M07,100-0,B,SF-100,B,202211,13,0,1006
E1,M07,100-0,C,SF-100,B,202211,13,2,838
E1,M07,100-0,D,SF-100,B,202211,13,1,628
E1,M07,100-0,E,SF-100,B,202211,13,0,293
E1,M07,100-0,ALL,SF-100,B,202211,13,5,4190
E1,M07,100-0,A,SF-100,B,202212,14,1,1469
E1,M07,100-0,B,SF-100,B,202212,14,0,1037
E1,M07,100-0,C,SF-100,B,202212,14,0,864
E1,M07,100-0,D,SF-100,B,202212,14,1,648
E1,M07,100-0,E,SF-100,B,202212,14,0,302
E1,M07,100-0,ALL,SF-100,B,202212,14,2,4320
E1,M07,100-0,A,SF-100,B,202301,15,2,1513
E1,M07,100-0,B,SF-100,B,202301,15,0,1068
E1,M07,100-0,C,SF-100,B,202301,15,1,890
E1,M07,100-0,D,SF-100,B,202301,15,1,668
E1,M07,100-0,E,SF-100,B,202301,15,1,312
E1,M07,100-0,ALL,SF-100,B,202301,15,5,4450
E1,M07,100-0,A,SF-100,B,202302,16,3,1557
E1,M07,100-0,B,SF-100,B,202302,16,1,1099
E1,M07,100-0,C,SF-100,B,202302,16,1,916
E1,M07,100-0,D,SF-100,B,202302,16,1,687
E1,M07,100-0,E,SF-100,B,202302,16,1,321
E1,M07,100-0,ALL,SF-100,B,202302,16,7,4580
E1,M07,100-0,A,SF-100,B,202303,17,3,1601
E1,M07,100-0,B,SF-100,B,202303,17,1,1130
E1,M07,100-0,C,SF-100,B,202303,17,0,942
E1,M07,100-0,D,SF-100,B,202303,17,1,706
E1,M07,100-0,E,SF-100,B,202303,17,0,330
E1,M07,100-0,ALL,SF-100,B,202303,17,5,4710
E1,M07,100-0,A,SF-100,B,202304,18,3,1646
E1,M07,100-0,B,SF-100,B,202304,18,1,1162
E1,M07,100-0,C,SF-100,B,202304,18,0,968
E1,M07,100-0,D,SF-100,B,202304,18,2,726
E1,M07,100-0,E,SF-100,B,202304,18,1,339
E1,M07,100-0,ALL,SF-100,B,202304,18,7,4840
E1,M07,100-0,A,SF-100,B,202305,19,2,1690
E1,M07,100-0,B,SF-100,B,202305,19,3,1193
E1,M07,100-0,C,SF-100,B,202305,19,4,994
E1,M07,100-0,D,SF-100,B,202305,19,1,746
E1,M07,100-0,E,SF-100,B,202305,19,0,348
E1,M07,100-0,ALL,SF-100,B,202305,19,10,4970
E1,M07,100-0,A,SF-100,B,202306,20,3,1734
E1,M07,100-0,B,SF-100,B,202306,20,3,1224
E1,M07,100-0,C,SF-100,B,202306,20,0,1020
E1,M07,100-0,D,SF-100,B,202306,20,1,765
E1,M07,100-0,E,SF-100,B,202306,20,1,357
E1,M07,100-0,ALL,SF-100,B,202306,20,8,5100
E1,M07,100-0,A,SF-100,B,202307,21,2,1778
E1,M07,100-0,B,SF-100,B,202307,21,3,1255
E1,M07,100-0,C,SF-100,B,202307,21,1,1046
E1,M07,100-0,D,SF-100,B,202307,21,1,784
E1,M07,100-0,E,SF-100,B,202307,21,0,366
E1,M07,100-0,ALL,SF-100,B,202307,21,7,5230
E1,M07,100-0,A,SF-100,B,202308,22,3,1822
E1,M07,100-0,B,SF-100,B,202308,22,1,1286
E1,M07,100-0,C,SF-100,B,202308,22,1,1072
E1,M07,100-0,D,SF-100,B,202308,22,2,804
E1,M07,100-0,E,SF-100,B,202308,22,0,375
E1,M07,100-0,ALL,SF-100,B,202308,22,7,5360
E1,M07,100-0,A,SF-100,B,202309,23,1,1867
E1,M07,100-0,B,SF-100,B,202309,23,0,1318
E1,M07,100-0,C,SF-100,B,202309,23,0,1098
E1,M07,100-0,D,SF-100,B,202309,23,3,824
E1,M07,100-0,E,SF-100,B,202309,23,0,384
E1,M07,100-0,ALL,SF-100,B,202309,23,4,5490
E1,M07,100-0,A,SF-100,B,202310,24,0,1911
E1,M07,100-0,B,SF-100,B,202310,24,0,1349
E1,M07,100-0,C,SF-100,B,202310,24,2,1124
E1,M07,100-0,D,SF-100,B,202310,24,1,843
E1,M07,100-0,E,SF-100,B,202310,24,0,393
E1,M07,100-0,ALL,SF-100,B,202310,24,3,5620
E1,M07,100-0,A,SF-100,B,202311,25,2,1955
E1,M07,100-0,B,SF-100,B,202311,25,1,1380
E1,M07,100-0,C,SF-100,B,202311,25,0,1150
E1,M07,100-0,D,SF-100,B,202311,25,1,862
E1,M07,100-0,E,SF-100,B,202311,25,0,403
E1,M07,100-0,ALL,SF-100,B,202311,25,4,5750
E1,M07,100-0,A,SF-100,B,202312,26,4,1999
E1,M07,100-0,B,SF-100,B,202312,26,1,1411
E1,M07,100-0,C,SF-100,B,202312,26,1,1176
E1,M07,100-0,D,SF-100,B,202312,26,0,882
E1,M07,100-0,E,SF-100,B,202312,26,2,412
E1,M07,100-0,ALL,SF-100,B,202312,26,8,5880
E1,M07,100-0,A,SF-100,B,202401,27,0,2043
E1,M07,100-0,B,SF-100,B,202401,27,1,1442
E1,M07,100-0,C,SF-100,B,202401,27,3,1202
E1,M07,100-0,D,SF-100,B,202401,27,2,902
E1,M07,100-0,E,SF-100,B,202401,27,1,421
E1,M07,100-0,ALL,SF-100,B,202401,27,7,6010
E1,M07,100-0,A,SF-100,B,202402,28,4,2088
E1,M07,100-0,B,SF-100,B,202402,28,2,1474
E1,M07,100-0,C,SF-100,B,202402,28,1,1228
E1,M07,100-0,D,SF-100,B,202402,28,1,921
E1,M07,100-0,E,SF-100,B,202402,28,0,430
E1,M07,100-0,ALL,SF-100,B,202402,28,8,6140
E1,M07,100-0,A,SF-100,B,202403,29,1,2132
E1,M07,100-0,B,SF-100,B,202403,29,2,1505
E1,M07,100-0,C,SF-100,B,202403,29,2,1254
E1,M07,100-0,D,SF-100,B,202403,29,0,940
E1,M07,100-0,E,SF-100,B,202403,29,0,439
E1,M07,100-0,ALL,SF-100,B,202403,29,5,6270
E1,M07,100-0,A,SF-100,B,202404,30,0,2176
E1,M07,100-0,B,SF-100,B,202404,30,2,1536
E1,M07,100-0,C,SF-100,B,202404,30,0,1280
E1,M07,100-0,D,SF-100,B,202404,30,1,960
E1,M07,100-0,E,SF-100,B,202404,30,1,448
E1,M07,100-0,ALL,SF-100,B,202404,30,4,6400
E1,M07,100-0,A,SF-100,B,202405,31,2,2220
E1,M07,100-0,B,SF-100,B,202405,31,4,1567
E1,M07,100-0,C,SF-100,B,202405,31,2,1306
E1,M07,100-0,D,SF-100,B,202405,31,3,980
E1,M07,100-0,E,SF-100,B,202405,31,2,457
E1,M07,100-0,ALL,SF-100,B,202405,31,13,6530
E1,M07,100-0,A,SF-100,B,202406,32,3,2264
E1,M07,100-0,B,SF-100,B,202406,32,3,1598
E1,M07,100-0,C,SF-100,B,202406,32,2,1332
E1,M07,100-0,D,SF-100,B,202406,32,1,999
E1,M07,100-0,E,SF-100,B,202406,32,1,466
E1,M07,100-0,ALL,SF-100,B,202406,32,10,6660
E1,M07,100-0,A,SF-100,B,202407,33,6,2309
E1,M07,100-0,B,SF-100,B,202407,33,0,1630
E1,M07,100-0,C,SF-100,B,202407,33,2,1358
E1,M07,100-0,D,SF-100,B,202407,33,0,1018
E1,M07,100-0,E,SF-100,B,202407,33,0,475
E1,M07,100-0,ALL,SF-100,B,202407,33,8,6790
E1,M07,100-0,A,SF-100,B,202408,34,3,2353
E1,M07,100-0,B,SF-100,B,202408,34,1,1661
E1,M07,100-0,C,SF-100,B,202408,34,5,1384
E1,M07,100-0,D,SF-100,B,202408,34,2,1038
E1,M07,100-0,E,SF-100,B,202408,34,2,484
E1,M07,100-0,ALL,SF-100,B,202408,34,13,6920
E1,M07,100-0,A,SF-100,B,202409,35,3,2397
E1,M07,100-0,B,SF-100,B,202409,35,4,1692
E1,M07,100-0,C,SF-100,B,202409,35,2,1410
E1,M07,100-0,D,SF-100,B,202409,35,1,1058
E1,M07,100-0,E,SF-100,B,202409,35,1,494
E1,M07,100-0,ALL,SF-100,B,202409,35,11,7050
E1,M07,100-0,A,SF-100,B,202410,36,0,2441
E1,M07,100-0,B,SF-100,B,202410,36,2,1723
E1,M07,100-0,C,SF-100,B,202410,36,2,1436
E1,M07,100-0,D,SF-100,B,202410,36,1,1077
E1,M07,100-0,E,SF-100,B,202410,36,0,503
E1,M07,100-0,ALL,SF-100,B,202410,36,5,7180
E1,M07,100-0,A,SF-100,B,202411,37,3,2485
E1,M07,100-0,B,SF-100,B,202411,37,4,1754
E1,M07,100-0,C,SF-100,B,202411,37,0,1462
E1,M07,100-0,D,SF-100,B,202411,37,4,1096
E1,M07,100-0,E,SF-100,B,202411,37,0,512
E1,M07,100-0,ALL,SF-100,B,202411,37,11,7310
E1,M07,100-0,A,SF-100,B,202412,38,3,2530
E1,M07,100-0,B,SF-100,B,202412,38,4,1786
E1,M07,100-0,C,SF-100,B,202412,38,6,1488
E1,M07,100-0,D,SF-100,B,202412,38,1,1116
E1,M07,100-0,E,SF-100,B,202412,38,1,521
E1,M07,100-0,ALL,SF-100,B,202412,38,15,7440
E1,M07,101-0,A,SF-101,B,202110,0,1,850
E1,M07,101-0,B,SF-101,B,202110,0,1,600
E1,M07,101-0,C,SF-101,B,202110,0,1,500
E1,M07,101-0,ALL,SF-101,B,202110,0,3,2500
E1,M07,101-0,B,SF-101,B,202111,1,2,631
E1,M07,101-0,ALL,SF-101,B,202111,1,2,2630
E1,M07,101-0,A,SF-101,B,202112,2,0,938
E1,M07,101-0,B,SF-101,B,202112,2,0,662
E1,M07,101-0,C,SF-101,B,202112,2,0,552
E1,M07,101-0,D,SF-101,B,202112,2,1,414
E1,M07,101-0,ALL,SF-101,B,202112,2,1,2760
E1,M07,101-0,A,SF-101,B,202201,3,1,983
E1,M07,101-0,B,SF-101,B,202201,3,0,694
E1,M07,101-0,C,SF-101,B,202201,3,0,578
E1,M07,101-0,D,SF-101,B,202201,3,0,434
E1,M07,101-0,ALL,SF-101,B,202201,3,1,2890
E1,M07,101-0,A,SF-101,B,202202,4,2,1027
E1,M07,101-0,B,SF-101,B,202202,4,2,725
E1,M07,101-0,C,SF-101,B,202202,4,0,604
E1,M07,101-0,D,SF-101,B,202202,4,2,453
E1,M07,101-0,ALL,SF-101,B,202202,4,6,3020
E1,M07,101-0,A,SF-101,B,202203,5,3,1071
E1,M07,101-0,B,SF-101,B,202203,5,1,756
E1,M07,101-0,C,SF-101,B,202203,5,1,630
E1,M07,101-0,D,SF-101,B,202203,5,1,472
E1,M07,101-0,ALL,SF-101,B,202203,5,6,3150
E1,M07,101-0,A,SF-101,B,202204,6,0,1115
E1,M07,101-0,B,SF-101,B,202204,6,0,787
E1,M07,101-0,C,SF-101,B,202204,6,0,656
E1,M07,101-0,D,SF-101,B,202204,6,0,492
E1,M07,101-0,ALL,SF-101,B,202204,6,0,3280
E1,M07,101-0,A,SF-101,B,202205,7,0,1159
E1,M07,101-0,B,SF-101,B,202205,7,1,818
E1,M07,101-0,C,SF-101,B,202205,7,0,682
E1,M07,101-0,D,SF-101,B,202205,7,0,512
E1,M07,101-0,ALL,SF-101,B,202205,7,1,3410
E1,M07,101-0,A,SF-101,B,202206,8,0,1204
E1,M07,101-0,B,SF-101,B,202206,8,1,850
E1,M07,101-0,C,SF-101,B,202206,8,0,708
E1,M07,101-0,D,SF-101,B,202206,8,1,531
E1,M07,101-0,E,SF-101,B,202206,8,0,248
E1,M07,101-0,ALL,SF-101,B,202206,8,2,3540
E1,M07,101-0,A,SF-101,B,202207,9,0,1248
E1,M07,101-0,B,SF-101,B,202207,9,1,881
E1,M07,101-0,C,SF-101,B,202207,9,0,734
E1,M07,101-0,D,SF-101,B,202207,9,0,550
E1,M07,101-0,E,SF-101,B,202207,9,0,257
E1,M07,101-0,ALL,SF-101,B,202207,9,1,3670
E1,M07,101-0,A,SF-101,B,202208,10,2,1292
E1,M07,101-0,B,SF-101,B,202208,10,3,912
E1,M07,101-0,C,SF-101,B,202208,10,0,760
E1,M07,101-0,D,SF-101,B,202208,10,1,570
E1,M07,101-0,E,SF-101,B,202208,10,0,266
E1,M07,101-0,ALL,SF-101,B,202208,10,6,3800
E1,M07,101-0,A,SF-101,B,202209,11,2,1336
E1,M07,101-0,B,SF-101,B,202209,11,2,943
E1,M07,101-0,C,SF-101,B,202209,11,0,786
E1,M07,101-0,D,SF-101,B,202209,11,0,590
E1,M07,101-0,E,SF-101,B,202209,11,0,275
E1,M07,101-0,ALL,SF-101,B,202209,11,4,3930
E1,M07,101-0,A,SF-101,B,202210,12,0,1380
E1,M07,101-0,B,SF-101,B,202210,12,0,974
E1,M07,101-0,C,SF-101,B,202210,12,0,812
E1,M07,101-0,D,SF-101,B,202210,12,0,609
E1,M07,101-0,E,SF-101,B,202210,12,0,284
E1,M07,101-0,ALL,SF-101,B,202210,12,0,4060
E1,M07,101-0,A,SF-101,B,202211,13,1,1425
E1,M07,101-0,B,SF-101,B,202211,13,1,1006
E1,M07,101-0,C,SF-101,B,202211,13,1,838
E1,M07,101-0,D,SF-101,B,202211,13,1,628
E1,M07,101-0,E,SF-101,B,202211,13,0,293
E1,M07,101-0,ALL,SF-101,B,202211,13,4,4190
E1,M07,101-0,A,SF-101,B,202212,14,2,1469
E1,M07,101-0,B,SF-101,B,202212,14,0,1037
E1,M07,101-0,C,SF-101,B,202212,14,0,864
E1,M07,101-0,D,SF-101,B,202212,14,0,648
E1,M07,101-0,E,SF-101,B,202212,14,0,302
E1,M07,101-0,ALL,SF-101,B,202212,14,2,4320
E1,M07,101-0,A,SF-101,B,202301,15,1,1513
E1,M07,101-0,B,SF-101,B,202301,15,3,1068
E1,M07,101-0,C,SF-101,B,202301,15,0,890
E1,M07,101-0,D,SF-101,B,202301,15,1,668
E1,M07,101-0,E,SF-101,B,202301,15,0,312
E1,M07,101-0,ALL,SF-101,B,202301,15,5,4450
E1,M07,101-0,A,SF-101,B,202302,16,2,1557
E1,M07,101-0,B,SF-101,B,202302,16,1,1099
E1,M07,101-0,C,SF-101,B,202302,16,0,916
E1,M07,101-0,D,SF-101,B,202302,16,0,687
E1,M07,101-0,E,SF-101,B,202302,16,1,321
E1,M07,101-0,ALL,SF-101,B,202302,16,4,4580
E1,M07,101-0,A,SF-101,B,202303,17,1,1601
E1,M07,101-0,B,SF-101,B,202303,17,5,1130
E1,M07,101-0,C,SF-101,B,202303,17,1,942
E1,M07,101-0,D,SF-101,B,202303,17,0,706
E1,M07,101-0,E,SF-101,B,202303,17,0,330
E1,M07,101-0,ALL,SF-101,B,202303,17,7,4710
E1,M07,101-0,A,SF-101,B,202304,18,0,1646
E1,M07,101-0,B,SF-101,B,202304,18,0,1162
E1,M07,101-0,C,SF-101,B,202304,18,0,968
E1,M07,101-0,D,SF-101,B,202304,18,1,726
E1,M07,101-0,E,SF-101,B,202304,18,0,339
E1,M07,101-0,ALL,SF-101,B,202304,18,1,4840
E1,M07,101-0,A,SF-101,B,202305,19,0,1690
E1,M07,101-0,B,SF-101,B,202305,19,3,1193
E1,M07,101-0,C,SF-101,B,202305,19,0,994
E1,M07,101-0,D,SF-101,B,202305,19,0,746
E1,M07,101-0,E,SF-101,B,202305,19,0,348
E1,M07,101-0,ALL,SF-101,B,202305,19,3,4970
E1,M07,101-0,A,SF-101,B,202306,20,0,1734
E1,M07,101-0,B,SF-101,B,202306,20,3,1224
E1,M07,101-0,C,SF-101,B,202306,20,1,1020
E1,M07,101-0,D,SF-101,B,202306,20,0,765
E1,M07,101-0,E,SF-101,B,202306,20,0,357
E1,M07,101-0,ALL,SF-101,B,202306,20,4,5100
E1,M07,101-0,A,SF-101,B,202307,21,2,1778
E1,M07,101-0,B,SF-101,B,202307,21,1,1255
E1,M07,101-0,C,SF-101,B,202307,21,0,1046
E1,M07,101-0,D,SF-101,B,202307,21,1,784
E1,M07,101-0,E,SF-101,B,202307,21,0,366
E1,M07,101-0,ALL,SF-101,B,202307,21,4,5230
E1,M07,101-0,A,SF-101,B,202308,22,1,1822
E1,M07,101-0,B,SF-101,B,202308,22,0,1286
E1,M07,101-0,C,SF-101,B,202308,22,0,1072
E1,M07,101-0,D,SF-101,B,202308,22,0,804
E1,M07,101-0,E,SF-101,B,202308,22,0,375
E1,M07,101-0,ALL,SF-101,B,202308,22,1,5360
E1,M07,101-0,A,SF-101,B,202309,23,1,1867
E1,M07,101-0,B,SF-101,B,202309,23,2,1318
E1,M07,101-0,C,SF-101,B,202309,23,2,1098
E1,M07,101-0,D,SF-101,B,202309,23,0,824
E1,M07,101-0,E,SF-101,B,202309,23,0,384
E1,M07,101-0,ALL,SF-101,B,202309,23,5,5490
E1,M07,101-0,A,SF-101,B,202310,24,0,1911
E1,M07,101-0,B,SF-101,B,202310,24,1,1349
E1,M07,101-0,C,SF-101,B,202310,24,0,1124
E1,M07,101-0,D,SF-101,B,202310,24,0,843
E1,M07,101-0,E,SF-101,B,202310,24,0,393
E1,M07,101-0,ALL,SF-101,B,202310,24,1,5620
E1,M07,101-0,A,SF-101,B,202311,25,3,1955
E1,M07,101-0,B,SF-101,B,202311,25,3,1380
E1,M07,101-0,C,SF-101,B,202311,25,3,1150
E1,M07,101-0,D,SF-101,B,202311,25,0,862
E1,M07,101-0,E,SF-101,B,202311,25,0,403
E1,M07,101-0,ALL,SF-101,B,202311,25,9,5750
E1,M07,101-0,A,SF-101,B,202312,26,1,1999
E1,M07,101-0,B,SF-101,B,202312,26,1,1411
E1,M07,101-0,C,SF-101,B,202312,26,0,1176
E1,M07,101-0,D,SF-101,B,202312,26,1,882
E1,M07,101-0,E,SF-101,B,202312,26,2,412
E1,M07,101-0,ALL,SF-101,B,202312,26,5,5880
E1,M07,101-0,A,SF-101,B,202401,27,2,2043
E1,M07,101-0,B,SF-101,B,202401,27,0,1442
E1,M07,101-0,C,SF-101,B,202401,27,2,1202
E1,M07,101-0,D,SF-101,B,202401,27,1,902
E1,M07,101-0,E,SF-101,B,202401,27,1,421
E1,M07,101-0,ALL,SF-101,B,202401,27,6,6010
E1,M07,101-0,A,SF-101,B,202402,28,2,2088
E1,M07,101-0,B,SF-101,B,202402,28,2,1474
E1,M07,101-0,C,SF-101,B,202402,28,1,1228
E1,M07,101-0,D,SF-101,B,202402,28,0,921
E1,M07,101-0,E,SF-101,B,202402,28,1,430
E1,M07,101-0,ALL,SF-101,B,202402,28,6,6140
E1,M07,101-0,A,SF-101,B,202403,29,0,2132
E1,M07,101-0,B,SF-101,B,202403,29,0,1505
E1,M07,101-0,C,SF-101,B,202403,29,0,1254
E1,M07,101-0,D,SF-101,B,202403,29,1,940
E1,M07,101-0,E,SF-101,B,202403,29,0,439
E1,M07,101-0,ALL,SF-101,B,202403,29,1,6270
E1,M07,101-0,A,SF-101,B,202404,30,4,2176
E1,M07,101-0,B,SF-101,B,202404,30,0,1536
E1,M07,101-0,C,SF-101,B,202404,30,2,1280
E1,M07,101-0,D,SF-101,B,202404,30,0,960
E1,M07,101-0,E,SF-101,B,202404,30,0,448
E1,M07,101-0,ALL,SF-101,B,202404,30,6,6400
E1,M07,101-0,A,SF-101,B,202405,31,2,2220
E1,M07,101-0,B,SF-101,B,202405,31,3,1567
E1,M07,101-0,C,SF-101,B,202405,31,1,1306
E1,M07,101-0,D,SF-101,B,202405,31,2,980
E1,M07,101-0,E,SF-101,B,202405,31,0,457
E1,M07,101-0,ALL,SF-101,B,202405,31,8,6530
E1,M07,101-0,A,SF-101,B,202406,32,1,2264
E1,M07,101-0,B,SF-101,B,202406,32,0,1598
E1,M07,101-0,C,SF-101,B,202406,32,1,1332
E1,M07,101-0,D,SF-101,B,202406,32,1,999
E1,M07,101-0,E,SF-101,B,202406,32,0,466
E1,M07,101-0,ALL,SF-101,B,202406,32,3,6660
E1,M07,101-0,A,SF-101,B,202407,33,1,2309
E1,M07,101-0,B,SF-101,B,202407,33,0,1630
E1,M07,101-0,C,SF-101,B,202407,33,2,1358
E1,M07,101-0,D,SF-101,B,202407,33,0,1018
E1,M07,101-0,E,SF-101,B,202407,33,1,475
E1,M07,101-0,ALL,SF-101,B,202407,33,4,6790
E1,M07,101-0,A,SF-101,B,202408,34,0,2353
E1,M07,101-0,B,SF-101,B,202408,34,1,1661
E1,M07,101-0,C,SF-101,B,202408,34,2,1384
E1,M07,101-0,D,SF-101,B,202408,34,2,1038
E1,M07,101-0,E,SF-101,B,202408,34,0,484
E1,M07,101-0,ALL,SF-101,B,202408,34,5,6920
E1,M07,101-0,A,SF-101,B,202409,35,2,2397
E1,M07,101-0,B,SF-101,B,202409,35,1,1692
E1,M07,101-0,C,SF-101,B,202409,35,1,1410
E1,M07,101-0,D,SF-101,B,202409,35,4,1058
E1,M07,101-0,E,SF-101,B,202409,35,0,494
E1,M07,101-0,ALL,SF-101,B,202409,35,8,7050
E1,M07,101-0,A,SF-101,B,202410,36,4,2441
E1,M07,101-0,B,SF-101,B,202410,36,1,1723
E1,M07,101-0,C,SF-101,B,202410,36,1,1436
E1,M07,101-0,D,SF-101,B,202410,36,0,1077
E1,M07,101-0,E,SF-101,B,202410,36,0,503
E1,M07,101-0,ALL,SF-101,B,202410,36,6,7180
E1,M07,101-0,A,SF-101,B,202411,37,2,2485
E1,M07,101-0,B,SF-101,B,202411,37,1,1754
E1,M07,101-0,C,SF-101,B,202411,37,0,1462
E1,M07,101-0,D,SF-101,B,202411,37,0,1096
E1,M07,101-0,E,SF-101,B,202411,37,0,512
E1,M07,101-0,ALL,SF-101,B,202411,37,3,7310
E1,M07,101-0,A,SF-101,B,202412,38,2,2530
E1,M07,101-0,B,SF-101,B,202412,38,1,1786
E1,M07,101-0,C,SF-101,B,202412,38,1,1488
E1,M07,101-0,D,SF-101,B,202412,38,1,1116
E1,M07,101-0,E,SF-101,B,202412,38,0,521
E1,M07,101-0,ALL,SF-101,B,202412,38,5,7440
E1,M07,102-0,A,SF-102,B,202110,0,2,850
E1,M07,102-0,ALL,SF-102,B,202110,0,2,2500
E1,M07,102-0,A,SF-102,B,202111,1,3,894
E1,M07,102-0,ALL,SF-102,B,202111,1,3,2630
E1,M07,102-0,A,SF-102,B,202112,2,0,938
E1,M07,102-0,B,SF-102,B,202112,2,0,662
E1,M07,102-0,C,SF-102,B,202112,2,2,552
E1,M07,102-0,D,SF-102,B,202112,2,0,414
E1,M07,102-0,ALL,SF-102,B,202112,2,2,2760
E1,M07,102-0,A,SF-102,B,202201,3,3,983
E1,M07,102-0,B,SF-102,B,202201,3,4,694
E1,M07,102-0,C,SF-102,B,202201,3,1,578
E1,M07,102-0,D,SF-102,B,202201,3,2,434
E1,M07,102-0,ALL,SF-102,B,202201,3,10,2890
E1,M07,102-0,A,SF-102,B,202202,4,2,1027
E1,M07,102-0,B,SF-102,B,202202,4,2,725
E1,M07,102-0,C,SF-102,B,202202,4,0,604
E1,M07,102-0,D,SF-102,B,202202,4,1,453
E1,M07,102-0,ALL,SF-102,B,202202,4,5,3020
E1,M07,102-0,A,SF-102,B,202203,5,0,1071
E1,M07,102-0,B,SF-102,B,202203,5,2,756
E1,M07,102-0,C,SF-102,B,202203,5,0,630
E1,M07,102-0,D,SF-102,B,202203,5,0,472
E1,M07,102-0,ALL,SF-102,B,202203,5,2,3150
E1,M07,102-0,A,SF-102,B,202204,6,1,1115
E1,M07,102-0,B,SF-102,B,202204,6,0,787
E1,M07,102-0,C,SF-102,B,202204,6,1,656
E1,M07,102-0,D,SF-102,B,202204,6,1,492
E1,M07,102-0,ALL,SF-102,B,202204,6,3,3280
E1,M07,102-0,A,SF-102,B,202205,7,1,1159
E1,M07,102-0,B,SF-102,B,202205,7,1,818
E1,M07,102-0,C,SF-102,B,202205,7,0,682
E1,M07,102-0,D,SF-102,B,202205,7,0,512
E1,M07,102-0,ALL,SF-102,B,202205,7,2,3410
E1,M07,102-0,A,SF-102,B,202206,8,0,1204
E1,M07,102-0,B,SF-102,B,202206,8,1,850
E1,M07,102-0,C,SF-102,B,202206,8,0,708
E1,M07,102-0,D,SF-102,B,202206,8,0,531
E1,M07,102-0,E,SF-102,B,202206,8,0,248
E1,M07,102-0,ALL,SF-102,B,202206,8,1,3540
E1,M07,102-0,A,SF-102,B,202207,9,0,1248
E1,M07,102-0,B,SF-102,B,202207,9,4,881
E1,M07,102-0,C,SF-102,B,202207,9,1,734
E1,M07,102-0,D,SF-102,B,202207,9,0,550
E1,M07,102-0,E,SF-102,B,202207,9,0,257
E1,M07,102-0,ALL,SF-102,B,202207,9,5,3670
E1,M07,102-0,A,SF-102,B,202208,10,1,1292
E1,M07,102-0,B,SF-102,B,202208,10,2,912
E1,M07,102-0,C,SF-102,B,202208,10,1,760
E1,M07,102-0,D,SF-102,B,202208,10,1,570
E1,M07,102-0,E,SF-102,B,202208,10,0,266
E1,M07,102-0,ALL,SF-102,B,202208,10,5,3800
E1,M07,102-0,A,SF-102,B,202209,11,2,1336
E1,M07,102-0,B,SF-102,B,202209,11,0,943
E1,M07,102-0,C,SF-102,B,202209,11,1,786
E1,M07,102-0,D,SF-102,B,202209,11,0,590
E1,M07,102-0,E,SF-102,B,202209,11,0,275
E1,M07,102-0,ALL,SF-102,B,202209,11,3,3930
E1,M07,102-0,A,SF-102,B,202210,12,0,1380
E1,M07,102-0,B,SF-102,B,202210,12,2,974
E1,M07,102-0,C,SF-102,B,202210,12,0,812
E1,M07,102-0,D,SF-102,B,202210,12,2,609
E1,M07,102-0,E,SF-102,B,202210,12,0,284
E1,M07,102-0,ALL,SF-102,B,202210,12,4,4060
E1,M07,102-0,A,SF-102,B,202211,13,2,1425
E1,M07,102-0,B,SF-102,B,202211,13,2,1006
E1,M07,102-0,C,SF-102,B,202211,13,0,838
E1,M07,102-0,D,SF-102,B,202211,13,0,628
E1,M07,102-0,E,SF-102,B,202211,13,0,293
E1,M07,102-0,ALL,SF-102,B,202211,13,4,4190
E1,M07,102-0,A,SF-102,B,202212,14,3,1469
E1,M07,102-0,B,SF-102,B,202212,14,0,1037
E1,M07,102-0,C,SF-102,B,202212,14,2,864
E1,M07,102-0,D,SF-102,B,202212,14,1,648
E1,M07,102-0,E,SF-102,B,202212,14,1,302
E1,M07,102-0,ALL,SF-102,B,202212,14,7,4320
E1,M07,102-0,A,SF-102,B,202301,15,1,1513
E1,M07,102-0,B,SF-102,B,202301,15,2,1068
E1,M07,102-0,C,SF-102,B,202301,15,2,890
E1,M07,102-0,D,SF-102,B,202301,15,1,668
E1,M07,102-0,E,SF-102,B,202301,15,0,312
E1,M07,102-0,ALL,SF-102,B,202301,15,6,4450
E1,M07,102-0,A,SF-102,B,202302,16,1,1557
E1,M07,102-0,B,SF-102,B,202302,16,0,1099
E1,M07,102-0,C,SF-102,B,202302,16,0,916
E1,M07,102-0,D,SF-102,B,202302,16,0,687
E1,M07,102-0,E,SF-102,B,202302,16,1,321
E1,M07,102-0,ALL,SF-102,B,202302,16,2,4580
E1,M07,102-0,A,SF-102,B,202303,17,4,1601
E1,M07,102-0,B,SF-102,B,202303,17,0,1130
E1,M07,102-0,C,SF-102,B,202303,17,0,942
E1,M07,102-0,D,SF-102,B,202303,17,3,706
E1,M07,102-0,E,SF-102,B,202303,17,1,330
E1,M07,102-0,ALL,SF-102,B,202303,17,8,4710
E1,M07,102-0,A,SF-102,B,202304,18,0,1646
E1,M07,102-0,B,SF-102,B,202304,18,0,1162
E1,M07,102-0,C,SF-102,B,202304,18,2,968
E1,M07,102-0,D,SF-102,B,202304,18,0,726
E1,M07,102-0,E,SF-102,B,202304,18,0,339
E1,M07,102-0,ALL,SF-102,B,202304,18,2,4840
E1,M07,102-0,A,SF-102,B,202305,19,2,1690
E1,M07,102-0,B,SF-102,B,202305,19,2,1193
E1,M07,102-0,C,SF-102,B,202305,19,0,994
E1,M07,102-0,D,SF-102,B,202305,19,1,746
E1,M07,102-0,E,SF-102,B,202305,19,0,348
E1,M07,102-0,ALL,SF-102,B,202305,19,5,4970
E1,M07,102-0,A,SF-102,B,202306,20,1,1734
E1,M07,102-0,B,SF-102,B,202306,20,1,1224
E1,M07,102-0,C,SF-102,B,202306,20,2,1020
E1,M07,102-0,D,SF-102,B,202306,20,1,765
E1,M07,102-0,E,SF-102,B,202306,20,0,357
E1,M07,102-0,ALL,SF-102,B,202306,20,5,5100
E1,M07,102-0,A,SF-102,B,202307,21,4,1778
E1,M07,102-0,B,SF-102,B,202307,21,2,1255
E1,M07,102-0,C,SF-102,B,202307,21,2,1046
E1,M07,102-0,D,SF-102,B,202307,21,0,784
E1,M07,102-0,E,SF-102,B,202307,21,1,366
E1,M07,102-0,ALL,SF-102,B,202307,21,9,5230
E1,M07,102-0,A,SF-102,B,202308,22,2,1822
E1,M07,102-0,B,SF-102,B,202308,22,0,1286
E1,M07,102-0,C,SF-102,B,202308,22,0,1072
E1,M07,102-0,D,SF-102,B,202308,22,0,804
E1,M07,102-0,E,SF-102,B,202308,22,1,375
E1,M07,102-0,ALL,SF-102,B,202308,22,3,5360
E1,M07,102-0,A,SF-102,B,202309,23,4,1867
E1,M07,102-0,B,SF-102,B,202309,23,1,1318
E1,M07,102-0,C,SF-102,B,202309,23,3,1098
E1,M07,102-0,D,SF-102,B,202309,23,0,824
E1,M07,102-0,E,SF-102,B,202309,23,0,384
E1,M07,102-0,ALL,SF-102,B,202309,23,8,5490
E1,M07,102-0,A,SF-102,B,202310,24,4,1911
E1,M07,102-0,B,SF-102,B,202310,24,0,1349
E1,M07,102-0,C,SF-102,B,202310,24,2,1124
E1,M07,102-0,D,SF-102,B,202310,24,2,843
E1,M07,102-0,E,SF-102,B,202310,24,1,393
E1,M07,102-0,ALL,SF-102,B,202310,24,9,5620
E1,M07,102-0,A,SF-102,B,202311,25,1,1955
E1,M07,102-0,B,SF-102,B,202311,25,2,1380
E1,M07,102-0,C,SF-102,B,202311,25,3,1150
E1,M07,102-0,D,SF-102,B,202311,25,1,862
E1,M07,102-0,E,SF-102,B,202311,25,0,403
E1,M07,102-0,ALL,SF-102,B,202311,25,7,5750
E1,M07,102-0,A,SF-102,B,202312,26,0,1999
E1,M07,102-0,B,SF-102,B,202312,26,3,1411
E1,M07,102-0,C,SF-102,B,202312,26,0,1176
E1,M07,102-0,D,SF-102,B,202312,26,1,882
E1,M07,102-0,E,SF-102,B,202312,26,1,412
E1,M07,102-0,ALL,SF-102,B,202312,26,5,5880
E1,M07,102-0,A,SF-102,B,202401,27,5,2043
E1,M07,102-0,B,SF-102,B,202401,27,1,1442
E1,M07,102-0,C,SF-102,B,202401,27,3,1202
E1,M07,102-0,D,SF-102,B,202401,27,0,902
E1,M07,102-0,E,SF-102,B,202401,27,0,421
E1,M07,102-0,ALL,SF-102,B,202401,27,9,6010
E1,M07,102-0,A,SF-102,B,202402,28,3,2088
E1,M07,102-0,B,SF-102,B,202402,28,5,1474
E1,M07,102-0,C,SF-102,B,202402,28,3,1228
E1,M07,102-0,D,SF-102,B,202402,28,2,921
E1,M07,102-0,E,SF-102,B,202402,28,0,430
E1,M07,102-0,ALL,SF-102,B,202402,28,13,6140
E1,M07,102-0,A,SF-102,B,202403,29,3,2132
E1,M07,102-0,B,SF-102,B,202403,29,1,1505
E1,M07,102-0,C,SF-102,B,202403,29,4,1254
E1,M07,102-0,D,SF-102,B,202403,29,2,940
E1,M07,102-0,E,SF-102,B,202403,29,1,439
E1,M07,102-0,ALL,SF-102,B,202403,29,11,6270
E1,M07,102-0,A,SF-102,B,202404,30,2,2176
E1,M07,102-0,B,SF-102,B,202404,30,1,1536
E1,M07,102-0,C,SF-102,B,202404,30,2,1280
E1,M07,102-0,D,SF-102,B,202404,30,0,960
E1,M07,102-0,E,SF-102,B,202404,30,0,448
E1,M07,102-0,ALL,SF-102,B,202404,30,5,6400
E1,M07,102-0,A,SF-102,B,202405,31,0,2220
E1,M07,102-0,B,SF-102,B,202405,31,2,1567
E1,M07,102-0,C,SF-102,B,202405,31,1,1306
E1,M07,102-0,D,SF-102,B,202405,31,1,980
E1,M07,102-0,E,SF-102,B,202405,31,0,457
E1,M07,102-0,ALL,SF-102,B,202405,31,4,6530
E1,M07,102-0,A,SF-102,B,202406,32,2,2264
E1,M07,102-0,B,SF-102,B,202406,32,3,1598
E1,M07,102-0,C,SF-102,B,202406,32,0,1332
E1,M07,102-0,D,SF-102,B,202406,32,0,999
E1,M07,102-0,E,SF-102,B,202406,32,0,466
E1,M07,102-0,ALL,SF-102,B,202406,32,5,6660
E1,M07,102-0,A,SF-102,B,202407,33,3,2309
E1,M07,102-0,B,SF-102,B,202407,33,1,1630
E1,M07,102-0,C,SF-102,B,202407,33,1,1358
E1,M07,102-0,D,SF-102,B,202407,33,1,1018
E1,M07,102-0,E,SF-102,B,202407,33,0,475
E1,M07,102-0,ALL,SF-102,B,202407,33,6,6790
E1,M07,102-0,A,SF-102,B,202408,34,2,2353
E1,M07,102-0,B,SF-102,B,202408,34,4,1661
E1,M07,102-0,C,SF-102,B,202408,34,0,1384
E1,M07,102-0,D,SF-102,B,202408,34,4,1038
E1,M07,102-0,E,SF-102,B,202408,34,0,484
E1,M07,102-0,ALL,SF-102,B,202408,34,10,6920
E1,M07,102-0,A,SF-102,B,202409,35,5,2397
E1,M07,102-0,B,SF-102,B,202409,35,2,1692
E1,M07,102-0,C,SF-102,B,202409,35,3,1410
E1,M07,102-0,D,SF-102,B,202409,35,0,1058
E1,M07,102-0,E,SF-102,B,202409,35,0,494
E1,M07,102-0,ALL,SF-102,B,202409,35,10,7050
E1,M07,102-0,A,SF-102,B,202410,36,1,2441
E1,M07,102-0,B,SF-102,B,202410,36,4,1723
E1,M07,102-0,C,SF-102,B,202410,36,0,1436
E1,M07,102-0,D,SF-102,B,202410,36,1,1077
E1,M07,102-0,E,SF-102,B,202410,36,1,503
E1,M07,102-0,ALL,SF-102,B,202410,36,7,7180
E1,M07,102-0,A,SF-102,B,202411,37,1,2485
E1,M07,102-0,B,SF-102,B,202411,37,1,1754
E1,M07,102-0,C,SF-102,B,202411,37,3,1462
E1,M07,102-0,D,SF-102,B,202411,37,0,1096
E1,M07,102-0,E,SF-102,B,202411,37,2,512
E1,M07,102-0,ALL,SF-102,B,202411,37,7,7310
E1,M07,102-0,A,SF-102,B,202412,38,2,2530
E1,M07,102-0,B,SF-102,B,202412,38,0,1786
E1,M07,102-0,C,SF-102,B,202412,38,1,1488
E1,M07,102-0,D,SF-102,B,202412,38,1,1116
E1,M07,102-0,E,SF-102,B,202412,38,0,521
E1,M07,102-0,ALL,SF-102,B,202412,38,4,7440
E1,M07,103-0,A,SF-103,B,202110,0,2,850
E1,M07,103-0,B,SF-103,B,202110,0,2,600
E1,M07,103-0,ALL,SF-103,B,202110,0,4,2500
E1,M07,103-1,A,SF-103,B,202110,0,2,850
E1,M07,103-1,D,SF-103,B,202110,0,1,375
E1,M07,103-1,ALL,SF-103,B,202110,0,3,2500
E1,M07,103-0,D,SF-103,B,202111,1,1,394
E1,M07,103-0,ALL,SF-103,B,202111,1,1,2630
E1,M07,103-1,A,SF-103,B,202111,1,1,894
E1,M07,103-1,B,SF-103,B,202111,1,2,631
E1,M07,103-1,C,SF-103,B,202111,1,2,526
E1,M07,103-1,ALL,SF-103,B,202111,1,5,2630
E1,M07,103-0,A,SF-103,B,202112,2,1,938
E1,M07,103-0,B,SF-103,B,202112,2,0,662
E1,M07,103-0,C,SF-103,B,202112,2,1,552
E1,M07,103-0,D,SF-103,B,202112,2,0,414
E1,M07,103-0,ALL,SF-103,B,202112,2,2,2760
E1,M07,103-1,A,SF-103,B,202112,2,0,938
E1,M07,103-1,B,SF-103,B,202112,2,0,662
E1,M07,103-1,C,SF-103,B,202112,2,2,552
E1,M07,103-1,D,SF-103,B,202112,2,0,414
E1,M07,103-1,ALL,SF-103,B,202112,2,2,2760
E1,M07,103-0,A,SF-103,B,202201,3,0,983
E1,M07,103-0,B,SF-103,B,202201,3,0,694
E1,M07,103-0,C,SF-103,B,202201,3,0,578
E1,M07,103-0,D,SF-103,B,202201,3,0,434
E1,M07,103-0,ALL,SF-103,B,202201,3,0,2890
E1,M07,103-1,A,SF-103,B,202201,3,2,983
E1,M07,103-1,B,SF-103,B,202201,3,2,694
E1,M07,103-1,C,SF-103,B,202201,3,0,578
E1,M07,103-1,D,SF-103,B,202201,3,0,434
E1,M07,103-1,ALL,SF-103,B,202201,3,4,2890
E1,M07,103-0,A,SF-103,B,202202,4,0,1027
E1,M07,103-0,B,SF-103,B,202202,4,2,725
E1,M07,103-0,C,SF-103,B,202202,4,0,604
E1,M07,103-0,D,SF-103,B,202202,4,0,453
E1,M07,103-0,ALL,SF-103,B,202202,4,2,3020
E1,M07,103-1,A,SF-103,B,202202,4,0,1027
E1,M07,103-1,B,SF-103,B,202202,4,0,725
E1,M07,103-1,C,SF-103,B,202202,4,1,604
E1,M07,103-1,D,SF-103,B,202202,4,0,453
E1,M07,103-1,ALL,SF-103,B,202202,4,1,3020
E1,M07,103-0,A,SF-103,B,202203,5,0,1071
E1,M07,103-0,B,SF-103,B,202203,5,1,756
E1,M07,103-0,C,SF-103,B,202203,5,1,630
E1,M07,103-0,D,SF-103,B,202203,5,0,472
E1,M07,103-0,ALL,SF-103,B,202203,5,2,3150
E1,M07,103-1,A,SF-103,B,202203,5,1,1071
E1,M07,103-1,B,SF-103,B,202203,5,1,756
E1,M07,103-1,C,SF-103,B,202203,5,0,630
E1,M07,103-1,D,SF-103,B,202203,5,1,472
E1,M07,103-1,ALL,SF-103,B,202203,5,3,3150
E1,M07,103-0,A,SF-103,B,202204,6,0,1115
E1,M07,103-0,B,SF-103,B,202204,6,0,787
E1,M07,103-0,C,SF-103,B,202204,6,0,656
E1,M07,103-0,D,SF-103,B,202204,6,0,492
E1,M07,103-0,ALL,SF-103,B,202204,6,0,3280
E1,M07,103-1,A,SF-103,B,202204,6,2,1115
E1,M07,103-1,B,SF-103,B,202204,6,1,787
E1,M07,103-1,C,SF-103,B,202204,6,1,656
E1,M07,103-1,D,SF-103,B,202204,6,0,492
E1,M07,103-1,ALL,SF-103,B,202204,6,4,3280
E1,M07,103-0,A,SF-103,B,202205,7,0,1159
E1,M07,103-0,B,SF-103,B,202205,7,0,818
E1,M07,103-0,C,SF-103,B,202205,7,1,682
E1,M07,103-0,D,SF-103,B,202205,7,2,512
E1,M07,103-0,ALL,SF-103,B,202205,7,3,3410
E1,M07,103-1,A,SF-103,B,202205,7,0,1159
E1,M07,103-1,B,SF-103,B,202205,7,1,818
E1,M07,103-1,C,SF-103,B,202205,7,2,682
E1,M07,103-1,D,SF-103,B,202205,7,0,512
E1,M07,103-1,ALL,SF-103,B,202205,7,3,3410
E1,M07,103-0,A,SF-103,B,202206,8,0,1204
E1,M07,103-0,B,SF-103,B,202206,8,1,850
E1,M07,103-0,C,SF-103,B,202206,8,0,708
E1,M07,103-0,D,SF-103,B,202206,8,0,531
E1,M07,103-0,E,SF-103,B,202206,8,0,248
E1,M07,103-0,ALL,SF-103,B,202206,8,1,3540
E1,M07,103-1,A,SF-103,B,202206,8,0,1204
E1,M07,103-1,B,SF-103,B,202206,8,1,850
E1,M07,103-1,C,SF-103,B,202206,8,0,708
E1,M07,103-1,D,SF-103,B,202206,8,1,531
E1,M07,103-1,E,SF-103,B,202206,8,0,248
E1,M07,103-1,ALL,SF-103,B,202206,8,2,3540
E1,M07,103-0,A,SF-103,B,202207,9,1,1248
E1,M07,103-0,B,SF-103,B,202207,9,0,881
E1,M07,103-0,C,SF-103,B,202207,9,0,734
E1,M07,103-0,D,SF-103,B,202207,9,0,550
E1,M07,103-0,E,SF-103,B,202207,9,0,257
E1,M07,103-0,ALL,SF-103,B,202207,9,1,3670
E1,M07,103-1,A,SF-103,B,202207,9,2,1248
E1,M07,103-1,B,SF-103,B,202207,9,1,881
E1,M07,103-1,C,SF-103,B,202207,9,1,734
E1,M07,103-1,D,SF-103,B,202207,9,0,550
E1,M07,103-1,E,SF-103,B,202207,9,0,257
E1,M07,103-1,ALL,SF-103,B,202207,9,4,3670
E1,M07,103-0,A,SF-103,B,202208,10,2,1292
E1,M07,103-0,B,SF-103,B,202208,10,2,912
E1,M07,103-0,C,SF-103,B,202208,10,0,760
E1,M07,103-0,D,SF-103,B,202208,10,0,570
E1,M07,103-0,E,SF-103,B,202208,10,0,266
E1,M07,103-0,ALL,SF-103,B,202208,10,4,3800
E1,M07,103-1,A,SF-103,B,202208,10,2,1292
E1,M07,103-1,B,SF-103,B,202208,10,0,912
E1,M07,103-1,C,SF-103,B,202208,10,2,760
E1,M07,103-1,D,SF-103,B,202208,10,0,570
E1,M07,103-1,E,SF-103,B,202208,10,0,266
E1,M07,103-1,ALL,SF-103,B,202208,10,4,3800
E1,M07,103-0,A,SF-103,B,202209,11,0,1336
E1,M07,103-0,B,SF-103,B,202209,11,2,943
E1,M07,103-0,C,SF-103,B,202209,11,0,786
E1,M07,103-0,D,SF-103,B,202209,11,1,590
E1,M07,103-0,E,SF-103,B,202209,11,0,275
E1,M07,103-0,ALL,SF-103,B,202209,11,3,3930
E1,M07,103-1,A,SF-103,B,202209,11,1,1336
E1,M07,103-1,B,SF-103,B,202209,11,0,943
E1,M07,103-1,C,SF-103,B,202209,11,1,786
E1,M07,103-1,D,SF-103,B,202209,11,0,590
E1,M07,103-1,E,SF-103,B,202209,11,0,275
E1,M07,103-1,ALL,SF-103,B,202209,11,2,3930
E1,M07,103-0,A,SF-103,B,202210,12,0,1380
E1,M07,103-0,B,SF-103,B,202210,12,2,974
E1,M07,103-0,C,SF-103,B,202210,12,0,812
E1,M07,103-0,D,SF-103,B,202210,12,2,609
E1,M07,103-0,E,SF-103,B,202210,12,0,284
E1,M07,103-0,ALL,SF-103,B,202210,12,4,4060
E1,M07,103-1,A,SF-103,B,202210,12,0,1380
E1,M07,103-1,B,SF-103,B,202210,12,0,974
E1,M07,103-1,C,SF-103,B,202210,12,1,812
E1,M07,103-1,D,SF-103,B,202210,12,0,609
E1,M07,103-1,E,SF-103,B,202210,12,1,284
E1,M07,103-1,ALL,SF-103,B,202210,12,2,4060
E1,M07,103-0,A,SF-103,B,202211,13,1,1425
E1,M07,103-0,B,SF-103,B,202211,13,1,1006
E1,M07,103-0,C,SF-103,B,202211,13,0,838
E1,M07,103-0,D,SF-103,B,202211,13,1,628
E1,M07,103-0,E,SF-103,B,202211,13,2,293
E1,M07,103-0,ALL,SF-103,B,202211,13,5,4190
E1,M07,103-1,A,SF-103,B,202211,13,1,1425
E1,M07,103-1,B,SF-103,B,202211,13,1,1006
E1,M07,103-1,C,SF-103,B,202211,13,0,838
E1,M07,103-1,D,SF-103,B,202211,13,0,628
E1,M07,103-1,E,SF-103,B,202211,13,0,293
E1,M07,103-1,ALL,SF-103,B,202211,13,2,4190
E1,M07,103-0,A,SF-103,B,202212,14,2,1469
E1,M07,103-0,B,SF-103,B,202212,14,1,1037
E1,M07,103-0,C,SF-103,B,202212,14,0,864
E1,M07,103-0,D,SF-103,B,202212,14,0,648
E1,M07,103-0,E,SF-103,B,202212,14,0,302
E1,M07,103-0,ALL,SF-103,B,202212,14,3,4320
E1,M07,103-1,A,SF-103,B,202212,14,1,1469
E1,M07,103-1,B,SF-103,B,202212,14,1,1037
E1,M07,103-1,C,SF-103,B,202212,14,0,864
E1,M07,103-1,D,SF-103,B,202212,14,0,648
E1,M07,103-1,E,SF-103,B,202212,14,0,302
E1,M07,103-1,ALL,SF-103,B,202212,14,2,4320
E1,M07,103-0,A,SF-103,B,202301,15,2,1513
E1,M07,103-0,B,SF-103,B,202301,15,0,1068
E1,M07,103-0,C,SF-103,B,202301,15,1,890
E1,M07,103-0,D,SF-103,B,202301,15,0,668
E1,M07,103-0,E,SF-103,B,202301,15,0,312
E1,M07,103-0,ALL,SF-103,B,202301,15,3,4450
E1,M07,103-1,A,SF-103,B,202301,15,0,1513
E1,M07,103-1,B,SF-103,B,202301,15,0,1068
E1,M07,103-1,C,SF-103,B,202301,15,0,890
E1,M07,103-1,D,SF-103,B,202301,15,0,668
E1,M07,103-1,E,SF-103,B,202301,15,0,312
E1,M07,103-1,ALL,SF-103,B,202301,15,0,4450
E1,M07,103-0,A,SF-103,B,202302,16,3,1557
E1,M07,103-0,B,SF-103,B,202302,16,1,1099
E1,M07,103-0,C,SF-103,B,202302,16,1,916
E1,M07,103-0,D,SF-103,B,202302,16,3,687
E1,M07,103-0,E,SF-103,B,202302,16,0,321
E1,M07,103-0,ALL,SF-103,B,202302,16,8,4580
E1,M07,103-1,A,SF-103,B,202302,16,1,1557
E1,M07,103-1,B,SF-103,B,202302,16,2,1099
E1,M07,103-1,C,SF-103,B,202302,16,0,916
E1,M07,103-1,D,SF-103,B,202302,16,2,687
E1,M07,103-1,E,SF-103,B,202302,16,0,321
E1,M07,103-1,ALL,SF-103,B,202302,16,5,4580
E1,M07,103-0,A,SF-103,B,202303,17,2,1601
E1,M07,103-0,B,SF-103,B,202303,17,0,1130
E1,M07,103-0,C,SF-103,B,202303,17,1,942
E1,M07,103-0,D,SF-103,B,202303,17,1,706
E1,M07,103-0,E,SF-103,B,202303,17,0,330
E1,M07,103-0,ALL,SF-103,B,202303,17,4,4710
E1,M07,103-1,A,SF-103,B,202303,17,2,1601
E1,M07,103-1,B,SF-103,B,202303,17,0,1130
E1,M07,103-1,C,SF-103,B,202303,17,2,942
E1,M07,103-1,D,SF-103,B,202303,17,1,706
E1,M07,103-1,E,SF-103,B,202303,17,1,330
E1,M07,103-1,ALL,SF-103,B,202303,17,6,4710
E1,M07,103-0,A,SF-103,B,202304,18,2,1646
E1,M07,103-0,B,SF-103,B,202304,18,0,1162
E1,M07,103-0,C,SF-103,B,202304,18,0,968
E1,M07,103-0,D,SF-103,B,202304,18,1,726
E1,M07,103-0,E,SF-103,B,202304,18,0,339
E1,M07,103-0,ALL,SF-103,B,202304,18,3,4840
E1,M07,103-1,A,SF-103,B,202304,18,2,1646
E1,M07,103-1,B,SF-103,B,202304,18,1,1162
E1,M07,103-1,C,SF-103,B,202304,18,3,968
E1,M07,103-1,D,SF-103,B,202304,18,0,726
E1,M07,103-1,E,SF-103,B,202304,18,0,339
E1,M07,103-1,ALL,SF-103,B,202304,18,6,4840
E1,M07,103-0,A,SF-103,B,202305,19,2,1690
E1,M07,103-0,B,SF-103,B,202305,19,0,1193
E1,M07,103-0,C,SF-103,B,202305,19,1,994
E1,M07,103-0,D,SF-103,B,202305,19,0,746
E1,M07,103-0,E,SF-103,B,202305,19,0,348
E1,M07,103-0,ALL,SF-103,B,202305,19,3,4970
E1,M07,103-1,A,SF-103,B,202305,19,1,1690
E1,M07,103-1,B,SF-103,B,202305,19,0,1193
E1,M07,103-1,C,SF-103,B,202305,19,0,994
E1,M07,103-1,D,SF-103,B,202305,19,0,746
E1,M07,103-1,E,SF-103,B,202305,19,2,348
E1,M07,103-1,ALL,SF-103,B,202305,19,3,4970
E1,M07,103-0,A,SF-103,B,202306,20,1,1734
E1,M07,103-0,B,SF-103,B,202306,20,1,1224
E1,M07,103-0,C,SF-103,B,202306,20,1,1020
E1,M07,103-0,D,SF-103,B,202306,20,0,765
E1,M07,103-0,E,SF-103,B,202306,20,1,357
E1,M07,103-0,ALL,SF-103,B,202306,20,4,5100
E1,M07,103-1,A,SF-103,B,202306,20,0,1734
E1,M07,103-1,B,SF-103,B,202306,20,0,1224
E1,M07,103-1,C,SF-103,B,202306,20,0,1020
E1,M07,103-1,D,SF-103,B,202306,20,0,765
E1,M07,103-1,E,SF-103,B,202306,20,0,357
E1,M07,103-1,ALL,SF-103,B,202306,20,0,5100
E1,M07,103-0,A,SF-103,B,202307,21,4,1778
E1,M07,103-0,B,SF-103,B,202307,21,1,1255
E1,M07,103-0,C,SF-103,B,202307,21,0,1046
E1,M07,103-0,D,SF-103,B,202307,21,1,784
E1,M07,103-0,E,SF-103,B,202307,21,0,366
E1,M07,103-0,ALL,SF-103,B,202307,21,6,5230
E1,M07,103-1,A,SF-103,B,202307,21,2,1778
E1,M07,103-1,B,SF-103,B,202307,21,1,1255
E1,M07,103-1,C,SF-103,B,202307,21,2,1046
E1,M07,103-1,D,SF-103,B,202307,21,0,784
E1,M07,103-1,E,SF-103,B,202307,21,0,366
E1,M07,103-1,ALL,SF-103,B,202307,21,5,5230
E1,M07,103-0,A,SF-103,B,202308,22,1,1822
E1,M07,103-0,B,SF-103,B,202308,22,1,1286
E1,M07,103-0,C,SF-103,B,202308,22,3,1072
E1,M07,103-0,D,SF-103,B,202308,22,1,804
E1,M07,103-0,E,SF-103,B,202308,22,1,375
E1,M07,103-0,ALL,SF-103,B,202308,22,7,5360
E1,M07,103-1,A,SF-103,B,202308,22,2,1822
E1,M07,103-1,B,SF-103,B,202308,22,0,1286
E1,M07,103-1,C,SF-103,B,202308,22,2,1072
E1,M07,103-1,D,SF-103,B,202308,22,1,804
E1,M07,103-1,E,SF-103,B,202308,22,0,375
E1,M07,103-1,ALL,SF-103,B,202308,22,5,5360
E1,M07,103-0,A,SF-103,B,202309,23,1,1867
E1,M07,103-0,B,SF-103,B,202309,23,1,1318
E1,M07,103-0,C,SF-103,B,202309,23,1,1098
E1,M07,103-0,D,SF-103,B,202309,23,1,824
E1,M07,103-0,E,SF-103,B,202309,23,1,384
E1,M07,103-0,ALL,SF-103,B,202309,23,5,5490
E1,M07,103-1,A,SF-103,B,202309,23,2,1867
E1,M07,103-1,B,SF-103,B,202309,23,1,1318
E1,M07,103-1,C,SF-103,B,202309,23,0,1098
E1,M07,103-1,D,SF-103,B,202309,23,1,824
E1,M07,103-1,E,SF-103,B,202309,23,0,384
E1,M07,103-1,ALL,SF-103,B,202309,23,4,5490
E1,M07,103-0,A,SF-103,B,202310,24,3,1911
E1,M07,103-0,B,SF-103,B,202310,24,2,1349
E1,M07,103-0,C,SF-103,B,202310,24,0,1124
E1,M07,103-0,D,SF-103,B,202310,24,0,843
E1,M07,103-0,E,SF-103,B,202310,24,1,393
E1,M07,103-0,ALL,SF-103,B,202310,24,6,5620
E1,M07,103-1,A,SF-103,B,202310,24,4,1911
E1,M07,103-1,B,SF-103,B,202310,24,1,1349
E1,M07,103-1,C,SF-103,B,202310,24,0,1124
E1,M07,103-1,D,SF-103,B,202310,24,0,843
E1,M07,103-1,E,SF-103,B,202310,24,1,393
E1,M07,103-1,ALL,SF-103,B,202310,24,6,5620
E1,M07,103-0,A,SF-103,B,202311,25,1,1955
E1,M07,103-0,B,SF-103,B,202311,25,0,1380
E1,M07,103-0,C,SF-103,B,202311,25,1,1150
E1,M07,103-0,D,SF-103,B,202311,25,0,862
E1,M07,103-0,E,SF-103,B,202311,25,0,403
E1,M07,103-0,ALL,SF-103,B,202311,25,2,5750
E1,M07,103-1,A,SF-103,B,202311,25,1,1955
E1,M07,103-1,B,SF-103,B,202311,25,0,1380
E1,M07,103-1,C,SF-103,B,202311,25,2,1150
E1,M07,103-1,D,SF-103,B,202311,25,0,862
E1,M07,103-1,E,SF-103,B,202311,25,0,403
E1,M07,103-1,ALL,SF-103,B,202311,25,3,5750
E1,M07,103-0,A,SF-103,B,202312,26,2,1999
E1,M07,103-0,B,SF-103,B,202312,26,0,1411
E1,M07,103-0,C,SF-103,B,202312,26,1,1176
E1,M07,103-0,D,SF-103,B,202312,26,2,882
E1,M07,103-0,E,SF-103,B,202312,26,0,412
E1,M07,103-0,ALL,SF-103,B,202312,26,5,5880
E1,M07,103-1,A,SF-103,B,202312,26,1,1999
E1,M07,103-1,B,SF-103,B,202312,26,3,1411
E1,M07,103-1,C,SF-103,B,202312,26,0,1176
E1,M07,103-1,D,SF-103,B,202312,26,0,882
E1,M07,103-1,E,SF-103,B,202312,26,0,412
E1,M07,103-1,ALL,SF-103,B,202312,26,4,5880
E1,M07,103-0,A,SF-103,B,202401,27,2,2043
E1,M07,103-0,B,SF-103,B,202401,27,1,1442
E1,M07,103-0,C,SF-103,B,202401,27,1,1202
E1,M07,103-0,D,SF-103,B,202401,27,0,902
E1,M07,103-0,E,SF-103,B,202401,27,0,421
E1,M07,103-0,ALL,SF-103,B,202401,27,4,6010
E1,M07,103-1,A,SF-103,B,202401,27,2,2043
E1,M07,103-1,B,SF-103,B,202401,27,0,1442
E1,M07,103-1,C,SF-103,B,202401,27,3,1202
E1,M07,103-1,D,SF-103,B,202401,27,0,902
E1,M07,103-1,E,SF-103,B,202401,27,1,421
E1,M07,103-1,ALL,SF-103,B,202401,27,6,6010
E1,M07,103-0,A,SF-103,B,202402,28,2,2088
E1,M07,103-0,B,SF-103,B,202402,28,1,1474
E1,M07,103-0,C,SF-103,B,202402,28,0,1228
E1,M07,103-0,D,SF-103,B,202402,28,0,921
E1,M07,103-0,E,SF-103,B,202402,28,0,430
E1,M07,103-0,ALL,SF-103,B,202402,28,3,6140
E1,M07,103-1,A,SF-103,B,202402,28,3,2088
E1,M07,103-1,B,SF-103,B,202402,28,4,1474
E1,M07,103-1,C,SF-103,B,202402,28,1,1228
E1,M07,103-1,D,SF-103,B,202402,28,0,921
E1,M07,103-1,E,SF-103,B,202402,28,0,430
E1,M07,103-1,ALL,SF-103,B,202402,28,8,6140
E1,M07,103-0,A,SF-103,B,202403,29,6,2132
E1,M07,103-0,B,SF-103,B,202403,29,1,1505
E1,M07,103-0,C,SF-103,B,202403,29,0,1254
E1,M07,103-0,D,SF-103,B,202403,29,0,940
E1,M07,103-0,E,SF-103,B,202403,29,0,439
E1,M07,103-0,ALL,SF-103,B,202403,29,7,6270
E1,M07,103-1,A,SF-103,B,202403,29,3,2132
E1,M07,103-1,B,SF-103,B,202403,29,0,1505
E1,M07,103-1,C,SF-103,B,202403,29,1,1254
E1,M07,103-1,D,SF-103,B,202403,29,0,940
E1,M07,103-1,E,SF-103,B,202403,29,0,439
E1,M07,103-1,ALL,SF-103,B,202403,29,4,6270
E1,M07,103-0,A,SF-103,B,202404,30,2,2176
E1,M07,103-0,B,SF-103,B,202404,30,0,1536
E1,M07,103-0,C,SF-103,B,202404,30,1,1280
E1,M07,103-0,D,SF-103,B,202404,30,1,960
E1,M07,103-0,E,SF-103,B,202404,30,0,448
E1,M07,103-0,ALL,SF-103,B,202404,30,4,6400
E1,M07,103-1,A,SF-103,B,202404,30,2,2176
E1,M07,103-1,B,SF-103,B,202404,30,1,1536
E1,M07,103-1,C,SF-103,B,202404,30,2,1280
E1,M07,103-1,D,SF-103,B,202404,30,0,960
E1,M07,103-1,E,SF-103,B,202404,30,0,448
E1,M07,103-1,ALL,SF-103,B,202404,30,5,6400
E1,M07,103-0,A,SF-103,B,202405,31,1,2220
E1,M07,103-0,B,SF-103,B,202405,31,2,1567
E1,M07,103-0,C,SF-103,B,202405,31,1,1306
E1,M07,103-0,D,SF-103,B,202405,31,0,980
E1,M07,103-0,E,SF-103,B,202405,31,1,457
E1,M07,103-0,ALL,SF-103,B,202405,31,5,6530
E1,M07,103-1,A,SF-103,B,202405,31,0,2220
E1,M07,103-1,B,SF-103,B,202405,31,1,1567
E1,M07,103-1,C,SF-103,B,202405,31,0,1306
E1,M07,103-1,D,SF-103,B,202405,31,1,980
E1,M07,103-1,E,SF-103,B,202405,31,1,457
E1,M07,103-1,ALL,SF-103,B,202405,31,3,6530
E1,M07,103-0,A,SF-103,B,202406,32,1,2264
E1,M07,103-0,B,SF-103,B,202406,32,0,1598
E1,M07,103-0,C,SF-103,B,202406,32,1,1332
E1,M07,103-0,D,SF-103,B,202406,32,0,999
E1,M07,103-0,E,SF-103,B,202406,32,1,466
E1,M07,103-0,ALL,SF-103,B,202406,32,3,6660
E1,M07,103-1,A,SF-103,B,202406,32,0,2264
E1,M07,103-1,B,SF-103,B,202406,32,1,1598
E1,M07,103-1,C,SF-103,B,202406,32,0,1332
E1,M07,103-1,D,SF-103,B,202406,32,0,999
E1,M07,103-1,E,SF-103,B,202406,32,0,466
E1,M07,103-1,ALL,SF-103,B,202406,32,1,6660
E1,M07,103-0,A,SF-103,B,202407,33,1,2309
E1,M07,103-0,B,SF-103,B,202407,33,1,1630
E1,M07,103-0,C,SF-103,B,202407,33,2,1358
E1,M07,103-0,D,SF-103,B,202407,33,0,1018
E1,M07,103-0,E,SF-103,B,202407,33,0,475
E1,M07,103-0,ALL,SF-103,B,202407,33,4,6790
E1,M07,103-1,A,SF-103,B,202407,33,0,2309
E1,M07,103-1,B,SF-103,B,202407,33,1,1630
E1,M07,103-1,C,SF-103,B,202407,33,2,1358
E1,M07,103-1,D,SF-103,B,202407,33,1,1018
E1,M07,103-1,E,SF-103,B,202407,33,0,475
E1,M07,103-1,ALL,SF-103,B,202407,33,4,6790
E1,M07,103-0,A,SF-103,B,202408,34,3,2353
E1,M07,103-0,B,SF-103,B,202408,34,0,1661
E1,M07,103-0,C,SF-103,B,202408,34,0,1384
E1,M07,103-0,D,SF-103,B,202408,34,0,1038
E1,M07,103-0,E,SF-103,B,202408,34,0,484
E1,M07,103-0,ALL,SF-103,B,202408,34,3,6920
E1,M07,103-1,A,SF-103,B,202408,34,1,2353
E1,M07,103-1,B,SF-103,B,202408,34,0,1661
E1,M07,103-1,C,SF-103,B,202408,34,1,1384
E1,M07,103-1,D,SF-103,B,202408,34,0,1038
E1,M07,103-1,E,SF-103,B,202408,34,0,484
E1,M07,103-1,ALL,SF-103,B,202408,34,2,6920
E1,M07,103-0,A,SF-103,B,202409,35,1,2397
E1,M07,103-0,B,SF-103,B,202409,35,2,1692
E1,M07,103-0,C,SF-103,B,202409,35,0,1410
E1,M07,103-0,D,SF-103,B,202409,35,0,1058
E1,M07,103-0,E,SF-103,B,202409,35,0,494
E1,M07,103-0,ALL,SF-103,B,202409,35,3,7050
E1,M07,103-1,A,SF-103,B,202409,35,4,2397
E1,M07,103-1,B,SF-103,B,202409,35,1,1692
E1,M07,103-1,C,SF-103,B,202409,35,0,1410
E1,M07,103-1,D,SF-103,B,202409,35,0,1058
E1,M07,103-1,E,SF-103,B,202409,35,0,494
E1,M07,103-1,ALL,SF-103,B,202409,35,5,7050
E1,M07,103-0,A,SF-103,B,202410,36,0,2441
E1,M07,103-0,B,SF-103,B,202410,36,3,1723
E1,M07,103-0,C,SF-103,B,202410,36,1,1436
E1,M07,103-0,D,SF-103,B,202410,36,0,1077
E1,M07,103-0,E,SF-103,B,202410,36,0,503
E1,M07,103-0,ALL,SF-103,B,202410,36,4,7180
E1,M07,103-1,A,SF-103,B,202410,36,0,2441
E1,M07,103-1,B,SF-103,B,202410,36,1,1723
E1,M07,103-1,C,SF-103,B,202410,36,0,1436
E1,M07,103-1,D,SF-103,B,202410,36,1,1077
E1,M07,103-1,E,SF-103,B,202410,36,1,503
E1,M07,103-1,ALL,SF-103,B,202410,36,3,7180
E1,M07,103-0,A,SF-103,B,202411,37,2,2485
E1,M07,103-0,B,SF-103,B,202411,37,1,1754
E1,M07,103-0,C,SF-103,B,202411,37,0,1462
E1,M07,103-0,D,SF-103,B,202411,37,1,1096
E1,M07,103-0,E,SF-103,B,202411,37,0,512
E1,M07,103-0,ALL,SF-103,B,202411,37,4,7310
E1,M07,103-1,A,SF-103,B,202411,37,3,2485
E1,M07,103-1,B,SF-103,B,202411,37,1,1754
E1,M07,103-1,C,SF-103,B,202411,37,3,1462
E1,M07,103-1,D,SF-103,B,202411,37,0,1096
E1,M07,103-1,E,SF-103,B,202411,37,0,512
E1,M07,103-1,ALL,SF-103,B,202411,37,7,7310
E1,M07,103-0,A,SF-103,B,202412,38,2,2530
E1,M07,103-0,B,SF-103,B,202412,38,0,1786
E1,M07,103-0,C,SF-103,B,202412,38,2,1488
E1,M07,103-0,D,SF-103,B,202412,38,0,1116
E1,M07,103-0,E,SF-103,B,202412,38,0,521
E1,M07,103-0,ALL,SF-103,B,202412,38,4,7440
E1,M07,103-1,A,SF-103,B,202412,38,1,2530
E1,M07,103-1,B,SF-103,B,202412,38,0,1786
E1,M07,103-1,C,SF-103,B,202412,38,2,1488
E1,M07,103-1,D,SF-103,B,202412,38,2,1116
E1,M07,103-1,E,SF-103,B,202412,38,0,521
E1,M07,103-1,ALL,SF-103,B,202412,38,5,7440
E1,M07,104-0,B,SF-104,B,202110,0,2,600
E1,M07,104-0,C,SF-104,B,202110,0,2,500
E1,M07,104-0,ALL,SF-104,B,202110,0,4,2500
E1,M07,104-1,A,SF-104,B,202110,0,1,850
E1,M07,104-1,C,SF-104,B,202110,0,1,500
E1,M07,104-1,ALL,SF-104,B,202110,0,2,2500
E1,M07,104-0,B,SF-104,B,202111,1,1,631
E1,M07,104-0,ALL,SF-104,B,202111,1,1,2630
E1,M07,104-1,A,SF-104,B,202111,1,3,894
E1,M07,104-1,B,SF-104,B,202111,1,1,631
E1,M07,104-1,C,SF-104,B,202111,1,1,526
E1,M07,104-1,ALL,SF-104,B,202111,1,5,2630
E1,M07,104-0,A,SF-104,B,202112,2,2,938
E1,M07,104-0,B,SF-104,B,202112,2,1,662
E1,M07,104-0,C,SF-104,B,202112,2,1,552
E1,M07,104-0,D,SF-104,B,202112,2,0,414
E1,M07,104-0,ALL,SF-104,B,202112,2,4,2760
E1,M07,104-1,A,SF-104,B,202112,2,2,938
E1,M07,104-1,B,SF-104,B,202112,2,1,662
E1,M07,104-1,C,SF-104,B,202112,2,0,552
E1,M07,104-1,D,SF-104,B,202112,2,2,414
E1,M07,104-1,ALL,SF-104,B,202112,2,5,2760
E1,M07,104-0,A,SF-104,B,202201,3,1,983
E1,M07,104-0,B,SF-104,B,202201,3,1,694
E1,M07,104-0,C,SF-104,B,202201,3,0,578
E1,M07,104-0,D,SF-104,B,202201,3,0,434
E1,M07,104-0,ALL,SF-104,B,202201,3,2,2890
E1,M07,104-1,A,SF-104,B,202201,3,1,983
E1,M07,104-1,B,SF-104,B,202201,3,1,694
E1,M07,104-1,C,SF-104,B,202201,3,0,578
E1,M07,104-1,D,SF-104,B,202201,3,0,434
E1,M07,104-1,ALL,SF-104,B,202201,3,2,2890
E1,M07,104-0,A,SF-104,B,202202,4,1,1027
E1,M07,104-0,B,SF-104,B,202202,4,0,725
E1,M07,104-0,C,SF-104,B,202202,4,0,604
E1,M07,104-0,D,SF-104,B,202202,4,1,453
E1,M07,104-0,ALL,SF-104,B,202202,4,2,3020
E1,M07,104-1,A,SF-104,B,202202,4,1,1027
E1,M07,104-1,B,SF-104,B,202202,4,0,725
E1,M07,104-1,C,SF-104,B,202202,4,1,604
E1,M07,104-1,D,SF-104,B,202202,4,0,453
E1,M07,104-1,ALL,SF-104,B,202202,4,2,3020
E1,M07,104-0,A,SF-104,B,202203,5,0,1071
E1,M07,104-0,B,SF-104,B,202203,5,0,756
E1,M07,104-0,C,SF-104,B,202203,5,0,630
E1,M07,104-0,D,SF-104,B,202203,5,0,472
E1,M07,104-0,ALL,SF-104,B,202203,5,0,3150
E1,M07,104-1,A,SF-104,B,202203,5,1,1071
E1,M07,104-1,B,SF-104,B,202203,5,1,756
E1,M07,104-1,C,SF-104,B,202203,5,1,630
E1,M07,104-1,D,SF-104,B,202203,5,0,472
E1,M07,104-1,ALL,SF-104,B,202203,5,3,3150
E1,M07,104-0,A,SF-104,B,202204,6,0,1115
E1,M07,104-0,B,SF-104,B,202204,6,0,787
E1,M07,104-0,C,SF-104,B,202204,6,0,656
E1,M07,104-0,D,SF-104,B,202204,6,0,492
E1,M07,104-0,ALL,SF-104,B,202204,6,0,3280
E1,M07,104-1,A,SF-104,B,202204,6,1,1115
E1,M07,104-1,B,SF-104,B,202204,6,0,787
E1,M07,104-1,C,SF-104,B,202204,6,1,656
E1,M07,104-1,D,SF-104,B,202204,6,0,492
E1,M07,104-1,ALL,SF-104,B,202204,6,2,3280
E1,M07,104-0,A,SF-104,B,202205,7,1,1159
E1,M07,104-0,B,SF-104,B,202205,7,1,818
E1,M07,104-0,C,SF-104,B,202205,7,1,682
E1,M07,104-0,D,SF-104,B,202205,7,1,512
E1,M07,104-0,ALL,SF-104,B,202205,7,4,3410
E1,M07,104-1,A,SF-104,B,202205,7,1,1159
E1,M07,104-1,B,SF-104,B,202205,7,2,818
E1,M07,104-1,C,SF-104,B,202205,7,1,682
E1,M07,104-1,D,SF-104,B,202205,7,1,512
E1,M07,104-1,ALL,SF-104,B,202205,7,5,3410
E1,M07,104-0,A,SF-104,B,202206,8,0,1204
E1,M07,104-0,B,SF-104,B,202206,8,1,850
E1,M07,104-0,C,SF-104,B,202206,8,0,708
E1,M07,104-0,D,SF-104,B,202206,8,2,531
E1,M07,104-0,E,SF-104,B,202206,8,0,248
E1,M07,104-0,ALL,SF-104,B,202206,8,3,3540
E1,M07,104-1,A,SF-104,B,202206,8,2,1204
E1,M07,104-1,B,SF-104,B,202206,8,0,850
E1,M07,104-1,C,SF-104,B,202206,8,1,708
E1,M07,104-1,D,SF-104,B,202206,8,0,531
E1,M07,104-1,E,SF-104,B,202206,8,0,248
E1,M07,104-1,ALL,SF-104,B,202206,8,3,3540
E1,M07,104-0,A,SF-104,B,202207,9,3,1248
E1,M07,104-0,B,SF-104,B,202207,9,2,881
E1,M07,104-0,C,SF-104,B,202207,9,2,734
E1,M07,104-0,D,SF-104,B,202207,9,0,550
E1,M07,104-0,E,SF-104,B,202207,9,1,257
E1,M07,104-0,ALL,SF-104,B,202207,9,8,3670
E1,M07,104-1,A,SF-104,B,202207,9,1,1248
E1,M07,104-1,B,SF-104,B,202207,9,1,881
E1,M07,104-1,C,SF-104,B,202207,9,3,734
E1,M07,104-1,D,SF-104,B,202207,9,1,550
E1,M07,104-1,E,SF-104,B,202207,9,1,257
E1,M07,104-1,ALL,SF-104,B,202207,9,7,3670
E1,M07,104-0,A,SF-104,B,202208,10,2,1292
E1,M07,104-0,B,SF-104,B,202208,10,1,912
E1,M07,104-0,C,SF-104,B,202208,10,2,760
E1,M07,104-0,D,SF-104,B,202208,10,0,570
E1,M07,104-0,E,SF-104,B,202208,10,0,266
E1,M07,104-0,ALL,SF-104,B,202208,10,5,3800
E1,M07,104-1,A,SF-104,B,202208,10,1,1292
E1,M07,104-1,B,SF-104,B,202208,10,1,912
E1,M07,104-1,C,SF-104,B,202208,10,0,760
E1,M07,104-1,D,SF-104,B,202208,10,0,570
E1,M07,104-1,E,SF-104,B,202208,10,1,266
E1,M07,104-1,ALL,SF-104,B,202208,10,3,3800
E1,M07,104-0,A,SF-104,B,202209,11,4,1336
E1,M07,104-0,B,SF-104,B,202209,11,1,943
E1,M07,104-0,C,SF-104,B,202209,11,0,786
E1,M07,104-0,D,SF-104,B,202209,11,0,590
E1,M07,104-0,E,SF-104,B,202209,11,0,275
E1,M07,104-0,ALL,SF-104,B,202209,11,5,3930
E1,M07,104-1,A,SF-104,B,202209,11,2,1336
E1,M07,104-1,B,SF-104,B,202209,11,0,943
E1,M07,104-1,C,SF-104,B,202209,11,0,786
E1,M07,104-1,D,SF-104,B,202209,11,2,590
E1,M07,104-1,E,SF-104,B,202209,11,1,275
E1,M07,104-1,ALL,SF-104,B,202209,11,5,3930
E1,M07,104-0,A,SF-104,B,202210,12,2,1380
E1,M07,104-0,B,SF-104,B,202210,12,1,974
E1,M07,104-0,C,SF-104,B,202210,12,0,812
E1,M07,104-0,D,SF-104,B,202210,12,1,609
E1,M07,104-0,E,SF-104,B,202210,12,1,284
E1,M07,104-0,ALL,SF-104,B,202210,12,5,4060
E1,M07,104-1,A,SF-104,B,202210,12,0,1380
E1,M07,104-1,B,SF-104,B,202210,12,1,974
E1,M07,104-1,C,SF-104,B,202210,12,1,812
E1,M07,104-1,D,SF-104,B,202210,12,0,609
E1,M07,104-1,E,SF-104,B,202210,12,1,284
E1,M07,104-1,ALL,SF-104,B,202210,12,3,4060
E1,M07,104-0,A,SF-104,B,202211,13,1,1425
E1,M07,104-0,B,SF-104,B,202211,13,1,1006
E1,M07,104-0,C,SF-104,B,202211,13,2,838
E1,M07,104-0,D,SF-104,B,202211,13,1,628
E1,M07,104-0,E,SF-104,B,202211,13,1,293
E1,M07,104-0,ALL,SF-104,B,202211,13,6,4190
E1,M07,104-1,A,SF-104,B,202211,13,2,1425
E1,M07,104-1,B,SF-104,B,202211,13,2,1006
E1,M07,104-1,C,SF-104,B,202211,13,0,838
E1,M07,104-1,D,SF-104,B,202211,13,2,628
E1,M07,104-1,E,SF-104,B,202211,13,0,293
E1,M07,104-1,ALL,SF-104,B,202211,13,6,4190
E1,M07,104-0,A,SF-104,B,202212,14,4,1469
E1,M07,104-0,B,SF-104,B,202212,14,0,1037
E1,M07,104-0,C,SF-104,B,202212,14,1,864
E1,M07,104-0,D,SF-104,B,202212,14,1,648
E1,M07,104-0,E,SF-104,B,202212,14,0,302
E1,M07,104-0,ALL,SF-104,B,202212,14,6,4320
E1,M07,104-1,A,SF-104,B,202212,14,2,1469
E1,M07,104-1,B,SF-104,B,202212,14,0,1037
E1,M07,104-1,C,SF-104,B,202212,14,0,864
E1,M07,104-1,D,SF-104,B,202212,14,0,648
E1,M07,104-1,E,SF-104,B,202212,14,0,302
E1,M07,104-1,ALL,SF-104,B,202212,14,2,4320
E1,M07,104-0,A,SF-104,B,202301,15,1,1513
E1,M07,104-0,B,SF-104,B,202301,15,1,1068
E1,M07,104-0,C,SF-104,B,202301,15,0,890
E1,M07,104-0,D,SF-104,B,202301,15,2,668
E1,M07,104-0,E,SF-104,B,202301,15,1,312
E1,M07,104-0,ALL,SF-104,B,202301,15,5,4450
E1,M07,104-1,A,SF-104,B,202301,15,1,1513
E1,M07,104-1,B,SF-104,B,202301,15,1,1068
E1,M07,104-1,C,SF-104,B,202301,15,1,890
E1,M07,104-1,D,SF-104,B,202301,15,1,668
E1,M07,104-1,E,SF-104,B,202301,15,1,312
E1,M07,104-1,ALL,SF-104,B,202301,15,5,4450
E1,M07,104-0,A,SF-104,B,202302,16,4,1557
E1,M07,104-0,B,SF-104,B,202302,16,1,1099
E1,M07,104-0,C,SF-104,B,202302,16,0,916
E1,M07,104-0,D,SF-104,B,202302,16,0,687
E1,M07,104-0,E,SF-104,B,202302,16,0,321
E1,M07,104-0,ALL,SF-104,B,202302,16,5,4580
E1,M07,104-1,A,SF-104,B,202302,16,2,1557
E1,M07,104-1,B,SF-104,B,202302,16,2,1099
E1,M07,104-1,C,SF-104,B,202302,16,1,916
E1,M07,104-1,D,SF-104,B,202302,16,1,687
E1,M07,104-1,E,SF-104,B,202302,16,0,321
E1,M07,104-1,ALL,SF-104,B,202302,16,6,4580
E1,M07,104-0,A,SF-104,B,202303,17,3,1601
E1,M07,104-0,B,SF-104,B,202303,17,2,1130
E1,M07,104-0,C,SF-104,B,202303,17,0,942
E1,M07,104-0,D,SF-104,B,202303,17,1,706
E1,M07,104-0,E,SF-104,B,202303,17,0,330
E1,M07,104-0,ALL,SF-104,B,202303,17,6,4710
E1,M07,104-1,A,SF-104,B,202303,17,0,1601
E1,M07,104-1,B,SF-104,B,202303,17,0,1130
E1,M07,104-1,C,SF-104,B,202303,17,2,942
E1,M07,104-1,D,SF-104,B,202303,17,0,706
E1,M07,104-1,E,SF-104,B,202303,17,0,330
E1,M07,104-1,ALL,SF-104,B,202303,17,2,4710
E1,M07,104-0,A,SF-104,B,202304,18,1,1646
E1,M07,104-0,B,SF-104,B,202304,18,1,1162
E1,M07,104-0,C,SF-104,B,202304,18,1,968
E1,M07,104-0,D,SF-104,B,202304,18,3,726
E1,M07,104-0,E,SF-104,B,202304,18,0,339
E1,M07,104-0,ALL,SF-104,B,202304,18,6,4840
E1,M07,104-1,A,SF-104,B,202304,18,2,1646
E1,M07,104-1,B,SF-104,B,202304,18,1,1162
E1,M07,104-1,C,SF-104,B,202304,18,1,968
E1,M07,104-1,D,SF-104,B,202304,18,0,726
E1,M07,104-1,E,SF-104,B,202304,18,0,339
E1,M07,104-1,ALL,SF-104,B,202304,18,4,4840
E1,M07,104-0,A,SF-104,B,202305,19,0,1690
E1,M07,104-0,B,SF-104,B,202305,19,2,1193
E1,M07,104-0,C,SF-104,B,202305,19,0,994
E1,M07,104-0,D,SF-104,B,202305,19,0,746
E1,M07,104-0,E,SF-104,B,202305,19,0,348
E1,M07,104-0,ALL,SF-104,B,202305,19,2,4970
E1,M07,104-1,A,SF-104,B,202305,19,2,1690
E1,M07,104-1,B,SF-104,B,202305,19,3,1193
E1,M07,104-1,C,SF-104,B,202305,19,0,994
E1,M07,104-1,D,SF-104,B,202305,19,0,746
E1,M07,104-1,E,SF-104,B,202305,19,0,348
E1,M07,104-1,ALL,SF-104,B,202305,19,5,4970
E1,M07,104-0,A,SF-104,B,202306,20,0,1734
E1,M07,104-0,B,SF-104,B,202306,20,0,1224
E1,M07,104-0,C,SF-104,B,202306,20,2,1020
E1,M07,104-0,D,SF-104,B,202306,20,3,765
E1,M07,104-0,E,SF-104,B,202306,20,0,357
E1,M07,104-0,ALL,SF-104,B,202306,20,5,5100
E1,M07,104-1,A,SF-104,B,202306,20,3,1734
E1,M07,104-1,B,SF-104,B,202306,20,2,1224
E1,M07,104-1,C,SF-104,B,202306,20,1,1020
E1,M07,104-1,D,SF-104,B,202306,20,1,765
E1,M07,104-1,E,SF-104,B,202306,20,1,357
E1,M07,104-1,ALL,SF-104,B,202306,20,8,5100
E1,M07,104-0,A,SF-104,B,202307,21,3,1778
E1,M07,104-0,B,SF-104,B,202307,21,1,1255
E1,M07,104-0,C,SF-104,B,202307,21,0,1046
E1,M07,104-0,D,SF-104,B,202307,21,2,784
E1,M07,104-0,E,SF-104,B,202307,21,0,366
E1,M07,104-0,ALL,SF-104,B,202307,21,6,5230
E1,M07,104-1,A,SF-104,B,202307,21,2,1778
E1,M07,104-1,B,SF-104,B,202307,21,0,1255
E1,M07,104-1,C,SF-104,B,202307,21,1,1046
E1,M07,104-1,D,SF-104,B,202307,21,3,784
E1,M07,104-1,E,SF-104,B,202307,21,0,366
E1,M07,104-1,ALL,SF-104,B,202307,21,6,5230
E1,M07,104-0,A,SF-104,B,202308,22,3,1822
E1,M07,104-0,B,SF-104,B,202308,22,0,1286
E1,M07,104-0,C,SF-104,B,202308,22,1,1072
E1,M07,104-0,D,SF-104,B,202308,22,0,804
E1,M07,104-0,E,SF-104,B,202308,22,1,375
E1,M07,104-0,ALL,SF-104,B,202308,22,5,5360
E1,M07,104-1,A,SF-104,B,202308,22,2,1822
E1,M07,104-1,B,SF-104,B,202308,22,0,1286
E1,M07,104-1,C,SF-104,B,202308,22,8,1072
E1,M07,104-1,D,SF-104,B,202308,22,0,804
E1,M07,104-1,E,SF-104,B,202308,22,1,375
E1,M07,104-1,ALL,SF-104,B,202308,22,11,5360
E1,M07,104-0,A,SF-104,B,202309,23,1,1867
E1,M07,104-0,B,SF-104,B,202309,23,0,1318
E1,M07,104-0,C,SF-104,B,202309,23,0,1098
E1,M07,104-0,D,SF-104,B,202309,23,1,824
E1,M07,104-0,E,SF-104,B,202309,23,0,384
E1,M07,104-0,ALL,SF-104,B,202309,23,2,5490
E1,M07,104-1,A,SF-104,B,202309,23,1,1867
E1,M07,104-1,B,SF-104,B,202309,23,1,1318
E1,M07,104-1,C,SF-104,B,202309,23,2,1098
E1,M07,104-1,D,SF-104,B,202309,23,1,824
E1,M07,104-1,E,SF-104,B,202309,23,0,384
E1,M07,104-1,ALL,SF-104,B,202309,23,5,5490
E1,M07,104-0,A,SF-104,B,202310,24,1,1911
E1,M07,104-0,B,SF-104,B,202310,24,3,1349
E1,M07,104-0,C,SF-104,B,202310,24,0,1124
E1,M07,104-0,D,SF-104,B,202310,24,3,843
E1,M07,104-0,E,SF-104,B,202310,24,1,393
E1,M07,104-0,ALL,SF-104,B,202310,24,8,5620
E1,M07,104-1,A,SF-104,B,202310,24,3,1911
E1,M07,104-1,B,SF-104,B,202310,24,5,1349
E1,M07,104-1,C,SF-104,B,202310,24,0,1124
E1,M07,104-1,D,SF-104,B,202310,24,0,843
E1,M07,104-1,E,SF-104,B,202310,24,0,393
E1,M07,104-1,ALL,SF-104,B,202310,24,8,5620
E1,M07,104-0,A,SF-104,B,202311,25,3,1955
E1,M07,104-0,B,SF-104,B,202311,25,3,1380
E1,M07,104-0,C,SF-104,B,202311,25,0,1150
E1,M07,104-0,D,SF-104,B,202311,25,1,862
E1,M07,104-0,E,SF-104,B,202311,25,0,403
E1,M07,104-0,ALL,SF-104,B,202311,25,7,5750
E1,M07,104-1,A,SF-104,B,202311,25,3,1955
E1,M07,104-1,B,SF-104,B,202311,25,2,1380
E1,M07,104-1,C,SF-104,B,202311,25,3,1150
E1,M07,104-1,D,SF-104,B,202311,25,1,862
E1,M07,104-1,E,SF-104,B,202311,25,0,403
E1,M07,104-1,ALL,SF-104,B,202311,25,9,5750
E1,M07,104-0,A,SF-104,B,202312,26,2,1999
E1,M07,104-0,B,SF-104,B,202312,26,1,1411
E1,M07,104-0,C,SF-104,B,202312,26,1,1176
E1,M07,104-0,D,SF-104,B,202312,26,0,882
E1,M07,104-0,E,SF-104,B,202312,26,1,412
E1,M07,104-0,ALL,SF-104,B,202312,26,5,5880
E1,M07,104-1,A,SF-104,B,202312,26,4,1999
E1,M07,104-1,B,SF-104,B,202312,26,0,1411
E1,M07,104-1,C,SF-104,B,202312,26,2,1176
E1,M07,104-1,D,SF-104,B,202312,26,1,882
E1,M07,104-1,E,SF-104,B,202312,26,0,412
E1,M07,104-1,ALL,SF-104,B,202312,26,7,5880
E1,M07,104-0,A,SF-104,B,202401,27,1,2043
E1,M07,104-0,B,SF-104,B,202401,27,1,1442
E1,M07,104-0,C,SF-104,B,202401,27,2,1202
E1,M07,104-0,D,SF-104,B,202401,27,0,902
E1,M07,104-0,E,SF-104,B,202401,27,0,421
E1,M07,104-0,ALL,SF-104,B,202401,27,4,6010
E1,M07,104-1,A,SF-104,B,202401,27,1,2043
E1,M07,104-1,B,SF-104,B,202401,27,2,1442
E1,M07,104-1,C,SF-104,B,202401,27,2,1202
E1,M07,104-1,D,SF-104,B,202401,27,2,902
E1,M07,104-1,E,SF-104,B,202401,27,0,421
E1,M07,104-1,ALL,SF-104,B,202401,27,7,6010
E1,M07,104-0,A,SF-104,B,202402,28,2,2088
E1,M07,104-0,B,SF-104,B,202402,28,3,1474
E1,M07,104-0,C,SF-104,B,202402,28,0,1228
E1,M07,104-0,D,SF-104,B,202402,28,1,921
E1,M07,104-0,E,SF-104,B,202402,28,0,430
E1,M07,104-0,ALL,SF-104,B,202402,28,6,6140
E1,M07,104-1,A,SF-104,B,202402,28,1,2088
E1,M07,104-1,B,SF-104,B,202402,28,1,1474
E1,M07,104-1,C,SF-104,B,202402,28,0,1228
E1,M07,104-1,D,SF-104,B,202402,28,0,921
E1,M07,104-1,E,SF-104,B,202402,28,0,430
E1,M07,104-1,ALL,SF-104,B,202402,28,2,6140
E1,M07,104-0,A,SF-104,B,202403,29,1,2132
E1,M07,104-0,B,SF-104,B,202403,29,1,1505
E1,M07,104-0,C,SF-104,B,202403,29,1,1254
E1,M07,104-0,D,SF-104,B,202403,29,0,940
E1,M07,104-0,E,SF-104,B,202403,29,1,439
E1,M07,104-0,ALL,SF-104,B,202403,29,4,6270
E1,M07,104-1,A,SF-104,B,202403,29,2,2132
E1,M07,104-1,B,SF-104,B,202403,29,2,1505
E1,M07,104-1,C,SF-104,B,202403,29,0,1254
E1,M07,104-1,D,SF-104,B,202403,29,1,940
E1,M07,104-1,E,SF-104,B,202403,29,0,439
E1,M07,104-1,ALL,SF-104,B,202403,29,5,6270
E1,M07,104-0,A,SF-104,B,202404,30,3,2176
E1,M07,104-0,B,SF-104,B,202404,30,3,1536
E1,M07,104-0,C,SF-104,B,202404,30,0,1280
E1,M07,104-0,D,SF-104,B,202404,30,3,960
E1,M07,104-0,E,SF-104,B,202404,30,0,448
E1,M07,104-0,ALL,SF-104,B,202404,30,9,6400
E1,M07,104-1,A,SF-104,B,202404,30,3,2176
E1,M07,104-1,B,SF-104,B,202404,30,2,1536
E1,M07,104-1,C,SF-104,B,202404,30,1,1280
E1,M07,104-1,D,SF-104,B,202404,30,0,960
E1,M07,104-1,E,SF-104,B,202404,30,0,448
E1,M07,104-1,ALL,SF-104,B,202404,30,6,6400
E1,M07,104-0,A,SF-104,B,202405,31,1,2220
E1,M07,104-0,B,SF-104,B,202405,31,2,1567
E1,M07,104-0,C,SF-104,B,202405,31,1,1306
E1,M07,104-0,D,SF-104,B,202405,31,0,980
E1,M07,104-0,E,SF-104,B,202405,31,0,457
E1,M07,104-0,ALL,SF-104,B,202405,31,4,6530
E1,M07,104-1,A,SF-104,B,202405,31,2,2220
E1,M07,104-1,B,SF-104,B,202405,31,1,1567
E1,M07,104-1,C,SF-104,B,202405,31,0,1306
E1,M07,104-1,D,SF-104,B,202405,31,3,980
E1,M07,104-1,E,SF-104,B,202405,31,1,457
E1,M07,104-1,ALL,SF-104,B,202405,31,7,6530
E1,M07,104-0,A,SF-104,B,202406,32,0,2264
E1,M07,104-0,B,SF-104,B,202406,32,3,1598
E1,M07,104-0,C,SF-104,B,202406,32,1,1332
E1,M07,104-0,D,SF-104,B,202406,32,1,999
E1,M07,104-0,E,SF-104,B,202406,32,0,466
E1,M07,104-0,ALL,SF-104,B,202406,32,5,6660
E1,M07,104-1,A,SF-104,B,202406,32,2,2264
E1,M07,104-1,B,SF-104,B,202406,32,0,1598
E1,M07,104-1,C,SF-104,B,202406,32,4,1332
E1,M07,104-1,D,SF-104,B,202406,32,0,999
E1,M07,104-1,E,SF-104,B,202406,32,0,466
E1,M07,104-1,ALL,SF-104,B,202406,32,6,6660
E1,M07,104-0,A,SF-104,B,202407,33,5,2309
E1,M07,104-0,B,SF-104,B,202407,33,1,1630
E1,M07,104-0,C,SF-104,B,202407,33,0,1358
E1,M07,104-0,D,SF-104,B,202407,33,2,1018
E1,M07,104-0,E,SF-104,B,202407,33,0,475
E1,M07,104-0,ALL,SF-104,B,202407,33,8,6790
E1,M07,104-1,A,SF-104,B,202407,33,2,2309
E1,M07,104-1,B,SF-104,B,202407,33,0,1630
E1,M07,104-1,C,SF-104,B,202407,33,0,1358
E1,M07,104-1,D,SF-104,B,202407,33,1,1018
E1,M07,104-1,E,SF-104,B,202407,33,0,475
E1,M07,104-1,ALL,SF-104,B,202407,33,3,6790
E1,M07,104-0,A,SF-104,B,202408,34,3,2353
E1,M07,104-0,B,SF-104,B,202408,34,2,1661
E1,M07,104-0,C,SF-104,B,202408,34,2,1384
E1,M07,104-0,D,SF-104,B,202408,34,0,1038
E1,M07,104-0,E,SF-104,B,202408,34,1,484
E1,M07,104-0,ALL,SF-104,B,202408,34,8,6920
E1,M07,104-1,A,SF-104,B,202408,34,4,2353
E1,M07,104-1,B,SF-104,B,202408,34,2,1661
E1,M07,104-1,C,SF-104,B,202408,34,3,1384
E1,M07,104-1,D,SF-104,B,202408,34,2,1038
E1,M07,104-1,E,SF-104,B,202408,34,0,484
E1,M07,104-1,ALL,SF-104,B,202408,34,11,6920
E1,M07,104-0,A,SF-104,B,202409,35,2,2397
E1,M07,104-0,B,SF-104,B,202409,35,0,1692
E1,M07,104-0,C,SF-104,B,202409,35,1,1410
E1,M07,104-0,D,SF-104,B,202409,35,0,1058
E1,M07,104-0,E,SF-104,B,202409,35,0,494
E1,M07,104-0,ALL,SF-104,B,202409,35,3,7050
E1,M07,104-1,A,SF-104,B,202409,35,2,2397
E1,M07,104-1,B,SF-104,B,202409,35,2,1692
E1,M07,104-1,C,SF-104,B,202409,35,0,1410
E1,M07,104-1,D,SF-104,B,202409,35,2,1058
E1,M07,104-1,E,SF-104,B,202409,35,0,494
E1,M07,104-1,ALL,SF-104,B,202409,35,6,7050
E1,M07,104-0,A,SF-104,B,202410,36,2,2441
E1,M07,104-0,B,SF-104,B,202410,36,3,1723
E1,M07,104-0,C,SF-104,B,202410,36,1,1436
E1,M07,104-0,D,SF-104,B,202410,36,0,1077
E1,M07,104-0,E,SF-104,B,202410,36,0,503
E1,M07,104-0,ALL,SF-104,B,202410,36,6,7180
E1,M07,104-1,A,SF-104,B,202410,36,2,2441
E1,M07,104-1,B,SF-104,B,202410,36,1,1723
E1,M07,104-1,C,SF-104,B,202410,36,1,1436
E1,M07,104-1,D,SF-104,B,202410,36,0,1077
E1,M07,104-1,E,SF-104,B,202410,36,1,503
E1,M07,104-1,ALL,SF-104,B,202410,36,5,7180
E1,M07,104-0,A,SF-104,B,202411,37,2,2485
E1,M07,104-0,B,SF-104,B,202411,37,2,1754
E1,M07,104-0,C,SF-104,B,202411,37,0,1462
E1,M07,104-0,D,SF-104,B,202411,37,0,1096
E1,M07,104-0,E,SF-104,B,202411,37,0,512
E1,M07,104-0,ALL,SF-104,B,202411,37,4,7310
E1,M07,104-1,A,SF-104,B,202411,37,3,2485
E1,M07,104-1,B,SF-104,B,202411,37,4,1754
E1,M07,104-1,C,SF-104,B,202411,37,1,1462
E1,M07,104-1,D,SF-104,B,202411,37,0,1096
E1,M07,104-1,E,SF-104,B,202411,37,0,512
E1,M07,104-1,ALL,SF-104,B,202411,37,8,7310
E1,M07,104-0,A,SF-104,B,202412,38,7,2530
E1,M07,104-0,B,SF-104,B,202412,38,0,1786
E1,M07,104-0,C,SF-104,B,202412,38,0,1488
E1,M07,104-0,D,SF-104,B,202412,38,1,1116
E1,M07,104-0,E,SF-104,B,202412,38,0,521
E1,M07,104-0,ALL,SF-104,B,202412,38,8,7440
E1,M07,104-1,A,SF-104,B,202412,38,2,2530
E1,M07,104-1,B,SF-104,B,202412,38,1,1786
E1,M07,104-1,C,SF-104,B,202412,38,1,1488
E1,M07,104-1,D,SF-104,B,202412,38,2,1116
E1,M07,104-1,E,SF-104,B,202412,38,1,521
E1,M07,104-1,ALL,SF-104,B,202412,38,7,7440
E1,M07,105-0,ALL,SF-105,B,202110,0,0,2500
E1,M07,105-0,D,SF-105,B,202111,1,1,394
E1,M07,105-0,ALL,SF-105,B,202111,1,1,2630
E1,M07,105-0,A,SF-105,B,202112,2,0,938
E1,M07,105-0,B,SF-105,B,202112,2,0,662
E1,M07,105-0,C,SF-105,B,202112,2,0,552
E1,M07,105-0,D,SF-105,B,202112,2,0,414
E1,M07,105-0,ALL,SF-105,B,202112,2,0,2760
E1,M07,105-0,A,SF-105,B,202201,3,1,983
E1,M07,105-0,B,SF-105,B,202201,3,0,694
E1,M07,105-0,C,SF-105,B,202201,3,0,578
E1,M07,105-0,D,SF-105,B,202201,3,0,434
E1,M07,105-0,ALL,SF-105,B,202201,3,1,2890
E1,M07,105-0,A,SF-105,B,202202,4,0,1027
E1,M07,105-0,B,SF-105,B,202202,4,0,725
E1,M07,105-0,C,SF-105,B,202202,4,0,604
E1,M07,105-0,D,SF-105,B,202202,4,0,453
E1,M07,105-0,ALL,SF-105,B,202202,4,0,3020
E1,M07,105-0,A,SF-105,B,202203,5,0,1071
E1,M07,105-0,B,SF-105,B,202203,5,0,756
E1,M07,105-0,C,SF-105,B,202203,5,0,630
E1,M07,105-0,D,SF-105,B,202203,5,0,472
E1,M07,105-0,ALL,SF-105,B,202203,5,0,3150
E1,M07,105-0,A,SF-105,B,202204,6,1,1115
E1,M07,105-0,B,SF-105,B,202204,6,0,787
E1,M07,105-0,C,SF-105,B,202204,6,0,656
E1,M07,105-0,D,SF-105,B,202204,6,0,492
E1,M07,105-0,ALL,SF-105,B,202204,6,1,3280
E1,M07,105-0,A,SF-105,B,202205,7,1,1159
E1,M07,105-0,B,SF-105,B,202205,7,0,818
E1,M07,105-0,C,SF-105,B,202205,7,2,682
E1,M07,105-0,D,SF-105,B,202205,7,0,512
E1,M07,105-0,ALL,SF-105,B,202205,7,3,3410
E1,M07,105-0,A,SF-105,B,202206,8,1,1204
E1,M07,105-0,B,SF-105,B,202206,8,0,850
E1,M07,105-0,C,SF-105,B,202206,8,0,708
E1,M07,105-0,D,SF-105,B,202206,8,0,531
E1,M07,105-0,E,SF-105,B,202206,8,0,248
E1,M07,105-0,ALL,SF-105,B,202206,8,1,3540
E1,M07,105-0,A,SF-105,B,202207,9,1,1248
E1,M07,105-0,B,SF-105,B,202207,9,0,881
E1,M07,105-0,C,SF-105,B,202207,9,0,734
E1,M07,105-0,D,SF-105,B,202207,9,0,550
E1,M07,105-0,E,SF-105,B,202207,9,0,257
E1,M07,105-0,ALL,SF-105,B,202207,9,1,3670
E1,M07,105-0,A,SF-105,B,202208,10,0,1292
E1,M07,105-0,B,SF-105,B,202208,10,0,912
E1,M07,105-0,C,SF-105,B,202208,10,1,760
E1,M07,105-0,D,SF-105,B,202208,10,0,570
E1,M07,105-0,E,SF-105,B,202208,10,0,266
E1,M07,105-0,ALL,SF-105,B,202208,10,1,3800
E1,M07,105-0,A,SF-105,B,202209,11,1,1336
E1,M07,105-0,B,SF-105,B,202209,11,1,943
E1,M07,105-0,C,SF-105,B,202209,11,0,786
E1,M07,105-0,D,SF-105,B,202209,11,0,590
E1,M07,105-0,E,SF-105,B,202209,11,0,275
E1,M07,105-0,ALL,SF-105,B,202209,11,2,3930
E1,M07,105-0,A,SF-105,B,202210,12,3,1380
E1,M07,105-0,B,SF-105,B,202210,12,1,974
E1,M07,105-0,C,SF-105,B,202210,12,0,812
E1,M07,105-0,D,SF-105,B,202210,12,0,609
E1,M07,105-0,E,SF-105,B,202210,12,0,284
E1,M07,105-0,ALL,SF-105,B,202210,12,4,4060
E1,M07,105-0,A,SF-105,B,202211,13,1,1425
E1,M07,105-0,B,SF-105,B,202211,13,0,1006
E1,M07,105-0,C,SF-105,B,202211,13,1,838
E1,M07,105-0,D,SF-105,B,202211,13,0,628
E1,M07,105-0,E,SF-105,B,202211,13,0,293
E1,M07,105-0,ALL,SF-105,B,202211,13,2,4190
E1,M07,105-0,A,SF-105,B,202212,14,0,1469
E1,M07,105-0,B,SF-105,B,202212,14,0,1037
E1,M07,105-0,C,SF-105,B,202212,14,0,864
E1,M07,105-0,D,SF-105,B,202212,14,0,648
E1,M07,105-0,E,SF-105,B,202212,14,0,302
E1,M07,105-0,ALL,SF-105,B,202212,14,0,4320
E1,M07,105-0,A,SF-105,B,202301,15,0,1513
E1,M07,105-0,B,SF-105,B,202301,15,0,1068
E1,M07,105-0,C,SF-105,B,202301,15,0,890
E1,M07,105-0,D,SF-105,B,202301,15,0,668
E1,M07,105-0,E,SF-105,B,202301,15,0,312
E1,M07,105-0,ALL,SF-105,B,202301,15,0,4450
E1,M07,105-0,A,SF-105,B,202302,16,1,1557
E1,M07,105-0,B,SF-105,B,202302,16,0,1099
E1,M07,105-0,C,SF-105,B,202302,16,0,916
E1,M07,105-0,D,SF-105,B,202302,16,0,687
E1,M07,105-0,E,SF-105,B,202302,16,0,321
E1,M07,105-0,ALL,SF-105,B,202302,16,1,4580
E1,M07,105-0,A,SF-105,B,202303,17,0,1601
E1,M07,105-0,B,SF-105,B,202303,17,0,1130
E1,M07,105-0,C,SF-105,B,202303,17,1,942
E1,M07,105-0,D,SF-105,B,202303,17,0,706
E1,M07,105-0,E,SF-105,B,202303,17,0,330
E1,M07,105-0,ALL,SF-105,B,202303,17,1,4710
E1,M07,105-0,A,SF-105,B,202304,18,0,1646
E1,M07,105-0,B,SF-105,B,202304,18,0,1162
E1,M07,105-0,C,SF-105,B,202304,18,0,968
E1,M07,105-0,D,SF-105,B,202304,18,0,726
E1,M07,105-0,E,SF-105,B,202304,18,0,339
E1,M07,105-0,ALL,SF-105,B,202304,18,0,4840
E1,M07,105-0,A,SF-105,B,202305,19,0,1690
E1,M07,105-0,B,SF-105,B,202305,19,0,1193
E1,M07,105-0,C,SF-105,B,202305,19,1,994
E1,M07,105-0,D,SF-105,B,202305,19,0,746
E1,M07,105-0,E,SF-105,B,202305,19,0,348
E1,M07,105-0,ALL,SF-105,B,202305,19,1,4970
E1,M07,105-0,A,SF-105,B,202306,20,1,1734
E1,M07,105-0,B,SF-105,B,202306,20,1,1224
E1,M07,105-0,C,SF-105,B,202306,20,0,1020
E1,M07,105-0,D,SF-105,B,202306,20,0,765
E1,M07,105-0,E,SF-105,B,202306,20,0,357
E1,M07,105-0,ALL,SF-105,B,202306,20,2,5100
E1,M07,105-0,A,SF-105,B,202307,21,0,1778
E1,M07,105-0,B,SF-105,B,202307,21,0,1255
E1,M07,105-0,C,SF-105,B,202307,21,0,1046
E1,M07,105-0,D,SF-105,B,202307,21,0,784
E1,M07,105-0,E,SF-105,B,202307,21,0,366
E1,M07,105-0,ALL,SF-105,B,202307,21,0,5230
E1,M07,105-0,A,SF-105,B,202308,22,2,1822
E1,M07,105-0,B,SF-105,B,202308,22,0,1286
E1,M07,105-0,C,SF-105,B,202308,22,0,1072
E1,M07,105-0,D,SF-105,B,202308,22,0,804
E1,M07,105-0,E,SF-105,B,202308,22,0,375
E1,M07,105-0,ALL,SF-105,B,202308,22,2,5360
E1,M07,105-0,A,SF-105,B,202309,23,0,1867
E1,M07,105-0,B,SF-105,B,202309,23,0,1318
E1,M07,105-0,C,SF-105,B,202309,23,3,1098
E1,M07,105-0,D,SF-105,B,202309,23,0,824
E1,M07,105-0,E,SF-105,B,202309,23,0,384
E1,M07,105-0,ALL,SF-105,B,202309,23,3,5490
E1,M07,105-0,A,SF-105,B,202310,24,1,1911
E1,M07,105-0,B,SF-105,B,202310,24,0,1349
E1,M07,105-0,C,SF-105,B,202310,24,3,1124
E1,M07,105-0,D,SF-105,B,202310,24,0,843
E1,M07,105-0,E,SF-105,B,202310,24,0,393
E1,M07,105-0,ALL,SF-105,B,202310,24,4,5620
E1,M07,105-0,A,SF-105,B,202311,25,0,1955
E1,M07,105-0,B,SF-105,B,202311,25,0,1380
E1,M07,105-0,C,SF-105,B,202311,25,0,1150
E1,M07,105-0,D,SF-105,B,202311,25,0,862
E1,M07,105-0,E,SF-105,B,202311,25,0,403
E1,M07,105-0,ALL,SF-105,B,202311,25,0,5750
E1,M07,105-0,A,SF-105,B,202312,26,0,1999
E1,M07,105-0,B,SF-105,B,202312,26,0,1411
E1,M07,105-0,C,SF-105,B,202312,26,1,1176
E1,M07,105-0,D,SF-105,B,202312,26,1,882
E1,M07,105-0,E,SF-105,B,202312,26,0,412
E1,M07,105-0,ALL,SF-105,B,202312,26,2,5880
E1,M07,105-0,A,SF-105,B,202401,27,0,2043
E1,M07,105-0,B,SF-105,B,202401,27,1,1442
E1,M07,105-0,C,SF-105,B,202401,27,0,1202
E1,M07,105-0,D,SF-105,B,202401,27,1,902
E1,M07,105-0,E,SF-105,B,202401,27,1,421
E1,M07,105-0,ALL,SF-105,B,202401,27,3,6010
E1,M07,105-0,A,SF-105,B,202402,28,0,2088
E1,M07,105-0,B,SF-105,B,202402,28,0,1474
E1,M07,105-0,C,SF-105,B,202402,28,0,1228
E1,M07,105-0,D,SF-105,B,202402,28,1,921
E1,M07,105-0,E,SF-105,B,202402,28,0,430
E1,M07,105-0,ALL,SF-105,B,202402,28,1,6140
E1,M07,105-0,A,SF-105,B,202403,29,0,2132
E1,M07,105-0,B,SF-105,B,202403,29,1,1505
E1,M07,105-0,C,SF-105,B,202403,29,2,1254
E1,M07,105-0,D,SF-105,B,202403,29,0,940
E1,M07,105-0,E,SF-105,B,202403,29,0,439
E1,M07,105-0,ALL,SF-105,B,202403,29,3,6270
E1,M07,105-0,A,SF-105,B,202404,30,1,2176
E1,M07,105-0,B,SF-105,B,202404,30,0,1536
E1,M07,105-0,C,SF-105,B,202404,30,0,1280
E1,M07,105-0,D,SF-105,B,202404,30,1,960
E1,M07,105-0,E,SF-105,B,202404,30,1,448
E1,M07,105-0,ALL,SF-105,B,202404,30,3,6400
E1,M07,105-0,A,SF-105,B,202405,31,0,2220
E1,M07,105-0,B,SF-105,B,202405,31,0,1567
E1,M07,105-0,C,SF-105,B,202405,31,0,1306
E1,M07,105-0,D,SF-105,B,202405,31,0,980
E1,M07,105-0,E,SF-105,B,202405,31,0,457
E1,M07,105-0,ALL,SF-105,B,202405,31,0,6530
E1,M07,105-0,A,SF-105,B,202406,32,2,2264
E1,M07,105-0,B,SF-105,B,202406,32,0,1598
E1,M07,105-0,C,SF-105,B,202406,32,0,1332
E1,M07,105-0,D,SF-105,B,202406,32,0,999
E1,M07,105-0,E,SF-105,B,202406,32,1,466
E1,M07,105-0,ALL,SF-105,B,202406,32,3,6660
E1,M07,105-0,A,SF-105,B,202407,33,1,2309
E1,M07,105-0,B,SF-105,B,202407,33,1,1630
E1,M07,105-0,C,SF-105,B,202407,33,1,1358
E1,M07,105-0,D,SF-105,B,202407,33,0,1018
E1,M07,105-0,E,SF-105,B,202407,33,0,475
E1,M07,105-0,ALL,SF-105,B,202407,33,3,6790
E1,M07,105-0,A,SF-105,B,202408,34,1,2353
E1,M07,105-0,B,SF-105,B,202408,34,0,1661
E1,M07,105-0,C,SF-105,B,202408,34,1,1384
E1,M07,105-0,D,SF-105,B,202408,34,1,1038
E1,M07,105-0,E,SF-105,B,202408,34,0,484
E1,M07,105-0,ALL,SF-105,B,202408,34,3,6920
E1,M07,105-0,A,SF-105,B,202409,35,0,2397
E1,M07,105-0,B,SF-105,B,202409,35,0,1692
E1,M07,105-0,C,SF-105,B,202409,35,0,1410
E1,M07,105-0,D,SF-105,B,202409,35,0,1058
E1,M07,105-0,E,SF-105,B,202409,35,0,494
E1,M07,105-0,ALL,SF-105,B,202409,35,0,7050
E1,M07,105-0,A,SF-105,B,202410,36,1,2441
E1,M07,105-0,B,SF-105,B,202410,36,0,1723
E1,M07,105-0,C,SF-105,B,202410,36,0,1436
E1,M07,105-0,D,SF-105,B,202410,36,0,1077
E1,M07,105-0,E,SF-105,B,202410,36,1,503
E1,M07,105-0,ALL,SF-105,B,202410,36,2,7180
E1,M07,105-0,A,SF-105,B,202411,37,1,2485
E1,M07,105-0,B,SF-105,B,202411,37,1,1754
E1,M07,105-0,C,SF-105,B,202411,37,1,1462
E1,M07,105-0,D,SF-105,B,202411,37,0,1096
E1,M07,105-0,E,SF-105,B,202411,37,0,512
E1,M07,105-0,ALL,SF-105,B,202411,37,3,7310
E1,M07,105-0,A,SF-105,B,202412,38,0,2530
E1,M07,105-0,B,SF-105,B,202412,38,1,1786
E1,M07,105-0,C,SF-105,B,202412,38,0,1488
E1,M07,105-0,D,SF-105,B,202412,38,1,1116
E1,M07,105-0,E,SF-105,B,202412,38,0,521
E1,M07,105-0,ALL,SF-105,B,202412,38,2,7440
E1,M08,100-0,A,SF-100,B,202111,0,2,850
E1,M08,100-0,B,SF-100,B,202111,0,1,600
E1,M08,100-0,C,SF-100,B,202111,0,3,500
E1,M08,100-0,D,SF-100,B,202111,0,1,375
E1,M08,100-0,ALL,SF-100,B,202111,0,7,2500
E1,M08,100-0,C,SF-100,B,202112,1,2,526
E1,M08,100-0,D,SF-100,B,202112,1,1,394
E1,M08,100-0,ALL,SF-100,B,202112,1,3,2630
E1,M08,100-0,A,SF-100,B,202201,2,4,938
E1,M08,100-0,B,SF-100,B,202201,2,2,662
E1,M08,100-0,C,SF-100,B,202201,2,0,552
E1,M08,100-0,D,SF-100,B,202201,2,2,414
E1,M08,100-0,ALL,SF-100,B,202201,2,8,2760
E1,M08,100-0,A,SF-100,B,202202,3,3,983
E1,M08,100-0,B,SF-100,B,202202,3,0,694
E1,M08,100-0,C,SF-100,B,202202,3,1,578
E1,M08,100-0,D,SF-100,B,202202,3,0,434
E1,M08,100-0,ALL,SF-100,B,202202,3,4,2890
E1,M08,100-0,A,SF-100,B,202203,4,4,1027
E1,M08,100-0,B,SF-100,B,202203,4,2,725
E1,M08,100-0,C,SF-100,B,202203,4,0,604
E1,M08,100-0,D,SF-100,B,202203,4,2,453
E1,M08,100-0,ALL,SF-100,B,202203,4,8,3020
E1,M08,100-0,A,SF-100,B,202204,5,0,1071
E1,M08,100-0,B,SF-100,B,202204,5,1,756
E1,M08,100-0,C,SF-100,B,202204,5,1,630
E1,M08,100-0,D,SF-100,B,202204,5,0,472
E1,M08,100-0,ALL,SF-100,B,202204,5,2,3150
E1,M08,100-0,A,SF-100,B,202205,6,2,1115
E1,M08,100-0,B,SF-100,B,202205,6,2,787
E1,M08,100-0,C,SF-100,B,202205,6,2,656
E1,M08,100-0,D,SF-100,B,202205,6,0,492
E1,M08,100-0,ALL,SF-100,B,202205,6,6,3280
E1,M08,100-0,A,SF-100,B,202206,7,2,1159
E1,M08,100-0,B,SF-100,B,202206,7,1,818
E1,M08,100-0,C,SF-100,B,202206,7,0,682
E1,M08,100-0,D,SF-100,B,202206,7,0,512
E1,M08,100-0,ALL,SF-100,B,202206,7,3,3410
E1,M08,100-0,A,SF-100,B,202207,8,0,1204
E1,M08,100-0,B,SF-100,B,202207,8,4,850
E1,M08,100-0,C,SF-100,B,202207,8,3,708
E1,M08,100-0,D,SF-100,B,202207,8,1,531
E1,M08,100-0,E,SF-100,B,202207,8,0,248
E1,M08,100-0,ALL,SF-100,B,202207,8,8,3540
E1,M08,100-0,A,SF-100,B,202208,9,1,1248
E1,M08,100-0,B,SF-100,B,202208,9,1,881
E1,M08,100-0,C,SF-100,B,202208,9,1,734
E1,M08,100-0,D,SF-100,B,202208,9,1,550
E1,M08,100-0,E,SF-100,B,202208,9,0,257
E1,M08,100-0,ALL,SF-100,B,202208,9,4,3670
E1,M08,100-0,A,SF-100,B,202209,10,2,1292
E1,M08,100-0,B,SF-100,B,202209,10,1,912
E1,M08,100-0,C,SF-100,B,202209,10,0,760
E1,M08,100-0,D,SF-100,B,202209,10,0,570
E1,M08,100-0,E,SF-100,B,202209,10,0,266
E1,M08,100-0,ALL,SF-100,B,202209,10,3,3800
E1,M08,100-0,A,SF-100,B,202210,11,2,1336
E1,M08,100-0,B,SF-100,B,202210,11,2,943
E1,M08,100-0,C,SF-100,B,202210,11,2,786
E1,M08,100-0,D,SF-100,B,202210,11,1,590
E1,M08,100-0,E,SF-100,B,202210,11,0,275
E1,M08,100-0,ALL,SF-100,B,202210,11,7,3930
E1,M08,100-0,A,SF-100,B,202211,12,3,1380
E1,M08,100-0,B,SF-100,B,202211,12,0,974
E1,M08,100-0,C,SF-100,B,202211,12,3,812
E1,M08,100-0,D,SF-100,B,202211,12,2,609
E1,M08,100-0,E,SF-100,B,202211,12,0,284
E1,M08,100-0,ALL,SF-100,B,202211,12,8,4060
E1,M08,100-0,A,SF-100,B,202212,13,0,1425
E1,M08,100-0,B,SF-100,B,202212,13,0,1006
E1,M08,100-0,C,SF-100,B,202212,13,1,838
E1,M08,100-0,D,SF-100,B,202212,13,3,628
E1,M08,100-0,E,SF-100,B,202212,13,1,293
E1,M08,100-0,ALL,SF-100,B,202212,13,5,4190
E1,M08,100-0,A,SF-100,B,202301,14,3,1469
E1,M08,100-0,B,SF-100,B,202301,14,0,1037
E1,M08,100-0,C,SF-100,B,202301,14,3,864
E1,M08,100-0,D,SF-100,B,202301,14,2,648
E1,M08,100-0,E,SF-100,B,202301,14,0,302
E1,M08,100-0,ALL,SF-100,B,202301,14,8,4320
E1,M08,100-0,A,SF-100,B,202302,15,1,1513
E1,M08,100-0,B,SF-100,B,202302,15,0,1068
E1,M08,100-0,C,SF-100,B,202302,15,2,890
E1,M08,100-0,D,SF-100,B,202302,15,2,668
E1,M08,100-0,E,SF-100,B,202302,15,0,312
E1,M08,100-0,ALL,SF-100,B,202302,15,5,4450
E1,M08,100-0,A,SF-100,B,202303,16,3,1557
E1,M08,100-0,B,SF-100,B,202303,16,1,1099
E1,M08,100-0,C,SF-100,B,202303,16,0,916
E1,M08,100-0,D,SF-100,B,202303,16,1,687
E1,M08,100-0,E,SF-100,B,202303,16,0,321
E1,M08,100-0,ALL,SF-100,B,202303,16,5,4580
E1,M08,100-0,A,SF-100,B,202304,17,4,1601
E1,M08,100-0,B,SF-100,B,202304,17,0,1130
E1,M08,100-0,C,SF-100,B,202304,17,1,942
E1,M08,100-0,D,SF-100,B,202304,17,1,706
E1,M08,100-0,E,SF-100,B,202304,17,0,330
E1,M08,100-0,ALL,SF-100,B,202304,17,6,4710
E1,M08,100-0,A,SF-100,B,202305,18,4,1646
E1,M08,100-0,B,SF-100,B,202305,18,0,1162
E1,M08,100-0,C,SF-100,B,202305,18,1,968
E1,M08,100-0,D,SF-100,B,202305,18,0,726
E1,M08,100-0,E,SF-100,B,202305,18,0,339
E1,M08,100-0,ALL,SF-100,B,202305,18,5,4840
E1,M08,100-0,A,SF-100,B,202306,19,0,1690
E1,M08,100-0,B,SF-100,B,202306,19,2,1193
E1,M08,100-0,C,SF-100,B,202306,19,1,994
E1,M08,100-0,D,SF-100,B,202306,19,0,746
E1,M08,100-0,E,SF-100,B,202306,19,1,348
E1,M08,100-0,ALL,SF-100,B,202306,19,4,4970
E1,M08,100-0,A,SF-100,B,202307,20,3,1734
E1,M08,100-0,B,SF-100,B,202307,20,1,1224
E1,M08,100-0,C,SF-100,B,202307,20,2,1020
E1,M08,100-0,D,SF-100,B,202307,20,4,765
E1,M08,100-0,E,SF-100,B,202307,20,1,357
E1,M08,100-0,ALL,SF-100,B,202307,20,11,5100
E1,M08,100-0,A,SF-100,B,202308,21,1,1778
E1,M08,100-0,B,SF-100,B,202308,21,3,1255
E1,M08,100-0,C,SF-100,B,202308,21,0,1046
E1,M08,100-0,D,SF-100,B,202308,21,1,784
E1,M08,100-0,E,SF-100,B,202308,21,0,366
E1,M08,100-0,ALL,SF-100,B,202308,21,5,5230
E1,M08,100-0,A,SF-100,B,202309,22,1,1822
E1,M08,100-0,B,SF-100,B,202309,22,4,1286
E1,M08,100-0,C,SF-100,B,202309,22,0,1072
E1,M08,100-0,D,SF-100,B,202309,22,2,804
E1,M08,100-0,E,SF-100,B,202309,22,1,375
E1,M08,100-0,ALL,SF-100,B,202309,22,8,5360
E1,M08,100-0,A,SF-100,B,202310,23,0,1867
E1,M08,100-0,B,SF-100,B,202310,23,1,1318
E1,M08,100-0,C,SF-100,B,202310,23,1,1098
E1,M08,100-0,D,SF-100,B,202310,23,3,824
E1,M08,100-0,E,SF-100,B,202310,23,1,384
E1,M08,100-0,ALL,SF-100,B,202310,23,6,5490
E1,M08,100-0,A,SF-100,B,202311,24,5,1911
E1,M08,100-0,B,SF-100,B,202311,24,2,1349
E1,M08,100-0,C,SF-100,B,202311,24,1,1124
E1,M08,100-0,D,SF-100,B,202311,24,1,843
E1,M08,100-0,E,SF-100,B,202311,24,1,393
E1,M08,100-0,ALL,SF-100,B,202311,24,10,5620
E1,M08,100-0,A,SF-100,B,202312,25,1,1955
E1,M08,100-0,B,SF-100,B,202312,25,2,1380
E1,M08,100-0,C,SF-100,B,202312,25,2,1150
E1,M08,100-0,D,SF-100,B,202312,25,1,862
E1,M08,100-0,E,SF-100,B,202312,25,0,403
E1,M08,100-0,ALL,SF-100,B,202312,25,6,5750
E1,M08,100-0,A,SF-100,B,202401,26,0,1999
E1,M08,100-0,B,SF-100,B,202401,26,2,1411
E1,M08,100-0,C,SF-100,B,202401,26,0,1176
E1,M08,100-0,D,SF-100,B,202401,26,1,882
E1,M08,100-0,E,SF-100,B,202401,26,0,412
E1,M08,100-0,ALL,SF-100,B,202401,26,3,5880
E1,M08,100-0,A,SF-100,B,202402,27,2,2043
E1,M08,100-0,B,SF-100,B,202402,27,2,1442
E1,M08,100-0,C,SF-100,B,202402,27,0,1202
E1,M08,100-0,D,SF-100,B,202402,27,0,902
E1,M08,100-0,E,SF-100,B,202402,27,0,421
E1,M08,100-0,ALL,SF-100,B,202402,27,4,6010
E1,M08,100-0,A,SF-100,B,202403,28,1,2088
E1,M08,100-0,B,SF-100,B,202403,28,1,1474
E1,M08,100-0,C,SF-100,B,202403,28,2,1228
E1,M08,100-0,D,SF-100,B,202403,28,1,921
E1,M08,100-0,E,SF-100,B,202403,28,0,430
E1,M08,100-0,ALL,SF-100,B,202403,28,5,6140
E1,M08,100-0,A,SF-100,B,202404,29,2,2132
E1,M08,100-0,B,SF-100,B,202404,29,0,1505
E1,M08,100-0,C,SF-100,B,202404,29,3,1254
E1,M08,100-0,D,SF-100,B,202404,29,0,940
E1,M08,100-0,E,SF-100,B,202404,29,1,439
E1,M08,100-0,ALL,SF-100,B,202404,29,6,6270
E1,M08,100-0,A,SF-100,B,202405,30,7,2176
E1,M08,100-0,B,SF-100,B,202405,30,3,1536
E1,M08,100-0,C,SF-100,B,202405,30,3,1280
E1,M08,100-0,D,SF-100,B,202405,30,1,960
E1,M08,100-0,E,SF-100,B,202405,30,0,448
E1,M08,100-0,ALL,SF-100,B,202405,30,14,6400
E1,M08,100-0,A,SF-100,B,202406,31,4,2220
E1,M08,100-0,B,SF-100,B,202406,31,3,1567
E1,M08,100-0,C,SF-100,B,202406,31,1,1306
E1,M08,100-0,D,SF-100,B,202406,31,5,980
E1,M08,100-0,E,SF-100,B,202406,31,2,457
E1,M08,100-0,ALL,SF-100,B,202406,31,15,6530
E1,M08,100-0,A,SF-100,B,202407,32,6,2264
E1,M08,100-0,B,SF-100,B,202407,32,1,1598
E1,M08,100-0,C,SF-100,B,202407,32,4,1332
E1,M08,100-0,D,SF-100,B,202407,32,0,999
E1,M08,100-0,E,SF-100,B,202407,32,0,466
E1,M08,100-0,ALL,SF-100,B,202407,32,11,6660
E1,M08,100-0,A,SF-100,B,202408,33,4,2309
E1,M08,100-0,B,SF-100,B,202408,33,3,1630
E1,M08,100-0,C,SF-100,B,202408,33,1,1358
E1,M08,100-0,D,SF-100,B,202408,33,0,1018
E1,M08,100-0,E,SF-100,B,202408,33,1,475
E1,M08,100-0,ALL,SF-100,B,202408,33,9,6790
E1,M08,100-0,A,SF-100,B,202409,34,4,2353
E1,M08,100-0,B,SF-100,B,202409,34,4,1661
E1,M08,100-0,C,SF-100,B,202409,34,0,1384
E1,M08,100-0,D,SF-100,B,202409,34,0,1038
E1,M08,100-0,E,SF-100,B,202409,34,0,484
E1,M08,100-0,ALL,SF-100,B,202409,34,8,6920
E1,M08,100-0,A,SF-100,B,202410,35,5,2397
E1,M08,100-0,B,SF-100,B,202410,35,5,1692
E1,M08,100-0,C,SF-100,B,202410,35,2,1410
E1,M08,100-0,D,SF-100,B,202410,35,0,1058
E1,M08,100-0,E,SF-100,B,202410,35,1,494
E1,M08,100-0,ALL,SF-100,B,202410,35,13,7050
E1,M08,100-0,A,SF-100,B,202411,36,2,2441
E1,M08,100-0,B,SF-100,B,202411,36,1,1723
E1,M08,100-0,C,SF-100,B,202411,36,2,1436
E1,M08,100-0,D,SF-100,B,202411,36,1,1077
E1,M08,100-0,E,SF-100,B,202411,36,1,503
E1,M08,100-0,ALL,SF-100,B,202411,36,7,7180
E1,M08,100-0,A,SF-100,B,202412,37,3,2485
E1,M08,100-0,B,SF-100,B,202412,37,0,1754
E1,M08,100-0,C,SF-100,B,202412,37,3,1462
E1,M08,100-0,D,SF-100,B,202412,37,4,1096
E1,M08,100-0,E,SF-100,B,202412,37,0,512
E1,M08,100-0,ALL,SF-100,B,202412,37,10,7310
E1,M08,101-0,A,SF-101,B,202111,0,2,850
E1,M08,101-0,ALL,SF-101,B,202111,0,2,2500
E1,M08,101-0,A,SF-101,B,202112,1,1,894
E1,M08,101-0,B,SF-101,B,202112,1,1,631
E1,M08,101-0,ALL,SF-101,B,202112,1,2,2630
E1,M08,101-0,A,SF-101,B,202201,2,0,938
E1,M08,101-0,B,SF-101,B,202201,2,1,662
E1,M08,101-0,C,SF-101,B,202201,2,3,552
E1,M08,101-0,D,SF-101,B,202201,2,0,414
E1,M08,101-0,ALL,SF-101,B,202201,2,4,2760
E1,M08,101-0,A,SF-101,B,202202,3,1,983
E1,M08,101-0,B,SF-101,B,202202,3,0,694
E1,M08,101-0,C,SF-101,B,202202,3,0,578
E1,M08,101-0,D,SF-101,B,202202,3,1,434
E1,M08,101-0,ALL,SF-101,B,202202,3,2,2890
E1,M08,101-0,A,SF-101,B,202203,4,0,1027
E1,M08,101-0,B,SF-101,B,202203,4,0,725
E1,M08,101-0,C,SF-101,B,202203,4,0,604
E1,M08,101-0,D,SF-101,B,202203,4,0,453
E1,M08,101-0,ALL,SF-101,B,202203,4,0,3020
E1,M08,101-0,A,SF-101,B,202204,5,4,1071
E1,M08,101-0,B,SF-101,B,202204,5,0,756
E1,M08,101-0,C,SF-101,B,202204,5,2,630
E1,M08,101-0,D,SF-101,B,202204,5,1,472
E1,M08,101-0,ALL,SF-101,B,202204,5,7,3150
E1,M08,101-0,A,SF-101,B,202205,6,1,1115
E1,M08,101-0,B,SF-101,B,202205,6,1,787
E1,M08,101-0,C,SF-101,B,202205,6,0,656
E1,M08,101-0,D,SF-101,B,202205,6,0,492
E1,M08,101-0,ALL,SF-101,B,202205,6,2,3280
E1,M08,101-0,A,SF-101,B,202206,7,1,1159
E1,M08,101-0,B,SF-101,B,202206,7,1,818
E1,M08,101-0,C,SF-101,B,202206,7,0,682
E1,M08,101-0,D,SF-101,B,202206,7,0,512
E1,M08,101-0,ALL,SF-101,B,202206,7,2,3410
E1,M08,101-0,A,SF-101,B,202207,8,1,1204
E1,M08,101-0,B,SF-101,B,202207,8,1,850
E1,M08,101-0,C,SF-101,B,202207,8,0,708
E1,M08,101-0,D,SF-101,B,202207,8,0,531
E1,M08,101-0,E,SF-101,B,202207,8,0,248
E1,M08,101-0,ALL,SF-101,B,202207,8,2,3540
E1,M08,101-0,A,SF-101,B,202208,9,2,1248
E1,M08,101-0,B,SF-101,B,202208,9,2,881
E1,M08,101-0,C,SF-101,B,202208,9,1,734
E1,M08,101-0,D,SF-101,B,202208,9,0,550
E1,M08,101-0,E,SF-101,B,202208,9,1,257
E1,M08,101-0,ALL,SF-101,B,202208,9,6,3670
E1,M08,101-0,A,SF-101,B,202209,10,0,1292
E1,M08,101-0,B,SF-101,B,202209,10,1,912
E1,M08,101-0,C,SF-101,B,202209,10,0,760
E1,M08,101-0,D,SF-101,B,202209,10,0,570
E1,M08,101-0,E,SF-101,B,202209,10,1,266
E1,M08,101-0,ALL,SF-101,B,202209,10,2,3800
E1,M08,101-0,A,SF-101,B,202210,11,0,1336
E1,M08,101-0,B,SF-101,B,202210,11,0,943
E1,M08,101-0,C,SF-101,B,202210,11,2,786
E1,M08,101-0,D,SF-101,B,202210,11,0,590
E1,M08,101-0,E,SF-101,B,202210,11,0,275
E1,M08,101-0,ALL,SF-101,B,202210,11,2,3930
E1,M08,101-0,A,SF-101,B,202211,12,1,1380
E1,M08,101-0,B,SF-101,B,202211,12,0,974
E1,M08,101-0,C,SF-101,B,202211,12,0,812
E1,M08,101-0,D,SF-101,B,202211,12,0,609
E1,M08,101-0,E,SF-101,B,202211,12,0,284
E1,M08,101-0,ALL,SF-101,B,202211,12,1,4060
E1,M08,101-0,A,SF-101,B,202212,13,0,1425
E1,M08,101-0,B,SF-101,B,202212,13,1,1006
E1,M08,101-0,C,SF-101,B,202212,13,2,838
E1,M08,101-0,D,SF-101,B,202212,13,0,628
E1,M08,101-0,E,SF-101,B,202212,13,0,293
E1,M08,101-0,ALL,SF-101,B,202212,13,3,4190
E1,M08,101-0,A,SF-101,B,202301,14,2,1469
E1,M08,101-0,B,SF-101,B,202301,14,1,1037
E1,M08,101-0,C,SF-101,B,202301,14,1,864
E1,M08,101-0,D,SF-101,B,202301,14,1,648
E1,M08,101-0,E,SF-101,B,202301,14,0,302
E1,M08,101-0,ALL,SF-101,B,202301,14,5,4320
E1,M08,101-0,A,SF-101,B,202302,15,0,1513
E1,M08,101-0,B,SF-101,B,202302,15,0,1068
E1,M08,101-0,C,SF-101,B,202302,15,1,890
E1,M08,101-0,D,SF-101,B,202302,15,0,668
E1,M08,101-0,E,SF-101,B,202302,15,0,312
E1,M08,101-0,ALL,SF-101,B,202302,15,1,4450
E1,M08,101-0,A,SF-101,B,202303,16,1,1557
E1,M08,101-0,B,SF-101,B,202303,16,2,1099
E1,M08,101-0,C,SF-101,B,202303,16,0,916
E1,M08,101-0,D,SF-101,B,202303,16,1,687
E1,M08,101-0,E,SF-101,B,202303,16,0,321
E1,M08,101-0,ALL,SF-101,B,202303,16,4,4580
E1,M08,101-0,A,SF-101,B,202304,17,2,1601
E1,M08,101-0,B,SF-101,B,202304,17,1,1130
E1,M08,101-0,C,SF-101,B,202304,17,1,942
E1,M08,101-0,D,SF-101,B,202304,17,2,706
E1,M08,101-0,E,SF-101,B,202304,17,0,330
E1,M08,101-0,ALL,SF-101,B,202304,17,6,4710
E1,M08,101-0,A,SF-101,B,202305,18,2,1646
E1,M08,101-0,B,SF-101,B,202305,18,0,1162
E1,M08,101-0,C,SF-101,B,202305,18,1,968
E1,M08,101-0,D,SF-101,B,202305,18,1,726
E1,M08,101-0,E,SF-101,B,202305,18,0,339
E1,M08,101-0,ALL,SF-101,B,202305,18,4,4840
E1,M08,101-0,A,SF-101,B,202306,19,2,1690
E1,M08,101-0,B,SF-101,B,202306,19,1,1193
E1,M08,101-0,C,SF-101,B,202306,19,0,994
E1,M08,101-0,D,SF-101,B,202306,19,0,746
E1,M08,101-0,E,SF-101,B,202306,19,0,348
E1,M08,101-0,ALL,SF-101,B,202306,19,3,4970
E1,M08,101-0,A,SF-101,B,202307,20,5,1734
E1,M08,101-0,B,SF-101,B,202307,20,1,1224
E1,M08,101-0,C,SF-101,B,202307,20,1,1020
E1,M08,101-0,D,SF-101,B,202307,20,0,765
E1,M08,101-0,E,SF-101,B,202307,20,0,357
E1,M08,101-0,ALL,SF-101,B,202307,20,7,5100
E1,M08,101-0,A,SF-101,B,202308,21,3,1778
E1,M08,101-0,B,SF-101,B,202308,21,1,1255
E1,M08,101-0,C,SF-101,B,202308,21,2,1046
E1,M08,101-0,D,SF-101,B,202308,21,0,784
E1,M08,101-0,E,SF-101,B,202308,21,0,366
E1,M08,101-0,ALL,SF-101,B,202308,21,6,5230
E1,M08,101-0,A,SF-101,B,202309,22,5,1822
E1,M08,101-0,B,SF-101,B,202309,22,3,1286
E1,M08,101-0,C,SF-101,B,202309,22,1,1072
E1,M08,101-0,D,SF-101,B,202309,22,1,804
E1,M08,101-0,E,SF-101,B,202309,22,0,375
E1,M08,101-0,ALL,SF-101,B,202309,22,10,5360
E1,M08,101-0,A,SF-101,B,202310,23,0,1867
E1,M08,101-0,B,SF-101,B,202310,23,0,1318
E1,M08,101-0,C,SF-101,B,202310,23,2,1098
E1,M08,101-0,D,SF-101,B,202310,23,1,824
E1,M08,101-0,E,SF-101,B,202310,23,1,384
E1,M08,101-0,ALL,SF-101,B,202310,23,4,5490
E1,M08,101-0,A,SF-101,B,202311,24,3,1911
E1,M08,101-0,B,SF-101,B,202311,24,1,1349
E1,M08,101-0,C,SF-101,B,202311,24,2,1124
E1,M08,101-0,D,SF-101,B,202311,24,1,843
E1,M08,101-0,E,SF-101,B,202311,24,0,393
E1,M08,101-0,ALL,SF-101,B,202311,24,7,5620
E1,M08,101-0,A,SF-101,B,202312,25,5,1955
E1,M08,101-0,B,SF-101,B,202312,25,2,1380
E1,M08,101-0,C,SF-101,B,202312,25,1,1150
E1,M08,101-0,D,SF-101,B,202312,25,0,862
E1,M08,101-0,E,SF-101,B,202312,25,0,403
E1,M08,101-0,ALL,SF-101,B,202312,25,8,5750
E1,M08,101-0,A,SF-101,B,202401,26,1,1999
E1,M08,101-0,B,SF-101,B,202401,26,2,1411
E1,M08,101-0,C,SF-101,B,202401,26,1,1176
E1,M08,101-0,D,SF-101,B,202401,26,0,882
E1,M08,101-0,E,SF-101,B,202401,26,0,412
E1,M08,101-0,ALL,SF-101,B,202401,26,4,5880
E1,M08,101-0,A,SF-101,B,202402,27,1,2043
E1,M08,101-0,B,SF-101,B,202402,27,1,1442
E1,M08,101-0,C,SF-101,B,202402,27,1,1202
E1,M08,101-0,D,SF-101,B,202402,27,0,902
E1,M08,101-0,E,SF-101,B,202402,27,0,421
E1,M08,101-0,ALL,SF-101,B,202402,27,3,6010
E1,M08,101-0,A,SF-101,B,202403,28,3,2088
E1,M08,101-0,B,SF-101,B,202403,28,2,1474
E1,M08,101-0,C,SF-101,B,202403,28,3,1228
E1,M08,101-0,D,SF-101,B,202403,28,0,921
E1,M08,101-0,E,SF-101,B,202403,28,0,430
E1,M08,101-0,ALL,SF-101,B,202403,28,8,6140
E1,M08,101-0,A,SF-101,B,202404,29,1,2132
E1,M08,101-0,B,SF-101,B,202404,29,1,1505
E1,M08,101-0,C,SF-101,B,202404,29,2,1254
E1,M08,101-0,D,SF-101,B,202404,29,3,940
E1,M08,101-0,E,SF-101,B,202404,29,0,439
E1,M08,101-0,ALL,SF-101,B,202404,29,7,6270
E1,M08,101-0,A,SF-101,B,202405,30,1,2176
E1,M08,101-0,B,SF-101,B,202405,30,3,1536
E1,M08,101-0,C,SF-101,B,202405,30,0,1280
E1,M08,101-0,D,SF-101,B,202405,30,3,960
E1,M08,101-0,E,SF-101,B,202405,30,0,448
E1,M08,101-0,ALL,SF-101,B,202405,30,7,6400
E1,M08,101-0,A,SF-101,B,202406,31,4,2220
E1,M08,101-0,B,SF-101,B,202406,31,0,1567
E1,M08,101-0,C,SF-101,B,202406,31,0,1306
E1,M08,101-0,D,SF-101,B,202406,31,1,980
E1,M08,101-0,E,SF-101,B,202406,31,0,457
E1,M08,101-0,ALL,SF-101,B,202406,31,5,6530
E1,M08,101-0,A,SF-101,B,202407,32,2,2264
E1,M08,101-0,B,SF-101,B,202407,32,2,1598
E1,M08,101-0,C,SF-101,B,202407,32,3,1332
E1,M08,101-0,D,SF-101,B,202407,32,0,999
E1,M08,101-0,E,SF-101,B,202407,32,0,466
E1,M08,101-0,ALL,SF-101,B,202407,32,7,6660
E1,M08,101-0,A,SF-101,B,202408,33,0,2309
E1,M08,101-0,B,SF-101,B,202408,33,0,1630
E1,M08,101-0,C,SF-101,B,202408,33,2,1358
E1,M08,101-0,D,SF-101,B,202408,33,0,1018
E1,M08,101-0,E,SF-101,B,202408,33,1,475
E1,M08,101-0,ALL,SF-101,B,202408,33,3,6790
E1,M08,101-0,A,SF-101,B,202409,34,2,2353
E1,M08,101-0,B,SF-101,B,202409,34,2,1661
E1,M08,101-0,C,SF-101,B,202409,34,0,1384
E1,M08,101-0,D,SF-101,B,202409,34,3,1038
E1,M08,101-0,E,SF-101,B,202409,34,0,484
E1,M08,101-0,ALL,SF-101,B,202409,34,7,6920
E1,M08,101-0,A,SF-101,B,202410,35,1,2397
E1,M08,101-0,B,SF-101,B,202410,35,1,1692
E1,M08,101-0,C,SF-101,B,202410,35,1,1410
E1,M08,101-0,D,SF-101,B,202410,35,1,1058
E1,M08,101-0,E,SF-101,B,202410,35,0,494
E1,M08,101-0,ALL,SF-101,B,202410,35,4,7050
E1,M08,101-0,A,SF-101,B,202411,36,3,2441
E1,M08,101-0,B,SF-101,B,202411,36,2,1723
E1,M08,101-0,C,SF-101,B,202411,36,1,1436
E1,M08,101-0,D,SF-101,B,202411,36,0,1077
E1,M08,101-0,E,SF-101,B,202411,36,0,503
E1,M08,101-0,ALL,SF-101,B,202411,36,6,7180
E1,M08,101-0,A,SF-101,B,202412,37,1,2485
E1,M08,101-0,B,SF-101,B,202412,37,1,1754
E1,M08,101-0,C,SF-101,B,202412,37,2,1462
E1,M08,101-0,D,SF-101,B,202412,37,0,1096
E1,M08,101-0,E,SF-101,B,202412,37,1,512
E1,M08,101-0,ALL,SF-101,B,202412,37,5,7310
E1,M08,102-0,B,SF-102,B,202111,0,1,600
E1,M08,102-0,C,SF-102,B,202111,0,1,500
E1,M08,102-0,ALL,SF-102,B,202111,0,2,2500
E1,M08,102-0,A,SF-102,B,202112,1,2,894
E1,M08,102-0,B,SF-102,B,202112,1,1,631
E1,M08,102-0,C,SF-102,B,202112,1,2,526
E1,M08,102-0,ALL,SF-102,B,202112,1,5,2630
E1,M08,102-0,A,SF-102,B,202201,2,0,938
E1,M08,102-0,B,SF-102,B,202201,2,0,662
E1,M08,102-0,C,SF-102,B,202201,2,1,552
E1,M08,102-0,D,SF-102,B,202201,2,0,414
E1,M08,102-0,ALL,SF-102,B,202201,2,1,2760
E1,M08,102-0,A,SF-102,B,202202,3,3,983
E1,M08,102-0,B,SF-102,B,202202,3,1,694
E1,M08,102-0,C,SF-102,B,202202,3,0,578
E1,M08,102-0,D,SF-102,B,202202,3,0,434
E1,M08,102-0,ALL,SF-102,B,202202,3,4,2890
E1,M08,102-0,A,SF-102,B,202203,4,0,1027
E1,M08,102-0,B,SF-102,B,202203,4,0,725
E1,M08,102-0,C,SF-102,B,202203,4,0,604
E1,M08,102-0,D,SF-102,B,202203,4,1,453
E1,M08,102-0,ALL,SF-102,B,202203,4,1,3020
E1,M08,102-0,A,SF-102,B,202204,5,0,1071
E1,M08,102-0,B,SF-102,B,202204,5,0,756
E1,M08,102-0,C,SF-102,B,202204,5,1,630
E1,M08,102-0,D,SF-102,B,202204,5,2,472
E1,M08,102-0,ALL,SF-102,B,202204,5,3,3150
E1,M08,102-0,A,SF-102,B,202205,6,1,1115
E1,M08,102-0,B,SF-102,B,202205,6,0,787
E1,M08,102-0,C,SF-102,B,202205,6,1,656
E1,M08,102-0,D,SF-102,B,202205,6,1,492
E1,M08,102-0,ALL,SF-102,B,202205,6,3,3280
E1,M08,102-0,A,SF-102,B,202206,7,2,1159
E1,M08,102-0,B,SF-102,B,202206,7,2,818
E1,M08,102-0,C,SF-102,B,202206,7,1,682
E1,M08,102-0,D,SF-102,B,202206,7,1,512
E1,M08,102-0,ALL,SF-102,B,202206,7,6,3410
E1,M08,102-0,A,SF-102,B,202207,8,2,1204
E1,M08,102-0,B,SF-102,B,202207,8,1,850
E1,M08,102-0,C,SF-102,B,202207,8,1,708
E1,M08,102-0,D,SF-102,B,202207,8,1,531
E1,M08,102-0,E,SF-102,B,202207,8,0,248
E1,M08,102-0,ALL,SF-102,B,202207,8,5,3540
E1,M08,102-0,A,SF-102,B,202208,9,2,1248
E1,M08,102-0,B,SF-102,B,202208,9,0,881
E1,M08,102-0,C,SF-102,B,202208,9,0,734
E1,M08,102-0,D,SF-102,B,202208,9,0,550
E1,M08,102-0,E,SF-102,B,202208,9,0,257
E1,M08,102-0,ALL,SF-102,B,202208,9,2,3670
E1,M08,102-0,A,SF-102,B,202209,10,3,1292
E1,M08,102-0,B,SF-102,B,202209,10,0,912
E1,M08,102-0,C,SF-102,B,202209,10,0,760
E1,M08,102-0,D,SF-102,B,202209,10,1,570
E1,M08,102-0,E,SF-102,B,202209,10,0,266
E1,M08,102-0,ALL,SF-102,B,202209,10,4,3800
E1,M08,102-0,A,SF-102,B,202210,11,3,1336
E1,M08,102-0,B,SF-102,B,202210,11,1,943
E1,M08,102-0,C,SF-102,B,202210,11,1,786
E1,M08,102-0,D,SF-102,B,202210,11,0,590
E1,M08,102-0,E,SF-102,B,202210,11,1,275
E1,M08,102-0,ALL,SF-102,B,202210,11,6,3930
E1,M08,102-0,A,SF-102,B,202211,12,3,1380
E1,M08,102-0,B,SF-102,B,202211,12,0,974
E1,M08,102-0,C,SF-102,B,202211,12,4,812
E1,M08,102-0,D,SF-102,B,202211,12,2,609
E1,M08,102-0,E,SF-102,B,202211,12,2,284
E1,M08,102-0,ALL,SF-102,B,202211,12,11,4060
E1,M08,102-0,A,SF-102,B,202212,13,2,1425
E1,M08,102-0,B,SF-102,B,202212,13,1,1006
E1,M08,102-0,C,SF-102,B,202212,13,1,838
E1,M08,102-0,D,SF-102,B,202212,13,1,628
E1,M08,102-0,E,SF-102,B,202212,13,0,293
E1,M08,102-0,ALL,SF-102,B,202212,13,5,4190
E1,M08,102-0,A,SF-102,B,202301,14,0,1469
E1,M08,102-0,B,SF-102,B,202301,14,1,1037
E1,M08,102-0,C,SF-102,B,202301,14,1,864
E1,M08,102-0,D,SF-102,B,202301,14,0,648
E1,M08,102-0,E,SF-102,B,202301,14,0,302
E1,M08,102-0,ALL,SF-102,B,202301,14,2,4320
E1,M08,102-0,A,SF-102,B,202302,15,2,1513
E1,M08,102-0,B,SF-102,B,202302,15,3,1068
E1,M08,102-0,C,SF-102,B,202302,15,2,890
E1,M08,102-0,D,SF-102,B,202302,15,3,668
E1,M08,102-0,E,SF-102,B,202302,15,0,312
E1,M08,102-0,ALL,SF-102,B,202302,15,10,4450
E1,M08,102-0,A,SF-102,B,202303,16,2,1557
E1,M08,102-0,B,SF-102,B,202303,16,2,1099
E1,M08,102-0,C,SF-102,B,202303,16,3,916
E1,M08,102-0,D,SF-102,B,202303,16,0,687
E1,M08,102-0,E,SF-102,B,202303,16,1,321
E1,M08,102-0,ALL,SF-102,B,202303,16,8,4580
E1,M08,102-0,A,SF-102,B,202304,17,2,1601
E1,M08,102-0,B,SF-102,B,202304,17,2,1130
E1,M08,102-0,C,SF-102,B,202304,17,0,942
E1,M08,102-0,D,SF-102,B,202304,17,1,706
E1,M08,102-0,E,SF-102,B,202304,17,0,330
E1,M08,102-0,ALL,SF-102,B,202304,17,5,4710
E1,M08,102-0,A,SF-102,B,202305,18,1,1646
E1,M08,102-0,B,SF-102,B,202305,18,1,1162
E1,M08,102-0,C,SF-102,B,202305,18,0,968
E1,M08,102-0,D,SF-102,B,202305,18,2,726
E1,M08,102-0,E,SF-102,B,202305,18,0,339
E1,M08,102-0,ALL,SF-102,B,202305,18,4,4840
E1,M08,102-0,A,SF-102,B,202306,19,1,1690
E1,M08,102-0,B,SF-102,B,202306,19,2,1193
E1,M08,102-0,C,SF-102,B,202306,19,0,994
E1,M08,102-0,D,SF-102,B,202306,19,1,746
E1,M08,102-0,E,SF-102,B,202306,19,0,348
E1,M08,102-0,ALL,SF-102,B,202306,19,4,4970
E1,M08,102-0,A,SF-102,B,202307,20,2,1734
E1,M08,102-0,B,SF-102,B,202307,20,0,1224
E1,M08,102-0,C,SF-102,B,202307,20,1,1020
E1,M08,102-0,D,SF-102,B,202307,20,1,765
E1,M08,102-0,E,SF-102,B,202307,20,0,357
E1,M08,102-0,ALL,SF-102,B,202307,20,4,5100
E1,M08,102-0,A,SF-102,B,202308,21,3,1778
E1,M08,102-0,B,SF-102,B,202308,21,2,1255
E1,M08,102-0,C,SF-102,B,202308,21,1,1046
E1,M08,102-0,D,SF-102,B,202308,21,1,784
E1,M08,102-0,E,SF-102,B,202308,21,0,366
E1,M08,102-0,ALL,SF-102,B,202308,21,7,5230
E1,M08,102-0,A,SF-102,B,202309,22,3,1822
E1,M08,102-0,B,SF-102,B,202309,22,0,1286
E1,M08,102-0,C,SF-102,B,202309,22,2,1072
E1,M08,102-0,D,SF-102,B,202309,22,0,804
E1,M08,102-0,E,SF-102,B,202309,22,1,375
E1,M08,102-0,ALL,SF-102,B,202309,22,6,5360
E1,M08,102-0,A,SF-102,B,202310,23,1,1867
E1,M08,102-0,B,SF-102,B,202310,23,4,1318
E1,M08,102-0,C,SF-102,B,202310,23,0,1098
E1,M08,102-0,D,SF-102,B,202310,23,0,824
E1,M08,102-0,E,SF-102,B,202310,23,1,384
E1,M08,102-0,ALL,SF-102,B,202310,23,6,5490
E1,M08,102-0,A,SF-102,B,202311,24,3,1911
E1,M08,102-0,B,SF-102,B,202311,24,3,1349
E1,M08,102-0,C,SF-102,B,202311,24,0,1124
E1,M08,102-0,D,SF-102,B,202311,24,1,843
E1,M08,102-0,E,SF-102,B,202311,24,0,393
E1,M08,102-0,ALL,SF-102,B,202311,24,7,5620
E1,M08,102-0,A,SF-102,B,202312,25,1,1955
E1,M08,102-0,B,SF-102,B,202312,25,0,1380
E1,M08,102-0,C,SF-102,B,202312,25,3,1150
E1,M08,102-0,D,SF-102,B,202312,25,1,862
E1,M08,102-0,E,SF-102,B,202312,25,1,403
E1,M08,102-0,ALL,SF-102,B,202312,25,6,5750
E1,M08,102-0,A,SF-102,B,202401,26,4,1999
E1,M08,102-0,B,SF-102,B,202401,26,1,1411
E1,M08,102-0,C,SF-102,B,202401,26,1,1176
E1,M08,102-0,D,SF-102,B,202401,26,0,882
E1,M08,102-0,E,SF-102,B,202401,26,0,412
E1,M08,102-0,ALL,SF-102,B,202401,26,6,5880
E1,M08,102-0,A,SF-102,B,202402,27,2,2043
E1,M08,102-0,B,SF-102,B,202402,27,3,1442
E1,M08,102-0,C,SF-102,B,202402,27,3,1202
E1,M08,102-0,D,SF-102,B,202402,27,2,902
E1,M08,102-0,E,SF-102,B,202402,27,0,421
E1,M08,102-0,ALL,SF-102,B,202402,27,10,6010
E1,M08,102-0,A,SF-102,B,202403,28,2,2088
E1,M08,102-0,B,SF-102,B,202403,28,1,1474
E1,M08,102-0,C,SF-102,B,202403,28,1,1228
E1,M08,102-0,D,SF-102,B,202403,28,2,921
E1,M08,102-0,E,SF-102,B,202403,28,0,430
E1,M08,102-0,ALL,SF-102,B,202403,28,6,6140
E1,M08,102-0,A,SF-102,B,202404,29,4,2132
E1,M08,102-0,B,SF-102,B,202404,29,3,1505
E1,M08,102-0,C,SF-102,B,202404,29,1,1254
E1,M08,102-0,D,SF-102,B,202404,29,2,940
E1,M08,102-0,E,SF-102,B,202404,29,1,439
E1,M08,102-0,ALL,SF-102,B,202404,29,11,6270
E1,M08,102-0,A,SF-102,B,202405,30,3,2176
E1,M08,102-0,B,SF-102,B,202405,30,2,1536
E1,M08,102-0,C,SF-102,B,202405,30,0,1280
E1,M08,102-0,D,SF-102,B,202405,30,1,960
E1,M08,102-0,E,SF-102,B,202405,30,1,448
E1,M08,102-0,ALL,SF-102,B,202405,30,7,6400
E1,M08,102-0,A,SF-102,B,202406,31,4,2220
E1,M08,102-0,B,SF-102,B,202406,31,0,1567
E1,M08,102-0,C,SF-102,B,202406,31,1,1306
E1,M08,102-0,D,SF-102,B,202406,31,1,980
E1,M08,102-0,E,SF-102,B,202406,31,1,457
E1,M08,102-0,ALL,SF-102,B,202406,31,7,6530
E1,M08,102-0,A,SF-102,B,202407,32,1,2264
E1,M08,102-0,B,SF-102,B,202407,32,1,1598
E1,M08,102-0,C,SF-102,B,202407,32,1,1332
E1,M08,102-0,D,SF-102,B,202407,32,1,999
E1,M08,102-0,E,SF-102,B,202407,32,0,466
E1,M08,102-0,ALL,SF-102,B,202407,32,4,6660
E1,M08,102-0,A,SF-102,B,202408,33,1,2309
E1,M08,102-0,B,SF-102,B,202408,33,3,1630
E1,M08,102-0,C,SF-102,B,202408,33,0,1358
E1,M08,102-0,D,SF-102,B,202408,33,0,1018
E1,M08,102-0,E,SF-102,B,202408,33,1,475
E1,M08,102-0,ALL,SF-102,B,202408,33,5,6790
E1,M08,102-0,A,SF-102,B,202409,34,0,2353
E1,M08,102-0,B,SF-102,B,202409,34,1,1661
E1,M08,102-0,C,SF-102,B,202409,34,2,1384
E1,M08,102-0,D,SF-102,B,202409,34,1,1038
E1,M08,102-0,E,SF-102,B,202409,34,0,484
E1,M08,102-0,ALL,SF-102,B,202409,34,4,6920
E1,M08,102-0,A,SF-102,B,202410,35,3,2397
E1,M08,102-0,B,SF-102,B,202410,35,2,1692
E1,M08,102-0,C,SF-102,B,202410,35,1,1410
E1,M08,102-0,D,SF-102,B,202410,35,1,1058
E1,M08,102-0,E,SF-102,B,202410,35,1,494
E1,M08,102-0,ALL,SF-102,B,202410,35,8,7050
E1,M08,102-0,A,SF-102,B,202411,36,2,2441
E1,M08,102-0,B,SF-102,B,202411,36,1,1723
E1,M08,102-0,C,SF-102,B,202411,36,0,1436
E1,M08,102-0,D,SF-102,B,202411,36,3,1077
E1,M08,102-0,E,SF-102,B,202411,36,0,503
E1,M08,102-0,ALL,SF-102,B,202411,36,6,7180
E1,M08,102-0,A,SF-102,B,202412,37,0,2485
E1,M08,102-0,B,SF-102,B,202412,37,1,1754
E1,M08,102-0,C,SF-102,B,202412,37,2,1462
E1,M08,102-0,D,SF-102,B,202412,37,0,1096
E1,M08,102-0,E,SF-102,B,202412,37,1,512
E1,M08,102-0,ALL,SF-102,B,202412,37,4,7310
E1,M08,103-0,A,SF-103,B,202111,0,1,850
E1,M08,103-0,ALL,SF-103,B,202111,0,1,2500
E1,M08,103-1,B,SF-103,B,202111,0,1,600
E1,M08,103-1,C,SF-103,B,202111,0,1,500
E1,M08,103-1,ALL,SF-103,B,202111,0,2,2500
E1,M08,103-0,C,SF-103,B,202112,1,1,526
E1,M08,103-0,D,SF-103,B,202112,1,1,394
E1,M08,103-0,ALL,SF-103,B,202112,1,2,2630
E1,M08,103-1,B,SF-103,B,202112,1,1,631
E1,M08,103-1,D,SF-103,B,202112,1,2,394
E1,M08,103-1,ALL,SF-103,B,202112,1,3,2630
E1,M08,103-0,A,SF-103,B,202201,2,1,938
E1,M08,103-0,B,SF-103,B,202201,2,0,662
E1,M08,103-0,C,SF-103,B,202201,2,2,552
E1,M08,103-0,D,SF-103,B,202201,2,0,414
E1,M08,103-0,ALL,SF-103,B,202201,2,3,2760
E1,M08,103-1,A,SF-103,B,202201,2,0,938
E1,M08,103-1,B,SF-103,B,202201,2,0,662
E1,M08,103-1,C,SF-103,B,202201,2,1,552
E1,M08,103-1,D,SF-103,B,202201,2,1,414
E1,M08,103-1,ALL,SF-103,B,202201,2,2,2760
E1,M08,103-0,A,SF-103,B,202202,3,1,983
E1,M08,103-0,B,SF-103,B,202202,3,0,694
E1,M08,103-0,C,SF-103,B,202202,3,1,578
E1,M08,103-0,D,SF-103,B,202202,3,0,434
E1,M08,103-0,ALL,SF-103,B,202202,3,2,2890
E1,M08,103-1,A,SF-103,B,202202,3,1,983
E1,M08,103-1,B,SF-103,B,202202,3,1,694
E1,M08,103-1,C,SF-103,B,202202,3,1,578
E1,M08,103-1,D,SF-103,B,202202,3,1,434
E1,M08,103-1,ALL,SF-103,B,202202,3,4,2890
E1,M08,103-0,A,SF-103,B,202203,4,0,1027
E1,M08,103-0,B,SF-103,B,202203,4,0,725
E1,M08,103-0,C,SF-103,B,202203,4,0,604
E1,M08,103-0,D,SF-103,B,202203,4,0,453
E1,M08,103-0,ALL,SF-103,B,202203,4,0,3020
E1,M08,103-1,A,SF-103,B,202203,4,0,1027
E1,M08,103-1,B,SF-103,B,202203,4,0,725
E1,M08,103-1,C,SF-103,B,202203,4,0,604
E1,M08,103-1,D,SF-103,B,202203,4,0,453
E1,M08,103-1,ALL,SF-103,B,202203,4,0,3020
E1,M08,103-0,A,SF-103,B,202204,5,1,1071
E1,M08,103-0,B,SF-103,B,202204,5,0,756
E1,M08,103-0,C,SF-103,B,202204,5,0,630
E1,M08,103-0,D,SF-103,B,202204,5,0,472
E1,M08,103-0,ALL,SF-103,B,202204,5,1,3150
E1,M08,103-1,A,SF-103,B,202204,5,1,1071
E1,M08,103-1,B,SF-103,B,202204,5,0,756
E1,M08,103-1,C,SF-103,B,202204,5,2,630
E1,M08,103-1,D,SF-103,B,202204,5,0,472
E1,M08,103-1,ALL,SF-103,B,202204,5,3,3150
E1,M08,103-0,A,SF-103,B,202205,6,0,1115
E1,M08,103-0,B,SF-103,B,202205,6,0,787
E1,M08,103-0,C,SF-103,B,202205,6,1,656
E1,M08,103-0,D,SF-103,B,202205,6,0,492
E1,M08,103-0,ALL,SF-103,B,202205,6,1,3280
E1,M08,103-1,A,SF-103,B,202205,6,0,1115
E1,M08,103-1,B,SF-103,B,202205,6,1,787
E1,M08,103-1,C,SF-103,B,202205,6,2,656
E1,M08,103-1,D,SF-103,B,202205,6,0,492
E1,M08,103-1,ALL,SF-103,B,202205,6,3,3280
E1,M08,103-0,A,SF-103,B,202206,7,0,1159
E1,M08,103-0,B,SF-103,B,202206,7,0,818
E1,M08,103-0,C,SF-103,B,202206,7,1,682
E1,M08,103-0,D,SF-103,B,202206,7,0,512
E1,M08,103-0,ALL,SF-103,B,202206,7,1,3410
E1,M08,103-1,A,SF-103,B,202206,7,0,1159
E1,M08,103-1,B,SF-103,B,202206,7,1,818
E1,M08,103-1,C,SF-103,B,202206,7,0,682
E1,M08,103-1,D,SF-103,B,202206,7,1,512
E1,M08,103-1,ALL,SF-103,B,202206,7,2,3410
E1,M08,103-0,A,SF-103,B,202207,8,2,1204
E1,M08,103-0,B,SF-103,B,202207,8,1,850
E1,M08,103-0,C,SF-103,B,202207,8,0,708
E1,M08,103-0,D,SF-103,B,202207,8,0,531
E1,M08,103-0,E,SF-103,B,202207,8,0,248
E1,M08,103-0,ALL,SF-103,B,202207,8,3,3540
E1,M08,103-1,A,SF-103,B,202207,8,1,1204
E1,M08,103-1,B,SF-103,B,202207,8,0,850
E1,M08,103-1,C,SF-103,B,202207,8,1,708
E1,M08,103-1,D,SF-103,B,202207,8,0,531
E1,M08,103-1,E,SF-103,B,202207,8,0,248
E1,M08,103-1,ALL,SF-103,B,202207,8,2,3540
E1,M08,103-0,A,SF-103,B,202208,9,0,1248
E1,M08,103-0,B,SF-103,B,202208,9,1,881
E1,M08,103-0,C,SF-103,B,202208,9,1,734
E1,M08,103-0,D,SF-103,B,202208,9,1,550
E1,M08,103-0,E,SF-103,B,202208,9,0,257
E1,M08,103-0,ALL,SF-103,B,202208,9,3,3670
E1,M08,103-1,A,SF-103,B,202208,9,2,1248
E1,M08,103-1,B,SF-103,B,202208,9,0,881
E1,M08,103-1,C,SF-103,B,202208,9,0,734
E1,M08,103-1,D,SF-103,B,202208,9,1,550
E1,M08,103-1,E,SF-103,B,202208,9,0,257
E1,M08,103-1,ALL,SF-103,B,202208,9,3,3670
E1,M08,103-0,A,SF-103,B,202209,10,4,1292
E1,M08,103-0,B,SF-103,B,202209,10,0,912
E1,M08,103-0,C,SF-103,B,202209,10,1,760
E1,M08,103-0,D,SF-103,B,202209,10,0,570
E1,M08,103-0,E,SF-103,B,202209,10,0,266
E1,M08,103-0,ALL,SF-103,B,202209,10,5,3800
E1,M08,103-1,A,SF-103,B,202209,10,1,1292
E1,M08,103-1,B,SF-103,B,202209,10,0,912
E1,M08,103-1,C,SF-103,B,202209,10,2,760
E1,M08,103-1,D,SF-103,B,202209,10,1,570
E1,M08,103-1,E,SF-103,B,202209,10,0,266
E1,M08,103-1,ALL,SF-103,B,202209,10,4,3800
E1,M08,103-0,A,SF-103,B,202210,11,1,1336
E1,M08,103-0,B,SF-103,B,202210,11,2,943
E1,M08,103-0,C,SF-103,B,202210,11,1,786
E1,M08,103-0,D,SF-103,B,202210,11,0,590
E1,M08,103-0,E,SF-103,B,202210,11,0,275
E1,M08,103-0,ALL,SF-103,B,202210,11,4,3930
E1,M08,103-1,A,SF-103,B,202210,11,1,1336
E1,M08,103-1,B,SF-103,B,202210,11,0,943
E1,M08,103-1,C,SF-103,B,202210,11,0,786
E1,M08,103-1,D,SF-103,B,202210,11,1,590
E1,M08,103-1,E,SF-103,B,202210,11,0,275
E1,M08,103-1,ALL,SF-103,B,202210,11,2,3930
E1,M08,103-0,A,SF-103,B,202211,12,1,1380
E1,M08,103-0,B,SF-103,B,202211,12,1,974
E1,M08,103-0,C,SF-103,B,202211,12,2,812
E1,M08,103-0,D,SF-103,B,202211,12,0,609
E1,M08,103-0,E,SF-103,B,202211,12,0,284
E1,M08,103-0,ALL,SF-103,B,202211,12,4,4060
E1,M08,103-1,A,SF-103,B,202211,12,0,1380
E1,M08,103-1,B,SF-103,B,202211,12,0,974
E1,M08,103-1,C,SF-103,B,202211,12,0,812
E1,M08,103-1,D,SF-103,B,202211,12,0,609
E1,M08,103-1,E,SF-103,B,202211,12,0,284
E1,M08,103-1,ALL,SF-103,B,202211,12,0,4060
E1,M08,103-0,A,SF-103,B,202212,13,1,1425
E1,M08,103-0,B,SF-103,B,202212,13,2,1006
E1,M08,103-0,C,SF-103,B,202212,13,0,838
E1,M08,103-0,D,SF-103,B,202212,13,0,628
E1,M08,103-0,E,SF-103,B,202212,13,0,293
E1,M08,103-0,ALL,SF-103,B,202212,13,3,4190
E1,M08,103-1,A,SF-103,B,202212,13,3,1425
E1,M08,103-1,B,SF-103,B,202212,13,1,1006
E1,M08,103-1,C,SF-103,B,202212,13,0,838
E1,M08,103-1,D,SF-103,B,202212,13,0,628
E1,M08,103-1,E,SF-103,B,202212,13,0,293
E1,M08,103-1,ALL,SF-103,B,202212,13,4,4190
E1,M08,103-0,A,SF-103,B,202301,14,1,1469
E1,M08,103-0,B,SF-103,B,202301,14,0,1037
E1,M08,103-0,C,SF-103,B,202301,14,0,864
E1,M08,103-0,D,SF-103,B,202301,14,2,648
E1,M08,103-0,E,SF-103,B,202301,14,0,302
E1,M08,103-0,ALL,SF-103,B,202301,14,3,4320
E1,M08,103-1,A,SF-103,B,202301,14,0,1469
E1,M08,103-1,B,SF-103,B,202301,14,0,1037
E1,M08,103-1,C,SF-103,B,202301,14,0,864
E1,M08,103-1,D,SF-103,B,202301,14,0,648
E1,M08,103-1,E,SF-103,B,202301,14,0,302
E1,M08,103-1,ALL,SF-103,B,202301,14,0,4320
E1,M08,103-0,A,SF-103,B,202302,15,1,1513
E1,M08,103-0,B,SF-103,B,202302,15,0,1068
E1,M08,103-0,C,SF-103,B,202302,15,0,890
E1,M08,103-0,D,SF-103,B,202302,15,0,668
E1,M08,103-0,E,SF-103,B,202302,15,0,312
E1,M08,103-0,ALL,SF-103,B,202302,15,1,4450
E1,M08,103-1,A,SF-103,B,202302,15,0,1513
E1,M08,103-1,B,SF-103,B,202302,15,0,1068
E1,M08,103-1,C,SF-103,B,202302,15,2,890
E1,M08,103-1,D,SF-103,B,202302,15,1,668
E1,M08,103-1,E,SF-103,B,202302,15,0,312
E1,M08,103-1,ALL,SF-103,B,202302,15,3,4450
E1,M08,103-0,A,SF-103,B,202303,16,0,1557
E1,M08,103-0,B,SF-103,B,202303,16,1,1099
E1,M08,103-0,C,SF-103,B,202303,16,1,916
E1,M08,103-0,D,SF-103,B,202303,16,0,687
E1,M08,103-0,E,SF-103,B,202303,16,1,321
E1,M08,103-0,ALL,SF-103,B,202303,16,3,4580
E1,M08,103-1,A,SF-103,B,202303,16,3,1557
E1,M08,103-1,B,SF-103,B,202303,16,2,1099
E1,M08,103-1,C,SF-103,B,202303,16,0,916
E1,M08,103-1,D,SF-103,B,202303,16,1,687
E1,M08,103-1,E,SF-103,B,202303,16,0,321
E1,M08,103-1,ALL,SF-103,B,202303,16,6,4580
E1,M08,103-0,A,SF-103,B,202304,17,1,1601
E1,M08,103-0,B,SF-103,B,202304,17,1,1130
E1,M08,103-0,C,SF-103,B,202304,17,2,942
E1,M08,103-0,D,SF-103,B,202304,17,1,706
E1,M08,103-0,E,SF-103,B,202304,17,0,330
E1,M08,103-0,ALL,SF-103,B,202304,17,5,4710
E1,M08,103-1,A,SF-103,B,202304,17,1,1601
E1,M08,103-1,B,SF-103,B,202304,17,1,1130
E1,M08,103-1,C,SF-103,B,202304,17,0,942
E1,M08,103-1,D,SF-103,B,202304,17,0,706
E1,M08,103-1,E,SF-103,B,202304,17,1,330
E1,M08,103-1,ALL,SF-103,B,202304,17,3,4710
E1,M08,103-0,A,SF-103,B,202305,18,0,1646
E1,M08,103-0,B,SF-103,B,202305,18,1,1162
E1,M08,103-0,C,SF-103,B,202305,18,1,968
E1,M08,103-0,D,SF-103,B,202305,18,0,726
E1,M08,103-0,E,SF-103,B,202305,18,1,339
E1,M08,103-0,ALL,SF-103,B,202305,18,3,4840
E1,M08,103-1,A,SF-103,B,202305,18,1,1646
E1,M08,103-1,B,SF-103,B,202305,18,2,1162
E1,M08,103-1,C,SF-103,B,202305,18,0,968
E1,M08,103-1,D,SF-103,B,202305,18,0,726
E1,M08,103-1,E,SF-103,B,202305,18,0,339
E1,M08,103-1,ALL,SF-103,B,202305,18,3,4840
E1,M08,103-0,A,SF-103,B,202306,19,0,1690
E1,M08,103-0,B,SF-103,B,202306,19,0,1193
E1,M08,103-0,C,SF-103,B,202306,19,0,994
E1,M08,103-0,D,SF-103,B,202306,19,0,746
E1,M08,103-0,E,SF-103,B,202306,19,0,348
E1,M08,103-0,ALL,SF-103,B,202306,19,0,4970
E1,M08,103-1,A,SF-103,B,202306,19,0,1690
E1,M08,103-1,B,SF-103,B,202306,19,0,1193
E1,M08,103-1,C,SF-103,B,202306,19,0,994
E1,M08,103-1,D,SF-103,B,202306,19,0,746
E1,M08,103-1,E,SF-103,B,202306,19,0,348
E1,M08,103-1,ALL,SF-103,B,202306,19,0,4970
E1,M08,103-0,A,SF-103,B,202307,20,0,1734
E1,M08,103-0,B,SF-103,B,202307,20,1,1224
E1,M08,103-0,C,SF-103,B,202307,20,1,1020
E1,M08,103-0,D,SF-103,B,202307,20,0,765
E1,M08,103-0,E,SF-103,B,202307,20,1,357
E1,M08,103-0,ALL,SF-103,B,202307,20,3,5100
E1,M08,103-1,A,SF-103,B,202307,20,3,1734
E1,M08,103-1,B,SF-103,B,202307,20,3,1224
E1,M08,103-1,C,SF-103,B,202307,20,0,1020
E1,M08,103-1,D,SF-103,B,202307,20,1,765
E1,M08,103-1,E,SF-103,B,202307,20,0,357
E1,M08,103-1,ALL,SF-103,B,202307,20,7,5100
E1,M08,103-0,A,SF-103,B,202308,21,3,1778
E1,M08,103-0,B,SF-103,B,202308,21,2,1255
E1,M08,103-0,C,SF-103,B,202308,21,0,1046
E1,M08,103-0,D,SF-103,B,202308,21,0,784
E1,M08,103-0,E,SF-103,B,202308,21,0,366
E1,M08,103-0,ALL,SF-103,B,202308,21,5,5230
E1,M08,103-1,A,SF-103,B,202308,21,0,1778
E1,M08,103-1,B,SF-103,B,202308,21,1,1255
E1,M08,103-1,C,SF-103,B,202308,21,0,1046
E1,M08,103-1,D,SF-103,B,202308,21,0,784
E1,M08,103-1,E,SF-103,B,202308,21,1,366
E1,M08,103-1,ALL,SF-103,B,202308,21,2,5230
E1,M08,103-0,A,SF-103,B,202309,22,2,1822
E1,M08,103-0,B,SF-103,B,202309,22,0,1286
E1,M08,103-0,C,SF-103,B,202309,22,0,1072
E1,M08,103-0,D,SF-103,B,202309,22,1,804
E1,M08,103-0,E,SF-103,B,202309,22,0,375
E1,M08,103-0,ALL,SF-103,B,202309,22,3,5360
E1,M08,103-1,A,SF-103,B,202309,22,2,1822
E1,M08,103-1,B,SF-103,B,202309,22,0,1286
E1,M08,103-1,C,SF-103,B,202309,22,0,1072
E1,M08,103-1,D,SF-103,B,202309,22,0,804
E1,M08,103-1,E,SF-103,B,202309,22,0,375
E1,M08,103-1,ALL,SF-103,B,202309,22,2,5360
E1,M08,103-0,A,SF-103,B,202310,23,0,1867
E1,M08,103-0,B,SF-103,B,202310,23,1,1318
E1,M08,103-0,C,SF-103,B,202310,23,1,1098
E1,M08,103-0,D,SF-103,B,202310,23,0,824
E1,M08,103-0,E,SF-103,B,202310,23,1,384
E1,M08,103-0,ALL,SF-103,B,202310,23,3,5490
E1,M08,103-1,A,SF-103,B,202310,23,1,1867
E1,M08,103-1,B,SF-103,B,202310,23,1,1318
E1,M08,103-1,C,SF-103,B,202310,23,1,1098
E1,M08,103-1,D,SF-103,B,202310,23,1,824
E1,M08,103-1,E,SF-103,B,202310,23,0,384
E1,M08,103-1,ALL,SF-103,B,202310,23,4,5490
E1,M08,103-0,A,SF-103,B,202311,24,1,1911
E1,M08,103-0,B,SF-103,B,202311,24,1,1349
E1,M08,103-0,C,SF-103,B,202311,24,1,1124
E1,M08,103-0,D,SF-103,B,202311,24,0,843
E1,M08,103-0,E,SF-103,B,202311,24,0,393
E1,M08,103-0,ALL,SF-103,B,202311,24,3,5620
E1,M08,103-1,A,SF-103,B,202311,24,0,1911
E1,M08,103-1,B,SF-103,B,202311,24,0,1349
E1,M08,103-1,C,SF-103,B,202311,24,1,1124
E1,M08,103-1,D,SF-103,B,202311,24,0,843
E1,M08,103-1,E,SF-103,B,202311,24,0,393
E1,M08,103-1,ALL,SF-103,B,202311,24,1,5620
E1,M08,103-0,A,SF-103,B,202312,25,4,1955
E1,M08,103-0,B,SF-103,B,202312,25,4,1380
E1,M08,103-0,C,SF-103,B,202312,25,1,1150
E1,M08,103-0,D,SF-103,B,202312,25,1,862
E1,M08,103-0,E,SF-103,B,202312,25,1,403
E1,M08,103-0,ALL,SF-103,B,202312,25,11,5750
E1,M08,103-1,A,SF-103,B,202312,25,2,1955
E1,M08,103-1,B,SF-103,B,202312,25,0,1380
E1,M08,103-1,C,SF-103,B,202312,25,0,1150
E1,M08,103-1,D,SF-103,B,202312,25,0,862
E1,M08,103-1,E,SF-103,B,202312,25,1,403
E1,M08,103-1,ALL,SF-103,B,202312,25,3,5750
E1,M08,103-0,A,SF-103,B,202401,26,3,1999
E1,M08,103-0,B,SF-103,B,202401,26,0,1411
E1,M08,103-0,C,SF-103,B,202401,26,0,1176
E1,M08,103-0,D,SF-103,B,202401,26,0,882
E1,M08,103-0,E,SF-103,B,202401,26,0,412
E1,M08,103-0,ALL,SF-103,B,202401,26,3,5880
E1,M08,103-1,A,SF-103,B,202401,26,3,1999
E1,M08,103-1,B,SF-103,B,202401,26,1,1411
E1,M08,103-1,C,SF-103,B,202401,26,2,1176
E1,M08,103-1,D,SF-103,B,202401,26,0,882
E1,M08,103-1,E,SF-103,B,202401,26,1,412
E1,M08,103-1,ALL,SF-103,B,202401,26,7,5880
E1,M08,103-0,A,SF-103,B,202402,27,1,2043
E1,M08,103-0,B,SF-103,B,202402,27,1,1442
E1,M08,103-0,C,SF-103,B,202402,27,3,1202
E1,M08,103-0,D,SF-103,B,202402,27,0,902
E1,M08,103-0,E,SF-103,B,202402,27,0,421
E1,M08,103-0,ALL,SF-103,B,202402,27,5,6010
E1,M08,103-1,A,SF-103,B,202402,27,1,2043
E1,M08,103-1,B,SF-103,B,202402,27,0,1442
E1,M08,103-1,C,SF-103,B,202402,27,0,1202
E1,M08,103-1,D,SF-103,B,202402,27,0,902
E1,M08,103-1,E,SF-103,B,202402,27,0,421
E1,M08,103-1,ALL,SF-103,B,202402,27,1,6010
E1,M08,103-0,A,SF-103,B,202403,28,2,2088
E1,M08,103-0,B,SF-103,B,202403,28,1,1474
E1,M08,103-0,C,SF-103,B,202403,28,1,1228
E1,M08,103-0,D,SF-103,B,202403,28,2,921
E1,M08,103-0,E,SF-103,B,202403,28,0,430
E1,M08,103-0,ALL,SF-103,B,202403,28,6,6140
E1,M08,103-1,A,SF-103,B,202403,28,2,2088
E1,M08,103-1,B,SF-103,B,202403,28,0,1474
E1,M08,103-1,C,SF-103,B,202403,28,4,1228
E1,M08,103-1,D,SF-103,B,202403,28,1,921
E1,M08,103-1,E,SF-103,B,202403,28,0,430
E1,M08,103-1,ALL,SF-103,B,202403,28,7,6140
E1,M08,103-0,A,SF-103,B,202404,29,0,2132
E1,M08,103-0,B,SF-103,B,202404,29,0,1505
E1,M08,103-0,C,SF-103,B,202404,29,0,1254
E1,M08,103-0,D,SF-103,B,202404,29,1,940
E1,M08,103-0,E,SF-103,B,202404,29,0,439
E1,M08,103-0,ALL,SF-103,B,202404,29,1,6270
E1,M08,103-1,A,SF-103,B,202404,29,1,2132
E1,M08,103-1,B,SF-103,B,202404,29,0,1505
E1,M08,103-1,C,SF-103,B,202404,29,1,1254
E1,M08,103-1,D,SF-103,B,202404,29,0,940
E1,M08,103-1,E,SF-103,B,202404,29,1,439
E1,M08,103-1,ALL,SF-103,B,202404,29,3,6270
E1,M08,103-0,A,SF-103,B,202405,30,2,2176
E1,M08,103-0,B,SF-103,B,202405,30,0,1536
E1,M08,103-0,C,SF-103,B,202405,30,0,1280
E1,M08,103-0,D,SF-103,B,202405,30,0,960
E1,M08,103-0,E,SF-103,B,202405,30,0,448
E1,M08,103-0,ALL,SF-103,B,202405,30,2,6400
E1,M08,103-1,A,SF-103,B,202405,30,1,2176
E1,M08,103-1,B,SF-103,B,202405,30,3,1536
E1,M08,103-1,C,SF-103,B,202405,30,1,1280
E1,M08,103-1,D,SF-103,B,202405,30,1,960
E1,M08,103-1,E,SF-103,B,202405,30,0,448
E1,M08,103-1,ALL,SF-103,B,202405,30,6,6400
E1,M08,103-0,A,SF-103,B,202406,31,1,2220
E1,M08,103-0,B,SF-103,B,202406,31,0,1567
E1,M08,103-0,C,SF-103,B,202406,31,1,1306
E1,M08,103-0,D,SF-103,B,202406,31,0,980
E1,M08,103-0,E,SF-103,B,202406,31,0,457
E1,M08,103-0,ALL,SF-103,B,202406,31,2,6530
E1,M08,103-1,A,SF-103,B,202406,31,4,2220
E1,M08,103-1,B,SF-103,B,202406,31,2,1567
E1,M08,103-1,C,SF-103,B,202406,31,1,1306
E1,M08,103-1,D,SF-103,B,202406,31,1,980
E1,M08,103-1,E,SF-103,B,202406,31,0,457
E1,M08,103-1,ALL,SF-103,B,202406,31,8,6530
E1,M08,103-0,A,SF-103,B,202407,32,4,2264
E1,M08,103-0,B,SF-103,B,202407,32,1,1598
E1,M08,103-0,C,SF-103,B,202407,32,1,1332
E1,M08,103-0,D,SF-103,B,202407,32,0,999
E1,M08,103-0,E,SF-103,B,202407,32,1,466
E1,M08,103-0,ALL,SF-103,B,202407,32,7,6660
E1,M08,103-1,A,SF-103,B,202407,32,3,2264
E1,M08,103-1,B,SF-103,B,202407,32,1,1598
E1,M08,103-1,C,SF-103,B,202407,32,1,1332
E1,M08,103-1,D,SF-103,B,202407,32,2,999
E1,M08,103-1,E,SF-103,B,202407,32,0,466
E1,M08,103-1,ALL,SF-103,B,202407,32,7,6660
E1,M08,103-0,A,SF-103,B,202408,33,1,2309
E1,M08,103-0,B,SF-103,B,202408,33,2,1630
E1,M08,103-0,C,SF-103,B,202408,33,3,1358
E1,M08,103-0,D,SF-103,B,202408,33,1,1018
E1,M08,103-0,E,SF-103,B,202408,33,2,475
E1,M08,103-0,ALL,SF-103,B,202408,33,9,6790
E1,M08,103-1,A,SF-103,B,202408,33,5,2309
E1,M08,103-1,B,SF-103,B,202408,33,2,1630
E1,M08,103-1,C,SF-103,B,202408,33,0,1358
E1,M08,103-1,D,SF-103,B,202408,33,2,1018
E1,M08,103-1,E,SF-103,B,202408,33,0,475
E1,M08,103-1,ALL,SF-103,B,202408,33,9,6790
E1,M08,103-0,A,SF-103,B,202409,34,0,2353
E1,M08,103-0,B,SF-103,B,202409,34,3,1661
E1,M08,103-0,C,SF-103,B,202409,34,2,1384
E1,M08,103-0,D,SF-103,B,202409,34,1,1038
E1,M08,103-0,E,SF-103,B,202409,34,0,484
E1,M08,103-0,ALL,SF-103,B,202409,34,6,6920
E1,M08,103-1,A,SF-103,B,202409,34,4,2353
E1,M08,103-1,B,SF-103,B,202409,34,3,1661
E1,M08,103-1,C,SF-103,B,202409,34,2,1384
E1,M08,103-1,D,SF-103,B,202409,34,0,1038
E1,M08,103-1,E,SF-103,B,202409,34,0,484
E1,M08,103-1,ALL,SF-103,B,202409,34,9,6920
E1,M08,103-0,A,SF-103,B,202410,35,0,2397
E1,M08,103-0,B,SF-103,B,202410,35,0,1692
E1,M08,103-0,C,SF-103,B,202410,35,0,1410
E1,M08,103-0,D,SF-103,B,202410,35,0,1058
E1,M08,103-0,E,SF-103,B,202410,35,0,494
E1,M08,103-0,ALL,SF-103,B,202410,35,0,7050
E1,M08,103-1,A,SF-103,B,202410,35,5,2397
E1,M08,103-1,B,SF-103,B,202410,35,1,1692
E1,M08,103-1,C,SF-103,B,202410,35,0,1410
E1,M08,103-1,D,SF-103,B,202410,35,1,1058
E1,M08,103-1,E,SF-103,B,202410,35,0,494
E1,M08,103-1,ALL,SF-103,B,202410,35,7,7050
E1,M08,103-0,A,SF-103,B,202411,36,1,2441
E1,M08,103-0,B,SF-103,B,202411,36,1,1723
E1,M08,103-0,C,SF-103,B,202411,36,1,1436
E1,M08,103-0,D,SF-103,B,202411,36,1,1077
E1,M08,103-0,E,SF-103,B,202411,36,0,503
E1,M08,103-0,ALL,SF-103,B,202411,36,4,7180
E1,M08,103-1,A,SF-103,B,202411,36,4,2441
E1,M08,103-1,B,SF-103,B,202411,36,1,1723
E1,M08,103-1,C,SF-103,B,202411,36,1,1436
E1,M08,103-1,D,SF-103,B,202411,36,1,1077
E1,M08,103-1,E,SF-103,B,202411,36,0,503
E1,M08,103-1,ALL,SF-103,B,202411,36,7,7180
E1,M08,103-0,A,SF-103,B,202412,37,0,2485
E1,M08,103-0,B,SF-103,B,202412,37,1,1754
E1,M08,103-0,C,SF-103,B,202412,37,2,1462
E1,M08,103-0,D,SF-103,B,202412,37,1,1096
E1,M08,103-0,E,SF-103,B,202412,37,0,512
E1,M08,103-0,ALL,SF-103,B,202412,37,4,7310
E1,M08,103-1,A,SF-103,B,202412,37,4,2485
E1,M08,103-1,B,SF-103,B,202412,37,1,1754
E1,M08,103-1,C,SF-103,B,202412,37,1,1462
E1,M08,103-1,D,SF-103,B,202412,37,1,1096
E1,M08,103-1,E,SF-103,B,202412,37,0,512
E1,M08,103-1,ALL,SF-103,B,202412,37,7,7310
E1,M08,104-0,B,SF-104,B,202111,0,1,600
E1,M08,104-0,ALL,SF-104,B,202111,0,1,2500
E1,M08,104-0,C,SF-104,B,202112,1,1,526
E1,M08,104-0,D,SF-104,B,202112,1,1,394
E1,M08,104-0,ALL,SF-104,B,202112,1,2,2630
E1,M08,104-0,A,SF-104,B,202201,2,1,938
E1,M08,104-0,B,SF-104,B,202201,2,0,662
E1,M08,104-0,C,SF-104,B,202201,2,2,552
E1,M08,104-0,D,SF-104,B,202201,2,0,414
E1,M08,104-0,ALL,SF-104,B,202201,2,3,2760
E1,M08,104-0,A,SF-104,B,202202,3,2,983
E1,M08,104-0,B,SF-104,B,202202,3,0,694
E1,M08,104-0,C,SF-104,B,202202,3,1,578
E1,M08,104-0,D,SF-104,B,202202,3,0,434
E1,M08,104-0,ALL,SF-104,B,202202,3,3,2890
E1,M08,104-0,A,SF-104,B,202203,4,0,1027
E1,M08,104-0,B,SF-104,B,202203,4,0,725
E1,M08,104-0,C,SF-104,B,202203,4,0,604
E1,M08,104-0,D,SF-104,B,202203,4,0,453
E1,M08,104-0,ALL,SF-104,B,202203,4,0,3020
E1,M08,104-0,A,SF-104,B,202204,5,3,1071
E1,M08,104-0,B,SF-104,B,202204,5,2,756
E1,M08,104-0,C,SF-104,B,202204,5,0,630
E1,M08,104-0,D,SF-104,B,202204,5,0,472
E1,M08,104-0,ALL,SF-104,B,202204,5,5,3150
E1,M08,104-0,A,SF-104,B,202205,6,1,1115
E1,M08,104-0,B,SF-104,B,202205,6,1,787
E1,M08,104-0,C,SF-104,B,202205,6,0,656
E1,M08,104-0,D,SF-104,B,202205,6,0,492
E1,M08,104-0,ALL,SF-104,B,202205,6,2,3280
E1,M08,104-0,A,SF-104,B,202206,7,2,1159
E1,M08,104-0,B,SF-104,B,202206,7,1,818
E1,M08,104-0,C,SF-104,B,202206,7,0,682
E1,M08,104-0,D,SF-104,B,202206,7,0,512
E1,M08,104-0,ALL,SF-104,B,202206,7,3,3410
E1,M08,104-0,A,SF-104,B,202207,8,1,1204
E1,M08,104-0,B,SF-104,B,202207,8,1,850
E1,M08,104-0,C,SF-104,B,202207,8,1,708
E1,M08,104-0,D,SF-104,B,202207,8,0,531
E1,M08,104-0,E,SF-104,B,202207,8,1,248
E1,M08,104-0,ALL,SF-104,B,202207,8,4,3540
E1,M08,104-0,A,SF-104,B,202208,9,1,1248
E1,M08,104-0,B,SF-104,B,202208,9,0,881
E1,M08,104-0,C,SF-104,B,202208,9,0,734
E1,M08,104-0,D,SF-104,B,202208,9,1,550
E1,M08,104-0,E,SF-104,B,202208,9,0,257
E1,M08,104-0,ALL,SF-104,B,202208,9,2,3670
E1,M08,104-0,A,SF-104,B,202209,10,1,1292
E1,M08,104-0,B,SF-104,B,202209,10,2,912
E1,M08,104-0,C,SF-104,B,202209,10,1,760
E1,M08,104-0,D,SF-104,B,202209,10,2,570
E1,M08,104-0,E,SF-104,B,202209,10,0,266
E1,M08,104-0,ALL,SF-104,B,202209,10,6,3800
E1,M08,104-0,A,SF-104,B,202210,11,1,1336
E1,M08,104-0,B,SF-104,B,202210,11,2,943
E1,M08,104-0,C,SF-104,B,202210,11,1,786
E1,M08,104-0,D,SF-104,B,202210,11,0,590
E1,M08,104-0,E,SF-104,B,202210,11,0,275
E1,M08,104-0,ALL,SF-104,B,202210,11,4,3930
E1,M08,104-0,A,SF-104,B,202211,12,1,1380
E1,M08,104-0,B,SF-104,B,202211,12,0,974
E1,M08,104-0,C,SF-104,B,202211,12,1,812
E1,M08,104-0,D,SF-104,B,202211,12,1,609
E1,M08,104-0,E,SF-104,B,202211,12,0,284
E1,M08,104-0,ALL,SF-104,B,202211,12,3,4060
E1,M08,104-0,A,SF-104,B,202212,13,1,1425
E1,M08,104-0,B,SF-104,B,202212,13,1,1006
E1,M08,104-0,C,SF-104,B,202212,13,2,838
E1,M08,104-0,D,SF-104,B,202212,13,0,628
E1,M08,104-0,E,SF-104,B,202212,13,1,293
E1,M08,104-0,ALL,SF-104,B,202212,13,5,4190
E1,M08,104-0,A,SF-104,B,202301,14,3,1469
E1,M08,104-0,B,SF-104,B,202301,14,3,1037
E1,M08,104-0,C,SF-104,B,202301,14,1,864
E1,M08,104-0,D,SF-104,B,202301,14,1,648
E1,M08,104-0,E,SF-104,B,202301,14,2,302
E1,M08,104-0,ALL,SF-104,B,202301,14,10,4320
E1,M08,104-0,A,SF-104,B,202302,15,0,1513
E1,M08,104-0,B,SF-104,B,202302,15,0,1068
E1,M08,104-0,C,SF-104,B,202302,15,0,890
E1,M08,104-0,D,SF-104,B,202302,15,0,668
E1,M08,104-0,E,SF-104,B,202302,15,0,312
E1,M08,104-0,ALL,SF-104,B,202302,15,0,4450
E1,M08,104-0,A,SF-104,B,202303,16,3,1557
E1,M08,104-0,B,SF-104,B,202303,16,0,1099
E1,M08,104-0,C,SF-104,B,202303,16,0,916
E1,M08,104-0,D,SF-104,B,202303,16,0,687
E1,M08,104-0,E,SF-104,B,202303,16,0,321
E1,M08,104-0,ALL,SF-104,B,202303,16,3,4580
E1,M08,104-0,A,SF-104,B,202304,17,2,1601
E1,M08,104-0,B,SF-104,B,202304,17,0,1130
E1,M08,104-0,C,SF-104,B,202304,17,2,942
E1,M08,104-0,D,SF-104,B,202304,17,5,706
E1,M08,104-0,E,SF-104,B,202304,17,1,330
E1,M08,104-0,ALL,SF-104,B,202304,17,10,4710
E1,M08,104-0,A,SF-104,B,202305,18,3,1646
E1,M08,104-0,B,SF-104,B,202305,18,0,1162
E1,M08,104-0,C,SF-104,B,202305,18,2,968
E1,M08,104-0,D,SF-104,B,202305,18,0,726
E1,M08,104-0,E,SF-104,B,202305,18,1,339
E1,M08,104-0,ALL,SF-104,B,202305,18,6,4840
E1,M08,104-0,A,SF-104,B,202306,19,1,1690
E1,M08,104-0,B,SF-104,B,202306,19,0,1193
E1,M08,104-0,C,SF-104,B,202306,19,0,994
E1,M08,104-0,D,SF-104,B,202306,19,0,746
E1,M08,104-0,E,SF-104,B,202306,19,0,348
E1,M08,104-0,ALL,SF-104,B,202306,19,1,4970
E1,M08,104-0,A,SF-104,B,202307,20,3,1734
E1,M08,104-0,B,SF-104,B,202307,20,3,1224
E1,M08,104-0,C,SF-104,B,202307,20,2,1020
E1,M08,104-0,D,SF-104,B,202307,20,0,765
E1,M08,104-0,E,SF-104,B,202307,20,0,357
E1,M08,104-0,ALL,SF-104,B,202307,20,8,5100
E1,M08,104-0,A,SF-104,B,202308,21,1,1778
E1,M08,104-0,B,SF-104,B,202308,21,0,1255
E1,M08,104-0,C,SF-104,B,202308,21,1,1046
E1,M08,104-0,D,SF-104,B,202308,21,1,784
E1,M08,104-0,E,SF-104,B,202308,21,0,366
E1,M08,104-0,ALL,SF-104,B,202308,21,3,5230
E1,M08,104-0,A,SF-104,B,202309,22,2,1822
E1,M08,104-0,B,SF-104,B,202309,22,2,1286
E1,M08,104-0,C,SF-104,B,202309,22,1,1072
E1,M08,104-0,D,SF-104,B,202309,22,0,804
E1,M08,104-0,E,SF-104,B,202309,22,1,375
E1,M08,104-0,ALL,SF-104,B,202309,22,6,5360
E1,M08,104-0,A,SF-104,B,202310,23,2,1867
E1,M08,104-0,B,SF-104,B,202310,23,2,1318
E1,M08,104-0,C,SF-104,B,202310,23,1,1098
E1,M08,104-0,D,SF-104,B,202310,23,0,824
E1,M08,104-0,E,SF-104,B,202310,23,0,384
E1,M08,104-0,ALL,SF-104,B,202310,23,5,5490
E1,M08,104-0,A,SF-104,B,202311,24,4,1911
E1,M08,104-0,B,SF-104,B,202311,24,1,1349
E1,M08,104-0,C,SF-104,B,202311,24,1,1124
E1,M08,104-0,D,SF-104,B,202311,24,0,843
E1,M08,104-0,E,SF-104,B,202311,24,0,393
E1,M08,104-0,ALL,SF-104,B,202311,24,6,5620
E1,M08,104-0,A,SF-104,B,202312,25,1,1955
E1,M08,104-0,B,SF-104,B,202312,25,2,1380
E1,M08,104-0,C,SF-104,B,202312,25,1,1150
E1,M08,104-0,D,SF-104,B,202312,25,2,862
E1,M08,104-0,E,SF-104,B,202312,25,0,403
E1,M08,104-0,ALL,SF-104,B,202312,25,6,5750
E1,M08,104-0,A,SF-104,B,202401,26,5,1999
E1,M08,104-0,B,SF-104,B,202401,26,0,1411
E1,M08,104-0,C,SF-104,B,202401,26,3,1176
E1,M08,104-0,D,SF-104,B,202401,26,1,882
E1,M08,104-0,E,SF-104,B,202401,26,0,412
E1,M08,104-0,ALL,SF-104,B,202401,26,9,5880
E1,M08,104-0,A,SF-104,B,202402,27,0,2043
E1,M08,104-0,B,SF-104,B,202402,27,1,1442
E1,M08,104-0,C,SF-104,B,202402,27,0,1202
E1,M08,104-0,D,SF-104,B,202402,27,0,902
E1,M08,104-0,E,SF-104,B,202402,27,0,421
E1,M08,104-0,ALL,SF-104,B,202402,27,1,6010
E1,M08,104-0,A,SF-104,B,202403,28,2,2088
E1,M08,104-0,B,SF-104,B,202403,28,4,1474
E1,M08,104-0,C,SF-104,B,202403,28,2,1228
E1,M08,104-0,D,SF-104,B,202403,28,3,921
E1,M08,104-0,E,SF-104,B,202403,28,0,430
E1,M08,104-0,ALL,SF-104,B,202403,28,11,6140
E1,M08,104-0,A,SF-104,B,202404,29,2,2132
E1,M08,104-0,B,SF-104,B,202404,29,0,1505
E1,M08,104-0,C,SF-104,B,202404,29,1,1254
E1,M08,104-0,D,SF-104,B,202404,29,0,940
E1,M08,104-0,E,SF-104,B,202404,29,1,439
E1,M08,104-0,ALL,SF-104,B,202404,29,4,6270
E1,M08,104-0,A,SF-104,B,202405,30,6,2176
E1,M08,104-0,B,SF-104,B,202405,30,3,1536
E1,M08,104-0,C,SF-104,B,202405,30,1,1280
E1,M08,104-0,D,SF-104,B,202405,30,1,960
E1,M08,104-0,E,SF-104,B,202405,30,2,448
E1,M08,104-0,ALL,SF-104,B,202405,30,13,6400
E1,M08,104-0,A,SF-104,B,202406,31,1,2220
E1,M08,104-0,B,SF-104,B,202406,31,1,1567
E1,M08,104-0,C,SF-104,B,202406,31,1,1306
E1,M08,104-0,D,SF-104,B,202406,31,1,980
E1,M08,104-0,E,SF-104,B,202406,31,0,457
E1,M08,104-0,ALL,SF-104,B,202406,31,4,6530
E1,M08,104-0,A,SF-104,B,202407,32,4,2264
E1,M08,104-0,B,SF-104,B,202407,32,1,1598
E1,M08,104-0,C,SF-104,B,202407,32,0,1332
E1,M08,104-0,D,SF-104,B,202407,32,0,999
E1,M08,104-0,E,SF-104,B,202407,32,0,466
E1,M08,104-0,ALL,SF-104,B,202407,32,5,6660
E1,M08,104-0,A,SF-104,B,202408,33,3,2309
E1,M08,104-0,B,SF-104,B,202408,33,0,1630
E1,M08,104-0,C,SF-104,B,202408,33,1,1358
E1,M08,104-0,D,SF-104,B,202408,33,2,1018
E1,M08,104-0,E,SF-104,B,202408,33,0,475
E1,M08,104-0,ALL,SF-104,B,202408,33,6,6790
E1,M08,104-0,A,SF-104,B,202409,34,0,2353
E1,M08,104-0,B,SF-104,B,202409,34,2,1661
E1,M08,104-0,C,SF-104,B,202409,34,0,1384
E1,M08,104-0,D,SF-104,B,202409,34,1,1038
E1,M08,104-0,E,SF-104,B,202409,34,1,484
E1,M08,104-0,ALL,SF-104,B,202409,34,4,6920
E1,M08,104-0,A,SF-104,B,202410,35,3,2397
E1,M08,104-0,B,SF-104,B,202410,35,1,1692
E1,M08,104-0,C,SF-104,B,202410,35,1,1410
E1,M08,104-0,D,SF-104,B,202410,35,1,1058
E1,M08,104-0,E,SF-104,B,202410,35,1,494
E1,M08,104-0,ALL,SF-104,B,202410,35,7,7050
E1,M08,104-0,A,SF-104,B,202411,36,2,2441
E1,M08,104-0,B,SF-104,B,202411,36,3,1723
E1,M08,104-0,C,SF-104,B,202411,36,3,1436
E1,M08,104-0,D,SF-104,B,202411,36,3,1077
E1,M08,104-0,E,SF-104,B,202411,36,0,503
E1,M08,104-0,ALL,SF-104,B,202411,36,11,7180
E1,M08,104-0,A,SF-104,B,202412,37,3,2485
E1,M08,104-0,B,SF-104,B,202412,37,1,1754
E1,M08,104-0,C,SF-104,B,202412,37,1,1462
E1,M08,104-0,D,SF-104,B,202412,37,1,1096
E1,M08,104-0,E,SF-104,B,202412,37,0,512
E1,M08,104-0,ALL,SF-104,B,202412,37,6,7310
E1,M08,105-0,ALL,SF-105,B,202111,0,0,2500
E1,M08,105-0,ALL,SF-105,B,202112,1,0,2630
E1,M08,105-0,A,SF-105,B,202201,2,0,938
E1,M08,105-0,B,SF-105,B,202201,2,0,662
E1,M08,105-0,C,SF-105,B,202201,2,0,552
E1,M08,105-0,D,SF-105,B,202201,2,0,414
E1,M08,105-0,ALL,SF-105,B,202201,2,0,2760
E1,M08,105-0,A,SF-105,B,202202,3,2,983
E1,M08,105-0,B,SF-105,B,202202,3,1,694
E1,M08,105-0,C,SF-105,B,202202,3,0,578
E1,M08,105-0,D,SF-105,B,202202,3,0,434
E1,M08,105-0,ALL,SF-105,B,202202,3,3,2890
E1,M08,105-0,A,SF-105,B,202203,4,0,1027
E1,M08,105-0,B,SF-105,B,202203,4,1,725
E1,M08,105-0,C,SF-105,B,202203,4,0,604
E1,M08,105-0,D,SF-105,B,202203,4,0,453
E1,M08,105-0,ALL,SF-105,B,202203,4,1,3020
E1,M08,105-0,A,SF-105,B,202204,5,0,1071
E1,M08,105-0,B,SF-105,B,202204,5,0,756
E1,M08,105-0,C,SF-105,B,202204,5,0,630
E1,M08,105-0,D,SF-105,B,202204,5,2,472
E1,M08,105-0,ALL,SF-105,B,202204,5,2,3150
E1,M08,105-0,A,SF-105,B,202205,6,0,1115
E1,M08,105-0,B,SF-105,B,202205,6,0,787
E1,M08,105-0,C,SF-105,B,202205,6,0,656
E1,M08,105-0,D,SF-105,B,202205,6,1,492
E1,M08,105-0,ALL,SF-105,B,202205,6,1,3280
E1,M08,105-0,A,SF-105,B,202206,7,1,1159
E1,M08,105-0,B,SF-105,B,202206,7,0,818
E1,M08,105-0,C,SF-105,B,202206,7,1,682
E1,M08,105-0,D,SF-105,B,202206,7,1,512
E1,M08,105-0,ALL,SF-105,B,202206,7,3,3410
E1,M08,105-0,A,SF-105,B,202207,8,0,1204
E1,M08,105-0,B,SF-105,B,202207,8,0,850
E1,M08,105-0,C,SF-105,B,202207,8,0,708
E1,M08,105-0,D,SF-105,B,202207,8,0,531
E1,M08,105-0,E,SF-105,B,202207,8,0,248
E1,M08,105-0,ALL,SF-105,B,202207,8,0,3540
E1,M08,105-0,A,SF-105,B,202208,9,0,1248
E1,M08,105-0,B,SF-105,B,202208,9,1,881
E1,M08,105-0,C,SF-105,B,202208,9,0,734
E1,M08,105-0,D,SF-105,B,202208,9,0,550
E1,M08,105-0,E,SF-105,B,202208,9,0,257
E1,M08,105-0,ALL,SF-105,B,202208,9,1,3670
E1,M08,105-0,A,SF-105,B,202209,10,1,1292
E1,M08,105-0,B,SF-105,B,202209,10,2,912
E1,M08,105-0,C,SF-105,B,202209,10,0,760
E1,M08,105-0,D,SF-105,B,202209,10,0,570
E1,M08,105-0,E,SF-105,B,202209,10,0,266
E1,M08,105-0,ALL,SF-105,B,202209,10,3,3800
E1,M08,105-0,A,SF-105,B,202210,11,0,1336
E1,M08,105-0,B,SF-105,B,202210,11,0,943
E1,M08,105-0,C,SF-105,B,202210,11,0,786
E1,M08,105-0,D,SF-105,B,202210,11,0,590
E1,M08,105-0,E,SF-105,B,202210,11,0,275
E1,M08,105-0,ALL,SF-105,B,202210,11,0,3930
E1,M08,105-0,A,SF-105,B,202211,12,1,1380
E1,M08,105-0,B,SF-105,B,202211,12,1,974
E1,M08,105-0,C,SF-105,B,202211,12,0,812
E1,M08,105-0,D,SF-105,B,202211,12,1,609
E1,M08,105-0,E,SF-105,B,202211,12,0,284
E1,M08,105-0,ALL,SF-105,B,202211,12,3,4060
E1,M08,105-0,A,SF-105,B,202212,13,1,1425
E1,M08,105-0,B,SF-105,B,202212,13,0,1006
E1,M08,105-0,C,SF-105,B,202212,13,0,838
E1,M08,105-0,D,SF-105,B,202212,13,0,628
E1,M08,105-0,E,SF-105,B,202212,13,0,293
E1,M08,105-0,ALL,SF-105,B,202212,13,1,4190
E1,M08,105-0,A,SF-105,B,202301,14,0,1469
E1,M08,105-0,B,SF-105,B,202301,14,1,1037
E1,M08,105-0,C,SF-105,B,202301,14,1,864
E1,M08,105-0,D,SF-105,B,202301,14,0,648
E1,M08,105-0,E,SF-105,B,202301,14,0,302
E1,M08,105-0,ALL,SF-105,B,202301,14,2,4320
E1,M08,105-0,A,SF-105,B,202302,15,0,1513
E1,M08,105-0,B,SF-105,B,202302,15,1,1068
E1,M08,105-0,C,SF-105,B,202302,15,0,890
E1,M08,105-0,D,SF-105,B,202302,15,0,668
E1,M08,105-0,E,SF-105,B,202302,15,0,312
E1,M08,105-0,ALL,SF-105,B,202302,15,1,4450
E1,M08,105-0,A,SF-105,B,202303,16,0,1557
E1,M08,105-0,B,SF-105,B,202303,16,0,1099
E1,M08,105-0,C,SF-105,B,202303,16,0,916
E1,M08,105-0,D,SF-105,B,202303,16,0,687
E1,M08,105-0,E,SF-105,B,202303,16,0,321
E1,M08,105-0,ALL,SF-105,B,202303,16,0,4580
E1,M08,105-0,A,SF-105,B,202304,17,0,1601
E1,M08,105-0,B,SF-105,B,202304,17,2,1130
E1,M08,105-0,C,SF-105,B,202304,17,0,942
E1,M08,105-0,D,SF-105,B,202304,17,0,706
E1,M08,105-0,E,SF-105,B,202304,17,0,330
E1,M08,105-0,ALL,SF-105,B,202304,17,2,4710
E1,M08,105-0,A,SF-105,B,202305,18,0,1646
E1,M08,105-0,B,SF-105,B,202305,18,0,1162
E1,M08,105-0,C,SF-105,B,202305,18,0,968
E1,M08,105-0,D,SF-105,B,202305,18,2,726
E1,M08,105-0,E,SF-105,B,202305,18,0,339
E1,M08,105-0,ALL,SF-105,B,202305,18,2,4840
E1,M08,105-0,A,SF-105,B,202306,19,1,1690
E1,M08,105-0,B,SF-105,B,202306,19,0,1193
E1,M08,105-0,C,SF-105,B,202306,19,1,994
E1,M08,105-0,D,SF-105,B,202306,19,0,746
E1,M08,105-0,E,SF-105,B,202306,19,0,348
E1,M08,105-0,ALL,SF-105,B,202306,19,2,4970
E1,M08,105-0,A,SF-105,B,202307,20,0,1734
E1,M08,105-0,B,SF-105,B,202307,20,0,1224
E1,M08,105-0,C,SF-105,B,202307,20,0,1020
E1,M08,105-0,D,SF-105,B,202307,20,0,765
E1,M08,105-0,E,SF-105,B,202307,20,0,357
E1,M08,105-0,ALL,SF-105,B,202307,20,0,5100
E1,M08,105-0,A,SF-105,B,202308,21,0,1778
E1,M08,105-0,B,SF-105,B,202308,21,1,1255
E1,M08,105-0,C,SF-105,B,202308,21,2,1046
E1,M08,105-0,D,SF-105,B,202308,21,0,784
E1,M08,105-0,E,SF-105,B,202308,21,0,366
E1,M08,105-0,ALL,SF-105,B,202308,21,3,5230
E1,M08,105-0,A,SF-105,B,202309,22,0,1822
E1,M08,105-0,B,SF-105,B,202309,22,0,1286
E1,M08,105-0,C,SF-105,B,202309,22,0,1072
E1,M08,105-0,D,SF-105,B,202309,22,1,804
E1,M08,105-0,E,SF-105,B,202309,22,0,375
E1,M08,105-0,ALL,SF-105,B,202309,22,1,5360
E1,M08,105-0,A,SF-105,B,202310,23,1,1867
E1,M08,105-0,B,SF-105,B,202310,23,0,1318
E1,M08,105-0,C,SF-105,B,202310,23,0,1098
E1,M08,105-0,D,SF-105,B,202310,23,1,824
E1,M08,105-0,E,SF-105,B,202310,23,0,384
E1,M08,105-0,ALL,SF-105,B,202310,23,2,5490
E1,M08,105-0,A,SF-105,B,202311,24,0,1911
E1,M08,105-0,B,SF-105,B,202311,24,1,1349
E1,M08,105-0,C,SF-105,B,202311,24,0,1124
E1,M08,105-0,D,SF-105,B,202311,24,0,843
E1,M08,105-0,E,SF-105,B,202311,24,0,393
E1,M08,105-0,ALL,SF-105,B,202311,24,1,5620
E1,M08,105-0,A,SF-105,B,202312,25,0,1955
E1,M08,105-0,B,SF-105,B,202312,25,0,1380
E1,M08,105-0,C,SF-105,B,202312,25,1,1150
E1,M08,105-0,D,SF-105,B,202312,25,0,862
E1,M08,105-0,E,SF-105,B,202312,25,0,403
E1,M08,105-0,ALL,SF-105,B,202312,25,1,5750
E1,M08,105-0,A,SF-105,B,202401,26,1,1999
E1,M08,105-0,B,SF-105,B,202401,26,0,1411
E1,M08,105-0,C,SF-105,B,202401,26,1,1176
E1,M08,105-0,D,SF-105,B,202401,26,0,882
E1,M08,105-0,E,SF-105,B,202401,26,0,412
E1,M08,105-0,ALL,SF-105,B,202401,26,2,5880
E1,M08,105-0,A,SF-105,B,202402,27,1,2043
E1,M08,105-0,B,SF-105,B,202402,27,0,1442
E1,M08,105-0,C,SF-105,B,202402,27,0,1202
E1,M08,105-0,D,SF-105,B,202402,27,0,902
E1,M08,105-0,E,SF-105,B,202402,27,1,421
E1,M08,105-0,ALL,SF-105,B,202402,27,2,6010
E1,M08,105-0,A,SF-105,B,202403,28,0,2088
E1,M08,105-0,B,SF-105,B,202403,28,1,1474
E1,M08,105-0,C,SF-105,B,202403,28,0,1228
E1,M08,105-0,D,SF-105,B,202403,28,0,921
E1,M08,105-0,E,SF-105,B,202403,28,1,430
E1,M08,105-0,ALL,SF-105,B,202403,28,2,6140
E1,M08,105-0,A,SF-105,B,202404,29,0,2132
E1,M08,105-0,B,SF-105,B,202404,29,0,1505
E1,M08,105-0,C,SF-105,B,202404,29,0,1254
E1,M08,105-0,D,SF-105,B,202404,29,0,940
E1,M08,105-0,E,SF-105,B,202404,29,0,439
E1,M08,105-0,ALL,SF-105,B,202404,29,0,6270
E1,M08,105-0,A,SF-105,B,202405,30,0,2176
E1,M08,105-0,B,SF-105,B,202405,30,0,1536
E1,M08,105-0,C,SF-105,B,202405,30,0,1280
E1,M08,105-0,D,SF-105,B,202405,30,1,960
E1,M08,105-0,E,SF-105,B,202405,30,0,448
E1,M08,105-0,ALL,SF-105,B,202405,30,1,6400
E1,M08,105-0,A,SF-105,B,202406,31,0,2220
E1,M08,105-0,B,SF-105,B,202406,31,0,1567
E1,M08,105-0,C,SF-105,B,202406,31,0,1306
E1,M08,105-0,D,SF-105,B,202406,31,0,980
E1,M08,105-0,E,SF-105,B,202406,31,0,457
E1,M08,105-0,ALL,SF-105,B,202406,31,0,6530
E1,M08,105-0,A,SF-105,B,202407,32,1,2264
E1,M08,105-0,B,SF-105,B,202407,32,0,1598
E1,M08,105-0,C,SF-105,B,202407,32,0,1332
E1,M08,105-0,D,SF-105,B,202407,32,0,999
E1,M08,105-0,E,SF-105,B,202407,32,0,466
E1,M08,105-0,ALL,SF-105,B,202407,32,1,6660
E1,M08,105-0,A,SF-105,B,202408,33,1,2309
E1,M08,105-0,B,SF-105,B,202408,33,0,1630
E1,M08,105-0,C,SF-105,B,202408,33,0,1358
E1,M08,105-0,D,SF-105,B,202408,33,1,1018
E1,M08,105-0,E,SF-105,B,202408,33,0,475
E1,M08,105-0,ALL,SF-105,B,202408,33,2,6790
E1,M08,105-0,A,SF-105,B,202409,34,3,2353
E1,M08,105-0,B,SF-105,B,202409,34,1,1661
E1,M08,105-0,C,SF-105,B,202409,34,0,1384
E1,M08,105-0,D,SF-105,B,202409,34,0,1038
E1,M08,105-0,E,SF-105,B,202409,34,0,484
E1,M08,105-0,ALL,SF-105,B,202409,34,4,6920
E1,M08,105-0,A,SF-105,B,202410,35,1,2397
E1,M08,105-0,B,SF-105,B,202410,35,0,1692
E1,M08,105-0,C,SF-105,B,202410,35,2,1410
E1,M08,105-0,D,SF-105,B,202410,35,0,1058
E1,M08,105-0,E,SF-105,B,202410,35,0,494
E1,M08,105-0,ALL,SF-105,B,202410,35,3,7050
E1,M08,105-0,A,SF-105,B,202411,36,0,2441
E1,M08,105-0,B,SF-105,B,202411,36,0,1723
E1,M08,105-0,C,SF-105,B,202411,36,2,1436
E1,M08,105-0,D,SF-105,B,202411,36,0,1077
E1,M08,105-0,E,SF-105,B,202411,36,0,503
E1,M08,105-0,ALL,SF-105,B,202411,36,2,7180
E1,M08,105-0,A,SF-105,B,202412,37,0,2485
E1,M08,105-0,B,SF-105,B,202412,37,1,1754
E1,M08,105-0,C,SF-105,B,202412,37,0,1462
E1,M08,105-0,D,SF-105,B,202412,37,0,1096
E1,M08,105-0,E,SF-105,B,202412,37,0,512
E1,M08,105-0,ALL,SF-105,B,202412,37,1,7310
E1,M09,100-0,A,SF-100,A,202112,0,1,850
E1,M09,100-0,B,SF-100,A,202112,0,1,600
E1,M09,100-0,C,SF-100,A,202112,0,2,500
E1,M09,100-0,ALL,SF-100,A,202112,0,4,2500
E1,M09,100-0,A,SF-100,A,202201,1,2,894
E1,M09,100-0,B,SF-100,A,202201,1,1,631
E1,M09,100-0,ALL,SF-100,A,202201,1,3,2630
E1,M09,100-0,A,SF-100,A,202202,2,0,938
E1,M09,100-0,B,SF-100,A,202202,2,0,662
E1,M09,100-0,C,SF-100,A,202202,2,1,552
E1,M09,100-0,D,SF-100,A,202202,2,0,414
E1,M09,100-0,ALL,SF-100,A,202202,2,1,2760
E1,M09,100-0,A,SF-100,A,202203,3,1,983
E1,M09,100-0,B,SF-100,A,202203,3,0,694
E1,M09,100-0,C,SF-100,A,202203,3,1,578
E1,M09,100-0,D,SF-100,A,202203,3,0,434
E1,M09,100-0,ALL,SF-100,A,202203,3,2,2890
E1,M09,100-0,A,SF-100,A,202204,4,1,1027
E1,M09,100-0,B,SF-100,A,202204,4,1,725
E1,M09,100-0,C,SF-100,A,202204,4,0,604
E1,M09,100-0,D,SF-100,A,202204,4,0,453
E1,M09,100-0,ALL,SF-100,A,202204,4,2,3020
E1,M09,100-0,A,SF-100,A,202205,5,1,1071
E1,M09,100-0,B,SF-100,A,202205,5,0,756
E1,M09,100-0,C,SF-100,A,202205,5,0,630
E1,M09,100-0,D,SF-100,A,202205,5,2,472
E1,M09,100-0,ALL,SF-100,A,202205,5,3,3150
E1,M09,100-0,A,SF-100,A,202206,6,1,1115
E1,M09,100-0,B,SF-100,A,202206,6,3,787
E1,M09,100-0,C,SF-100,A,202206,6,0,656
E1,M09,100-0,D,SF-100,A,202206,6,0,492
E1,M09,100-0,ALL,SF-100,A,202206,6,4,3280
E1,M09,100-0,A,SF-100,A,202207,7,3,1159
E1,M09,100-0,B,SF-100,A,202207,7,1,818
E1,M09,100-0,C,SF-100,A,202207,7,1,682
E1,M09,100-0,D,SF-100,A,202207,7,0,512
E1,M09,100-0,ALL,SF-100,A,202207,7,5,3410
E1,M09,100-0,A,SF-100,A,202208,8,3,1204
E1,M09,100-0,B,SF-100,A,202208,8,0,850
E1,M09,100-0,C,SF-100,A,202208,8,0,708
E1,M09,100-0,D,SF-100,A,202208,8,0,531
E1,M09,100-0,E,SF-100,A,202208,8,0,248
E1,M09,100-0,ALL,SF-100,A,202208,8,3,3540
E1,M09,100-0,A,SF-100,A,202209,9,1,1248
E1,M09,100-0,B,SF-100,A,202209,9,1,881
E1,M09,100-0,C,SF-100,A,202209,9,1,734
E1,M09,100-0,D,SF-100,A,202209,9,0,550
E1,M09,100-0,E,SF-100,A,202209,9,0,257
E1,M09,100-0,ALL,SF-100,A,202209,9,3,3670
E1,M09,100-0,A,SF-100,A,202210,10,2,1292
E1,M09,100-0,B,SF-100,A,202210,10,1,912
E1,M09,100-0,C,SF-100,A,202210,10,0,760
E1,M09,100-0,D,SF-100,A,202210,10,0,570
E1,M09,100-0,E,SF-100,A,202210,10,1,266
E1,M09,100-0,ALL,SF-100,A,202210,10,4,3800
E1,M09,100-0,A,SF-100,A,202211,11,1,1336
E1,M09,100-0,B,SF-100,A,202211,11,1,943
E1,M09,100-0,C,SF-100,A,202211,11,0,786
E1,M09,100-0,D,SF-100,A,202211,11,2,590
E1,M09,100-0,E,SF-100,A,202211,11,1,275
E1,M09,100-0,ALL,SF-100,A,202211,11,5,3930
E1,M09,100-0,A,SF-100,A,202212,12,0,1380
E1,M09,100-0,B,SF-100,A,202212,12,0,974
E1,M09,100-0,C,SF-100,A,202212,12,0,812
E1,M09,100-0,D,SF-100,A,202212,12,0,609
E1,M09,100-0,E,SF-100,A,202212,12,0,284
E1,M09,100-0,ALL,SF-100,A,202212,12,0,4060
E1,M09,100-0,A,SF-100,A,202301,13,3,1425
E1,M09,100-0,B,SF-100,A,202301,13,2,1006
E1,M09,100-0,C,SF-100,A,202301,13,0,838
E1,M09,100-0,D,SF-100,A,202301,13,0,628
E1,M09,100-0,E,SF-100,A,202301,13,1,293
E1,M09,100-0,ALL,SF-100,A,202301,13,6,4190
E1,M09,100-0,A,SF-100,A,202302,14,0,1469
E1,M09,100-0,B,SF-100,A,202302,14,1,1037
E1,M09,100-0,C,SF-100,A,202302,14,0,864
E1,M09,100-0,D,SF-100,A,202302,14,0,648
E1,M09,100-0,E,SF-100,A,202302,14,0,302
E1,M09,100-0,ALL,SF-100,A,202302,14,1,4320
E1,M09,100-0,A,SF-100,A,202303,15,2,1513
E1,M09,100-0,B,SF-100,A,202303,15,1,1068
E1,M09,100-0,C,SF-100,A,202303,15,2,890
E1,M09,100-0,D,SF-100,A,202303,15,0,668
E1,M09,100-0,E,SF-100,A,202303,15,0,312
E1,M09,100-0,ALL,SF-100,A,202303,15,5,4450
E1,M09,100-0,A,SF-100,A,202304,16,2,1557
E1,M09,100-0,B,SF-100,A,202304,16,3,1099
E1,M09,100-0,C,SF-100,A,202304,16,1,916
E1,M09,100-0,D,SF-100,A,202304,16,3,687
E1,M09,100-0,E,SF-100,A,202304,16,0,321
E1,M09,100-0,ALL,SF-100,A,202304,16,9,4580
E1,M09,100-0,A,SF-100,A,202305,17,1,1601
E1,M09,100-0,B,SF-100,A,202305,17,0,1130
E1,M09,100-0,C,SF-100,A,202305,17,1,942
E1,M09,100-0,D,SF-100,A,202305,17,0,706
E1,M09,100-0,E,SF-100,A,202305,17,3,330
E1,M09,100-0,ALL,SF-100,A,202305,17,5,4710
E1,M09,100-0,A,SF-100,A,202306,18,4,1646
E1,M09,100-0,B,SF-100,A,202306,18,1,1162
E1,M09,100-0,C,SF-100,A,202306,18,4,968
E1,M09,100-0,D,SF-100,A,202306,18,0,726
E1,M09,100-0,E,SF-100,A,202306,18,0,339
E1,M09,100-0,ALL,SF-100,A,202306,18,9,4840
E1,M09,100-0,A,SF-100,A,202307,19,1,1690
E1,M09,100-0,B,SF-100,A,202307,19,1,1193
E1,M09,100-0,C,SF-100,A,202307,19,1,994
E1,M09,100-0,D,SF-100,A,202307,19,1,746
E1,M09,100-0,E,SF-100,A,202307,19,0,348
E1,M09,100-0,ALL,SF-100,A,202307,19,4,4970
E1,M09,100-0,A,SF-100,A,202308,20,5,1734
E1,M09,100-0,B,SF-100,A,202308,20,1,1224
E1,M09,100-0,C,SF-100,A,202308,20,1,1020
E1,M09,100-0,D,SF-100,A,202308,20,1,765
E1,M09,100-0,E,SF-100,A,202308,20,2,357
E1,M09,100-0,ALL,SF-100,A,202308,20,10,5100
E1,M09,100-0,A,SF-100,A,202309,21,2,1778
E1,M09,100-0,B,SF-100,A,202309,21,0,1255
E1,M09,100-0,C,SF-100,A,202309,21,1,1046
E1,M09,100-0,D,SF-100,A,202309,21,1,784
E1,M09,100-0,E,SF-100,A,202309,21,0,366
E1,M09,100-0,ALL,SF-100,A,202309,21,4,5230
E1,M09,100-0,A,SF-100,A,202310,22,1,1822
E1,M09,100-0,B,SF-100,A,202310,22,4,1286
E1,M09,100-0,C,SF-100,A,202310,22,1,1072
E1,M09,100-0,D,SF-100,A,202310,22,0,804
E1,M09,100-0,E,SF-100,A,202310,22,1,375
E1,M09,100-0,ALL,SF-100,A,202310,22,7,5360
E1,M09,100-0,A,SF-100,A,202311,23,1,1867
E1,M09,100-0,B,SF-100,A,202311,23,1,1318
E1,M09,100-0,C,SF-100,A,202311,23,1,1098
E1,M09,100-0,D,SF-100,A,202311,23,1,824
E1,M09,100-0,E,SF-100,A,202311,23,0,384
E1,M09,100-0,ALL,SF-100,A,202311,23,4,5490
E1,M09,100-0,A,SF-100,A,202312,24,1,1911
E1,M09,100-0,B,SF-100,A,202312,24,0,1349
E1,M09,100-0,C,SF-100,A,202312,24,2,1124
E1,M09,100-0,D,SF-100,A,202312,24,2,843
E1,M09,100-0,E,SF-100,A,202312,24,1,393
E1,M09,100-0,ALL,SF-100,A,202312,24,6,5620
E1,M09,100-0,A,SF-100,A,202401,25,2,1955
E1,M09,100-0,B,SF-100,A,202401,25,1,1380
E1,M09,100-0,C,SF-100,A,202401,25,1,1150
E1,M09,100-0,D,SF-100,A,202401,25,0,862
E1,M09,100-0,E,SF-100,A,202401,25,0,403
E1,M09,100-0,ALL,SF-100,A,202401,25,4,5750
E1,M09,100-0,A,SF-100,A,202402,26,2,1999
E1,M09,100-0,B,SF-100,A,202402,26,1,1411
E1,M09,100-0,C,SF-100,A,202402,26,0,1176
E1,M09,100-0,D,SF-100,A,202402,26,1,882
E1,M09,100-0,E,SF-100,A,202402,26,0,412
E1,M09,100-0,ALL,SF-100,A,202402,26,4,5880
E1,M09,100-0,A,SF-100,A,202403,27,3,2043
E1,M09,100-0,B,SF-100,A,202403,27,1,1442
E1,M09,100-0,C,SF-100,A,202403,27,1,1202
E1,M09,100-0,D,SF-100,A,202403,27,2,902
E1,M09,100-0,E,SF-100,A,202403,27,4,421
E1,M09,100-0,ALL,SF-100,A,202403,27,11,6010
E1,M09,100-0,A,SF-100,A,202404,28,4,2088
E1,M09,100-0,B,SF-100,A,202404,28,4,1474
E1,M09,100-0,C,SF-100,A,202404,28,0,1228
E1,M09,100-0,D,SF-100,A,202404,28,1,921
E1,M09,100-0,E,SF-100,A,202404,28,0,430
E1,M09,100-0,ALL,SF-100,A,202404,28,9,6140
E1,M09,100-0,A,SF-100,A,202405,29,3,2132
E1,M09,100-0,B,SF-100,A,202405,29,0,1505
E1,M09,100-0,C,SF-100,A,202405,29,1,1254
E1,M09,100-0,D,SF-100,A,202405,29,2,940
E1,M09,100-0,E,SF-100,A,202405,29,1,439
E1,M09,100-0,ALL,SF-100,A,202405,29,7,6270
E1,M09,100-0,A,SF-100,A,202406,30,1,2176
E1,M09,100-0,B,SF-100,A,202406,30,1,1536
E1,M09,100-0,C,SF-100,A,202406,30,2,1280
E1,M09,100-0,D,SF-100,A,202406,30,1,960
E1,M09,100-0,E,SF-100,A,202406,30,1,448
E1,M09,100-0,ALL,SF-100,A,202406,30,6,6400
E1,M09,100-0,A,SF-100,A,202407,31,1,2220
E1,M09,100-0,B,SF-100,A,202407,31,0,1567
E1,M09,100-0,C,SF-100,A,202407,31,2,1306
E1,M09,100-0,D,SF-100,A,202407,31,2,980
E1,M09,100-0,E,SF-100,A,202407,31,0,457
E1,M09,100-0,ALL,SF-100,A,202407,31,5,6530
E1,M09,100-0,A,SF-100,A,202408,32,2,2264
E1,M09,100-0,B,SF-100,A,202408,32,4,1598
E1,M09,100-0,C,SF-100,A,202408,32,0,1332
E1,M09,100-0,D,SF-100,A,202408,32,0,999
E1,M09,100-0,E,SF-100,A,202408,32,0,466
E1,M09,100-0,ALL,SF-100,A,202408,32,6,6660
E1,M09,100-0,A,SF-100,A,202409,33,2,2309
E1,M09,100-0,B,SF-100,A,202409,33,1,1630
E1,M09,100-0,C,SF-100,A,202409,33,3,1358
E1,M09,100-0,D,SF-100,A,202409,33,1,1018
E1,M09,100-0,E,SF-100,A,202409,33,1,475
E1,M09,100-0,ALL,SF-100,A,202409,33,8,6790
E1,M09,100-0,A,SF-100,A,202410,34,2,2353
E1,M09,100-0,B,SF-100,A,202410,34,4,1661
E1,M09,100-0,C,SF-100,A,202410,34,1,1384
E1,M09,100-0,D,SF-100,A,202410,34,2,1038
E1,M09,100-0,E,SF-100,A,202410,34,0,484
E1,M09,100-0,ALL,SF-100,A,202410,34,9,6920
E1,M09,100-0,A,SF-100,A,202411,35,3,2397
E1,M09,100-0,B,SF-100,A,202411,35,4,1692
E1,M09,100-0,C,SF-100,A,202411,35,1,1410
E1,M09,100-0,D,SF-100,A,202411,35,1,1058
E1,M09,100-0,E,SF-100,A,202411,35,0,494
E1,M09,100-0,ALL,SF-100,A,202411,35,9,7050
E1,M09,100-0,A,SF-100,A,202412,36,3,2441
E1,M09,100-0,B,SF-100,A,202412,36,0,1723
E1,M09,100-0,C,SF-100,A,202412,36,2,1436
E1,M09,100-0,D,SF-100,A,202412,36,0,1077
E1,M09,100-0,E,SF-100,A,202412,36,1,503
E1,M09,100-0,ALL,SF-100,A,202412,36,6,7180
E1,M09,101-0,A,SF-101,A,202112,0,3,850
E1,M09,101-0,ALL,SF-101,A,202112,0,3,2500
E1,M09,101-0,A,SF-101,A,202201,1,2,894
E1,M09,101-0,B,SF-101,A,202201,1,1,631
E1,M09,101-0,ALL,SF-101,A,202201,1,3,2630
E1,M09,101-0,A,SF-101,A,202202,2,0,938
E1,M09,101-0,B,SF-101,A,202202,2,0,662
E1,M09,101-0,C,SF-101,A,202202,2,0,552
E1,M09,101-0,D,SF-101,A,202202,2,0,414
E1,M09,101-0,ALL,SF-101,A,202202,2,0,2760
E1,M09,101-0,A,SF-101,A,202203,3,2,983
E1,M09,101-0,B,SF-101,A,202203,3,1,694
E1,M09,101-0,C,SF-101,A,202203,3,0,578
E1,M09,101-0,D,SF-101,A,202203,3,0,434
E1,M09,101-0,ALL,SF-101,A,202203,3,3,2890
E1,M09,101-0,A,SF-101,A,202204,4,1,1027
E1,M09,101-0,B,SF-101,A,202204,4,0,725
E1,M09,101-0,C,SF-101,A,202204,4,0,604
E1,M09,101-0,D,SF-101,A,202204,4,1,453
E1,M09,101-0,ALL,SF-101,A,202204,4,2,3020
E1,M09,101-0,A,SF-101,A,202205,5,0,1071
E1,M09,101-0,B,SF-101,A,202205,5,2,756
E1,M09,101-0,C,SF-101,A,202205,5,0,630
E1,M09,101-0,D,SF-101,A,202205,5,1,472
E1,M09,101-0,ALL,SF-101,A,202205,5,3,3150
E1,M09,101-0,A,SF-101,A,202206,6,1,1115
E1,M09,101-0,B,SF-101,A,202206,6,0,787
E1,M09,101-0,C,SF-101,A,202206,6,1,656
E1,M09,101-0,D,SF-101,A,202206,6,2,492
E1,M09,101-0,ALL,SF-101,A,202206,6,4,3280
E1,M09,101-0,A,SF-101,A,202207,7,2,1159
E1,M09,101-0,B,SF-101,A,202207,7,0,818
E1,M09,101-0,C,SF-101,A,202207,7,1,682
E1,M09,101-0,D,SF-101,A,202207,7,1,512
E1,M09,101-0,ALL,SF-101,A,202207,7,4,3410
E1,M09,101-0,A,SF-101,A,202208,8,3,1204
E1,M09,101-0,B,SF-101,A,202208,8,0,850
E1,M09,101-0,C,SF-101,A,202208,8,1,708
E1,M09,101-0,D,SF-101,A,202208,8,0,531
E1,M09,101-0,E,SF-101,A,202208,8,0,248
E1,M09,101-0,ALL,SF-101,A,202208,8,4,3540
E1,M09,101-0,A,SF-101,A,202209,9,1,1248
E1,M09,101-0,B,SF-101,A,202209,9,0,881
E1,M09,101-0,C,SF-101,A,202209,9,1,734
E1,M09,101-0,D,SF-101,A,202209,9,1,550
E1,M09,101-0,E,SF-101,A,202209,9,0,257
E1,M09,101-0,ALL,SF-101,A,202209,9,3,3670
E1,M09,101-0,A,SF-101,A,202210,10,1,1292
E1,M09,101-0,B,SF-101,A,202210,10,1,912
E1,M09,101-0,C,SF-101,A,202210,10,1,760
E1,M09,101-0,D,SF-101,A,202210,10,2,570
E1,M09,101-0,E,SF-101,A,202210,10,0,266
E1,M09,101-0,ALL,SF-101,A,202210,10,5,3800
E1,M09,101-0,A,SF-101,A,202211,11,1,1336
E1,M09,101-0,B,SF-101,A,202211,11,3,943
E1,M09,101-0,C,SF-101,A,202211,11,0,786
E1,M09,101-0,D,SF-101,A,202211,11,0,590
E1,M09,101-0,E,SF-101,A,202211,11,0,275
E1,M09,101-0,ALL,SF-101,A,202211,11,4,3930
E1,M09,101-0,A,SF-101,A,202212,12,0,1380
E1,M09,101-0,B,SF-101,A,202212,12,1,974
E1,M09,101-0,C,SF-101,A,202212,12,0,812
E1,M09,101-0,D,SF-101,A,202212,12,2,609
E1,M09,101-0,E,SF-101,A,202212,12,1,284
E1,M09,101-0,ALL,SF-101,A,202212,12,4,4060
E1,M09,101-0,A,SF-101,A,202301,13,0,1425
E1,M09,101-0,B,SF-101,A,202301,13,4,1006
E1,M09,101-0,C,SF-101,A,202301,13,1,838
E1,M09,101-0,D,SF-101,A,202301,13,0,628
E1,M09,101-0,E,SF-101,A,202301,13,1,293
E1,M09,101-0,ALL,SF-101,A,202301,13,6,4190
E1,M09,101-0,A,SF-101,A,202302,14,0,1469
E1,M09,101-0,B,SF-101,A,202302,14,2,1037
E1,M09,101-0,C,SF-101,A,202302,14,0,864
E1,M09,101-0,D,SF-101,A,202302,14,0,648
E1,M09,101-0,E,SF-101,A,202302,14,0,302
E1,M09,101-0,ALL,SF-101,A,202302,14,2,4320
E1,M09,101-0,A,SF-101,A,202303,15,1,1513
E1,M09,101-0,B,SF-101,A,202303,15,0,1068
E1,M09,101-0,C,SF-101,A,202303,15,1,890
E1,M09,101-0,D,SF-101,A,202303,15,0,668
E1,M09,101-0,E,SF-101,A,202303,15,0,312
E1,M09,101-0,ALL,SF-101,A,202303,15,2,4450
E1,M09,101-0,A,SF-101,A,202304,16,2,1557
E1,M09,101-0,B,SF-101,A,202304,16,1,1099
E1,M09,101-0,C,SF-101,A,202304,16,1,916
E1,M09,101-0,D,SF-101,A,202304,16,1,687
E1,M09,101-0,E,SF-101,A,202304,16,0,321
E1,M09,101-0,ALL,SF-101,A,202304,16,5,4580
E1,M09,101-0,A,SF-101,A,202305,17,3,1601
E1,M09,101-0,B,SF-101,A,202305,17,0,1130
E1,M09,101-0,C,SF-101,A,202305,17,0,942
E1,M09,101-0,D,SF-101,A,202305,17,0,706
E1,M09,101-0,E,SF-101,A,202305,17,0,330
E1,M09,101-0,ALL,SF-101,A,202305,17,3,4710
E1,M09,101-0,A,SF-101,A,202306,18,1,1646
E1,M09,101-0,B,SF-101,A,202306,18,0,1162
E1,M09,101-0,C,SF-101,A,202306,18,1,968
E1,M09,101-0,D,SF-101,A,202306,18,0,726
E1,M09,101-0,E,SF-101,A,202306,18,0,339
E1,M09,101-0,ALL,SF-101,A,202306,18,2,4840
E1,M09,101-0,A,SF-101,A,202307,19,1,1690
E1,M09,101-0,B,SF-101,A,202307,19,1,1193
E1,M09,101-0,C,SF-101,A,202307,19,0,994
E1,M09,101-0,D,SF-101,A,202307,19,0,746
E1,M09,101-0,E,SF-101,A,202307,19,0,348
E1,M09,101-0,ALL,SF-101,A,202307,19,2,4970
E1,M09,101-0,A,SF-101,A,202308,20,2,1734
E1,M09,101-0,B,SF-101,A,202308,20,1,1224
E1,M09,101-0,C,SF-101,A,202308,20,2,1020
E1,M09,101-0,D,SF-101,A,202308,20,0,765
E1,M09,101-0,E,SF-101,A,202308,20,0,357
E1,M09,101-0,ALL,SF-101,A,202308,20,5,5100
E1,M09,101-0,A,SF-101,A,202309,21,3,1778
E1,M09,101-0,B,SF-101,A,202309,21,2,1255
E1,M09,101-0,C,SF-101,A,202309,21,1,1046
E1,M09,101-0,D,SF-101,A,202309,21,1,784
E1,M09,101-0,E,SF-101,A,202309,21,0,366
E1,M09,101-0,ALL,SF-101,A,202309,21,7,5230
E1,M09,101-0,A,SF-101,A,202310,22,1,1822
E1,M09,101-0,B,SF-101,A,202310,22,2,1286
E1,M09,101-0,C,SF-101,A,202310,22,1,1072
E1,M09,101-0,D,SF-101,A,202310,22,1,804
E1,M09,101-0,E,SF-101,A,202310,22,1,375
E1,M09,101-0,ALL,SF-101,A,202310,22,6,5360
E1,M09,101-0,A,SF-101,A,202311,23,2,1867
E1,M09,101-0,B,SF-101,A,202311,23,2,1318
E1,M09,101-0,C,SF-101,A,202311,23,1,1098
E1,M09,101-0,D,SF-101,A,202311,23,3,824
E1,M09,101-0,E,SF-101,A,202311,23,0,384
E1,M09,101-0,ALL,SF-101,A,202311,23,8,5490
E1,M09,101-0,A,SF-101,A,202312,24,1,1911
E1,M09,101-0,B,SF-101,A,202312,24,1,1349
E1,M09,101-0,C,SF-101,A,202312,24,0,1124
E1,M09,101-0,D,SF-101,A,202312,24,0,843
E1,M09,101-0,E,SF-101,A,202312,24,1,393
E1,M09,101-0,ALL,SF-101,A,202312,24,3,5620
E1,M09,101-0,A,SF-101,A,202401,25,2,1955
E1,M09,101-0,B,SF-101,A,202401,25,1,1380
E1,M09,101-0,C,SF-101,A,202401,25,0,1150
E1,M09,101-0,D,SF-101,A,202401,25,0,862
E1,M09,101-0,E,SF-101,A,202401,25,0,403
E1,M09,101-0,ALL,SF-101,A,202401,25,3,5750
E1,M09,101-0,A,SF-101,A,202402,26,1,1999
E1,M09,101-0,B,SF-101,A,202402,26,0,1411
E1,M09,101-0,C,SF-101,A,202402,26,2,1176
E1,M09,101-0,D,SF-101,A,202402,26,0,882
E1,M09,101-0,E,SF-101,A,202402,26,0,412
E1,M09,101-0,ALL,SF-101,A,202402,26,3,5880
E1,M09,101-0,A,SF-101,A,202403,27,1,2043
E1,M09,101-0,B,SF-101,A,202403,27,3,1442
E1,M09,101-0,C,SF-101,A,202403,27,1,1202
E1,M09,101-0,D,SF-101,A,202403,27,0,902
E1,M09,101-0,E,SF-101,A,202403,27,0,421
E1,M09,101-0,ALL,SF-101,A,202403,27,5,6010
E1,M09,101-0,A,SF-101,A,202404,28,2,2088
E1,M09,101-0,B,SF-101,A,202404,28,1,1474
E1,M09,101-0,C,SF-101,A,202404,28,0,1228
E1,M09,101-0,D,SF-101,A,202404,28,1,921
E1,M09,101-0,E,SF-101,A,202404,28,1,430
E1,M09,101-0,ALL,SF-101,A,202404,28,5,6140
E1,M09,101-0,A,SF-101,A,202405,29,2,2132
E1,M09,101-0,B,SF-101,A,202405,29,1,1505
E1,M09,101-0,C,SF-101,A,202405,29,1,1254
E1,M09,101-0,D,SF-101,A,202405,29,4,940
E1,M09,101-0,E,SF-101,A,202405,29,0,439
E1,M09,101-0,ALL,SF-101,A,202405,29,8,6270
E1,M09,101-0,A,SF-101,A,202406,30,3,2176
E1,M09,101-0,B,SF-101,A,202406,30,2,1536
E1,M09,101-0,C,SF-101,A,202406,30,0,1280
E1,M09,101-0,D,SF-101,A,202406,30,1,960
E1,M09,101-0,E,SF-101,A,202406,30,0,448
E1,M09,101-0,ALL,SF-101,A,202406,30,6,6400
E1,M09,101-0,A,SF-101,A,202407,31,1,2220
E1,M09,101-0,B,SF-101,A,202407,31,2,1567
E1,M09,101-0,C,SF-101,A,202407,31,1,1306
E1,M09,101-0,D,SF-101,A,202407,31,0,980
E1,M09,101-0,E,SF-101,A,202407,31,0,457
E1,M09,101-0,ALL,SF-101,A,202407,31,4,6530
E1,M09,101-0,A,SF-101,A,202408,32,4,2264
E1,M09,101-0,B,SF-101,A,202408,32,2,1598
E1,M09,101-0,C,SF-101,A,202408,32,2,1332
E1,M09,101-0,D,SF-101,A,202408,32,1,999
E1,M09,101-0,E,SF-101,A,202408,32,0,466
E1,M09,101-0,ALL,SF-101,A,202408,32,9,6660
E1,M09,101-0,A,SF-101,A,202409,33,0,2309
E1,M09,101-0,B,SF-101,A,202409,33,1,1630
E1,M09,101-0,C,SF-101,A,202409,33,1,1358
E1,M09,101-0,D,SF-101,A,202409,33,2,1018
E1,M09,101-0,E,SF-101,A,202409,33,0,475
E1,M09,101-0,ALL,SF-101,A,202409,33,4,6790
E1,M09,101-0,A,SF-101,A,202410,34,2,2353
E1,M09,101-0,B,SF-101,A,202410,34,1,1661
E1,M09,101-0,C,SF-101,A,202410,34,1,1384
E1,M09,101-0,D,SF-101,A,202410,34,3,1038
E1,M09,101-0,E,SF-101,A,202410,34,0,484
E1,M09,101-0,ALL,SF-101,A,202410,34,7,6920
E1,M09,101-0,A,SF-101,A,202411,35,6,2397
E1,M09,101-0,B,SF-101,A,202411,35,0,1692
E1,M09,101-0,C,SF-101,A,202411,35,4,1410
E1,M09,101-0,D,SF-101,A,202411,35,1,1058
E1,M09,101-0,E,SF-101,A,202411,35,0,494
E1,M09,101-0,ALL,SF-101,A,202411,35,11,7050
E1,M09,101-0,A,SF-101,A,202412,36,1,2441
E1,M09,101-0,B,SF-101,A,202412,36,2,1723
E1,M09,101-0,C,SF-101,A,202412,36,2,1436
E1,M09,101-0,D,SF-101,A,202412,36,1,1077
E1,M09,101-0,E,SF-101,A,202412,36,0,503
E1,M09,101-0,ALL,SF-101,A,202412,36,6,7180
E1,M09,102-0,D,SF-102,A,202112,0,1,375
E1,M09,102-0,ALL,SF-102,A,202112,0,1,2500
E1,M09,102-0,A,SF-102,A,202201,1,1,894
E1,M09,102-0,D,SF-102,A,202201,1,1,394
E1,M09,102-0,ALL,SF-102,A,202201,1,2,2630
E1,M09,102-0,A,SF-102,A,202202,2,0,938
E1,M09,102-0,B,SF-102,A,202202,2,0,662
E1,M09,102-0,C,SF-102,A,202202,2,0,552
E1,M09,102-0,D,SF-102,A,202202,2,0,414
E1,M09,102-0,ALL,SF-102,A,202202,2,0,2760
E1,M09,102-0,A,SF-102,A,202203,3,0,983
E1,M09,102-0,B,SF-102,A,202203,3,0,694
E1,M09,102-0,C,SF-102,A,202203,3,1,578
E1,M09,102-0,D,SF-102,A,202203,3,0,434
E1,M09,102-0,ALL,SF-102,A,202203,3,1,2890
E1,M09,102-0,A,SF-102,A,202204,4,1,1027
E1,M09,102-0,B,SF-102,A,202204,4,0,725
E1,M09,102-0,C,SF-102,A,202204,4,0,604
E1,M09,102-0,D,SF-102,A,202204,4,0,453
E1,M09,102-0,ALL,SF-102,A,202204,4,1,3020
E1,M09,102-0,A,SF-102,A,202205,5,0,1071
E1,M09,102-0,B,SF-102,A,202205,5,0,756
E1,M09,102-0,C,SF-102,A,202205,5,0,630
E1,M09,102-0,D,SF-102,A,202205,5,0,472
E1,M09,102-0,ALL,SF-102,A,202205,5,0,3150
E1,M09,102-0,A,SF-102,A,202206,6,1,1115
E1,M09,102-0,B,SF-102,A,202206,6,1,787
E1,M09,102-0,C,SF-102,A,202206,6,0,656
E1,M09,102-0,D,SF-102,A,202206,6,0,492
E1,M09,102-0,ALL,SF-102,A,202206,6,2,3280
E1,M09,102-0,A,SF-102,A,202207,7,0,1159
E1,M09,102-0,B,SF-102,A,202207,7,0,818
E1,M09,102-0,C,SF-102,A,202207,7,1,682
E1,M09,102-0,D,SF-102,A,202207,7,0,512
E1,M09,102-0,ALL,SF-102,A,202207,7,1,3410
E1,M09,102-0,A,SF-102,A,202208,8,3,1204
E1,M09,102-0,B,SF-102,A,202208,8,0,850
E1,M09,102-0,C,SF-102,A,202208,8,0,708
E1,M09,102-0,D,SF-102,A,202208,8,1,531
E1,M09,102-0,E,SF-102,A,202208,8,0,248
E1,M09,102-0,ALL,SF-102,A,202208,8,4,3540
E1,M09,102-0,A,SF-102,A,202209,9,2,1248
E1,M09,102-0,B,SF-102,A,202209,9,1,881
E1,M09,102-0,C,SF-102,A,202209,9,1,734
E1,M09,102-0,D,SF-102,A,202209,9,0,550
E1,M09,102-0,E,SF-102,A,202209,9,0,257
E1,M09,102-0,ALL,SF-102,A,202209,9,4,3670
E1,M09,102-0,A,SF-102,A,202210,10,2,1292
E1,M09,102-0,B,SF-102,A,202210,10,1,912
E1,M09,102-0,C,SF-102,A,202210,10,3,760
E1,M09,102-0,D,SF-102,A,202210,10,2,570
E1,M09,102-0,E,SF-102,A,202210,10,0,266
E1,M09,102-0,ALL,SF-102,A,202210,10,8,3800
E1,M09,102-0,A,SF-102,A,202211,11,1,1336
E1,M09,102-0,B,SF-102,A,202211,11,0,943
E1,M09,102-0,C,SF-102,A,202211,11,1,786
E1,M09,102-0,D,SF-102,A,202211,11,0,590
E1,M09,102-0,E,SF-102,A,202211,11,0,275
E1,M09,102-0,ALL,SF-102,A,202211,11,2,3930
E1,M09,102-0,A,SF-102,A,202212,12,0,1380
E1,M09,102-0,B,SF-102,A,202212,12,0,974
E1,M09,102-0,C,SF-102,A,202212,12,0,812
E1,M09,102-0,D,SF-102,A,202212,12,0,609
E1,M09,102-0,E,SF-102,A,202212,12,0,284
E1,M09,102-0,ALL,SF-102,A,202212,12,0,4060
E1,M09,102-0,A,SF-102,A,202301,13,1,1425
E1,M09,102-0,B,SF-102,A,202301,13,2,1006
E1,M09,102-0,C,SF-102,A,202301,13,0,838
E1,M09,102-0,D,SF-102,A,202301,13,0,628
E1,M09,102-0,E,SF-102,A,202301,13,1,293
E1,M09,102-0,ALL,SF-102,A,202301,13,4,4190
E1,M09,102-0,A,SF-102,A,202302,14,3,1469
E1,M09,102-0,B,SF-102,A,202302,14,2,1037
E1,M09,102-0,C,SF-102,A,202302,14,1,864
E1,M09,102-0,D,SF-102,A,202302,14,1,648
E1,M09,102-0,E,SF-102,A,202302,14,0,302
E1,M09,102-0,ALL,SF-102,A,202302,14,7,4320
E1,M09,102-0,A,SF-102,A,202303,15,2,1513
E1,M09,102-0,B,SF-102,A,202303,15,2,1068
E1,M09,102-0,C,SF-102,A,202303,15,0,890
E1,M09,102-0,D,SF-102,A,202303,15,1,668
E1,M09,102-0,E,SF-102,A,202303,15,2,312
E1,M09,102-0,ALL,SF-102,A,202303,15,7,4450
E1,M09,102-0,A,SF-102,A,202304,16,0,1557
E1,M09,102-0,B,SF-102,A,202304,16,0,1099
E1,M09,102-0,C,SF-102,A,202304,16,1,916
E1,M09,102-0,D,SF-102,A,202304,16,0,687
E1,M09,102-0,E,SF-102,A,202304,16,1,321
E1,M09,102-0,ALL,SF-102,A,202304,16,2,4580
E1,M09,102-0,A,SF-102,A,202305,17,4,1601
E1,M09,102-0,B,SF-102,A,202305,17,2,1130
E1,M09,102-0,C,SF-102,A,202305,17,1,942
E1,M09,102-0,D,SF-102,A,202305,17,1,706
E1,M09,102-0,E,SF-102,A,202305,17,0,330
E1,M09,102-0,ALL,SF-102,A,202305,17,8,4710
E1,M09,102-0,A,SF-102,A,202306,18,0,1646
E1,M09,102-0,B,SF-102,A,202306,18,1,1162
E1,M09,102-0,C,SF-102,A,202306,18,1,968
E1,M09,102-0,D,SF-102,A,202306,18,0,726
E1,M09,102-0,E,SF-102,A,202306,18,0,339
E1,M09,102-0,ALL,SF-102,A,202306,18,2,4840
E1,M09,102-0,A,SF-102,A,202307,19,4,1690
E1,M09,102-0,B,SF-102,A,202307,19,2,1193
E1,M09,102-0,C,SF-102,A,202307,19,0,994
E1,M09,102-0,D,SF-102,A,202307,19,0,746
E1,M09,102-0,E,SF-102,A,202307,19,1,348
E1,M09,102-0,ALL,SF-102,A,202307,19,7,4970
E1,M09,102-0,A,SF-102,A,202308,20,5,1734
E1,M09,102-0,B,SF-102,A,202308,20,1,1224
E1,M09,102-0,C,SF-102,A,202308,20,1,1020
E1,M09,102-0,D,SF-102,A,202308,20,0,765
E1,M09,102-0,E,SF-102,A,202308,20,0,357
E1,M09,102-0,ALL,SF-102,A,202308,20,7,5100
E1,M09,102-0,A,SF-102,A,202309,21,0,1778
E1,M09,102-0,B,SF-102,A,202309,21,3,1255
E1,M09,102-0,C,SF-102,A,202309,21,0,1046
E1,M09,102-0,D,SF-102,A,202309,21,0,784
E1,M09,102-0,E,SF-102,A,202309,21,0,366
E1,M09,102-0,ALL,SF-102,A,202309,21,3,5230
E1,M09,102-0,A,SF-102,A,202310,22,1,1822
E1,M09,102-0,B,SF-102,A,202310,22,2,1286
E1,M09,102-0,C,SF-102,A,202310,22,0,1072
E1,M09,102-0,D,SF-102,A,202310,22,0,804
E1,M09,102-0,E,SF-102,A,202310,22,2,375
E1,M09,102-0,ALL,SF-102,A,202310,22,5,5360
E1,M09,102-0,A,SF-102,A,202311,23,1,1867
E1,M09,102-0,B,SF-102,A,202311,23,2,1318
E1,M09,102-0,C,SF-102,A,202311,23,1,1098
E1,M09,102-0,D,SF-102,A,202311,23,1,824
E1,M09,102-0,E,SF-102,A,202311,23,0,384
E1,M09,102-0,ALL,SF-102,A,202311,23,5,5490
E1,M09,102-0,A,SF-102,A,202312,24,2,1911
E1,M09,102-0,B,SF-102,A,202312,24,1,1349
E1,M09,102-0,C,SF-102,A,202312,24,2,1124
E1,M09,102-0,D,SF-102,A,202312,24,0,843
E1,M09,102-0,E,SF-102,A,202312,24,0,393
E1,M09,102-0,ALL,SF-102,A,202312,24,5,5620
E1,M09,102-0,A,SF-102,A,202401,25,1,1955
E1,M09,102-0,B,SF-102,A,202401,25,3,1380
E1,M09,102-0,C,SF-102,A,202401,25,1,1150
E1,M09,102-0,D,SF-102,A,202401,25,1,862
E1,M09,102-0,E,SF-102,A,202401,25,1,403
E1,M09,102-0,ALL,SF-102,A,202401,25,7,5750
E1,M09,102-0,A,SF-102,A,202402,26,1,1999
E1,M09,102-0,B,SF-102,A,202402,26,1,1411
E1,M09,102-0,C,SF-102,A,202402,26,1,1176
E1,M09,102-0,D,SF-102,A,202402,26,2,882
E1,M09,102-0,E,SF-102,A,202402,26,0,412
E1,M09,102-0,ALL,SF-102,A,202402,26,5,5880
E1,M09,102-0,A,SF-102,A,202403,27,2,2043
E1,M09,102-0,B,SF-102,A,202403,27,1,1442
E1,M09,102-0,C,SF-102,A,202403,27,1,1202
E1,M09,102-0,D,SF-102,A,202403,27,2,902
E1,M09,102-0,E,SF-102,A,202403,27,0,421
E1,M09,102-0,ALL,SF-102,A,202403,27,6,6010
E1,M09,102-0,A,SF-102,A,202404,28,2,2088
E1,M09,102-0,B,SF-102,A,202404,28,3,1474
E1,M09,102-0,C,SF-102,A,202404,28,1,1228
E1,M09,102-0,D,SF-102,A,202404,28,1,921
E1,M09,102-0,E,SF-102,A,202404,28,0,430
E1,M09,102-0,ALL,SF-102,A,202404,28,7,6140
E1,M09,102-0,A,SF-102,A,202405,29,2,2132
E1,M09,102-0,B,SF-102,A,202405,29,1,1505
E1,M09,102-0,C,SF-102,A,202405,29,1,1254
E1,M09,102-0,D,SF-102,A,202405,29,1,940
E1,M09,102-0,E,SF-102,A,202405,29,0,439
E1,M09,102-0,ALL,SF-102,A,202405,29,5,6270
E1,M09,102-0,A,SF-102,A,202406,30,6,2176
E1,M09,102-0,B,SF-102,A,202406,30,1,1536
E1,M09,102-0,C,SF-102,A,202406,30,1,1280
E1,M09,102-0,D,SF-102,A,202406,30,1,960
E1,M09,102-0,E,SF-102,A,202406,30,2,448
E1,M09,102-0,ALL,SF-102,A,202406,30,11,6400
E1,M09,102-0,A,SF-102,A,202407,31,6,2220
E1,M09,102-0,B,SF-102,A,202407,31,4,1567
E1,M09,102-0,C,SF-102,A,202407,31,0,1306
E1,M09,102-0,D,SF-102,A,202407,31,1,980
E1,M09,102-0,E,SF-102,A,202407,31,1,457
E1,M09,102-0,ALL,SF-102,A,202407,31,12,6530
E1,M09,102-0,A,SF-102,A,202408,32,3,2264
E1,M09,102-0,B,SF-102,A,202408,32,2,1598
E1,M09,102-0,C,SF-102,A,202408,32,0,1332
E1,M09,102-0,D,SF-102,A,202408,32,0,999
E1,M09,102-0,E,SF-102,A,202408,32,1,466
E1,M09,102-0,ALL,SF-102,A,202408,32,6,6660
E1,M09,102-0,A,SF-102,A,202409,33,3,2309
E1,M09,102-0,B,SF-102,A,202409,33,2,1630
E1,M09,102-0,C,SF-102,A,202409,33,3,1358
E1,M09,102-0,D,SF-102,A,202409,33,1,1018
E1,M09,102-0,E,SF-102,A,202409,33,0,475
E1,M09,102-0,ALL,SF-102,A,202409,33,9,6790
E1,M09,102-0,A,SF-102,A,202410,34,4,2353
E1,M09,102-0,B,SF-102,A,202410,34,2,1661
E1,M09,102-0,C,SF-102,A,202410,34,1,1384
E1,M09,102-0,D,SF-102,A,202410,34,1,1038
E1,M09,102-0,E,SF-102,A,202410,34,1,484
E1,M09,102-0,ALL,SF-102,A,202410,34,9,6920
E1,M09,102-0,A,SF-102,A,202411,35,0,2397
E1,M09,102-0,B,SF-102,A,202411,35,4,1692
E1,M09,102-0,C,SF-102,A,202411,35,4,1410
E1,M09,102-0,D,SF-102,A,202411,35,2,1058
E1,M09,102-0,E,SF-102,A,202411,35,1,494
E1,M09,102-0,ALL,SF-102,A,202411,35,11,7050
E1,M09,102-0,A,SF-102,A,202412,36,3,2441
E1,M09,102-0,B,SF-102,A,202412,36,2,1723
E1,M09,102-0,C,SF-102,A,202412,36,1,1436
E1,M09,102-0,D,SF-102,A,202412,36,1,1077
E1,M09,102-0,E,SF-102,A,202412,36,0,503
E1,M09,102-0,ALL,SF-102,A,202412,36,7,7180
E1,M09,103-0,A,SF-103,A,202112,0,2,850
E1,M09,103-0,B,SF-103,A,202112,0,1,600
E1,M09,103-0,C,SF-103,A,202112,0,1,500
E1,M09,103-0,ALL,SF-103,A,202112,0,4,2500
E1,M09,103-1,A,SF-103,A,202112,0,2,850
E1,M09,103-1,B,SF-103,A,202112,0,1,600
E1,M09,103-1,C,SF-103,A,202112,0,1,500
E1,M09,103-1,ALL,SF-103,A,202112,0,4,2500
E1,M09,103-0,B,SF-103,A,202201,1,1,631
E1,M09,103-0,C,SF-103,A,202201,1,1,526
E1,M09,103-0,ALL,SF-103,A,202201,1,2,2630
E1,M09,103-1,ALL,SF-103,A,202201,1,0,2630
E1,M09,103-0,A,SF-103,A,202202,2,1,938
E1,M09,103-0,B,SF-103,A,202202,2,0,662
E1,M09,103-0,C,SF-103,A,202202,2,0,552
E1,M09,103-0,D,SF-103,A,202202,2,0,414
E1,M09,103-0,ALL,SF-103,A,202202,2,1,2760
E1,M09,103-1,A,SF-103,A,202202,2,1,938
E1,M09,103-1,B,SF-103,A,202202,2,0,662
E1,M09,103-1,C,SF-103,A,202202,2,0,552
E1,M09,103-1,D,SF-103,A,202202,2,1,414
E1,M09,103-1,ALL,SF-103,A,202202,2,2,2760
E1,M09,103-0,A,SF-103,A,202203,3,2,983
E1,M09,103-0,B,SF-103,A,202203,3,0,694
E1,M09,103-0,C,SF-103,A,202203,3,0,578
E1,M09,103-0,D,SF-103,A,202203,3,0,434
E1,M09,103-0,ALL,SF-103,A,202203,3,2,2890
E1,M09,103-1,A,SF-103,A,202203,3,1,983
E1,M09,103-1,B,SF-103,A,202203,3,0,694
E1,M09,103-1,C,SF-103,A,202203,3,0,578
E1,M09,103-1,D,SF-103,A,202203,3,0,434
E1,M09,103-1,ALL,SF-103,A,202203,3,1,2890
E1,M09,103-0,A,SF-103,A,202204,4,0,1027
E1,M09,103-0,B,SF-103,A,202204,4,0,725
E1,M09,103-0,C,SF-103,A,202204,4,0,604
E1,M09,103-0,D,SF-103,A,202204,4,0,453
E1,M09,103-0,ALL,SF-103,A,202204,4,0,3020
E1,M09,103-1,A,SF-103,A,202204,4,2,1027
E1,M09,103-1,B,SF-103,A,202204,4,2,725
E1,M09,103-1,C,SF-103,A,202204,4,0,604
E1,M09,103-1,D,SF-103,A,202204,4,2,453
E1,M09,103-1,ALL,SF-103,A,202204,4,6,3020
E1,M09,103-0,A,SF-103,A,202205,5,0,1071
E1,M09,103-0,B,SF-103,A,202205,5,1,756
E1,M09,103-0,C,SF-103,A,202205,5,1,630
E1,M09,103-0,D,SF-103,A,202205,5,0,472
E1,M09,103-0,ALL,SF-103,A,202205,5,2,3150
E1,M09,103-1,A,SF-103,A,202205,5,0,1071
E1,M09,103-1,B,SF-103,A,202205,5,0,756
E1,M09,103-1,C,SF-103,A,202205,5,0,630
E1,M09,103-1,D,SF-103,A,202205,5,0,472
E1,M09,103-1,ALL,SF-103,A,202205,5,0,3150
E1,M09,103-0,A,SF-103,A,202206,6,1,1115
E1,M09,103-0,B,SF-103,A,202206,6,0,787
E1,M09,103-0,C,SF-103,A,202206,6,2,656
E1,M09,103-0,D,SF-103,A,202206,6,1,492
E1,M09,103-0,ALL,SF-103,A,202206,6,4,3280
E1,M09,103-1,A,SF-103,A,202206,6,0,1115
E1,M09,103-1,B,SF-103,A,202206,6,1,787
E1,M09,103-1,C,SF-103,A,202206,6,0,656
E1,M09,103-1,D,SF-103,A,202206,6,0,492
E1,M09,103-1,ALL,SF-103,A,202206,6,1,3280
E1,M09,103-0,A,SF-103,A,202207,7,0,1159
E1,M09,103-0,B,SF-103,A,202207,7,2,818
E1,M09,103-0,C,SF-103,A,202207,7,0,682
E1,M09,103-0,D,SF-103,A,202207,7,2,512
E1,M09,103-0,ALL,SF-103,A,202207,7,4,3410
E1,M09,103-1,A,SF-103,A,202207,7,2,1159
E1,M09,103-1,B,SF-103,A,202207,7,0,818
E1,M09,103-1,C,SF-103,A,202207,7,0,682
E1,M09,103-1,D,SF-103,A,202207,7,0,512
E1,M09,103-1,ALL,SF-103,A,202207,7,2,3410
E1,M09,103-0,A,SF-103,A,202208,8,0,1204
E1,M09,103-0,B,SF-103,A,202208,8,1,850
E1,M09,103-0,C,SF-103,A,202208,8,1,708
E1,M09,103-0,D,SF-103,A,202208,8,0,531
E1,M09,103-0,E,SF-103,A,202208,8,0,248
E1,M09,103-0,ALL,SF-103,A,202208,8,2,3540
E1,M09,103-1,A,SF-103,A,202208,8,0,1204
E1,M09,103-1,B,SF-103,A,202208,8,0,850
E1,M09,103-1,C,SF-103,A,202208,8,0,708
E1,M09,103-1,D,SF-103,A,202208,8,0,531
E1,M09,103-1,E,SF-103,A,202208,8,0,248
E1,M09,103-1,ALL,SF-103,A,202208,8,0,3540
E1,M09,103-0,A,SF-103,A,202209,9,0,1248
E1,M09,103-0,B,SF-103,A,202209,9,0,881
E1,M09,103-0,C,SF-103,A,202209,9,0,734
E1,M09,103-0,D,SF-103,A,202209,9,0,550
E1,M09,103-0,E,SF-103,A,202209,9,0,257
E1,M09,103-0,ALL,SF-103,A,202209,9,0,3670
E1,M09,103-1,A,SF-103,A,202209,9,0,1248
E1,M09,103-1,B,SF-103,A,202209,9,0,881
E1,M09,103-1,C,SF-103,A,202209,9,4,734
E1,M09,103-1,D,SF-103,A,202209,9,0,550
E1,M09,103-1,E,SF-103,A,202209,9,1,257
E1,M09,103-1,ALL,SF-103,A,202209,9,5,3670
E1,M09,103-0,A,SF-103,A,202210,10,2,1292
E1,M09,103-0,B,SF-103,A,202210,10,0,912
E1,M09,103-0,C,SF-103,A,202210,10,0,760
E1,M09,103-0,D,SF-103,A,202210,10,2,570
E1,M09,103-0,E,SF-103,A,202210,10,0,266
E1,M09,103-0,ALL,SF-103,A,202210,10,4,3800
E1,M09,103-1,A,SF-103,A,202210,10,1,1292
E1,M09,103-1,B,SF-103,A,202210,10,0,912
E1,M09,103-1,C,SF-103,A,202210,10,0,760
E1,M09,103-1,D,SF-103,A,202210,10,1,570
E1,M09,103-1,E,SF-103,A,202210,10,0,266
E1,M09,103-1,ALL,SF-103,A,202210,10,2,3800
E1,M09,103-0,A,SF-103,A,202211,11,2,1336
E1,M09,103-0,B,SF-103,A,202211,11,0,943
E1,M09,103-0,C,SF-103,A,202211,11,0,786
E1,M09,103-0,D,SF-103,A,202211,11,1,590
E1,M09,103-0,E,SF-103,A,202211,11,1,275
E1,M09,103-0,ALL,SF-103,A,202211,11,4,3930
E1,M09,103-1,A,SF-103,A,202211,11,1,1336
E1,M09,103-1,B,SF-103,A,202211,11,0,943
E1,M09,103-1,C,SF-103,A,202211,11,2,786
E1,M09,103-1,D,SF-103,A,202211,11,1,590
E1,M09,103-1,E,SF-103,A,202211,11,0,275
E1,M09,103-1,ALL,SF-103,A,202211,11,4,3930
E1,M09,103-0,A,SF-103,A,202212,12,2,1380
E1,M09,103-0,B,SF-103,A,202212,12,0,974
E1,M09,103-0,C,SF-103,A,202212,12,1,812
E1,M09,103-0,D,SF-103,A,202212,12,0,609
E1,M09,103-0,E,SF-103,A,202212,12,0,284
E1,M09,103-0,ALL,SF-103,A,202212,12,3,4060
E1,M09,103-1,A,SF-103,A,202212,12,0,1380
E1,M09,103-1,B,SF-103,A,202212,12,0,974
E1,M09,103-1,C,SF-103,A,202212,12,1,812
E1,M09,103-1,D,SF-103,A,202212,12,2,609
E1,M09,103-1,E,SF-103,A,202212,12,0,284
E1,M09,103-1,ALL,SF-103,A,202212,12,3,4060
E1,M09,103-0,A,SF-103,A,202301,13,1,1425
E1,M09,103-0,B,SF-103,A,202301,13,0,1006
E1,M09,103-0,C,SF-103,A,202301,13,0,838
E1,M09,103-0,D,SF-103,A,202301,13,1,628
E1,M09,103-0,E,SF-103,A,202301,13,1,293
E1,M09,103-0,ALL,SF-103,A,202301,13,3,4190
E1,M09,103-1,A,SF-103,A,202301,13,1,1425
E1,M09,103-1,B,SF-103,A,202301,13,0,1006
E1,M09,103-1,C,SF-103,A,202301,13,0,838
E1,M09,103-1,D,SF-103,A,202301,13,0,628
E1,M09,103-1,E,SF-103,A,202301,13,0,293
E1,M09,103-1,ALL,SF-103,A,202301,13,1,4190
E1,M09,103-0,A,SF-103,A,202302,14,0,1469
E1,M09,103-0,B,SF-103,A,202302,14,2,1037
E1,M09,103-0,C,SF-103,A,202302,14,2,864
E1,M09,103-0,D,SF-103,A,202302,14,0,648
E1,M09,103-0,E,SF-103,A,202302,14,0,302
E1,M09,103-0,ALL,SF-103,A,202302,14,4,4320
E1,M09,103-1,A,SF-103,A,202302,14,0,1469
E1,M09,103-1,B,SF-103,A,202302,14,1,1037
E1,M09,103-1,C,SF-103,A,202302,14,2,864
E1,M09,103-1,D,SF-103,A,202302,14,0,648
E1,M09,103-1,E,SF-103,A,202302,14,0,302
E1,M09,103-1,ALL,SF-103,A,202302,14,3,4320
E1,M09,103-0,A,SF-103,A,202303,15,0,1513
E1,M09,103-0,B,SF-103,A,202303,15,0,1068
E1,M09,103-0,C,SF-103,A,202303,15,0,890
E1,M09,103-0,D,SF-103,A,202303,15,1,668
E1,M09,103-0,E,SF-103,A,202303,15,1,312
E1,M09,103-0,ALL,SF-103,A,202303,15,2,4450
E1,M09,103-1,A,SF-103,A,202303,15,2,1513
E1,M09,103-1,B,SF-103,A,202303,15,1,1068
E1,M09,103-1,C,SF-103,A,202303,15,1,890
E1,M09,103-1,D,SF-103,A,202303,15,0,668
E1,M09,103-1,E,SF-103,A,202303,15,0,312
E1,M09,103-1,ALL,SF-103,A,202303,15,4,4450
E1,M09,103-0,A,SF-103,A,202304,16,2,1557
E1,M09,103-0,B,SF-103,A,202304,16,1,1099
E1,M09,103-0,C,SF-103,A,202304,16,3,916
E1,M09,103-0,D,SF-103,A,202304,16,0,687
E1,M09,103-0,E,SF-103,A,202304,16,0,321
E1,M09,103-0,ALL,SF-103,A,202304,16,6,4580
E1,M09,103-1,A,SF-103,A,202304,16,1,1557
E1,M09,103-1,B,SF-103,A,202304,16,3,1099
E1,M09,103-1,C,SF-103,A,202304,16,1,916
E1,M09,103-1,D,SF-103,A,202304,16,1,687
E1,M09,103-1,E,SF-103,A,202304,16,1,321
E1,M09,103-1,ALL,SF-103,A,202304,16,7,4580
E1,M09,103-0,A,SF-103,A,202305,17,0,1601
E1,M09,103-0,B,SF-103,A,202305,17,0,1130
E1,M09,103-0,C,SF-103,A,202305,17,0,942
E1,M09,103-0,D,SF-103,A,202305,17,0,706
E1,M09,103-0,E,SF-103,A,202305,17,0,330
E1,M09,103-0,ALL,SF-103,A,202305,17,0,4710
E1,M09,103-1,A,SF-103,A,202305,17,1,1601
E1,M09,103-1,B,SF-103,A,202305,17,0,1130
E1,M09,103-1,C,SF-103,A,202305,17,0,942
E1,M09,103-1,D,SF-103,A,202305,17,0,706
E1,M09,103-1,E,SF-103,A,202305,17,1,330
E1,M09,103-1,ALL,SF-103,A,202305,17,2,4710
E1,M09,103-0,A,SF-103,A,202306,18,0,1646
E1,M09,103-0,B,SF-103,A,202306,18,1,1162
E1,M09,103-0,C,SF-103,A,202306,18,1,968
E1,M09,103-0,D,SF-103,A,202306,18,0,726
E1,M09,103-0,E,SF-103,A,202306,18,0,339
E1,M09,103-0,ALL,SF-103,A,202306,18,2,4840
E1,M09,103-1,A,SF-103,A,202306,18,2,1646
E1,M09,103-1,B,SF-103,A,202306,18,3,1162
E1,M09,103-1,C,SF-103,A,202306,18,3,968
E1,M09,103-1,D,SF-103,A,202306,18,0,726
E1,M09,103-1,E,SF-103,A,202306,18,0,339
E1,M09,103-1,ALL,SF-103,A,202306,18,8,4840
E1,M09,103-0,A,SF-103,A,202307,19,0,1690
E1,M09,103-0,B,SF-103,A,202307,19,2,1193
E1,M09,103-0,C,SF-103,A,202307,19,2,994
E1,M09,103-0,D,SF-103,A,202307,19,1,746
E1,M09,103-0,E,SF-103,A,202307,19,0,348
E1,M09,103-0,ALL,SF-103,A,202307,19,5,4970
E1,M09,103-1,A,SF-103,A,202307,19,2,1690
E1,M09,103-1,B,SF-103,A,202307,19,2,1193
E1,M09,103-1,C,SF-103,A,202307,19,0,994
E1,M09,103-1,D,SF-103,A,202307,19,1,746
E1,M09,103-1,E,SF-103,A,202307,19,1,348
E1,M09,103-1,ALL,SF-103,A,202307,19,6,4970
E1,M09,103-0,A,SF-103,A,202308,20,0,1734
E1,M09,103-0,B,SF-103,A,202308,20,0,1224
E1,M09,103-0,C,SF-103,A,202308,20,1,1020
E1,M09,103-0,D,SF-103,A,202308,20,1,765
E1,M09,103-0,E,SF-103,A,202308,20,0,357
E1,M09,103-0,ALL,SF-103,A,202308,20,2,5100
E1,M09,103-1,A,SF-103,A,202308,20,1,1734
E1,M09,103-1,B,SF-103,A,202308,20,0,1224
E1,M09,103-1,C,SF-103,A,202308,20,1,1020
E1,M09,103-1,D,SF-103,A,202308,20,0,765
E1,M09,103-1,E,SF-103,A,202308,20,0,357
E1,M09,103-1,ALL,SF-103,A,202308,20,2,5100
E1,M09,103-0,A,SF-103,A,202309,21,1,1778
E1,M09,103-0,B,SF-103,A,202309,21,1,1255
E1,M09,103-0,C,SF-103,A,202309,21,1,1046
E1,M09,103-0,D,SF-103,A,202309,21,1,784
E1,M09,103-0,E,SF-103,A,202309,21,2,366
E1,M09,103-0,ALL,SF-103,A,202309,21,6,5230
E1,M09,103-1,A,SF-103,A,202309,21,1,1778
E1,M09,103-1,B,SF-103,A,202309,21,0,1255
E1,M09,103-1,C,SF-103,A,202309,21,2,1046
E1,M09,103-1,D,SF-103,A,202309,21,0,784
E1,M09,103-1,E,SF-103,A,202309,21,0,366
E1,M09,103-1,ALL,SF-103,A,202309,21,3,5230
E1,M09,103-0,A,SF-103,A,202310,22,1,1822
E1,M09,103-0,B,SF-103,A,202310,22,1,1286
E1,M09,103-0,C,SF-103,A,202310,22,4,1072
E1,M09,103-0,D,SF-103,A,202310,22,0,804
E1,M09,103-0,E,SF-103,A,202310,22,0,375
E1,M09,103-0,ALL,SF-103,A,202310,22,6,5360
E1,M09,103-1,A,SF-103,A,202310,22,0,1822
E1,M09,103-1,B,SF-103,A,202310,22,0,1286
E1,M09,103-1,C,SF-103,A,202310,22,0,1072
E1,M09,103-1,D,SF-103,A,202310,22,1,804
E1,M09,103-1,E,SF-103,A,202310,22,0,375
E1,M09,103-1,ALL,SF-103,A,202310,22,1,5360
E1,M09,103-0,A,SF-103,A,202311,23,2,1867
E1,M09,103-0,B,SF-103,A,202311,23,0,1318
E1,M09,103-0,C,SF-103,A,202311,23,0,1098
E1,M09,103-0,D,SF-103,A,202311,23,0,824
E1,M09,103-0,E,SF-103,A,202311,23,0,384
E1,M09,103-0,ALL,SF-103,A,202311,23,2,5490
E1,M09,103-1,A,SF-103,A,202311,23,1,1867
E1,M09,103-1,B,SF-103,A,202311,23,1,1318
E1,M09,103-1,C,SF-103,A,202311,23,1,1098
E1,M09,103-1,D,SF-103,A,202311,23,2,824
E1,M09,103-1,E,SF-103,A,202311,23,1,384
E1,M09,103-1,ALL,SF-103,A,202311,23,6,5490
E1,M09,103-0,A,SF-103,A,202312,24,1,1911
E1,M09,103-0,B,SF-103,A,202312,24,1,1349
E1,M09,103-0,C,SF-103,A,202312,24,2,1124
E1,M09,103-0,D,SF-103,A,202312,24,1,843
E1,M09,103-0,E,SF-103,A,202312,24,0,393
E1,M09,103-0,ALL,SF-103,A,202312,24,5,5620
E1,M09,103-1,A,SF-103,A,202312,24,1,1911
E1,M09,103-1,B,SF-103,A,202312,24,2,1349
E1,M09,103-1,C,SF-103,A,202312,24,0,1124
E1,M09,103-1,D,SF-103,A,202312,24,1,843
E1,M09,103-1,E,SF-103,A,202312,24,0,393
E1,M09,103-1,ALL,SF-103,A,202312,24,4,5620
E1,M09,103-0,A,SF-103,A,202401,25,1,1955
E1,M09,103-0,B,SF-103,A,202401,25,0,1380
E1,M09,103-0,C,SF-103,A,202401,25,0,1150
E1,M09,103-0,D,SF-103,A,202401,25,2,862
E1,M09,103-0,E,SF-103,A,202401,25,0,403
E1,M09,103-0,ALL,SF-103,A,202401,25,3,5750
E1,M09,103-1,A,SF-103,A,202401,25,0,1955
E1,M09,103-1,B,SF-103,A,202401,25,0,1380
E1,M09,103-1,C,SF-103,A,202401,25,3,1150
E1,M09,103-1,D,SF-103,A,202401,25,0,862
E1,M09,103-1,E,SF-103,A,202401,25,1,403
E1,M09,103-1,ALL,SF-103,A,202401,25,4,5750
E1,M09,103-0,A,SF-103,A,202402,26,4,1999
E1,M09,103-0,B,SF-103,A,202402,26,0,1411
E1,M09,103-0,C,SF-103,A,202402,26,0,1176
E1,M09,103-0,D,SF-103,A,202402,26,0,882
E1,M09,103-0,E,SF-103,A,202402,26,0,412
E1,M09,103-0,ALL,SF-103,A,202402,26,4,5880
E1,M09,103-1,A,SF-103,A,202402,26,3,1999
E1,M09,103-1,B,SF-103,A,202402,26,1,1411
E1,M09,103-1,C,SF-103,A,202402,26,1,1176
E1,M09,103-1,D,SF-103,A,202402,26,0,882
E1,M09,103-1,E,SF-103,A,202402,26,0,412
E1,M09,103-1,ALL,SF-103,A,202402,26,5,5880
E1,M09,103-0,A,SF-103,A,202403,27,1,2043
E1,M09,103-0,B,SF-103,A,202403,27,1,1442
E1,M09,103-0,C,SF-103,A,202403,27,1,1202
E1,M09,103-0,D,SF-103,A,202403,27,3,902
E1,M09,103-0,E,SF-103,A,202403,27,0,421
E1,M09,103-0,ALL,SF-103,A,202403,27,6,6010
E1,M09,103-1,A,SF-103,A,202403,27,1,2043
E1,M09,103-1,B,SF-103,A,202403,27,2,1442
E1,M09,103-1,C,SF-103,A,202403,27,1,1202
E1,M09,103-1,D,SF-103,A,202403,27,0,902
E1,M09,103-1,E,SF-103,A,202403,27,0,421
E1,M09,103-1,ALL,SF-103,A,202403,27,4,6010
E1,M09,103-0,A,SF-103,A,202404,28,1,2088
E1,M09,103-0,B,SF-103,A,202404,28,1,1474
E1,M09,103-0,C,SF-103,A,202404,28,0,1228
E1,M09,103-0,D,SF-103,A,202404,28,1,921
E1,M09,103-0,E,SF-103,A,202404,28,0,430
E1,M09,103-0,ALL,SF-103,A,202404,28,3,6140
E1,M09,103-1,A,SF-103,A,202404,28,0,2088
E1,M09,103-1,B,SF-103,A,202404,28,3,1474
E1,M09,103-1,C,SF-103,A,202404,28,0,1228
E1,M09,103-1,D,SF-103,A,202404,28,1,921
E1,M09,103-1,E,SF-103,A,202404,28,0,430
E1,M09,103-1,ALL,SF-103,A,202404,28,4,6140
E1,M09,103-0,A,SF-103,A,202405,29,1,2132
E1,M09,103-0,B,SF-103,A,202405,29,3,1505
E1,M09,103-0,C,SF-103,A,202405,29,1,1254
E1,M09,103-0,D,SF-103,A,202405,29,0,940
E1,M09,103-0,E,SF-103,A,202405,29,0,439
E1,M09,103-0,ALL,SF-103,A,202405,29,5,6270
E1,M09,103-1,A,SF-103,A,202405,29,2,2132
E1,M09,103-1,B,SF-103,A,202405,29,0,1505
E1,M09,103-1,C,SF-103,A,202405,29,2,1254
E1,M09,103-1,D,SF-103,A,202405,29,0,940
E1,M09,103-1,E,SF-103,A,202405,29,0,439
E1,M09,103-1,ALL,SF-103,A,202405,29,4,6270
E1,M09,103-0,A,SF-103,A,202406,30,0,2176
E1,M09,103-0,B,SF-103,A,202406,30,2,1536
E1,M09,103-0,C,SF-103,A,202406,30,1,1280
E1,M09,103-0,D,SF-103,A,202406,30,1,960
E1,M09,103-0,E,SF-103,A,202406,30,0,448
E1,M09,103-0,ALL,SF-103,A,202406,30,4,6400
E1,M09,103-1,A,SF-103,A,202406,30,1,2176
E1,M09,103-1,B,SF-103,A,202406,30,1,1536
E1,M09,103-1,C,SF-103,A,202406,30,1,1280
E1,M09,103-1,D,SF-103,A,202406,30,0,960
E1,M09,103-1,E,SF-103,A,202406,30,1,448
E1,M09,103-1,ALL,SF-103,A,202406,30,4,6400
E1,M09,103-0,A,SF-103,A,202407,31,3,2220
E1,M09,103-0,B,SF-103,A,202407,31,1,1567
E1,M09,103-0,C,SF-103,A,202407,31,1,1306
E1,M09,103-0,D,SF-103,A,202407,31,1,980
E1,M09,103-0,E,SF-103,A,202407,31,0,457
E1,M09,103-0,ALL,SF-103,A,202407,31,6,6530
E1,M09,103-1,A,SF-103,A,202407,31,2,2220
E1,M09,103-1,B,SF-103,A,202407,31,0,1567
E1,M09,103-1,C,SF-103,A,202407,31,2,1306
E1,M09,103-1,D,SF-103,A,202407,31,0,980
E1,M09,103-1,E,SF-103,A,202407,31,0,457
E1,M09,103-1,ALL,SF-103,A,202407,31,4,6530
E1,M09,103-0,A,SF-103,A,202408,32,2,2264
E1,M09,103-0,B,SF-103,A,202408,32,1,1598
E1,M09,103-0,C,SF-103,A,202408,32,1,1332
E1,M09,103-0,D,SF-103,A,202408,32,0,999
E1,M09,103-0,E,SF-103,A,202408,32,1,466
E1,M09,103-0,ALL,SF-103,A,202408,32,5,6660
E1,M09,103-1,A,SF-103,A,202408,32,1,2264
E1,M09,103-1,B,SF-103,A,202408,32,2,1598
E1,M09,103-1,C,SF-103,A,202408,32,1,1332
E1,M09,103-1,D,SF-103,A,202408,32,1,999
E1,M09,103-1,E,SF-103,A,202408,32,1,466
E1,M09,103-1,ALL,SF-103,A,202408,32,6,6660
E1,M09,103-0,A,SF-103,A,202409,33,2,2309
E1,M09,103-0,B,SF-103,A,202409,33,3,1630
E1,M09,103-0,C,SF-103,A,202409,33,2,1358
E1,M09,103-0,D,SF-103,A,202409,33,1,1018
E1,M09,103-0,E,SF-103,A,202409,33,0,475
E1,M09,103-0,ALL,SF-103,A,202409,33,8,6790
E1,M09,103-1,A,SF-103,A,202409,33,2,2309
E1,M09,103-1,B,SF-103,A,202409,33,0,1630
E1,M09,103-1,C,SF-103,A,202409,33,2,1358
E1,M09,103-1,D,SF-103,A,202409,33,1,1018
E1,M09,103-1,E,SF-103,A,202409,33,2,475
E1,M09,103-1,ALL,SF-103,A,202409,33,7,6790
E1,M09,103-0,A,SF-103,A,202410,34,0,2353
E1,M09,103-0,B,SF-103,A,202410,34,1,1661
E1,M09,103-0,C,SF-103,A,202410,34,3,1384
E1,M09,103-0,D,SF-103,A,202410,34,3,1038
E1,M09,103-0,E,SF-103,A,202410,34,0,484
E1,M09,103-0,ALL,SF-103,A,202410,34,7,6920
E1,M09,103-1,A,SF-103,A,202410,34,1,2353
E1,M09,103-1,B,SF-103,A,202410,34,2,1661
E1,M09,103-1,C,SF-103,A,202410,34,0,1384
E1,M09,103-1,D,SF-103,A,202410,34,1,1038
E1,M09,103-1,E,SF-103,A,202410,34,1,484
E1,M09,103-1,ALL,SF-103,A,202410,34,5,6920
E1,M09,103-0,A,SF-103,A,202411,35,2,2397
E1,M09,103-0,B,SF-103,A,202411,35,2,1692
E1,M09,103-0,C,SF-103,A,202411,35,0,1410
E1,M09,103-0,D,SF-103,A,202411,35,0,1058
E1,M09,103-0,E,SF-103,A,202411,35,0,494
E1,M09,103-0,ALL,SF-103,A,202411,35,4,7050
E1,M09,103-1,A,SF-103,A,202411,35,2,2397
E1,M09,103-1,B,SF-103,A,202411,35,1,1692
E1,M09,103-1,C,SF-103,A,202411,35,0,1410
E1,M09,103-1,D,SF-103,A,202411,35,0,1058
E1,M09,103-1,E,SF-103,A,202411,35,2,494
E1,M09,103-1,ALL,SF-103,A,202411,35,5,7050
E1,M09,103-0,A,SF-103,A,202412,36,3,2441
E1,M09,103-0,B,SF-103,A,202412,36,2,1723
E1,M09,103-0,C,SF-103,A,202412,36,1,1436
E1,M09,103-0,D,SF-103,A,202412,36,1,1077
E1,M09,103-0,E,SF-103,A,202412,36,1,503
E1,M09,103-0,ALL,SF-103,A,202412,36,8,7180
E1,M09,103-1,A,SF-103,A,202412,36,0,2441
E1,M09,103-1,B,SF-103,A,202412,36,3,1723
E1,M09,103-1,C,SF-103,A,202412,36,1,1436
E1,M09,103-1,D,SF-103,A,202412,36,0,1077
E1,M09,103-1,E,SF-103,A,202412,36,1,503
E1,M09,103-1,ALL,SF-103,A,202412,36,5,7180
E1,M09,104-0,ALL,SF-104,A,202112,0,0,2500
E1,M09,104-1,ALL,SF-104,A,202112,0,0,2500
E1,M09,104-0,ALL,SF-104,A,202201,1,0,2630
E1,M09,104-1,A,SF-104,A,202201,1,3,894
E1,M09,104-1,B,SF-104,A,202201,1,1,631
E1,M09,104-1,C,SF-104,A,202201,1,1,526
E1,M09,104-1,ALL,SF-104,A,202201,1,5,2630
E1,M09,104-0,A,SF-104,A,202202,2,1,938
E1,M09,104-0,B,SF-104,A,202202,2,1,662
E1,M09,104-0,C,SF-104,A,202202,2,1,552
E1,M09,104-0,D,SF-104,A,202202,2,0,414
E1,M09,104-0,ALL,SF-104,A,202202,2,3,2760
E1,M09,104-1,A,SF-104,A,202202,2,2,938
E1,M09,104-1,B,SF-104,A,202202,2,1,662
E1,M09,104-1,C,SF-104,A,202202,2,0,552
E1,M09,104-1,D,SF-104,A,202202,2,1,414
E1,M09,104-1,ALL,SF-104,A,202202,2,4,2760
E1,M09,104-0,A,SF-104,A,202203,3,3,983
E1,M09,104-0,B,SF-104,A,202203,3,0,694
E1,M09,104-0,C,SF-104,A,202203,3,2,578
E1,M09,104-0,D,SF-104,A,202203,3,0,434
E1,M09,104-0,ALL,SF-104,A,202203,3,5,2890
E1,M09,104-1,A,SF-104,A,202203,3,0,983
E1,M09,104-1,B,SF-104,A,202203,3,0,694
E1,M09,104-1,C,SF-104,A,202203,3,1,578
E1,M09,104-1,D,SF-104,A,202203,3,1,434
E1,M09,104-1,ALL,SF-104,A,202203,3,2,2890
E1,M09,104-0,A,SF-104,A,202204,4,1,1027
E1,M09,104-0,B,SF-104,A,202204,4,0,725
E1,M09,104-0,C,SF-104,A,202204,4,0,604
E1,M09,104-0,D,SF-104,A,202204,4,0,453
E1,M09,104-0,ALL,SF-104,A,202204,4,1,3020
E1,M09,104-1,A,SF-104,A,202204,4,1,1027
E1,M09,104-1,B,SF-104,A,202204,4,1,725
E1,M09,104-1,C,SF-104,A,202204,4,1,604
E1,M09,104-1,D,SF-104,A,202204,4,0,453
E1,M09,104-1,ALL,SF-104,A,202204,4,3,3020
E1,M09,104-0,A,SF-104,A,202205,5,1,1071
E1,M09,104-0,B,SF-104,A,202205,5,2,756
E1,M09,104-0,C,SF-104,A,202205,5,0,630
E1,M09,104-0,D,SF-104,A,202205,5,1,472
E1,M09,104-0,ALL,SF-104,A,202205,5,4,3150
E1,M09,104-1,A,SF-104,A,202205,5,0,1071
E1,M09,104-1,B,SF-104,A,202205,5,0,756
E1,M09,104-1,C,SF-104,A,202205,5,1,630
E1,M09,104-1,D,SF-104,A,202205,5,1,472
E1,M09,104-1,ALL,SF-104,A,202205,5,2,3150
E1,M09,104-0,A,SF-104,A,202206,6,0,1115
E1,M09,104-0,B,SF-104,A,202206,6,0,787
E1,M09,104-0,C,SF-104,A,202206,6,0,656
E1,M09,104-0,D,SF-104,A,202206,6,0,492
E1,M09,104-0,ALL,SF-104,A,202206,6,0,3280
E1,M09,104-1,A,SF-104,A,202206,6,0,1115
E1,M09,104-1,B,SF-104,A,202206,6,0,787
E1,M09,104-1,C,SF-104,A,202206,6,1,656
E1,M09,104-1,D,SF-104,A,202206,6,1,492
E1,M09,104-1,ALL,SF-104,A,202206,6,2,3280
E1,M09,104-0,A,SF-104,A,202207,7,2,1159
E1,M09,104-0,B,SF-104,A,202207,7,3,818
E1,M09,104-0,C,SF-104,A,202207,7,1,682
E1,M09,104-0,D,SF-104,A,202207,7,0,512
E1,M09,104-0,ALL,SF-104,A,202207,7,6,3410
E1,M09,104-1,A,SF-104,A,202207,7,1,1159
E1,M09,104-1,B,SF-104,A,202207,7,3,818
E1,M09,104-1,C,SF-104,A,202207,7,0,682
E1,M09,104-1,D,SF-104,A,202207,7,1,512
E1,M09,104-1,ALL,SF-104,A,202207,7,5,3410
E1,M09,104-0,A,SF-104,A,202208,8,2,1204
E1,M09,104-0,B,SF-104,A,202208,8,0,850
E1,M09,104-0,C,SF-104,A,202208,8,0,708
E1,M09,104-0,D,SF-104,A,202208,8,0,531
E1,M09,104-0,E,SF-104,A,202208,8,0,248
E1,M09,104-0,ALL,SF-104,A,202208,8,2,3540
E1,M09,104-1,A,SF-104,A,202208,8,0,1204
E1,M09,104-1,B,SF-104,A,202208,8,0,850
E1,M09,104-1,C,SF-104,A,202208,8,1,708
E1,M09,104-1,D,SF-104,A,202208,8,0,531
E1,M09,104-1,E,SF-104,A,202208,8,0,248
E1,M09,104-1,ALL,SF-104,A,202208,8,1,3540
E1,M09,104-0,A,SF-104,A,202209,9,2,1248
E1,M09,104-0,B,SF-104,A,202209,9,2,881
E1,M09,104-0,C,SF-104,A,202209,9,1,734
E1,M09,104-0,D,SF-104,A,202209,9,0,550
E1,M09,104-0,E,SF-104,A,202209,9,0,257
E1,M09,104-0,ALL,SF-104,A,202209,9,5,3670
E1,M09,104-1,A,SF-104,A,202209,9,2,1248
E1,M09,104-1,B,SF-104,A,202209,9,0,881
E1,M09,104-1,C,SF-104,A,202209,9,1,734
E1,M09,104-1,D,SF-104,A,202209,9,0,550
E1,M09,104-1,E,SF-104,A,202209,9,0,257
E1,M09,104-1,ALL,SF-104,A,202209,9,3,3670
E1,M09,104-0,A,SF-104,A,202210,10,1,1292
E1,M09,104-0,B,SF-104,A,202210,10,2,912
E1,M09,104-0,C,SF-104,A,202210,10,2,760
E1,M09,104-0,D,SF-104,A,202210,10,1,570
E1,M09,104-0,E,SF-104,A,202210,10,0,266
E1,M09,104-0,ALL,SF-104,A,202210,10,6,3800
E1,M09,104-1,A,SF-104,A,202210,10,0,1292
E1,M09,104-1,B,SF-104,A,202210,10,2,912
E1,M09,104-1,C,SF-104,A,202210,10,0,760
E1,M09,104-1,D,SF-104,A,202210,10,0,570
E1,M09,104-1,E,SF-104,A,202210,10,0,266
E1,M09,104-1,ALL,SF-104,A,202210,10,2,3800
E1,M09,104-0,A,SF-104,A,202211,11,1,1336
E1,M09,104-0,B,SF-104,A,202211,11,1,943
E1,M09,104-0,C,SF-104,A,202211,11,1,786
E1,M09,104-0,D,SF-104,A,202211,11,0,590
E1,M09,104-0,E,SF-104,A,202211,11,0,275
E1,M09,104-0,ALL,SF-104,A,202211,11,3,3930
E1,M09,104-1,A,SF-104,A,202211,11,0,1336
E1,M09,104-1,B,SF-104,A,202211,11,1,943
E1,M09,104-1,C,SF-104,A,202211,11,1,786
E1,M09,104-1,D,SF-104,A,202211,11,1,590
E1,M09,104-1,E,SF-104,A,202211,11,0,275
E1,M09,104-1,ALL,SF-104,A,202211,11,3,3930
E1,M09,104-0,A,SF-104,A,202212,12,1,1380
E1,M09,104-0,B,SF-104,A,202212,12,1,974
E1,M09,104-0,C,SF-104,A,202212,12,1,812
E1,M09,104-0,D,SF-104,A,202212,12,0,609
E1,M09,104-0,E,SF-104,A,202212,12,0,284
E1,M09,104-0,ALL,SF-104,A,202212,12,3,4060
E1,M09,104-1,A,SF-104,A,202212,12,2,1380
E1,M09,104-1,B,SF-104,A,202212,12,0,974
E1,M09,104-1,C,SF-104,A,202212,12,0,812
E1,M09,104-1,D,SF-104,A,202212,12,1,609
E1,M09,104-1,E,SF-104,A,202212,12,1,284
E1,M09,104-1,ALL,SF-104,A,202212,12,4,4060
E1,M09,104-0,A,SF-104,A,202301,13,1,1425
E1,M09,104-0,B,SF-104,A,202301,13,0,1006
E1,M09,104-0,C,SF-104,A,202301,13,0,838
E1,M09,104-0,D,SF-104,A,202301,13,1,628
E1,M09,104-0,E,SF-104,A,202301,13,0,293
E1,M09,104-0,ALL,SF-104,A,202301,13,2,4190
E1,M09,104-1,A,SF-104,A,202301,13,2,1425
E1,M09,104-1,B,SF-104,A,202301,13,0,1006
E1,M09,104-1,C,SF-104,A,202301,13,2,838
E1,M09,104-1,D,SF-104,A,202301,13,0,628
E1,M09,104-1,E,SF-104,A,202301,13,1,293
E1,M09,104-1,ALL,SF-104,A,202301,13,5,4190
E1,M09,104-0,A,SF-104,A,202302,14,1,1469
E1,M09,104-0,B,SF-104,A,202302,14,2,1037
E1,M09,104-0,C,SF-104,A,202302,14,0,864
E1,M09,104-0,D,SF-104,A,202302,14,0,648
E1,M09,104-0,E,SF-104,A,202302,14,0,302
E1,M09,104-0,ALL,SF-104,A,202302,14,3,4320
E1,M09,104-1,A,SF-104,A,202302,14,2,1469
E1,M09,104-1,B,SF-104,A,202302,14,0,1037
E1,M09,104-1,C,SF-104,A,202302,14,0,864
E1,M09,104-1,D,SF-104,A,202302,14,0,648
E1,M09,104-1,E,SF-104,A,202302,14,1,302
E1,M09,104-1,ALL,SF-104,A,202302,14,3,4320
E1,M09,104-0,A,SF-104,A,202303,15,2,1513
E1,M09,104-0,B,SF-104,A,202303,15,0,1068
E1,M09,104-0,C,SF-104,A,202303,15,1,890
E1,M09,104-0,D,SF-104,A,202303,15,0,668
E1,M09,104-0,E,SF-104,A,202303,15,0,312
E1,M09,104-0,ALL,SF-104,A,202303,15,3,4450
E1,M09,104-1,A,SF-104,A,202303,15,2,1513
E1,M09,104-1,B,SF-104,A,202303,15,1,1068
E1,M09,104-1,C,SF-104,A,202303,15,1,890
E1,M09,104-1,D,SF-104,A,202303,15,2,668
E1,M09,104-1,E,SF-104,A,202303,15,0,312
E1,M09,104-1,ALL,SF-104,A,202303,15,6,4450
E1,M09,104-0,A,SF-104,A,202304,16,2,1557
E1,M09,104-0,B,SF-104,A,202304,16,2,1099
E1,M09,104-0,C,SF-104,A,202304,16,2,916
E1,M09,104-0,D,SF-104,A,202304,16,0,687
E1,M09,104-0,E,SF-104,A,202304,16,0,321
E1,M09,104-0,ALL,SF-104,A,202304,16,6,4580
E1,M09,104-1,A,SF-104,A,202304,16,0,1557
E1,M09,104-1,B,SF-104,A,202304,16,2,1099
E1,M09,104-1,C,SF-104,A,202304,16,1,916
E1,M09,104-1,D,SF-104,A,202304,16,0,687
E1,M09,104-1,E,SF-104,A,202304,16,0,321
E1,M09,104-1,ALL,SF-104,A,202304,16,3,4580
E1,M09,104-0,A,SF-104,A,202305,17,3,1601
E1,M09,104-0,B,SF-104,A,202305,17,3,1130
E1,M09,104-0,C,SF-104,A,202305,17,0,942
E1,M09,104-0,D,SF-104,A,202305,17,1,706
E1,M09,104-0,E,SF-104,A,202305,17,0,330
E1,M09,104-0,ALL,SF-104,A,202305,17,7,4710
E1,M09,104-1,A,SF-104,A,202305,17,1,1601
E1,M09,104-1,B,SF-104,A,202305,17,2,1130
E1,M09,104-1,C,SF-104,A,202305,17,1,942
E1,M09,104-1,D,SF-104,A,202305,17,4,706
E1,M09,104-1,E,SF-104,A,202305,17,0,330
E1,M09,104-1,ALL,SF-104,A,202305,17,8,4710
E1,M09,104-0,A,SF-104,A,202306,18,3,1646
E1,M09,104-0,B,SF-104,A,202306,18,3,1162
E1,M09,104-0,C,SF-104,A,202306,18,1,968
E1,M09,104-0,D,SF-104,A,202306,18,2,726
E1,M09,104-0,E,SF-104,A,202306,18,0,339
E1,M09,104-0,ALL,SF-104,A,202306,18,9,4840
E1,M09,104-1,A,SF-104,A,202306,18,4,1646
E1,M09,104-1,B,SF-104,A,202306,18,0,1162
E1,M09,104-1,C,SF-104,A,202306,18,0,968
E1,M09,104-1,D,SF-104,A,202306,18,3,726
E1,M09,104-1,E,SF-104,A,202306,18,1,339
E1,M09,104-1,ALL,SF-104,A,202306,18,8,4840
E1,M09,104-0,A,SF-104,A,202307,19,2,1690
E1,M09,104-0,B,SF-104,A,202307,19,0,1193
E1,M09,104-0,C,SF-104,A,202307,19,0,994
E1,M09,104-0,D,SF-104,A,202307,19,1,746
E1,M09,104-0,E,SF-104,A,202307,19,0,348
E1,M09,104-0,ALL,SF-104,A,202307,19,3,4970
E1,M09,104-1,A,SF-104,A,202307,19,0,1690
E1,M09,104-1,B,SF-104,A,202307,19,0,1193
E1,M09,104-1,C,SF-104,A,202307,19,3,994
E1,M09,104-1,D,SF-104,A,202307,19,1,746
E1,M09,104-1,E,SF-104,A,202307,19,1,348
E1,M09,104-1,ALL,SF-104,A,202307,19,5,4970
E1,M09,104-0,A,SF-104,A,202308,20,1,1734
E1,M09,104-0,B,SF-104,A,202308,20,3,1224
E1,M09,104-0,C,SF-104,A,202308,20,2,1020
E1,M09,104-0,D,SF-104,A,202308,20,0,765
E1,M09,104-0,E,SF-104,A,202308,20,0,357
E1,M09,104-0,ALL,SF-104,A,202308,20,6,5100
E1,M09,104-1,A,SF-104,A,202308,20,3,1734
E1,M09,104-1,B,SF-104,A,202308,20,2,1224
E1,M09,104-1,C,SF-104,A,202308,20,1,1020
E1,M09,104-1,D,SF-104,A,202308,20,1,765
E1,M09,104-1,E,SF-104,A,202308,20,0,357
E1,M09,104-1,ALL,SF-104,A,202308,20,7,5100
E1,M09,104-0,A,SF-104,A,202309,21,2,1778
E1,M09,104-0,B,SF-104,A,202309,21,1,1255
E1,M09,104-0,C,SF-104,A,202309,21,0,1046
E1,M09,104-0,D,SF-104,A,202309,21,1,784
E1,M09,104-0,E,SF-104,A,202309,21,0,366
E1,M09,104-0,ALL,SF-104,A,202309,21,4,5230
E1,M09,104-1,A,SF-104,A,202309,21,0,1778
E1,M09,104-1,B,SF-104,A,202309,21,2,1255
E1,M09,104-1,C,SF-104,A,202309,21,3,1046
E1,M09,104-1,D,SF-104,A,202309,21,3,784
E1,M09,104-1,E,SF-104,A,202309,21,1,366
E1,M09,104-1,ALL,SF-104,A,202309,21,9,5230
E1,M09,104-0,A,SF-104,A,202310,22,0,1822
E1,M09,104-0,B,SF-104,A,202310,22,3,1286
E1,M09,104-0,C,SF-104,A,202310,22,4,1072
E1,M09,104-0,D,SF-104,A,202310,22,0,804
E1,M09,104-0,E,SF-104,A,202310,22,0,375
E1,M09,104-0,ALL,SF-104,A,202310,22,7,5360
E1,M09,104-1,A,SF-104,A,202310,22,0,1822
E1,M09,104-1,B,SF-104,A,202310,22,0,1286
E1,M09,104-1,C,SF-104,A,202310,22,1,1072
E1,M09,104-1,D,SF-104,A,202310,22,2,804
E1,M09,104-1,E,SF-104,A,202310,22,0,375
E1,M09,104-1,ALL,SF-104,A,202310,22,3,5360
E1,M09,104-0,A,SF-104,A,202311,23,3,1867
E1,M09,104-0,B,SF-104,A,202311,23,0,1318
E1,M09,104-0,C,SF-104,A,202311,23,2,1098
E1,M09,104-0,D,SF-104,A,202311,23,1,824
E1,M09,104-0,E,SF-104,A,202311,23,0,384
E1,M09,104-0,ALL,SF-104,A,202311,23,6,5490
E1,M09,104-1,A,SF-104,A,202311,23,1,1867
E1,M09,104-1,B,SF-104,A,202311,23,1,1318
E1,M09,104-1,C,SF-104,A,202311,23,1,1098
E1,M09,104-1,D,SF-104,A,202311,23,2,824
E1,M09,104-1,E,SF-104,A,202311,23,0,384
E1,M09,104-1,ALL,SF-104,A,202311,23,5,5490
E1,M09,104-0,A,SF-104,A,202312,24,0,1911
E1,M09,104-0,B,SF-104,A,202312,24,2,1349
E1,M09,104-0,C,SF-104,A,202312,24,0,1124
E1,M09,104-0,D,SF-104,A,202312,24,1,843
E1,M09,104-0,E,SF-104,A,202312,24,0,393
E1,M09,104-0,ALL,SF-104,A,202312,24,3,5620
E1,M09,104-1,A,SF-104,A,202312,24,3,1911
E1,M09,104-1,B,SF-104,A,202312,24,1,1349
E1,M09,104-1,C,SF-104,A,202312,24,0,1124
E1,M09,104-1,D,SF-104,A,202312,24,1,843
E1,M09,104-1,E,SF-104,A,202312,24,1,393
E1,M09,104-1,ALL,SF-104,A,202312,24,6,5620
E1,M09,104-0,A,SF-104,A,202401,25,3,1955
E1,M09,104-0,B,SF-104,A,202401,25,1,1380
E1,M09,104-0,C,SF-104,A,202401,25,0,1150
E1,M09,104-0,D,SF-104,A,202401,25,1,862
E1,M09,104-0,E,SF-104,A,202401,25,0,403
E1,M09,104-0,ALL,SF-104,A,202401,25,5,5750
E1,M09,104-1,A,SF-104,A,202401,25,1,1955
E1,M09,104-1,B,SF-104,A,202401,25,1,1380
E1,M09,104-1,C,SF-104,A,202401,25,1,1150
E1,M09,104-1,D,SF-104,A,202401,25,0,862
E1,M09,104-1,E,SF-104,A,202401,25,1,403
E1,M09,104-1,ALL,SF-104,A,202401,25,4,5750
E1,M09,104-0,A,SF-104,A,202402,26,2,1999
E1,M09,104-0,B,SF-104,A,202402,26,1,1411
E1,M09,104-0,C,SF-104,A,202402,26,0,1176
E1,M09,104-0,D,SF-104,A,202402,26,0,882
E1,M09,104-0,E,SF-104,A,202402,26,0,412
E1,M09,104-0,ALL,SF-104,A,202402,26,3,5880
E1,M09,104-1,A,SF-104,A,202402,26,2,1999
E1,M09,104-1,B,SF-104,A,202402,26,2,1411
E1,M09,104-1,C,SF-104,A,202402,26,2,1176
E1,M09,104-1,D,SF-104,A,202402,26,1,882
E1,M09,104-1,E,SF-104,A,202402,26,0,412
E1,M09,104-1,ALL,SF-104,A,202402,26,7,5880
E1,M09,104-0,A,SF-104,A,202403,27,0,2043
E1,M09,104-0,B,SF-104,A,202403,27,1,1442
E1,M09,104-0,C,SF-104,A,202403,27,0,1202
E1,M09,104-0,D,SF-104,A,202403,27,0,902
E1,M09,104-0,E,SF-104,A,202403,27,0,421
E1,M09,104-0,ALL,SF-104,A,202403,27,1,6010
E1,M09,104-1,A,SF-104,A,202403,27,4,2043
E1,M09,104-1,B,SF-104,A,202403,27,4,1442
E1,M09,104-1,C,SF-104,A,202403,27,1,1202
E1,M09,104-1,D,SF-104,A,202403,27,1,902
E1,M09,104-1,E,SF-104,A,202403,27,0,421
E1,M09,104-1,ALL,SF-104,A,202403,27,10,6010
E1,M09,104-0,A,SF-104,A,202404,28,1,2088
E1,M09,104-0,B,SF-104,A,202404,28,1,1474
E1,M09,104-0,C,SF-104,A,202404,28,0,1228
E1,M09,104-0,D,SF-104,A,202404,28,1,921
E1,M09,104-0,E,SF-104,A,202404,28,0,430
E1,M09,104-0,ALL,SF-104,A,202404,28,3,6140
E1,M09,104-1,A,SF-104,A,202404,28,1,2088
E1,M09,104-1,B,SF-104,A,202404,28,1,1474
E1,M09,104-1,C,SF-104,A,202404,28,4,1228
E1,M09,104-1,D,SF-104,A,202404,28,2,921
E1,M09,104-1,E,SF-104,A,202404,28,1,430
E1,M09,104-1,ALL,SF-104,A,202404,28,9,6140
E1,M09,104-0,A,SF-104,A,202405,29,1,2132
E1,M09,104-0,B,SF-104,A,202405,29,1,1505
E1,M09,104-0,C,SF-104,A,202405,29,2,1254
E1,M09,104-0,D,SF-104,A,202405,29,0,940
E1,M09,104-0,E,SF-104,A,202405,29,1,439
E1,M09,104-0,ALL,SF-104,A,202405,29,5,6270
E1,M09,104-1,A,SF-104,A,202405,29,4,2132
E1,M09,104-1,B,SF-104,A,202405,29,3,1505
E1,M09,104-1,C,SF-104,A,202405,29,2,1254
E1,M09,104-1,D,SF-104,A,202405,29,0,940
E1,M09,104-1,E,SF-104,A,202405,29,0,439
E1,M09,104-1,ALL,SF-104,A,202405,29,9,6270
E1,M09,104-0,A,SF-104,A,202406,30,0,2176
E1,M09,104-0,B,SF-104,A,202406,30,3,1536
E1,M09,104-0,C,SF-104,A,202406,30,0,1280
E1,M09,104-0,D,SF-104,A,202406,30,0,960
E1,M09,104-0,E,SF-104,A,202406,30,0,448
E1,M09,104-0,ALL,SF-104,A,202406,30,3,6400
E1,M09,104-1,A,SF-104,A,202406,30,1,2176
E1,M09,104-1,B,SF-104,A,202406,30,2,1536
E1,M09,104-1,C,SF-104,A,202406,30,2,1280
E1,M09,104-1,D,SF-104,A,202406,30,2,960
E1,M09,104-1,E,SF-104,A,202406,30,1,448
E1,M09,104-1,ALL,SF-104,A,202406,30,8,6400
E1,M09,104-0,A,SF-104,A,202407,31,2,2220
E1,M09,104-0,B,SF-104,A,202407,31,1,1567
E1,M09,104-0,C,SF-104,A,202407,31,3,1306
E1,M09,104-0,D,SF-104,A,202407,31,2,980
E1,M09,104-0,E,SF-104,A,202407,31,0,457
E1,M09,104-0,ALL,SF-104,A,202407,31,8,6530
E1,M09,104-1,A,SF-104,A,202407,31,5,2220
E1,M09,104-1,B,SF-104,A,202407,31,0,1567
E1,M09,104-1,C,SF-104,A,202407,31,2,1306
E1,M09,104-1,D,SF-104,A,202407,31,1,980
E1,M09,104-1,E,SF-104,A,202407,31,1,457
E1,M09,104-1,ALL,SF-104,A,202407,31,9,6530
E1,M09,104-0,A,SF-104,A,202408,32,1,2264
E1,M09,104-0,B,SF-104,A,202408,32,0,1598
E1,M09,104-0,C,SF-104,A,202408,32,3,1332
E1,M09,104-0,D,SF-104,A,202408,32,3,999
E1,M09,104-0,E,SF-104,A,202408,32,1,466
E1,M09,104-0,ALL,SF-104,A,202408,32,8,6660
E1,M09,104-1,A,SF-104,A,202408,32,1,2264
E1,M09,104-1,B,SF-104,A,202408,32,0,1598
E1,M09,104-1,C,SF-104,A,202408,32,0,1332
E1,M09,104-1,D,SF-104,A,202408,32,1,999
E1,M09,104-1,E,SF-104,A,202408,32,0,466
E1,M09,104-1,ALL,SF-104,A,202408,32,2,6660
E1,M09,104-0,A,SF-104,A,202409,33,2,2309
E1,M09,104-0,B,SF-104,A,202409,33,1,1630
E1,M09,104-0,C,SF-104,A,202409,33,2,1358
E1,M09,104-0,D,SF-104,A,202409,33,0,1018
E1,M09,104-0,E,SF-104,A,202409,33,0,475
E1,M09,104-0,ALL,SF-104,A,202409,33,5,6790
E1,M09,104-1,A,SF-104,A,202409,33,2,2309
E1,M09,104-1,B,SF-104,A,202409,33,0,1630
E1,M09,104-1,C,SF-104,A,202409,33,2,1358
E1,M09,104-1,D,SF-104,A,202409,33,2,1018
E1,M09,104-1,E,SF-104,A,202409,33,0,475
E1,M09,104-1,ALL,SF-104,A,202409,33,6,6790
E1,M09,104-0,A,SF-104,A,202410,34,5,2353
E1,M09,104-0,B,SF-104,A,202410,34,1,1661
E1,M09,104-0,C,SF-104,A,202410,34,1,1384
E1,M09,104-0,D,SF-104,A,202410,34,0,1038
E1,M09,104-0,E,SF-104,A,202410,34,0,484
E1,M09,104-0,ALL,SF-104,A,202410,34,7,6920
E1,M09,104-1,A,SF-104,A,202410,34,0,2353
E1,M09,104-1,B,SF-104,A,202410,34,0,1661
E1,M09,104-1,C,SF-104,A,202410,34,2,1384
E1,M09,104-1,D,SF-104,A,202410,34,1,1038
E1,M09,104-1,E,SF-104,A,202410,34,0,484
E1,M09,104-1,ALL,SF-104,A,202410,34,3,6920
E1,M09,104-0,A,SF-104,A,202411,35,3,2397
E1,M09,104-0,B,SF-104,A,202411,35,3,1692
E1,M09,104-0,C,SF-104,A,202411,35,0,1410
E1,M09,104-0,D,SF-104,A,202411,35,1,1058
E1,M09,104-0,E,SF-104,A,202411,35,0,494
E1,M09,104-0,ALL,SF-104,A,202411,35,7,7050
E1,M09,104-1,A,SF-104,A,202411,35,4,2397
E1,M09,104-1,B,SF-104,A,202411,35,2,1692
E1,M09,104-1,C,SF-104,A,202411,35,1,1410
E1,M09,104-1,D,SF-104,A,202411,35,1,1058
E1,M09,104-1,E,SF-104,A,202411,35,0,494
E1,M09,104-1,ALL,SF-104,A,202411,35,8,7050
E1,M09,104-0,A,SF-104,A,202412,36,2,2441
E1,M09,104-0,B,SF-104,A,202412,36,2,1723
E1,M09,104-0,C,SF-104,A,202412,36,1,1436
E1,M09,104-0,D,SF-104,A,202412,36,0,1077
E1,M09,104-0,E,SF-104,A,202412,36,0,503
E1,M09,104-0,ALL,SF-104,A,202412,36,5,7180
E1,M09,104-1,A,SF-104,A,202412,36,2,2441
E1,M09,104-1,B,SF-104,A,202412,36,3,1723
E1,M09,104-1,C,SF-104,A,202412,36,3,1436
E1,M09,104-1,D,SF-104,A,202412,36,0,1077
E1,M09,104-1,E,SF-104,A,202412,36,1,503
E1,M09,104-1,ALL,SF-104,A,202412,36,9,7180
E1,M09,105-0,ALL,SF-105,A,202112,0,0,2500
E1,M09,105-0,ALL,SF-105,A,202201,1,0,2630
E1,M09,105-0,A,SF-105,A,202202,2,1,938
E1,M09,105-0,B,SF-105,A,202202,2,0,662
E1,M09,105-0,C,SF-105,A,202202,2,0,552
E1,M09,105-0,D,SF-105,A,202202,2,0,414
E1,M09,105-0,ALL,SF-105,A,202202,2,1,2760
E1,M09,105-0,A,SF-105,A,202203,3,0,983
E1,M09,105-0,B,SF-105,A,202203,3,0,694
E1,M09,105-0,C,SF-105,A,202203,3,0,578
E1,M09,105-0,D,SF-105,A,202203,3,1,434
E1,M09,105-0,ALL,SF-105,A,202203,3,1,2890
E1,M09,105-0,A,SF-105,A,202204,4,0,1027
E1,M09,105-0,B,SF-105,A,202204,4,0,725
E1,M09,105-0,C,SF-105,A,202204,4,0,604
E1,M09,105-0,D,SF-105,A,202204,4,0,453
E1,M09,105-0,ALL,SF-105,A,202204,4,0,3020
E1,M09,105-0,A,SF-105,A,202205,5,0,1071
E1,M09,105-0,B,SF-105,A,202205,5,0,756
E1,M09,105-0,C,SF-105,A,202205,5,0,630
E1,M09,105-0,D,SF-105,A,202205,5,0,472
E1,M09,105-0,ALL,SF-105,A,202205,5,0,3150
E1,M09,105-0,A,SF-105,A,202206,6,1,1115
E1,M09,105-0,B,SF-105,A,202206,6,0,787
E1,M09,105-0,C,SF-105,A,202206,6,0,656
E1,M09,105-0,D,SF-105,A,202206,6,0,492
E1,M09,105-0,ALL,SF-105,A,202206,6,1,3280
E1,M09,105-0,A,SF-105,A,202207,7,1,1159
E1,M09,105-0,B,SF-105,A,202207,7,0,818
E1,M09,105-0,C,SF-105,A,202207,7,1,682
E1,M09,105-0,D,SF-105,A,202207,7,0,512
E1,M09,105-0,ALL,SF-105,A,202207,7,2,3410
E1,M09,105-0,A,SF-105,A,202208,8,0,1204
E1,M09,105-0,B,SF-105,A,202208,8,0,850
E1,M09,105-0,C,SF-105,A,202208,8,0,708
E1,M09,105-0,D,SF-105,A,202208,8,1,531
E1,M09,105-0,E,SF-105,A,202208,8,0,248
E1,M09,105-0,ALL,SF-105,A,202208,8,1,3540
E1,M09,105-0,A,SF-105,A,202209,9,0,1248
E1,M09,105-0,B,SF-105,A,202209,9,0,881
E1,M09,105-0,C,SF-105,A,202209,9,0,734
E1,M09,105-0,D,SF-105,A,202209,9,0,550
E1,M09,105-0,E,SF-105,A,202209,9,0,257
E1,M09,105-0,ALL,SF-105,A,202209,9,0,3670
E1,M09,105-0,A,SF-105,A,202210,10,0,1292
E1,M09,105-0,B,SF-105,A,202210,10,0,912
E1,M09,105-0,C,SF-105,A,202210,10,0,760
E1,M09,105-0,D,SF-105,A,202210,10,1,570
E1,M09,105-0,E,SF-105,A,202210,10,0,266
E1,M09,105-0,ALL,SF-105,A,202210,10,1,3800
E1,M09,105-0,A,SF-105,A,202211,11,0,1336
E1,M09,105-0,B,SF-105,A,202211,11,0,943
E1,M09,105-0,C,SF-105,A,202211,11,0,786
E1,M09,105-0,D,SF-105,A,202211,11,0,590
E1,M09,105-0,E,SF-105,A,202211,11,0,275
E1,M09,105-0,ALL,SF-105,A,202211,11,0,3930
E1,M09,105-0,A,SF-105,A,202212,12,0,1380
E1,M09,105-0,B,SF-105,A,202212,12,0,974
E1,M09,105-0,C,SF-105,A,202212,12,1,812
E1,M09,105-0,D,SF-105,A,202212,12,0,609
E1,M09,105-0,E,SF-105,A,202212,12,0,284
E1,M09,105-0,ALL,SF-105,A,202212,12,1,4060
E1,M09,105-0,A,SF-105,A,202301,13,0,1425
E1,M09,105-0,B,SF-105,A,202301,13,0,1006
E1,M09,105-0,C,SF-105,A,202301,13,0,838
E1,M09,105-0,D,SF-105,A,202301,13,0,628
E1,M09,105-0,E,SF-105,A,202301,13,0,293
E1,M09,105-0,ALL,SF-105,A,202301,13,0,4190
E1,M09,105-0,A,SF-105,A,202302,14,1,1469
E1,M09,105-0,B,SF-105,A,202302,14,0,1037
E1,M09,105-0,C,SF-105,A,202302,14,0,864
E1,M09,105-0,D,SF-105,A,202302,14,1,648
E1,M09,105-0,E,SF-105,A,202302,14,0,302
E1,M09,105-0,ALL,SF-105,A,202302,14,2,4320
E1,M09,105-0,A,SF-105,A,202303,15,1,1513
E1,M09,105-0,B,SF-105,A,202303,15,0,1068
E1,M09,105-0,C,SF-105,A,202303,15,1,890
E1,M09,105-0,D,SF-105,A,202303,15,0,668
E1,M09,105-0,E,SF-105,A,202303,15,0,312
E1,M09,105-0,ALL,SF-105,A,202303,15,2,4450
E1,M09,105-0,A,SF-105,A,202304,16,3,1557
E1,M09,105-0,B,SF-105,A,202304,16,0,1099
E1,M09,105-0,C,SF-105,A,202304,16,0,916
E1,M09,105-0,D,SF-105,A,202304,16,1,687
E1,M09,105-0,E,SF-105,A,202304,16,0,321
E1,M09,105-0,ALL,SF-105,A,202304,16,4,4580
E1,M09,105-0,A,SF-105,A,202305,17,0,1601
E1,M09,105-0,B,SF-105,A,202305,17,0,1130
E1,M09,105-0,C,SF-105,A,202305,17,1,942
E1,M09,105-0,D,SF-105,A,202305,17,0,706
E1,M09,105-0,E,SF-105,A,202305,17,0,330
E1,M09,105-0,ALL,SF-105,A,202305,17,1,4710
E1,M09,105-0,A,SF-105,A,202306,18,3,1646
E1,M09,105-0,B,SF-105,A,202306,18,0,1162
E1,M09,105-0,C,SF-105,A,202306,18,1,968
E1,M09,105-0,D,SF-105,A,202306,18,1,726
E1,M09,105-0,E,SF-105,A,202306,18,0,339
E1,M09,105-0,ALL,SF-105,A,202306,18,5,4840
E1,M09,105-0,A,SF-105,A,202307,19,0,1690
E1,M09,105-0,B,SF-105,A,202307,19,1,1193
E1,M09,105-0,C,SF-105,A,202307,19,0,994
E1,M09,105-0,D,SF-105,A,202307,19,0,746
E1,M09,105-0,E,SF-105,A,202307,19,0,348
E1,M09,105-0,ALL,SF-105,A,202307,19,1,4970
E1,M09,105-0,A,SF-105,A,202308,20,1,1734
E1,M09,105-0,B,SF-105,A,202308,20,0,1224
E1,M09,105-0,C,SF-105,A,202308,20,0,1020
E1,M09,105-0,D,SF-105,A,202308,20,0,765
E1,M09,105-0,E,SF-105,A,202308,20,0,357
E1,M09,105-0,ALL,SF-105,A,202308,20,1,5100
E1,M09,105-0,A,SF-105,A,202309,21,1,1778
E1,M09,105-0,B,SF-105,A,202309,21,0,1255
E1,M09,105-0,C,SF-105,A,202309,21,1,1046
E1,M09,105-0,D,SF-105,A,202309,21,0,784
E1,M09,105-0,E,SF-105,A,202309,21,0,366
E1,M09,105-0,ALL,SF-105,A,202309,21,2,5230
E1,M09,105-0,A,SF-105,A,202310,22,3,1822
E1,M09,105-0,B,SF-105,A,202310,22,0,1286
E1,M09,105-0,C,SF-105,A,202310,22,0,1072
E1,M09,105-0,D,SF-105,A,202310,22,0,804
E1,M09,105-0,E,SF-105,A,202310,22,0,375
E1,M09,105-0,ALL,SF-105,A,202310,22,3,5360
E1,M09,105-0,A,SF-105,A,202311,23,0,1867
E1,M09,105-0,B,SF-105,A,202311,23,0,1318
E1,M09,105-0,C,SF-105,A,202311,23,0,1098
E1,M09,105-0,D,SF-105,A,202311,23,1,824
E1,M09,105-0,E,SF-105,A,202311,23,0,384
E1,M09,105-0,ALL,SF-105,A,202311,23,1,5490
E1,M09,105-0,A,SF-105,A,202312,24,0,1911
E1,M09,105-0,B,SF-105,A,202312,24,0,1349
E1,M09,105-0,C,SF-105,A,202312,24,0,1124
E1,M09,105-0,D,SF-105,A,202312,24,0,843
E1,M09,105-0,E,SF-105,A,202312,24,1,393
E1,M09,105-0,ALL,SF-105,A,202312,24,1,5620
E1,M09,105-0,A,SF-105,A,202401,25,0,1955
E1,M09,105-0,B,SF-105,A,202401,25,0,1380
E1,M09,105-0,C,SF-105,A,202401,25,1,1150
E1,M09,105-0,D,SF-105,A,202401,25,0,862
E1,M09,105-0,E,SF-105,A,202401,25,0,403
E1,M09,105-0,ALL,SF-105,A,202401,25,1,5750
E1,M09,105-0,A,SF-105,A,202402,26,1,1999
E1,M09,105-0,B,SF-105,A,202402,26,1,1411
E1,M09,105-0,C,SF-105,A,202402,26,0,1176
E1,M09,105-0,D,SF-105,A,202402,26,1,882
E1,M09,105-0,E,SF-105,A,202402,26,0,412
E1,M09,105-0,ALL,SF-105,A,202402,26,3,5880
E1,M09,105-0,A,SF-105,A,202403,27,1,2043
E1,M09,105-0,B,SF-105,A,202403,27,1,1442
E1,M09,105-0,C,SF-105,A,202403,27,0,1202
E1,M09,105-0,D,SF-105,A,202403,27,0,902
E1,M09,105-0,E,SF-105,A,202403,27,1,421
E1,M09,105-0,ALL,SF-105,A,202403,27,3,6010
E1,M09,105-0,A,SF-105,A,202404,28,0,2088
E1,M09,105-0,B,SF-105,A,202404,28,0,1474
E1,M09,105-0,C,SF-105,A,202404,28,0,1228
E1,M09,105-0,D,SF-105,A,202404,28,0,921
E1,M09,105-0,E,SF-105,A,202404,28,0,430
E1,M09,105-0,ALL,SF-105,A,202404,28,0,6140
E1,M09,105-0,A,SF-105,A,202405,29,2,2132
E1,M09,105-0,B,SF-105,A,202405,29,0,1505
E1,M09,105-0,C,SF-105,A,202405,29,0,1254
E1,M09,105-0,D,SF-105,A,202405,29,0,940
E1,M09,105-0,E,SF-105,A,202405,29,1,439
E1,M09,105-0,ALL,SF-105,A,202405,29,3,6270
E1,M09,105-0,A,SF-105,A,202406,30,0,2176
E1,M09,105-0,B,SF-105,A,202406,30,0,1536
E1,M09,105-0,C,SF-105,A,202406,30,2,1280
E1,M09,105-0,D,SF-105,A,202406,30,0,960
E1,M09,105-0,E,SF-105,A,202406,30,1,448
E1,M09,105-0,ALL,SF-105,A,202406,30,3,6400
E1,M09,105-0,A,SF-105,A,202407,31,1,2220
E1,M09,105-0,B,SF-105,A,202407,31,1,1567
E1,M09,105-0,C,SF-105,A,202407,31,0,1306
E1,M09,105-0,D,SF-105,A,202407,31,0,980
E1,M09,105-0,E,SF-105,A,202407,31,0,457
E1,M09,105-0,ALL,SF-105,A,202407,31,2,6530
E1,M09,105-0,A,SF-105,A,202408,32,0,2264
E1,M09,105-0,B,SF-105,A,202408,32,0,1598
E1,M09,105-0,C,SF-105,A,202408,32,0,1332
E1,M09,105-0,D,SF-105,A,202408,32,0,999
E1,M09,105-0,E,SF-105,A,202408,32,0,466
E1,M09,105-0,ALL,SF-105,A,202408,32,0,6660
E1,M09,105-0,A,SF-105,A,202409,33,0,2309
E1,M09,105-0,B,SF-105,A,202409,33,0,1630
E1,M09,105-0,C,SF-105,A,202409,33,1,1358
E1,M09,105-0,D,SF-105,A,202409,33,0,1018
E1,M09,105-0,E,SF-105,A,202409,33,0,475
E1,M09,105-0,ALL,SF-105,A,202409,33,1,6790
E1,M09,105-0,A,SF-105,A,202410,34,0,2353
E1,M09,105-0,B,SF-105,A,202410,34,1,1661
E1,M09,105-0,C,SF-105,A,202410,34,0,1384
E1,M09,105-0,D,SF-105,A,202410,34,0,1038
E1,M09,105-0,E,SF-105,A,202410,34,0,484
E1,M09,105-0,ALL,SF-105,A,202410,34,1,6920
E1,M09,105-0,A,SF-105,A,202411,35,0,2397
E1,M09,105-0,B,SF-105,A,202411,35,1,1692
E1,M09,105-0,C,SF-105,A,202411,35,0,1410
E1,M09,105-0,D,SF-105,A,202411,35,1,1058
E1,M09,105-0,E,SF-105,A,202411,35,0,494
E1,M09,105-0,ALL,SF-105,A,202411,35,2,7050
E1,M09,105-0,A,SF-105,A,202412,36,0,2441
E1,M09,105-0,B,SF-105,A,202412,36,0,1723
E1,M09,105-0,C,SF-105,A,202412,36,0,1436
E1,M09,105-0,D,SF-105,A,202412,36,1,1077
E1,M09,105-0,E,SF-105,A,202412,36,0,503
E1,M09,105-0,ALL,SF-105,A,202412,36,1,7180
E1,M10,100-0,A,SF-100,A,202201,0,2,850
E1,M10,100-0,C,SF-100,A,202201,0,2,500
E1,M10,100-0,ALL,SF-100,A,202201,0,4,2500
E1,M10,100-0,A,SF-100,A,202202,1,1,894
E1,M10,100-0,D,SF-100,A,202202,1,1,394
E1,M10,100-0,ALL,SF-100,A,202202,1,2,2630
E1,M10,100-0,A,SF-100,A,202203,2,1,938
E1,M10,100-0,B,SF-100,A,202203,2,3,662
E1,M10,100-0,C,SF-100,A,202203,2,1,552
E1,M10,100-0,D,SF-100,A,202203,2,0,414
E1,M10,100-0,ALL,SF-100,A,202203,2,5,2760
E1,M10,100-0,A,SF-100,A,202204,3,1,983
E1,M10,100-0,B,SF-100,A,202204,3,1,694
E1,M10,100-0,C,SF-100,A,202204,3,0,578
E1,M10,100-0,D,SF-100,A,202204,3,0,434
E1,M10,100-0,ALL,SF-100,A,202204,3,2,2890
E1,M10,100-0,A,SF-100,A,202205,4,2,1027
E1,M10,100-0,B,SF-100,A,202205,4,1,725
E1,M10,100-0,C,SF-100,A,202205,4,0,604
E1,M10,100-0,D,SF-100,A,202205,4,0,453
E1,M10,100-0,ALL,SF-100,A,202205,4,3,3020
E1,M10,100-0,A,SF-100,A,202206,5,3,1071
E1,M10,100-0,B,SF-100,A,202206,5,1,756
E1,M10,100-0,C,SF-100,A,202206,5,1,630
E1,M10,100-0,D,SF-100,A,202206,5,0,472
E1,M10,100-0,ALL,SF-100,A,202206,5,5,3150
E1,M10,100-0,A,SF-100,A,202207,6,5,1115
E1,M10,100-0,B,SF-100,A,202207,6,1,787
E1,M10,100-0,C,SF-100,A,202207,6,0,656
E1,M10,100-0,D,SF-100,A,202207,6,0,492
E1,M10,100-0,ALL,SF-100,A,202207,6,6,3280
E1,M10,100-0,A,SF-100,A,202208,7,1,1159
E1,M10,100-0,B,SF-100,A,202208,7,1,818
E1,M10,100-0,C,SF-100,A,202208,7,1,682
E1,M10,100-0,D,SF-100,A,202208,7,0,512
E1,M10,100-0,ALL,SF-100,A,202208,7,3,3410
E1,M10,100-0,A,SF-100,A,202209,8,0,1204
E1,M10,100-0,B,SF-100,A,202209,8,0,850
E1,M10,100-0,C,SF-100,A,202209,8,0,708
E1,M10,100-0,D,SF-100,A,202209,8,0,531
E1,M10,100-0,E,SF-100,A,202209,8,1,248
E1,M10,100-0,ALL,SF-100,A,202209,8,1,3540
E1,M10,100-0,A,SF-100,A,202210,9,0,1248
E1,M10,100-0,B,SF-100,A,202210,9,2,881
E1,M10,100-0,C,SF-100,A,202210,9,1,734
E1,M10,100-0,D,SF-100,A,202210,9,0,550
E1,M10,100-0,E,SF-100,A,202210,9,0,257
E1,M10,100-0,ALL,SF-100,A,202210,9,3,3670
E1,M10,100-0,A,SF-100,A,202211,10,5,1292
E1,M10,100-0,B,SF-100,A,202211,10,1,912
E1,M10,100-0,C,SF-100,A,202211,10,0,760
E1,M10,100-0,D,SF-100,A,202211,10,3,570
E1,M10,100-0,E,SF-100,A,202211,10,0,266
E1,M10,100-0,ALL,SF-100,A,202211,10,9,3800
E1,M10,100-0,A,SF-100,A,202212,11,4,1336
E1,M10,100-0,B,SF-100,A,202212,11,0,943
E1,M10,100-0,C,SF-100,A,202212,11,0,786
E1,M10,100-0,D,SF-100,A,202212,11,0,590
E1,M10,100-0,E,SF-100,A,202212,11,0,275
E1,M10,100-0,ALL,SF-100,A,202212,11,4,3930
E1,M10,100-0,A,SF-100,A,202301,12,0,1380
E1,M10,100-0,B,SF-100,A,202301,12,0,974
E1,M10,100-0,C,SF-100,A,202301,12,0,812
E1,M10,100-0,D,SF-100,A,202301,12,0,609
E1,M10,100-0,E,SF-100,A,202301,12,0,284
E1,M10,100-0,ALL,SF-100,A,202301,12,0,4060
E1,M10,100-0,A,SF-100,A,202302,13,3,1425
E1,M10,100-0,B,SF-100,A,202302,13,2,1006
E1,M10,100-0,C,SF-100,A,202302,13,1,838
E1,M10,100-0,D,SF-100,A,202302,13,1,628
E1,M10,100-0,E,SF-100,A,202302,13,0,293
E1,M10,100-0,ALL,SF-100,A,202302,13,7,4190
E1,M10,100-0,A,SF-100,A,202303,14,0,1469
E1,M10,100-0,B,SF-100,A,202303,14,3,1037
E1,M10,100-0,C,SF-100,A,202303,14,2,864
E1,M10,100-0,D,SF-100,A,202303,14,2,648
E1,M10,100-0,E,SF-100,A,202303,14,2,302
E1,M10,100-0,ALL,SF-100,A,202303,14,9,4320
E1,M10,100-0,A,SF-100,A,202304,15,2,1513
E1,M10,100-0,B,SF-100,A,202304,15,2,1068
E1,M10,100-0,C,SF-100,A,202304,15,3,890
E1,M10,100-0,D,SF-100,A,202304,15,0,668
E1,M10,100-0,E,SF-100,A,202304,15,0,312
E1,M10,100-0,ALL,SF-100,A,202304,15,7,4450
E1,M10,100-0,A,SF-100,A,202305,16,1,1557
E1,M10,100-0,B,SF-100,A,202305,16,2,1099
E1,M10,100-0,C,SF-100,A,202305,16,1,916
E1,M10,100-0,D,SF-100,A,202305,16,1,687
E1,M10,100-0,E,SF-100,A,202305,16,1,321
E1,M10,100-0,ALL,SF-100,A,202305,16,6,4580
E1,M10,100-0,A,SF-100,A,202306,17,6,1601
E1,M10,100-0,B,SF-100,A,202306,17,3,1130
E1,M10,100-0,C,SF-100,A,202306,17,0,942
E1,M10,100-0,D,SF-100,A,202306,17,0,706
E1,M10,100-0,E,SF-100,A,202306,17,0,330
E1,M10,100-0,ALL,SF-100,A,202306,17,9,4710
E1,M10,100-0,A,SF-100,A,202307,18,1,1646
E1,M10,100-0,B,SF-100,A,202307,18,4,1162
E1,M10,100-0,C,SF-100,A,202307,18,3,968
E1,M10,100-0,D,SF-100,A,202307,18,0,726
E1,M10,100-0,E,SF-100,A,202307,18,0,339
E1,M10,100-0,ALL,SF-100,A,202307,18,8,4840
E1,M10,100-0,A,SF-100,A,202308,19,1,1690
E1,M10,100-0,B,SF-100,A,202308,19,0,1193
E1,M10,100-0,C,SF-100,A,202308,19,1,994
E1,M10,100-0,D,SF-100,A,202308,19,0,746
E1,M10,100-0,E,SF-100,A,202308,19,1,348
E1,M10,100-0,ALL,SF-100,A,202308,19,3,4970
E1,M10,100-0,A,SF-100,A,202309,20,0,1734
E1,M10,100-0,B,SF-100,A,202309,20,2,1224
E1,M10,100-0,C,SF-100,A,202309,20,2,1020
E1,M10,100-0,D,SF-100,A,202309,20,3,765
E1,M10,100-0,E,SF-100,A,202309,20,0,357
E1,M10,100-0,ALL,SF-100,A,202309,20,7,5100
E1,M10,100-0,A,SF-100,A,202310,21,1,1778
E1,M10,100-0,B,SF-100,A,202310,21,2,1255
E1,M10,100-0,C,SF-100,A,202310,21,1,1046
E1,M10,100-0,D,SF-100,A,202310,21,0,784
E1,M10,100-0,E,SF-100,A,202310,21,1,366
E1,M10,100-0,ALL,SF-100,A,202310,21,5,5230
E1,M10,100-0,A,SF-100,A,202311,22,0,1822
E1,M10,100-0,B,SF-100,A,202311,22,2,1286
E1,M10,100-0,C,SF-100,A,202311,22,1,1072
E1,M10,100-0,D,SF-100,A,202311,22,1,804
E1,M10,100-0,E,SF-100,A,202311,22,0,375
E1,M10,100-0,ALL,SF-100,A,202311,22,4,5360
E1,M10,100-0,A,SF-100,A,202312,23,2,1867
E1,M10,100-0,B,SF-100,A,202312,23,1,1318
E1,M10,100-0,C,SF-100,A,202312,23,1,1098
E1,M10,100-0,D,SF-100,A,202312,23,1,824
E1,M10,100-0,E,SF-100,A,202312,23,0,384
E1,M10,100-0,ALL,SF-100,A,202312,23,5,5490
E1,M10,100-0,A,SF-100,A,202401,24,1,1911
E1,M10,100-0,B,SF-100,A,202401,24,2,1349
E1,M10,100-0,C,SF-100,A,202401,24,1,1124
E1,M10,100-0,D,SF-100,A,202401,24,1,843
E1,M10,100-0,E,SF-100,A,202401,24,0,393
E1,M10,100-0,ALL,SF-100,A,202401,24,5,5620
E1,M10,100-0,A,SF-100,A,202402,25,0,1955
E1,M10,100-0,B,SF-100,A,202402,25,1,1380
E1,M10,100-0,C,SF-100,A,202402,25,1,1150
E1,M10,100-0,D,SF-100,A,202402,25,2,862
E1,M10,100-0,E,SF-100,A,202402,25,0,403
E1,M10,100-0,ALL,SF-100,A,202402,25,4,5750
E1,M10,100-0,A,SF-100,A,202403,26,0,1999
E1,M10,100-0,B,SF-100,A,202403,26,3,1411
E1,M10,100-0,C,SF-100,A,202403,26,3,1176
E1,M10,100-0,D,SF-100,A,202403,26,0,882
E1,M10,100-0,E,SF-100,A,202403,26,0,412
E1,M10,100-0,ALL,SF-100,A,202403,26,6,5880
E1,M10,100-0,A,SF-100,A,202404,27,3,2043
E1,M10,100-0,B,SF-100,A,202404,27,1,1442
E1,M10,100-0,C,SF-100,A,202404,27,1,1202
E1,M10,100-0,D,SF-100,A,202404,27,0,902
E1,M10,100-0,E,SF-100,A,202404,27,0,421
E1,M10,100-0,ALL,SF-100,A,202404,27,5,6010
E1,M10,100-0,A,SF-100,A,202405,28,0,2088
E1,M10,100-0,B,SF-100,A,202405,28,0,1474
E1,M10,100-0,C,SF-100,A,202405,28,1,1228
E1,M10,100-0,D,SF-100,A,202405,28,5,921
E1,M10,100-0,E,SF-100,A,202405,28,0,430
E1,M10,100-0,ALL,SF-100,A,202405,28,6,6140
E1,M10,100-0,A,SF-100,A,202406,29,1,2132
E1,M10,100-0,B,SF-100,A,202406,29,3,1505
E1,M10,100-0,C,SF-100,A,202406,29,0,1254
E1,M10,100-0,D,SF-100,A,202406,29,1,940
E1,M10,100-0,E,SF-100,A,202406,29,1,439
E1,M10,100-0,ALL,SF-100,A,202406,29,6,6270
E1,M10,100-0,A,SF-100,A,202407,30,1,2176
E1,M10,100-0,B,SF-100,A,202407,30,3,1536
E1,M10,100-0,C,SF-100,A,202407,30,0,1280
E1,M10,100-0,D,SF-100,A,202407,30,1,960
E1,M10,100-0,E,SF-100,A,202407,30,0,448
E1,M10,100-0,ALL,SF-100,A,202407,30,5,6400
E1,M10,100-0,A,SF-100,A,202408,31,1,2220
E1,M10,100-0,B,SF-100,A,202408,31,2,1567
E1,M10,100-0,C,SF-100,A,202408,31,3,1306
E1,M10,100-0,D,SF-100,A,202408,31,4,980
E1,M10,100-0,E,SF-100,A,202408,31,0,457
E1,M10,100-0,ALL,SF-100,A,202408,31,10,6530
E1,M10,100-0,A,SF-100,A,202409,32,1,2264
E1,M10,100-0,B,SF-100,A,202409,32,2,1598
E1,M10,100-0,C,SF-100,A,202409,32,1,1332
E1,M10,100-0,D,SF-100,A,202409,32,1,999
E1,M10,100-0,E,SF-100,A,202409,32,1,466
E1,M10,100-0,ALL,SF-100,A,202409,32,6,6660
E1,M10,100-0,A,SF-100,A,202410,33,3,2309
E1,M10,100-0,B,SF-100,A,202410,33,1,1630
E1,M10,100-0,C,SF-100,A,202410,33,3,1358
E1,M10,100-0,D,SF-100,A,202410,33,2,1018
E1,M10,100-0,E,SF-100,A,202410,33,1,475
E1,M10,100-0,ALL,SF-100,A,202410,33,10,6790
E1,M10,100-0,A,SF-100,A,202411,34,2,2353
E1,M10,100-0,B,SF-100,A,202411,34,2,1661
E1,M10,100-0,C,SF-100,A,202411,34,4,1384
E1,M10,100-0,D,SF-100,A,202411,34,0,1038
E1,M10,100-0,E,SF-100,A,202411,34,0,484
E1,M10,100-0,ALL,SF-100,A,202411,34,8,6920
E1,M10,100-0,A,SF-100,A,202412,35,8,2397
E1,M10,100-0,B,SF-100,A,202412,35,1,1692
E1,M10,100-0,C,SF-100,A,202412,35,1,1410
E1,M10,100-0,D,SF-100,A,202412,35,1,1058
E1,M10,100-0,E,SF-100,A,202412,35,0,494
E1,M10,100-0,ALL,SF-100,A,202412,35,11,7050
E1,M10,101-0,C,SF-101,A,202201,0,1,500
E1,M10,101-0,ALL,SF-101,A,202201,0,1,2500
E1,M10,101-0,ALL,SF-101,A,202202,1,0,2630
E1,M10,101-0,A,SF-101,A,202203,2,0,938
E1,M10,101-0,B,SF-101,A,202203,2,0,662
E1,M10,101-0,C,SF-101,A,202203,2,1,552
E1,M10,101-0,D,SF-101,A,202203,2,0,414
E1,M10,101-0,ALL,SF-101,A,202203,2,1,2760
E1,M10,101-0,A,SF-101,A,202204,3,1,983
E1,M10,101-0,B,SF-101,A,202204,3,0,694
E1,M10,101-0,C,SF-101,A,202204,3,0,578
E1,M10,101-0,D,SF-101,A,202204,3,1,434
E1,M10,101-0,ALL,SF-101,A,202204,3,2,2890
E1,M10,101-0,A,SF-101,A,202205,4,0,1027
E1,M10,101-0,B,SF-101,A,202205,4,0,725
E1,M10,101-0,C,SF-101,A,202205,4,0,604
E1,M10,101-0,D,SF-101,A,202205,4,0,453
E1,M10,101-0,ALL,SF-101,A,202205,4,0,3020
E1,M10,101-0,A,SF-101,A,202206,5,1,1071
E1,M10,101-0,B,SF-101,A,202206,5,1,756
E1,M10,101-0,C,SF-101,A,202206,5,1,630
E1,M10,101-0,D,SF-101,A,202206,5,0,472
E1,M10,101-0,ALL,SF-101,A,202206,5,3,3150
E1,M10,101-0,A,SF-101,A,202207,6,1,1115
E1,M10,101-0,B,SF-101,A,202207,6,1,787
E1,M10,101-0,C,SF-101,A,202207,6,0,656
E1,M10,101-0,D,SF-101,A,202207,6,0,492
E1,M10,101-0,ALL,SF-101,A,202207,6,2,3280
E1,M10,101-0,A,SF-101,A,202208,7,2,1159
E1,M10,101-0,B,SF-101,A,202208,7,1,818
E1,M10,101-0,C,SF-101,A,202208,7,1,682
E1,M10,101-0,D,SF-101,A,202208,7,0,512
E1,M10,101-0,ALL,SF-101,A,202208,7,4,3410
E1,M10,101-0,A,SF-101,A,202209,8,1,1204
E1,M10,101-0,B,SF-101,A,202209,8,1,850
E1,M10,101-0,C,SF-101,A,202209,8,0,708
E1,M10,101-0,D,SF-101,A,202209,8,0,531
E1,M10,101-0,E,SF-101,A,202209,8,1,248
E1,M10,101-0,ALL,SF-101,A,202209,8,3,3540
E1,M10,101-0,A,SF-101,A,202210,9,2,1248
E1,M10,101-0,B,SF-101,A,202210,9,1,881
E1,M10,101-0,C,SF-101,A,202210,9,0,734
E1,M10,101-0,D,SF-101,A,202210,9,0,550
E1,M10,101-0,E,SF-101,A,202210,9,0,257
E1,M10,101-0,ALL,SF-101,A,202210,9,3,3670
E1,M10,101-0,A,SF-101,A,202211,10,1,1292
E1,M10,101-0,B,SF-101,A,202211,10,1,912
E1,M10,101-0,C,SF-101,A,202211,10,0,760
E1,M10,101-0,D,SF-101,A,202211,10,1,570
E1,M10,101-0,E,SF-101,A,202211,10,0,266
E1,M10,101-0,ALL,SF-101,A,202211,10,3,3800
E1,M10,101-0,A,SF-101,A,202212,11,1,1336
E1,M10,101-0,B,SF-101,A,202212,11,0,943
E1,M10,101-0,C,SF-101,A,202212,11,1,786
E1,M10,101-0,D,SF-101,A,202212,11,0,590
E1,M10,101-0,E,SF-101,A,202212,11,0,275
E1,M10,101-0,ALL,SF-101,A,202212,11,2,3930
E1,M10,101-0,A,SF-101,A,202301,12,1,1380
E1,M10,101-0,B,SF-101,A,202301,12,1,974
E1,M10,101-0,C,SF-101,A,202301,12,0,812
E1,M10,101-0,D,SF-101,A,202301,12,0,609
E1,M10,101-0,E,SF-101,A,202301,12,0,284
E1,M10,101-0,ALL,SF-101,A,202301,12,2,4060
E1,M10,101-0,A,SF-101,A,202302,13,1,1425
E1,M10,101-0,B,SF-101,A,202302,13,1,1006
E1,M10,101-0,C,SF-101,A,202302,13,1,838
E1,M10,101-0,D,SF-101,A,202302,13,1,628
E1,M10,101-0,E,SF-101,A,202302,13,0,293
E1,M10,101-0,ALL,SF-101,A,202302,13,4,4190
E1,M10,101-0,A,SF-101,A,202303,14,0,1469
E1,M10,101-0,B,SF-101,A,202303,14,1,1037
E1,M10,101-0,C,SF-101,A,202303,14,1,864
E1,M10,101-0,D,SF-101,A,202303,14,1,648
E1,M10,101-0,E,SF-101,A,202303,14,0,302
E1,M10,101-0,ALL,SF-101,A,202303,14,3,4320
E1,M10,101-0,A,SF-101,A,202304,15,1,1513
E1,M10,101-0,B,SF-101,A,202304,15,2,1068
E1,M10,101-0,C,SF-101,A,202304,15,0,890
E1,M10,101-0,D,SF-101,A,202304,15,0,668
E1,M10,101-0,E,SF-101,A,202304,15,1,312
E1,M10,101-0,ALL,SF-101,A,202304,15,4,4450
E1,M10,101-0,A,SF-101,A,202305,16,0,1557
E1,M10,101-0,B,SF-101,A,202305,16,1,1099
E1,M10,101-0,C,SF-101,A,202305,16,0,916
E1,M10,101-0,D,SF-101,A,202305,16,0,687
E1,M10,101-0,E,SF-101,A,202305,16,0,321
E1,M10,101-0,ALL,SF-101,A,202305,16,1,4580
E1,M10,101-0,A,SF-101,A,202306,17,1,1601
E1,M10,101-0,B,SF-101,A,202306,17,1,1130
E1,M10,101-0,C,SF-101,A,202306,17,3,942
E1,M10,101-0,D,SF-101,A,202306,17,2,706
E1,M10,101-0,E,SF-101,A,202306,17,0,330
E1,M10,101-0,ALL,SF-101,A,202306,17,7,4710
E1,M10,101-0,A,SF-101,A,202307,18,1,1646
E1,M10,101-0,B,SF-101,A,202307,18,2,1162
E1,M10,101-0,C,SF-101,A,202307,18,0,968
E1,M10,101-0,D,SF-101,A,202307,18,0,726
E1,M10,101-0,E,SF-101,A,202307,18,0,339
E1,M10,101-0,ALL,SF-101,A,202307,18,3,4840
E1,M10,101-0,A,SF-101,A,202308,19,2,1690
E1,M10,101-0,B,SF-101,A,202308,19,1,1193
E1,M10,101-0,C,SF-101,A,202308,19,1,994
E1,M10,101-0,D,SF-101,A,202308,19,0,746
E1,M10,101-0,E,SF-101,A,202308,19,0,348
E1,M10,101-0,ALL,SF-101,A,202308,19,4,4970
E1,M10,101-0,A,SF-101,A,202309,20,1,1734
E1,M10,101-0,B,SF-101,A,202309,20,2,1224
E1,M10,101-0,C,SF-101,A,202309,20,0,1020
E1,M10,101-0,D,SF-101,A,202309,20,0,765
E1,M10,101-0,E,SF-101,A,202309,20,1,357
E1,M10,101-0,ALL,SF-101,A,202309,20,4,5100
E1,M10,101-0,A,SF-101,A,202310,21,4,1778
E1,M10,101-0,B,SF-101,A,202310,21,0,1255
E1,M10,101-0,C,SF-101,A,202310,21,2,1046
E1,M10,101-0,D,SF-101,A,202310,21,0,784
E1,M10,101-0,E,SF-101,A,202310,21,0,366
E1,M10,101-0,ALL,SF-101,A,202310,21,6,5230
E1,M10,101-0,A,SF-101,A,202311,22,0,1822
E1,M10,101-0,B,SF-101,A,202311,22,0,1286
E1,M10,101-0,C,SF-101,A,202311,22,0,1072
E1,M10,101-0,D,SF-101,A,202311,22,1,804
E1,M10,101-0,E,SF-101,A,202311,22,0,375
E1,M10,101-0,ALL,SF-101,A,202311,22,1,5360
E1,M10,101-0,A,SF-101,A,202312,23,2,1867
E1,M10,101-0,B,SF-101,A,202312,23,0,1318
E1,M10,101-0,C,SF-101,A,202312,23,1,1098
E1,M10,101-0,D,SF-101,A,202312,23,0,824
E1,M10,101-0,E,SF-101,A,202312,23,0,384
E1,M10,101-0,ALL,SF-101,A,202312,23,3,5490
E1,M10,101-0,A,SF-101,A,202401,24,1,1911
E1,M10,101-0,B,SF-101,A,202401,24,5,1349
E1,M10,101-0,C,SF-101,A,202401,24,0,1124
E1,M10,101-0,D,SF-101,A,202401,24,0,843
E1,M10,101-0,E,SF-101,A,202401,24,0,393
E1,M10,101-0,ALL,SF-101,A,202401,24,6,5620
E1,M10,101-0,A,SF-101,A,202402,25,1,1955
E1,M10,101-0,B,SF-101,A,202402,25,0,1380
E1,M10,101-0,C,SF-101,A,202402,25,1,1150
E1,M10,101-0,D,SF-101,A,202402,25,0,862
E1,M10,101-0,E,SF-101,A,202402,25,0,403
E1,M10,101-0,ALL,SF-101,A,202402,25,2,5750
E1,M10,101-0,A,SF-101,A,202403,26,4,1999
E1,M10,101-0,B,SF-101,A,202403,26,0,1411
E1,M10,101-0,C,SF-101,A,202403,26,0,1176
E1,M10,101-0,D,SF-101,A,202403,26,1,882
E1,M10,101-0,E,SF-101,A,202403,26,0,412
E1,M10,101-0,ALL,SF-101,A,202403,26,5,5880
E1,M10,101-0,A,SF-101,A,202404,27,4,2043
E1,M10,101-0,B,SF-101,A,202404,27,3,1442
E1,M10,101-0,C,SF-101,A,202404,27,0,1202
E1,M10,101-0,D,SF-101,A,202404,27,0,902
E1,M10,101-0,E,SF-101,A,202404,27,1,421
E1,M10,101-0,ALL,SF-101,A,202404,27,8,6010
E1,M10,101-0,A,SF-101,A,202405,28,4,2088
E1,M10,101-0,B,SF-101,A,202405,28,0,1474
E1,M10,101-0,C,SF-101,A,202405,28,1,1228
E1,M10,101-0,D,SF-101,A,202405,28,0,921
E1,M10,101-0,E,SF-101,A,202405,28,0,430
E1,M10,101-0,ALL,SF-101,A,202405,28,5,6140
E1,M10,101-0,A,SF-101,A,202406,29,1,2132
E1,M10,101-0,B,SF-101,A,202406,29,5,1505
E1,M10,101-0,C,SF-101,A,202406,29,2,1254
E1,M10,101-0,D,SF-101,A,202406,29,1,940
E1,M10,101-0,E,SF-101,A,202406,29,1,439
E1,M10,101-0,ALL,SF-101,A,202406,29,10,6270
E1,M10,101-0,A,SF-101,A,202407,30,4,2176
E1,M10,101-0,B,SF-101,A,202407,30,0,1536
E1,M10,101-0,C,SF-101,A,202407,30,1,1280
E1,M10,101-0,D,SF-101,A,202407,30,1,960
E1,M10,101-0,E,SF-101,A,202407,30,0,448
E1,M10,101-0,ALL,SF-101,A,202407,30,6,6400
E1,M10,101-0,A,SF-101,A,202408,31,3,2220
E1,M10,101-0,B,SF-101,A,202408,31,2,1567
E1,M10,101-0,C,SF-101,A,202408,31,0,1306
E1,M10,101-0,D,SF-101,A,202408,31,0,980
E1,M10,101-0,E,SF-101,A,202408,31,2,457
E1,M10,101-0,ALL,SF-101,A,202408,31,7,6530
E1,M10,101-0,A,SF-101,A,202409,32,0,2264
E1,M10,101-0,B,SF-101,A,202409,32,1,1598
E1,M10,101-0,C,SF-101,A,202409,32,1,1332
E1,M10,101-0,D,SF-101,A,202409,32,2,999
E1,M10,101-0,E,SF-101,A,202409,32,0,466
E1,M10,101-0,ALL,SF-101,A,202409,32,4,6660
E1,M10,101-0,A,SF-101,A,202410,33,1,2309
E1,M10,101-0,B,SF-101,A,202410,33,1,1630
E1,M10,101-0,C,SF-101,A,202410,33,4,1358
E1,M10,101-0,D,SF-101,A,202410,33,1,1018
E1,M10,101-0,E,SF-101,A,202410,33,1,475
E1,M10,101-0,ALL,SF-101,A,202410,33,8,6790
E1,M10,101-0,A,SF-101,A,202411,34,0,2353
E1,M10,101-0,B,SF-101,A,202411,34,3,1661
E1,M10,101-0,C,SF-101,A,202411,34,1,1384
E1,M10,101-0,D,SF-101,A,202411,34,0,1038
E1,M10,101-0,E,SF-101,A,202411,34,1,484
E1,M10,101-0,ALL,SF-101,A,202411,34,5,6920
E1,M10,101-0,A,SF-101,A,202412,35,3,2397
E1,M10,101-0,B,SF-101,A,202412,35,2,1692
E1,M10,101-0,C,SF-101,A,202412,35,0,1410
E1,M10,101-0,D,SF-101,A,202412,35,3,1058
E1,M10,101-0,E,SF-101,A,202412,35,2,494
E1,M10,101-0,ALL,SF-101,A,202412,35,10,7050
E1,M10,102-0,A,SF-102,A,202201,0,1,850
E1,M10,102-0,C,SF-102,A,202201,0,1,500
E1,M10,102-0,ALL,SF-102,A,202201,0,2,2500
E1,M10,102-0,A,SF-102,A,202202,1,3,894
E1,M10,102-0,B,SF-102,A,202202,1,1,631
E1,M10,102-0,D,SF-102,A,202202,1,1,394
E1,M10,102-0,ALL,SF-102,A,202202,1,5,2630
E1,M10,102-0,A,SF-102,A,202203,2,2,938
E1,M10,102-0,B,SF-102,A,202203,2,0,662
E1,M10,102-0,C,SF-102,A,202203,2,1,552
E1,M10,102-0,D,SF-102,A,202203,2,0,414
E1,M10,102-0,ALL,SF-102,A,202203,2,3,2760
E1,M10,102-0,A,SF-102,A,202204,3,1,983
E1,M10,102-0,B,SF-102,A,202204,3,0,694
E1,M10,102-0,C,SF-102,A,202204,3,0,578
E1,M10,102-0,D,SF-102,A,202204,3,0,434
E1,M10,102-0,ALL,SF-102,A,202204,3,1,2890
E1,M10,102-0,A,SF-102,A,202205,4,2,1027
E1,M10,102-0,B,SF-102,A,202205,4,0,725
E1,M10,102-0,C,SF-102,A,202205,4,0,604
E1,M10,102-0,D,SF-102,A,202205,4,1,453
E1,M10,102-0,ALL,SF-102,A,202205,4,3,3020
E1,M10,102-0,A,SF-102,A,202206,5,2,1071
E1,M10,102-0,B,SF-102,A,202206,5,1,756
E1,M10,102-0,C,SF-102,A,202206,5,0,630
E1,M10,102-0,D,SF-102,A,202206,5,0,472
E1,M10,102-0,ALL,SF-102,A,202206,5,3,3150
E1,M10,102-0,A,SF-102,A,202207,6,1,1115
E1,M10,102-0,B,SF-102,A,202207,6,1,787
E1,M10,102-0,C,SF-102,A,202207,6,0,656
E1,M10,102-0,D,SF-102,A,202207,6,0,492
E1,M10,102-0,ALL,SF-102,A,202207,6,2,3280
E1,M10,102-0,A,SF-102,A,202208,7,1,1159
E1,M10,102-0,B,SF-102,A,202208,7,0,818
E1,M10,102-0,C,SF-102,A,202208,7,0,682
E1,M10,102-0,D,SF-102,A,202208,7,2,512
E1,M10,102-0,ALL,SF-102,A,202208,7,3,3410
E1,M10,102-0,A,SF-102,A,202209,8,2,1204
E1,M10,102-0,B,SF-102,A,202209,8,0,850
E1,M10,102-0,C,SF-102,A,202209,8,1,708
E1,M10,102-0,D,SF-102,A,202209,8,1,531
E1,M10,102-0,E,SF-102,A,202209,8,0,248
E1,M10,102-0,ALL,SF-102,A,202209,8,4,3540
E1,M10,102-0,A,SF-102,A,202210,9,0,1248
E1,M10,102-0,B,SF-102,A,202210,9,1,881
E1,M10,102-0,C,SF-102,A,202210,9,0,734
E1,M10,102-0,D,SF-102,A,202210,9,0,550
E1,M10,102-0,E,SF-102,A,202210,9,0,257
E1,M10,102-0,ALL,SF-102,A,202210,9,1,3670
E1,M10,102-0,A,SF-102,A,202211,10,0,1292
E1,M10,102-0,B,SF-102,A,202211,10,0,912
E1,M10,102-0,C,SF-102,A,202211,10,1,760
E1,M10,102-0,D,SF-102,A,202211,10,0,570
E1,M10,102-0,E,SF-102,A,202211,10,0,266
E1,M10,102-0,ALL,SF-102,A,202211,10,1,3800
E1,M10,102-0,A,SF-102,A,202212,11,2,1336
E1,M10,102-0,B,SF-102,A,202212,11,1,943
E1,M10,102-0,C,SF-102,A,202212,11,2,786
E1,M10,102-0,D,SF-102,A,202212,11,0,590
E1,M10,102-0,E,SF-102,A,202212,11,0,275
E1,M10,102-0,ALL,SF-102,A,202212,11,5,3930
E1,M10,102-0,A,SF-102,A,202301,12,3,1380
E1,M10,102-0,B,SF-102,A,202301,12,1,974
E1,M10,102-0,C,SF-102,A,202301,12,3,812
E1,M10,102-0,D,SF-102,A,202301,12,2,609
E1,M10,102-0,E,SF-102,A,202301,12,0,284
E1,M10,102-0,ALL,SF-102,A,202301,12,9,4060
E1,M10,102-0,A,SF-102,A,202302,13,0,1425
E1,M10,102-0,B,SF-102,A,202302,13,1,1006
E1,M10,102-0,C,SF-102,A,202302,13,1,838
E1,M10,102-0,D,SF-102,A,202302,13,0,628
E1,M10,102-0,E,SF-102,A,202302,13,0,293
E1,M10,102-0,ALL,SF-102,A,202302,13,2,4190
E1,M10,102-0,A,SF-102,A,202303,14,0,1469
E1,M10,102-0,B,SF-102,A,202303,14,1,1037
E1,M10,102-0,C,SF-102,A,202303,14,2,864
E1,M10,102-0,D,SF-102,A,202303,14,1,648
E1,M10,102-0,E,SF-102,A,202303,14,0,302
E1,M10,102-0,ALL,SF-102,A,202303,14,4,4320
E1,M10,102-0,A,SF-102,A,202304,15,0,1513
E1,M10,102-0,B,SF-102,A,202304,15,0,1068
E1,M10,102-0,C,SF-102,A,202304,15,1,890
E1,M10,102-0,D,SF-102,A,202304,15,1,668
E1,M10,102-0,E,SF-102,A,202304,15,0,312
E1,M10,102-0,ALL,SF-102,A,202304,15,2,4450
E1,M10,102-0,A,SF-102,A,202305,16,1,1557
E1,M10,102-0,B,SF-102,A,202305,16,1,1099
E1,M10,102-0,C,SF-102,A,202305,16,0,916
E1,M10,102-0,D,SF-102,A,202305,16,2,687
E1,M10,102-0,E,SF-102,A,202305,16,0,321
E1,M10,102-0,ALL,SF-102,A,202305,16,4,4580
E1,M10,102-0,A,SF-102,A,202306,17,2,1601
E1,M10,102-0,B,SF-102,A,202306,17,0,1130
E1,M10,102-0,C,SF-102,A,202306,17,3,942
E1,M10,102-0,D,SF-102,A,202306,17,1,706
E1,M10,102-0,E,SF-102,A,202306,17,0,330
E1,M10,102-0,ALL,SF-102,A,202306,17,6,4710
E1,M10,102-0,A,SF-102,A,202307,18,1,1646
E1,M10,102-0,B,SF-102,A,202307,18,1,1162
E1,M10,102-0,C,SF-102,A,202307,18,1,968
E1,M10,102-0,D,SF-102,A,202307,18,2,726
E1,M10,102-0,E,SF-102,A,202307,18,0,339
E1,M10,102-0,ALL,SF-102,A,202307,18,5,4840
E1,M10,102-0,A,SF-102,A,202308,19,0,1690
E1,M10,102-0,B,SF-102,A,202308,19,1,1193
E1,M10,102-0,C,SF-102,A,202308,19,1,994
E1,M10,102-0,D,SF-102,A,202308,19,1,746
E1,M10,102-0,E,SF-102,A,202308,19,0,348
E1,M10,102-0,ALL,SF-102,A,202308,19,3,4970
E1,M10,102-0,A,SF-102,A,202309,20,2,1734
E1,M10,102-0,B,SF-102,A,202309,20,1,1224
E1,M10,102-0,C,SF-102,A,202309,20,4,1020
E1,M10,102-0,D,SF-102,A,202309,20,0,765
E1,M10,102-0,E,SF-102,A,202309,20,0,357
E1,M10,102-0,ALL,SF-102,A,202309,20,7,5100
E1,M10,102-0,A,SF-102,A,202310,21,2,1778
E1,M10,102-0,B,SF-102,A,202310,21,1,1255
E1,M10,102-0,C,SF-102,A,202310,21,1,1046
E1,M10,102-0,D,SF-102,A,202310,21,0,784
E1,M10,102-0,E,SF-102,A,202310,21,0,366
E1,M10,102-0,ALL,SF-102,A,202310,21,4,5230
E1,M10,102-0,A,SF-102,A,202311,22,0,1822
E1,M10,102-0,B,SF-102,A,202311,22,0,1286
E1,M10,102-0,C,SF-102,A,202311,22,1,1072
E1,M10,102-0,D,SF-102,A,202311,22,0,804
E1,M10,102-0,E,SF-102,A,202311,22,0,375
E1,M10,102-0,ALL,SF-102,A,202311,22,1,5360
E1,M10,102-0,A,SF-102,A,202312,23,3,1867
E1,M10,102-0,B,SF-102,A,202312,23,1,1318
E1,M10,102-0,C,SF-102,A,202312,23,0,1098
E1,M10,102-0,D,SF-102,A,202312,23,1,824
E1,M10,102-0,E,SF-102,A,202312,23,0,384
E1,M10,102-0,ALL,SF-102,A,202312,23,5,5490
E1,M10,102-0,A,SF-102,A,202401,24,5,1911
E1,M10,102-0,B,SF-102,A,202401,24,3,1349
E1,M10,102-0,C,SF-102,A,202401,24,3,1124
E1,M10,102-0,D,SF-102,A,202401,24,0,843
E1,M10,102-0,E,SF-102,A,202401,24,1,393
E1,M10,102-0,ALL,SF-102,A,202401,24,12,5620
E1,M10,102-0,A,SF-102,A,202402,25,1,1955
E1,M10,102-0,B,SF-102,A,202402,25,2,1380
E1,M10,102-0,C,SF-102,A,202402,25,1,1150
E1,M10,102-0,D,SF-102,A,202402,25,2,862
E1,M10,102-0,E,SF-102,A,202402,25,0,403
E1,M10,102-0,ALL,SF-102,A,202402,25,6,5750
E1,M10,102-0,A,SF-102,A,202403,26,3,1999
E1,M10,102-0,B,SF-102,A,202403,26,2,1411
E1,M10,102-0,C,SF-102,A,202403,26,2,1176
E1,M10,102-0,D,SF-102,A,202403,26,2,882
E1,M10,102-0,E,SF-102,A,202403,26,0,412
E1,M10,102-0,ALL,SF-102,A,202403,26,9,5880
E1,M10,102-0,A,SF-102,A,202404,27,1,2043
E1,M10,102-0,B,SF-102,A,202404,27,2,1442
E1,M10,102-0,C,SF-102,A,202404,27,1,1202
E1,M10,102-0,D,SF-102,A,202404,27,2,902
E1,M10,102-0,E,SF-102,A,202404,27,0,421
E1,M10,102-0,ALL,SF-102,A,202404,27,6,6010
E1,M10,102-0,A,SF-102,A,202405,28,0,2088
E1,M10,102-0,B,SF-102,A,202405,28,1,1474
E1,M10,102-0,C,SF-102,A,202405,28,0,1228
E1,M10,102-0,D,SF-102,A,202405,28,0,921
E1,M10,102-0,E,SF-102,A,202405,28,0,430
E1,M10,102-0,ALL,SF-102,A,202405,28,1,6140
E1,M10,102-0,A,SF-102,A,202406,29,2,2132
E1,M10,102-0,B,SF-102,A,202406,29,1,1505
E1,M10,102-0,C,SF-102,A,202406,29,2,1254
E1,M10,102-0,D,SF-102,A,202406,29,1,940
E1,M10,102-0,E,SF-102,A,202406,29,0,439
E1,M10,102-0,ALL,SF-102,A,202406,29,6,6270
E1,M10,102-0,A,SF-102,A,202407,30,2,2176
E1,M10,102-0,B,SF-102,A,202407,30,1,1536
E1,M10,102-0,C,SF-102,A,202407,30,0,1280
E1,M10,102-0,D,SF-102,A,202407,30,2,960
E1,M10,102-0,E,SF-102,A,202407,30,0,448
E1,M10,102-0,ALL,SF-102,A,202407,30,5,6400
E1,M10,102-0,A,SF-102,A,202408,31,2,2220
E1,M10,102-0,B,SF-102,A,202408,31,1,1567
E1,M10,102-0,C,SF-102,A,202408,31,3,1306
E1,M10,102-0,D,SF-102,A,202408,31,2,980
E1,M10,102-0,E,SF-102,A,202408,31,0,457
E1,M10,102-0,ALL,SF-102,A,202408,31,8,6530
E1,M10,102-0,A,SF-102,A,202409,32,1,2264
E1,M10,102-0,B,SF-102,A,202409,32,3,1598
E1,M10,102-0,C,SF-102,A,202409,32,0,1332
E1,M10,102-0,D,SF-102,A,202409,32,2,999
E1,M10,102-0,E,SF-102,A,202409,32,0,466
E1,M10,102-0,ALL,SF-102,A,202409,32,6,6660
E1,M10,102-0,A,SF-102,A,202410,33,2,2309
E1,M10,102-0,B,SF-102,A,202410,33,3,1630
E1,M10,102-0,C,SF-102,A,202410,33,0,1358
E1,M10,102-0,D,SF-102,A,202410,33,1,1018
E1,M10,102-0,E,SF-102,A,202410,33,0,475
E1,M10,102-0,ALL,SF-102,A,202410,33,6,6790
E1,M10,102-0,A,SF-102,A,202411,34,4,2353
E1,M10,102-0,B,SF-102,A,202411,34,2,1661
E1,M10,102-0,C,SF-102,A,202411,34,2,1384
E1,M10,102-0,D,SF-102,A,202411,34,2,1038
E1,M10,102-0,E,SF-102,A,202411,34,1,484
E1,M10,102-0,ALL,SF-102,A,202411,34,11,6920
E1,M10,102-0,A,SF-102,A,202412,35,1,2397
E1,M10,102-0,B,SF-102,A,202412,35,0,1692
E1,M10,102-0,C,SF-102,A,202412,35,1,1410
E1,M10,102-0,D,SF-102,A,202412,35,0,1058
E1,M10,102-0,E,SF-102,A,202412,35,2,494
E1,M10,102-0,ALL,SF-102,A,202412,35,4,7050
E1,M10,103-0,A,SF-103,A,202201,0,1,850
E1,M10,103-0,B,SF-103,A,202201,0,3,600
E1,M10,103-0,C,SF-103,A,202201,0,1,500
E1,M10,103-0,ALL,SF-103,A,202201,0,5,2500
E1,M10,103-1,B,SF-103,A,202201,0,3,600
E1,M10,103-1,ALL,SF-103,A,202201,0,3,2500
E1,M10,103-0,B,SF-103,A,202202,1,1,631
E1,M10,103-0,ALL,SF-103,A,202202,1,1,2630
E1,M10,103-1,C,SF-103,A,202202,1,1,526
E1,M10,103-1,D,SF-103,A,202202,1,1,394
E1,M10,103-1,ALL,SF-103,A,202202,1,2,2630
E1,M10,103-0,A,SF-103,A,202203,2,0,938
E1,M10,103-0,B,SF-103,A,202203,2,0,662
E1,M10,103-0,C,SF-103,A,202203,2,0,552
E1,M10,103-0,D,SF-103,A,202203,2,0,414
E1,M10,103-0,ALL,SF-103,A,202203,2,0,2760
E1,M10,103-1,A,SF-103,A,202203,2,3,938
E1,M10,103-1,B,SF-103,A,202203,2,0,662
E1,M10,103-1,C,SF-103,A,202203,2,0,552
E1,M10,103-1,D,SF-103,A,202203,2,0,414
E1,M10,103-1,ALL,SF-103,A,202203,2,3,2760
E1,M10,103-0,A,SF-103,A,202204,3,1,983
E1,M10,103-0,B,SF-103,A,202204,3,2,694
E1,M10,103-0,C,SF-103,A,202204,3,0,578
E1,M10,103-0,D,SF-103,A,202204,3,0,434
E1,M10,103-0,ALL,SF-103,A,202204,3,3,2890
E1,M10,103-1,A,SF-103,A,202204,3,0,983
E1,M10,103-1,B,SF-103,A,202204,3,1,694
E1,M10,103-1,C,SF-103,A,202204,3,1,578
E1,M10,103-1,D,SF-103,A,202204,3,0,434
E1,M10,103-1,ALL,SF-103,A,202204,3,2,2890
E1,M10,103-0,A,SF-103,A,202205,4,0,1027
E1,M10,103-0,B,SF-103,A,202205,4,0,725
E1,M10,103-0,C,SF-103,A,202205,4,0,604
E1,M10,103-0,D,SF-103,A,202205,4,1,453
E1,M10,103-0,ALL,SF-103,A,202205,4,1,3020
E1,M10,103-1,A,SF-103,A,202205,4,1,1027
E1,M10,103-1,B,SF-103,A,202205,4,0,725
E1,M10,103-1,C,SF-103,A,202205,4,0,604
E1,M10,103-1,D,SF-103,A,202205,4,1,453
E1,M10,103-1,ALL,SF-103,A,202205,4,2,3020
E1,M10,103-0,A,SF-103,A,202206,5,0,1071
E1,M10,103-0,B,SF-103,A,202206,5,0,756
E1,M10,103-0,C,SF-103,A,202206,5,1,630
E1,M10,103-0,D,SF-103,A,202206,5,0,472
E1,M10,103-0,ALL,SF-103,A,202206,5,1,3150
E1,M10,103-1,A,SF-103,A,202206,5,0,1071
E1,M10,103-1,B,SF-103,A,202206,5,0,756
E1,M10,103-1,C,SF-103,A,202206,5,0,630
E1,M10,103-1,D,SF-103,A,202206,5,0,472
E1,M10,103-1,ALL,SF-103,A,202206,5,0,3150
E1,M10,103-0,A,SF-103,A,202207,6,0,1115
E1,M10,103-0,B,SF-103,A,202207,6,1,787
E1,M10,103-0,C,SF-103,A,202207,6,0,656
E1,M10,103-0,D,SF-103,A,202207,6,0,492
E1,M10,103-0,ALL,SF-103,A,202207,6,1,3280
E1,M10,103-1,A,SF-103,A,202207,6,0,1115
E1,M10,103-1,B,SF-103,A,202207,6,1,787
E1,M10,103-1,C,SF-103,A,202207,6,0,656
E1,M10,103-1,D,SF-103,A,202207,6,1,492
E1,M10,103-1,ALL,SF-103,A,202207,6,2,3280
E1,M10,103-0,A,SF-103,A,202208,7,0,1159
E1,M10,103-0,B,SF-103,A,202208,7,1,818
E1,M10,103-0,C,SF-103,A,202208,7,0,682
E1,M10,103-0,D,SF-103,A,202208,7,0,512
E1,M10,103-0,ALL,SF-103,A,202208,7,1,3410
E1,M10,103-1,A,SF-103,A,202208,7,1,1159
E1,M10,103-1,B,SF-103,A,202208,7,0,818
E1,M10,103-1,C,SF-103,A,202208,7,1,682
E1,M10,103-1,D,SF-103,A,202208,7,0,512
E1,M10,103-1,ALL,SF-103,A,202208,7,2,3410
E1,M10,103-0,A,SF-103,A,202209,8,2,1204
E1,M10,103-0,B,SF-103,A,202209,8,0,850
E1,M10,103-0,C,SF-103,A,202209,8,0,708
E1,M10,103-0,D,SF-103,A,202209,8,0,531
E1,M10,103-0,E,SF-103,A,202209,8,0,248
E1,M10,103-0,ALL,SF-103,A,202209,8,2,3540
E1,M10,103-1,A,SF-103,A,202209,8,1,1204
E1,M10,103-1,B,SF-103,A,202209,8,0,850
E1,M10,103-1,C,SF-103,A,202209,8,2,708
E1,M10,103-1,D,SF-103,A,202209,8,0,531
E1,M10,103-1,E,SF-103,A,202209,8,0,248
E1,M10,103-1,ALL,SF-103,A,202209,8,3,3540
E1,M10,103-0,A,SF-103,A,202210,9,0,1248
E1,M10,103-0,B,SF-103,A,202210,9,0,881
E1,M10,103-0,C,SF-103,A,202210,9,0,734
E1,M10,103-0,D,SF-103,A,202210,9,1,550
E1,M10,103-0,E,SF-103,A,202210,9,0,257
E1,M10,103-0,ALL,SF-103,A,202210,9,1,3670
E1,M10,103-1,A,SF-103,A,202210,9,1,1248
E1,M10,103-1,B,SF-103,A,202210,9,1,881
E1,M10,103-1,C,SF-103,A,202210,9,3,734
E1,M10,103-1,D,SF-103,A,202210,9,0,550
E1,M10,103-1,E,SF-103,A,202210,9,0,257
E1,M10,103-1,ALL,SF-103,A,202210,9,5,3670
E1,M10,103-0,A,SF-103,A,202211,10,1,1292
E1,M10,103-0,B,SF-103,A,202211,10,2,912
E1,M10,103-0,C,SF-103,A,202211,10,0,760
E1,M10,103-0,D,SF-103,A,202211,10,0,570
E1,M10,103-0,E,SF-103,A,202211,10,1,266
E1,M10,103-0,ALL,SF-103,A,202211,10,4,3800
E1,M10,103-1,A,SF-103,A,202211,10,1,1292
E1,M10,103-1,B,SF-103,A,202211,10,1,912
E1,M10,103-1,C,SF-103,A,202211,10,0,760
E1,M10,103-1,D,SF-103,A,202211,10,1,570
E1,M10,103-1,E,SF-103,A,202211,10,0,266
E1,M10,103-1,ALL,SF-103,A,202211,10,3,3800
E1,M10,103-0,A,SF-103,A,202212,11,0,1336
E1,M10,103-0,B,SF-103,A,202212,11,0,943
E1,M10,103-0,C,SF-103,A,202212,11,0,786
E1,M10,103-0,D,SF-103,A,202212,11,0,590
E1,M10,103-0,E,SF-103,A,202212,11,0,275
E1,M10,103-0,ALL,SF-103,A,202212,11,0,3930
E1,M10,103-1,A,SF-103,A,202212,11,1,1336
E1,M10,103-1,B,SF-103,A,202212,11,0,943
E1,M10,103-1,C,SF-103,A,202212,11,0,786
E1,M10,103-1,D,SF-103,A,202212,11,0,590
E1,M10,103-1,E,SF-103,A,202212,11,0,275
E1,M10,103-1,ALL,SF-103,A,202212,11,1,3930
E1,M10,103-0,A,SF-103,A,202301,12,1,1380
E1,M10,103-0,B,SF-103,A,202301,12,1,974
E1,M10,103-0,C,SF-103,A,202301,12,0,812
E1,M10,103-0,D,SF-103,A,202301,12,1,609
E1,M10,103-0,E,SF-103,A,202301,12,0,284
E1,M10,103-0,ALL,SF-103,A,202301,12,3,4060
E1,M10,103-1,A,SF-103,A,202301,12,0,1380
E1,M10,103-1,B,SF-103,A,202301,12,1,974
E1,M10,103-1,C,SF-103,A,202301,12,0,812
E1,M10,103-1,D,SF-103,A,202301,12,2,609
E1,M10,103-1,E,SF-103,A,202301,12,1,284
E1,M10,103-1,ALL,SF-103,A,202301,12,4,4060
E1,M10,103-0,A,SF-103,A,202302,13,2,1425
E1,M10,103-0,B,SF-103,A,202302,13,0,1006
E1,M10,103-0,C,SF-103,A,202302,13,0,838
E1,M10,103-0,D,SF-103,A,202302,13,2,628
E1,M10,103-0,E,SF-103,A,202302,13,0,293
E1,M10,103-0,ALL,SF-103,A,202302,13,4,4190
E1,M10,103-1,A,SF-103,A,202302,13,2,1425
E1,M10,103-1,B,SF-103,A,202302,13,0,1006
E1,M10,103-1,C,SF-103,A,202302,13,1,838
E1,M10,103-1,D,SF-103,A,202302,13,3,628
E1,M10,103-1,E,SF-103,A,202302,13,0,293
E1,M10,103-1,ALL,SF-103,A,202302,13,6,4190
E1,M10,103-0,A,SF-103,A,202303,14,1,1469
E1,M10,103-0,B,SF-103,A,202303,14,0,1037
E1,M10,103-0,C,SF-103,A,202303,14,0,864
E1,M10,103-0,D,SF-103,A,202303,14,0,648
E1,M10,103-0,E,SF-103,A,202303,14,0,302
E1,M10,103-0,ALL,SF-103,A,202303,14,1,4320
E1,M10,103-1,A,SF-103,A,202303,14,1,1469
E1,M10,103-1,B,SF-103,A,202303,14,2,1037
E1,M10,103-1,C,SF-103,A,202303,14,0,864
E1,M10,103-1,D,SF-103,A,202303,14,2,648
E1,M10,103-1,E,SF-103,A,202303,14,0,302
E1,M10,103-1,ALL,SF-103,A,202303,14,5,4320
E1,M10,103-0,A,SF-103,A,202304,15,1,1513
E1,M10,103-0,B,SF-103,A,202304,15,2,1068
E1,M10,103-0,C,SF-103,A,202304,15,0,890
E1,M10,103-0,D,SF-103,A,202304,15,2,668
E1,M10,103-0,E,SF-103,A,202304,15,1,312
E1,M10,103-0,ALL,SF-103,A,202304,15,6,4450
E1,M10,103-1,A,SF-103,A,202304,15,2,1513
E1,M10,103-1,B,SF-103,A,202304,15,1,1068
E1,M10,103-1,C,SF-103,A,202304,15,0,890
E1,M10,103-1,D,SF-103,A,202304,15,1,668
E1,M10,103-1,E,SF-103,A,202304,15,0,312
E1,M10,103-1,ALL,SF-103,A,202304,15,4,4450
E1,M10,103-0,A,SF-103,A,202305,16,0,1557
E1,M10,103-0,B,SF-103,A,202305,16,0,1099
E1,M10,103-0,C,SF-103,A,202305,16,0,916
E1,M10,103-0,D,SF-103,A,202305,16,0,687
E1,M10,103-0,E,SF-103,A,202305,16,0,321
E1,M10,103-0,ALL,SF-103,A,202305,16,0,4580
E1,M10,103-1,A,SF-103,A,202305,16,2,1557
E1,M10,103-1,B,SF-103,A,202305,16,0,1099
E1,M10,103-1,C,SF-103,A,202305,16,2,916
E1,M10,103-1,D,SF-103,A,202305,16,0,687
E1,M10,103-1,E,SF-103,A,202305,16,0,321
E1,M10,103-1,ALL,SF-103,A,202305,16,4,4580
E1,M10,103-0,A,SF-103,A,202306,17,0,1601
E1,M10,103-0,B,SF-103,A,202306,17,2,1130
E1,M10,103-0,C,SF-103,A,202306,17,2,942
E1,M10,103-0,D,SF-103,A,202306,17,0,706
E1,M10,103-0,E,SF-103,A,202306,17,0,330
E1,M10,103-0,ALL,SF-103,A,202306,17,4,4710
E1,M10,103-1,A,SF-103,A,202306,17,2,1601
E1,M10,103-1,B,SF-103,A,202306,17,0,1130
E1,M10,103-1,C,SF-103,A,202306,17,1,942
E1,M10,103-1,D,SF-103,A,202306,17,2,706
E1,M10,103-1,E,SF-103,A,202306,17,0,330
E1,M10,103-1,ALL,SF-103,A,202306,17,5,4710
E1,M10,103-0,A,SF-103,A,202307,18,1,1646
E1,M10,103-0,B,SF-103,A,202307,18,2,1162
E1,M10,103-0,C,SF-103,A,202307,18,0,968
E1,M10,103-0,D,SF-103,A,202307,18,0,726
E1,M10,103-0,E,SF-103,A,202307,18,0,339
E1,M10,103-0,ALL,SF-103,A,202307,18,3,4840
E1,M10,103-1,A,SF-103,A,202307,18,2,1646
E1,M10,103-1,B,SF-103,A,202307,18,1,1162
E1,M10,103-1,C,SF-103,A,202307,18,0,968
E1,M10,103-1,D,SF-103,A,202307,18,0,726
E1,M10,103-1,E,SF-103,A,202307,18,0,339
E1,M10,103-1,ALL,SF-103,A,202307,18,3,4840
E1,M10,103-0,A,SF-103,A,202308,19,1,1690
E1,M10,103-0,B,SF-103,A,202308,19,0,1193
E1,M10,103-0,C,SF-103,A,202308,19,0,994
E1,M10,103-0,D,SF-103,A,202308,19,0,746
E1,M10,103-0,E,SF-103,A,202308,19,0,348
E1,M10,103-0,ALL,SF-103,A,202308,19,1,4970
E1,M10,103-1,A,SF-103,A,202308,19,1,1690
E1,M10,103-1,B,SF-103,A,202308,19,1,1193
E1,M10,103-1,C,SF-103,A,202308,19,1,994
E1,M10,103-1,D,SF-103,A,202308,19,1,746
E1,M10,103-1,E,SF-103,A,202308,19,0,348
E1,M10,103-1,ALL,SF-103,A,202308,19,4,4970
E1,M10,103-0,A,SF-103,A,202309,20,1,1734
E1,M10,103-0,B,SF-103,A,202309,20,1,1224
E1,M10,103-0,C,SF-103,A,202309,20,1,1020
E1,M10,103-0,D,SF-103,A,202309,20,0,765
E1,M10,103-0,E,SF-103,A,202309,20,0,357
E1,M10,103-0,ALL,SF-103,A,202309,20,3,5100
E1,M10,103-1,A,SF-103,A,202309,20,1,1734
E1,M10,103-1,B,SF-103,A,202309,20,1,1224
E1,M10,103-1,C,SF-103,A,202309,20,0,1020
E1,M10,103-1,D,SF-103,A,202309,20,1,765
E1,M10,103-1,E,SF-103,A,202309,20,0,357
E1,M10,103-1,ALL,SF-103,A,202309,20,3,5100
E1,M10,103-0,A,SF-103,A,202310,21,1,1778
E1,M10,103-0,B,SF-103,A,202310,21,0,1255
E1,M10,103-0,C,SF-103,A,202310,21,0,1046
E1,M10,103-0,D,SF-103,A,202310,21,0,784
E1,M10,103-0,E,SF-103,A,202310,21,0,366
E1,M10,103-0,ALL,SF-103,A,202310,21,1,5230
E1,M10,103-1,A,SF-103,A,202310,21,0,1778
E1,M10,103-1,B,SF-103,A,202310,21,2,1255
E1,M10,103-1,C,SF-103,A,202310,21,4,1046
E1,M10,103-1,D,SF-103,A,202310,21,1,784
E1,M10,103-1,E,SF-103,A,202310,21,0,366
E1,M10,103-1,ALL,SF-103,A,202310,21,7,5230
E1,M10,103-0,A,SF-103,A,202311,22,0,1822
E1,M10,103-0,B,SF-103,A,202311,22,0,1286
E1,M10,103-0,C,SF-103,A,202311,22,0,1072
E1,M10,103-0,D,SF-103,A,202311,22,0,804
E1,M10,103-0,E,SF-103,A,202311,22,0,375
E1,M10,103-0,ALL,SF-103,A,202311,22,0,5360
E1,M10,103-1,A,SF-103,A,202311,22,1,1822
E1,M10,103-1,B,SF-103,A,202311,22,1,1286
E1,M10,103-1,C,SF-103,A,202311,22,1,1072
E1,M10,103-1,D,SF-103,A,202311,22,1,804
E1,M10,103-1,E,SF-103,A,202311,22,0,375
E1,M10,103-1,ALL,SF-103,A,202311,22,4,5360
E1,M10,103-0,A,SF-103,A,202312,23,2,1867
E1,M10,103-0,B,SF-103,A,202312,23,0,1318
E1,M10,103-0,C,SF-103,A,202312,23,1,1098
E1,M10,103-0,D,SF-103,A,202312,23,1,824
E1,M10,103-0,E,SF-103,A,202312,23,0,384
E1,M10,103-0,ALL,SF-103,A,202312,23,4,5490
E1,M10,103-1,A,SF-103,A,202312,23,0,1867
E1,M10,103-1,B,SF-103,A,202312,23,1,1318
E1,M10,103-1,C,SF-103,A,202312,23,0,1098
E1,M10,103-1,D,SF-103,A,202312,23,0,824
E1,M10,103-1,E,SF-103,A,202312,23,0,384
E1,M10,103-1,ALL,SF-103,A,202312,23,1,5490
E1,M10,103-0,A,SF-103,A,202401,24,1,1911
E1,M10,103-0,B,SF-103,A,202401,24,1,1349
E1,M10,103-0,C,SF-103,A,202401,24,1,1124
E1,M10,103-0,D,SF-103,A,202401,24,1,843
E1,M10,103-0,E,SF-103,A,202401,24,0,393
E1,M10,103-0,ALL,SF-103,A,202401,24,4,5620
E1,M10,103-1,A,SF-103,A,202401,24,0,1911
E1,M10,103-1,B,SF-103,A,202401,24,1,1349
E1,M10,103-1,C,SF-103,A,202401,24,0,1124
E1,M10,103-1,D,SF-103,A,202401,24,2,843
E1,M10,103-1,E,SF-103,A,202401,24,0,393
E1,M10,103-1,ALL,SF-103,A,202401,24,3,5620
E1,M10,103-0,A,SF-103,A,202402,25,1,1955
E1,M10,103-0,B,SF-103,A,202402,25,0,1380
E1,M10,103-0,C,SF-103,A,202402,25,2,1150
E1,M10,103-0,D,SF-103,A,202402,25,1,862
E1,M10,103-0,E,SF-103,A,202402,25,1,403
E1,M10,103-0,ALL,SF-103,A,202402,25,5,5750
E1,M10,103-1,A,SF-103,A,202402,25,2,1955
E1,M10,103-1,B,SF-103,A,202402,25,1,1380
E1,M10,103-1,C,SF-103,A,202402,25,1,1150
E1,M10,103-1,D,SF-103,A,202402,25,1,862
E1,M10,103-1,E,SF-103,A,202402,25,0,403
E1,M10,103-1,ALL,SF-103,A,202402,25,5,5750
E1,M10,103-0,A,SF-103,A,202403,26,1,1999
E1,M10,103-0,B,SF-103,A,202403,26,2,1411
E1,M10,103-0,C,SF-103,A,202403,26,0,1176
E1,M10,103-0,D,SF-103,A,202403,26,0,882
E1,M10,103-0,E,SF-103,A,202403,26,0,412
E1,M10,103-0,ALL,SF-103,A,202403,26,3,5880
E1,M10,103-1,A,SF-103,A,202403,26,2,1999
E1,M10,103-1,B,SF-103,A,202403,26,0,1411
E1,M10,103-1,C,SF-103,A,202403,26,0,1176
E1,M10,103-1,D,SF-103,A,202403,26,0,882
E1,M10,103-1,E,SF-103,A,202403,26,0,412
E1,M10,103-1,ALL,SF-103,A,202403,26,2,5880
E1,M10,103-0,A,SF-103,A,202404,27,1,2043
E1,M10,103-0,B,SF-103,A,202404,27,0,1442
E1,M10,103-0,C,SF-103,A,202404,27,2,1202
E1,M10,103-0,D,SF-103,A,202404,27,1,902
E1,M10,103-0,E,SF-103,A,202404,27,0,421
E1,M10,103-0,ALL,SF-103,A,202404,27,4,6010
E1,M10,103-1,A,SF-103,A,202404,27,1,2043
E1,M10,103-1,B,SF-103,A,202404,27,0,1442
E1,M10,103-1,C,SF-103,A,202404,27,0,1202
E1,M10,103-1,D,SF-103,A,202404,27,2,902
E1,M10,103-1,E,SF-103,A,202404,27,0,421
E1,M10,103-1,ALL,SF-103,A,202404,27,3,6010
E1,M10,103-0,A,SF-103,A,202405,28,1,2088
E1,M10,103-0,B,SF-103,A,202405,28,2,1474
E1,M10,103-0,C,SF-103,A,202405,28,1,1228
E1,M10,103-0,D,SF-103,A,202405,28,1,921
E1,M10,103-0,E,SF-103,A,202405,28,0,430
E1,M10,103-0,ALL,SF-103,A,202405,28,5,6140
E1,M10,103-1,A,SF-103,A,202405,28,0,2088
E1,M10,103-1,B,SF-103,A,202405,28,0,1474
E1,M10,103-1,C,SF-103,A,202405,28,1,1228
E1,M10,103-1,D,SF-103,A,202405,28,2,921
E1,M10,103-1,E,SF-103,A,202405,28,0,430
E1,M10,103-1,ALL,SF-103,A,202405,28,3,6140
E1,M10,103-0,A,SF-103,A,202406,29,2,2132
E1,M10,103-0,B,SF-103,A,202406,29,1,1505
E1,M10,103-0,C,SF-103,A,202406,29,0,1254
E1,M10,103-0,D,SF-103,A,202406,29,0,940
E1,M10,103-0,E,SF-103,A,202406,29,0,439
E1,M10,103-0,ALL,SF-103,A,202406,29,3,6270
E1,M10,103-1,A,SF-103,A,202406,29,1,2132
E1,M10,103-1,B,SF-103,A,202406,29,1,1505
E1,M10,103-1,C,SF-103,A,202406,29,1,1254
E1,M10,103-1,D,SF-103,A,202406,29,0,940
E1,M10,103-1,E,SF-103,A,202406,29,0,439
E1,M10,103-1,ALL,SF-103,A,202406,29,3,6270
E1,M10,103-0,A,SF-103,A,202407,30,2,2176
E1,M10,103-0,B,SF-103,A,202407,30,2,1536
E1,M10,103-0,C,SF-103,A,202407,30,1,1280
E1,M10,103-0,D,SF-103,A,202407,30,0,960
E1,M10,103-0,E,SF-103,A,202407,30,0,448
E1,M10,103-0,ALL,SF-103,A,202407,30,5,6400
E1,M10,103-1,A,SF-103,A,202407,30,3,2176
E1,M10,103-1,B,SF-103,A,202407,30,2,1536
E1,M10,103-1,C,SF-103,A,202407,30,1,1280
E1,M10,103-1,D,SF-103,A,202407,30,0,960
E1,M10,103-1,E,SF-103,A,202407,30,3,448
E1,M10,103-1,ALL,SF-103,A,202407,30,9,6400
E1,M10,103-0,A,SF-103,A,202408,31,0,2220
E1,M10,103-0,B,SF-103,A,202408,31,0,1567
E1,M10,103-0,C,SF-103,A,202408,31,0,1306
E1,M10,103-0,D,SF-103,A,202408,31,0,980
E1,M10,103-0,E,SF-103,A,202408,31,0,457
E1,M10,103-0,ALL,SF-103,A,202408,31,0,6530
E1,M10,103-1,A,SF-103,A,202408,31,1,2220
E1,M10,103-1,B,SF-103,A,202408,31,1,1567
E1,M10,103-1,C,SF-103,A,202408,31,2,1306
E1,M10,103-1,D,SF-103,A,202408,31,0,980
E1,M10,103-1,E,SF-103,A,202408,31,1,457
E1,M10,103-1,ALL,SF-103,A,202408,31,5,6530
E1,M10,103-0,A,SF-103,A,202409,32,1,2264
E1,M10,103-0,B,SF-103,A,202409,32,0,1598
E1,M10,103-0,C,SF-103,A,202409,32,0,1332
E1,M10,103-0,D,SF-103,A,202409,32,3,999
E1,M10,103-0,E,SF-103,A,202409,32,0,466
E1,M10,103-0,ALL,SF-103,A,202409,32,4,6660
E1,M10,103-1,A,SF-103,A,202409,32,2,2264
E1,M10,103-1,B,SF-103,A,202409,32,0,1598
E1,M10,103-1,C,SF-103,A,202409,32,2,1332
E1,M10,103-1,D,SF-103,A,202409,32,0,999
E1,M10,103-1,E,SF-103,A,202409,32,0,466
E1,M10,103-1,ALL,SF-103,A,202409,32,4,6660
E1,M10,103-0,A,SF-103,A,202410,33,1,2309
E1,M10,103-0,B,SF-103,A,202410,33,1,1630
E1,M10,103-0,C,SF-103,A,202410,33,0,1358
E1,M10,103-0,D,SF-103,A,202410,33,1,1018
E1,M10,103-0,E,SF-103,A,202410,33,0,475
E1,M10,103-0,ALL,SF-103,A,202410,33,3,6790
E1,M10,103-1,A,SF-103,A,202410,33,1,2309
E1,M10,103-1,B,SF-103,A,202410,33,1,1630
E1,M10,103-1,C,SF-103,A,202410,33,1,1358
E1,M10,103-1,D,SF-103,A,202410,33,0,1018
E1,M10,103-1,E,SF-103,A,202410,33,1,475
E1,M10,103-1,ALL,SF-103,A,202410,33,4,6790
E1,M10,103-0,A,SF-103,A,202411,34,2,2353
E1,M10,103-0,B,SF-103,A,202411,34,1,1661
E1,M10,103-0,C,SF-103,A,202411,34,0,1384
E1,M10,103-0,D,SF-103,A,202411,34,0,1038
E1,M10,103-0,E,SF-103,A,202411,34,0,484
E1,M10,103-0,ALL,SF-103,A,202411,34,3,6920
E1,M10,103-1,A,SF-103,A,202411,34,0,2353
E1,M10,103-1,B,SF-103,A,202411,34,2,1661
E1,M10,103-1,C,SF-103,A,202411,34,0,1384
E1,M10,103-1,D,SF-103,A,202411,34,3,1038
E1,M10,103-1,E,SF-103,A,202411,34,0,484
E1,M10,103-1,ALL,SF-103,A,202411,34,5,6920
E1,M10,103-0,A,SF-103,A,202412,35,1,2397
E1,M10,103-0,B,SF-103,A,202412,35,0,1692
E1,M10,103-0,C,SF-103,A,202412,35,1,1410
E1,M10,103-0,D,SF-103,A,202412,35,1,1058
E1,M10,103-0,E,SF-103,A,202412,35,1,494
E1,M10,103-0,ALL,SF-103,A,202412,35,4,7050
E1,M10,103-1,A,SF-103,A,202412,35,1,2397
E1,M10,103-1,B,SF-103,A,202412,35,0,1692
E1,M10,103-1,C,SF-103,A,202412,35,0,1410
E1,M10,103-1,D,SF-103,A,202412,35,0,1058
E1,M10,103-1,E,SF-103,A,202412,35,0,494
E1,M10,103-1,ALL,SF-103,A,202412,35,1,7050
E1,M10,104-0,A,SF-104,A,202201,0,3,850
E1,M10,104-0,B,SF-104,A,202201,0,1,600
E1,M10,104-0,C,SF-104,A,202201,0,1,500
E1,M10,104-0,ALL,SF-104,A,202201,0,5,2500
E1,M10,104-0,B,SF-104,A,202202,1,1,631
E1,M10,104-0,C,SF-104,A,202202,1,1,526
E1,M10,104-0,ALL,SF-104,A,202202,1,2,2630
E1,M10,104-0,A,SF-104,A,202203,2,1,938
E1,M10,104-0,B,SF-104,A,202203,2,1,662
E1,M10,104-0,C,SF-104,A,202203,2,0,552
E1,M10,104-0,D,SF-104,A,202203,2,0,414
E1,M10,104-0,ALL,SF-104,A,202203,2,2,2760
E1,M10,104-0,A,SF-104,A,202204,3,1,983
E1,M10,104-0,B,SF-104,A,202204,3,0,694
E1,M10,104-0,C,SF-104,A,202204,3,0,578
E1,M10,104-0,D,SF-104,A,202204,3,0,434
E1,M10,104-0,ALL,SF-104,A,202204,3,1,2890
E1,M10,104-0,A,SF-104,A,202205,4,1,1027
E1,M10,104-0,B,SF-104,A,202205,4,0,725
E1,M10,104-0,C,SF-104,A,202205,4,0,604
E1,M10,104-0,D,SF-104,A,202205,4,3,453
E1,M10,104-0,ALL,SF-104,A,202205,4,4,3020
E1,M10,104-0,A,SF-104,A,202206,5,0,1071
E1,M10,104-0,B,SF-104,A,202206,5,0,756
E1,M10,104-0,C,SF-104,A,202206,5,0,630
E1,M10,104-0,D,SF-104,A,202206,5,1,472
E1,M10,104-0,ALL,SF-104,A,202206,5,1,3150
E1,M10,104-0,A,SF-104,A,202207,6,2,1115
E1,M10,104-0,B,SF-104,A,202207,6,0,787
E1,M10,104-0,C,SF-104,A,202207,6,0,656
E1,M10,104-0,D,SF-104,A,202207,6,0,492
E1,M10,104-0,ALL,SF-104,A,202207,6,2,3280
E1,M10,104-0,A,SF-104,A,202208,7,0,1159
E1,M10,104-0,B,SF-104,A,202208,7,1,818
E1,M10,104-0,C,SF-104,A,202208,7,1,682
E1,M10,104-0,D,SF-104,A,202208,7,0,512
E1,M10,104-0,ALL,SF-104,A,202208,7,2,3410
E1,M10,104-0,A,SF-104,A,202209,8,0,1204
E1,M10,104-0,B,SF-104,A,202209,8,0,850
E1,M10,104-0,C,SF-104,A,202209,8,2,708
E1,M10,104-0,D,SF-104,A,202209,8,1,531
E1,M10,104-0,E,SF-104,A,202209,8,0,248
E1,M10,104-0,ALL,SF-104,A,202209,8,3,3540
E1,M10,104-0,A,SF-104,A,202210,9,1,1248
E1,M10,104-0,B,SF-104,A,202210,9,0,881
E1,M10,104-0,C,SF-104,A,202210,9,0,734
E1,M10,104-0,D,SF-104,A,202210,9,0,550
E1,M10,104-0,E,SF-104,A,202210,9,1,257
E1,M10,104-0,ALL,SF-104,A,202210,9,2,3670
E1,M10,104-0,A,SF-104,A,202211,10,1,1292
E1,M10,104-0,B,SF-104,A,202211,10,0,912
E1,M10,104-0,C,SF-104,A,202211,10,0,760
E1,M10,104-0,D,SF-104,A,202211,10,0,570
E1,M10,104-0,E,SF-104,A,202211,10,0,266
E1,M10,104-0,ALL,SF-104,A,202211,10,1,3800
E1,M10,104-0,A,SF-104,A,202212,11,2,1336
E1,M10,104-0,B,SF-104,A,202212,11,1,943
E1,M10,104-0,C,SF-104,A,202212,11,0,786
E1,M10,104-0,D,SF-104,A,202212,11,0,590
E1,M10,104-0,E,SF-104,A,202212,11,0,275
E1,M10,104-0,ALL,SF-104,A,202212,11,3,3930
E1,M10,104-0,A,SF-104,A,202301,12,0,1380
E1,M10,104-0,B,SF-104,A,202301,12,0,974
E1,M10,104-0,C,SF-104,A,202301,12,2,812
E1,M10,104-0,D,SF-104,A,202301,12,0,609
E1,M10,104-0,E,SF-104,A,202301,12,0,284
E1,M10,104-0,ALL,SF-104,A,202301,12,2,4060
E1,M10,104-0,A,SF-104,A,202302,13,0,1425
E1,M10,104-0,B,SF-104,A,202302,13,2,1006
E1,M10,104-0,C,SF-104,A,202302,13,1,838
E1,M10,104-0,D,SF-104,A,202302,13,0,628
E1,M10,104-0,E,SF-104,A,202302,13,0,293
E1,M10,104-0,ALL,SF-104,A,202302,13,3,4190
E1,M10,104-0,A,SF-104,A,202303,14,1,1469
E1,M10,104-0,B,SF-104,A,202303,14,1,1037
E1,M10,104-0,C,SF-104,A,202303,14,1,864
E1,M10,104-0,D,SF-104,A,202303,14,0,648
E1,M10,104-0,E,SF-104,A,202303,14,0,302
E1,M10,104-0,ALL,SF-104,A,202303,14,3,4320
E1,M10,104-0,A,SF-104,A,202304,15,1,1513
E1,M10,104-0,B,SF-104,A,202304,15,2,1068
E1,M10,104-0,C,SF-104,A,202304,15,1,890
E1,M10,104-0,D,SF-104,A,202304,15,2,668
E1,M10,104-0,E,SF-104,A,202304,15,1,312
E1,M10,104-0,ALL,SF-104,A,202304,15,7,4450
E1,M10,104-0,A,SF-104,A,202305,16,2,1557
E1,M10,104-0,B,SF-104,A,202305,16,1,1099
E1,M10,104-0,C,SF-104,A,202305,16,2,916
E1,M10,104-0,D,SF-104,A,202305,16,1,687
E1,M10,104-0,E,SF-104,A,202305,16,1,321
E1,M10,104-0,ALL,SF-104,A,202305,16,7,4580
E1,M10,104-0,A,SF-104,A,202306,17,2,1601
E1,M10,104-0,B,SF-104,A,202306,17,1,1130
E1,M10,104-0,C,SF-104,A,202306,17,0,942
E1,M10,104-0,D,SF-104,A,202306,17,1,706
E1,M10,104-0,E,SF-104,A,202306,17,0,330
E1,M10,104-0,ALL,SF-104,A,202306,17,4,4710
E1,M10,104-0,A,SF-104,A,202307,18,2,1646
E1,M10,104-0,B,SF-104,A,202307,18,1,1162
E1,M10,104-0,C,SF-104,A,202307,18,1,968
E1,M10,104-0,D,SF-104,A,202307,18,0,726
E1,M10,104-0,E,SF-104,A,202307,18,1,339
E1,M10,104-0,ALL,SF-104,A,202307,18,5,4840
E1,M10,104-0,A,SF-104,A,202308,19,2,1690
E1,M10,104-0,B,SF-104,A,202308,19,3,1193
E1,M10,104-0,C,SF-104,A,202308,19,1,994
E1,M10,104-0,D,SF-104,A,202308,19,1,746
E1,M10,104-0,E,SF-104,A,202308,19,0,348
E1,M10,104-0,ALL,SF-104,A,202308,19,7,4970
E1,M10,104-0,A,SF-104,A,202309,20,2,1734
E1,M10,104-0,B,SF-104,A,202309,20,0,1224
E1,M10,104-0,C,SF-104,A,202309,20,2,1020
E1,M10,104-0,D,SF-104,A,202309,20,1,765
E1,M10,104-0,E,SF-104,A,202309,20,2,357
E1,M10,104-0,ALL,SF-104,A,202309,20,7,5100
E1,M10,104-0,A,SF-104,A,202310,21,0,1778
E1,M10,104-0,B,SF-104,A,202310,21,1,1255
E1,M10,104-0,C,SF-104,A,202310,21,1,1046
E1,M10,104-0,D,SF-104,A,202310,21,0,784
E1,M10,104-0,E,SF-104,A,202310,21,0,366
E1,M10,104-0,ALL,SF-104,A,202310,21,2,5230
E1,M10,104-0,A,SF-104,A,202311,22,0,1822
E1,M10,104-0,B,SF-104,A,202311,22,2,1286
E1,M10,104-0,C,SF-104,A,202311,22,2,1072
E1,M10,104-0,D,SF-104,A,202311,22,2,804
E1,M10,104-0,E,SF-104,A,202311,22,0,375
E1,M10,104-0,ALL,SF-104,A,202311,22,6,5360
E1,M10,104-0,A,SF-104,A,202312,23,1,1867
E1,M10,104-0,B,SF-104,A,202312,23,0,1318
E1,M10,104-0,C,SF-104,A,202312,23,2,1098
E1,M10,104-0,D,SF-104,A,202312,23,0,824
E1,M10,104-0,E,SF-104,A,202312,23,0,384
E1,M10,104-0,ALL,SF-104,A,202312,23,3,5490
E1,M10,104-0,A,SF-104,A,202401,24,0,1911
E1,M10,104-0,B,SF-104,A,202401,24,0,1349
E1,M10,104-0,C,SF-104,A,202401,24,3,1124
E1,M10,104-0,D,SF-104,A,202401,24,0,843
E1,M10,104-0,E,SF-104,A,202401,24,0,393
E1,M10,104-0,ALL,SF-104,A,202401,24,3,5620
E1,M10,104-0,A,SF-104,A,202402,25,2,1955
E1,M10,104-0,B,SF-104,A,202402,25,1,1380
E1,M10,104-0,C,SF-104,A,202402,25,1,1150
E1,M10,104-0,D,SF-104,A,202402,25,0,862
E1,M10,104-0,E,SF-104,A,202402,25,1,403
E1,M10,104-0,ALL,SF-104,A,202402,25,5,5750
E1,M10,104-0,A,SF-104,A,202403,26,2,1999
E1,M10,104-0,B,SF-104,A,202403,26,2,1411
E1,M10,104-0,C,SF-104,A,202403,26,1,1176
E1,M10,104-0,D,SF-104,A,202403,26,0,882
E1,M10,104-0,E,SF-104,A,202403,26,0,412
E1,M10,104-0,ALL,SF-104,A,202403,26,5,5880
E1,M10,104-0,A,SF-104,A,202404,27,3,2043
E1,M10,104-0,B,SF-104,A,202404,27,1,1442
E1,M10,104-0,C,SF-104,A,202404,27,2,1202
E1,M10,104-0,D,SF-104,A,202404,27,0,902
E1,M10,104-0,E,SF-104,A,202404,27,1,421
E1,M10,104-0,ALL,SF-104,A,202404,27,7,6010
E1,M10,104-0,A,SF-104,A,202405,28,3,2088
E1,M10,104-0,B,SF-104,A,202405,28,0,1474
E1,M10,104-0,C,SF-104,A,202405,28,6,1228
E1,M10,104-0,D,SF-104,A,202405,28,0,921
E1,M10,104-0,E,SF-104,A,202405,28,1,430
E1,M10,104-0,ALL,SF-104,A,202405,28,10,6140
E1,M10,104-0,A,SF-104,A,202406,29,4,2132
E1,M10,104-0,B,SF-104,A,202406,29,0,1505
E1,M10,104-0,C,SF-104,A,202406,29,3,1254
E1,M10,104-0,D,SF-104,A,202406,29,2,940
E1,M10,104-0,E,SF-104,A,202406,29,0,439
E1,M10,104-0,ALL,SF-104,A,202406,29,9,6270
E1,M10,104-0,A,SF-104,A,202407,30,2,2176
E1,M10,104-0,B,SF-104,A,202407,30,2,1536
E1,M10,104-0,C,SF-104,A,202407,30,1,1280
E1,M10,104-0,D,SF-104,A,202407,30,0,960
E1,M10,104-0,E,SF-104,A,202407,30,0,448
E1,M10,104-0,ALL,SF-104,A,202407,30,5,6400
E1,M10,104-0,A,SF-104,A,202408,31,2,2220
E1,M10,104-0,B,SF-104,A,202408,31,1,1567
E1,M10,104-0,C,SF-104,A,202408,31,1,1306
E1,M10,104-0,D,SF-104,A,202408,31,0,980
E1,M10,104-0,E,SF-104,A,202408,31,2,457
E1,M10,104-0,ALL,SF-104,A,202408,31,6,6530
E1,M10,104-0,A,SF-104,A,202409,32,3,2264
E1,M10,104-0,B,SF-104,A,202409,32,2,1598
E1,M10,104-0,C,SF-104,A,202409,32,4,1332
E1,M10,104-0,D,SF-104,A,202409,32,0,999
E1,M10,104-0,E,SF-104,A,202409,32,0,466
E1,M10,104-0,ALL,SF-104,A,202409,32,9,6660
E1,M10,104-0,A,SF-104,A,202410,33,0,2309
E1,M10,104-0,B,SF-104,A,202410,33,0,1630
E1,M10,104-0,C,SF-104,A,202410,33,0,1358
E1,M10,104-0,D,SF-104,A,202410,33,0,1018
E1,M10,104-0,E,SF-104,A,202410,33,0,475
E1,M10,104-0,ALL,SF-104,A,202410,33,0,6790
E1,M10,104-0,A,SF-104,A,202411,34,1,2353
E1,M10,104-0,B,SF-104,A,202411,34,1,1661
E1,M10,104-0,C,SF-104,A,202411,34,1,1384
E1,M10,104-0,D,SF-104,A,202411,34,1,1038
E1,M10,104-0,E,SF-104,A,202411,34,0,484
E1,M10,104-0,ALL,SF-104,A,202411,34,4,6920
E1,M10,104-0,A,SF-104,A,202412,35,0,2397
E1,M10,104-0,B,SF-104,A,202412,35,3,1692
E1,M10,104-0,C,SF-104,A,202412,35,1,1410
E1,M10,104-0,D,SF-104,A,202412,35,1,1058
E1,M10,104-0,E,SF-104,A,202412,35,0,494
E1,M10,104-0,ALL,SF-104,A,202412,35,5,7050
E1,M10,105-0,B,SF-105,A,202201,0,1,600
E1,M10,105-0,ALL,SF-105,A,202201,0,1,2500
E1,M10,105-0,A,SF-105,A,202202,1,1,894
E1,M10,105-0,ALL,SF-105,A,202202,1,1,2630
E1,M10,105-0,A,SF-105,A,202203,2,1,938
E1,M10,105-0,B,SF-105,A,202203,2,0,662
E1,M10,105-0,C,SF-105,A,202203,2,0,552
E1,M10,105-0,D,SF-105,A,202203,2,0,414
E1,M10,105-0,ALL,SF-105,A,202203,2,1,2760
E1,M10,105-0,A,SF-105,A,202204,3,0,983
E1,M10,105-0,B,SF-105,A,202204,3,0,694
E1,M10,105-0,C,SF-105,A,202204,3,0,578
E1,M10,105-0,D,SF-105,A,202204,3,0,434
E1,M10,105-0,ALL,SF-105,A,202204,3,0,2890
E1,M10,105-0,A,SF-105,A,202205,4,0,1027
E1,M10,105-0,B,SF-105,A,202205,4,1,725
E1,M10,105-0,C,SF-105,A,202205,4,1,604
E1,M10,105-0,D,SF-105,A,202205,4,0,453
E1,M10,105-0,ALL,SF-105,A,202205,4,2,3020
E1,M10,105-0,A,SF-105,A,202206,5,1,1071
E1,M10,105-0,B,SF-105,A,202206,5,0,756
E1,M10,105-0,C,SF-105,A,202206,5,0,630
E1,M10,105-0,D,SF-105,A,202206,5,0,472
E1,M10,105-0,ALL,SF-105,A,202206,5,1,3150
E1,M10,105-0,A,SF-105,A,202207,6,1,1115
E1,M10,105-0,B,SF-105,A,202207,6,0,787
E1,M10,105-0,C,SF-105,A,202207,6,0,656
E1,M10,105-0,D,SF-105,A,202207,6,0,492
E1,M10,105-0,ALL,SF-105,A,202207,6,1,3280
E1,M10,105-0,A,SF-105,A,202208,7,0,1159
E1,M10,105-0,B,SF-105,A,202208,7,1,818
E1,M10,105-0,C,SF-105,A,202208,7,0,682
E1,M10,105-0,D,SF-105,A,202208,7,1,512
E1,M10,105-0,ALL,SF-105,A,202208,7,2,3410
E1,M10,105-0,A,SF-105,A,202209,8,0,1204
E1,M10,105-0,B,SF-105,A,202209,8,1,850
E1,M10,105-0,C,SF-105,A,202209,8,1,708
E1,M10,105-0,D,SF-105,A,202209,8,0,531
E1,M10,105-0,E,SF-105,A,202209,8,0,248
E1,M10,105-0,ALL,SF-105,A,202209,8,2,3540
E1,M10,105-0,A,SF-105,A,202210,9,0,1248
E1,M10,105-0,B,SF-105,A,202210,9,1,881
E1,M10,105-0,C,SF-105,A,202210,9,0,734
E1,M10,105-0,D,SF-105,A,202210,9,1,550
E1,M10,105-0,E,SF-105,A,202210,9,0,257
E1,M10,105-0,ALL,SF-105,A,202210,9,2,3670
E1,M10,105-0,A,SF-105,A,202211,10,1,1292
E1,M10,105-0,B,SF-105,A,202211,10,0,912
E1,M10,105-0,C,SF-105,A,202211,10,0,760
E1,M10,105-0,D,SF-105,A,202211,10,0,570
E1,M10,105-0,E,SF-105,A,202211,10,0,266
E1,M10,105-0,ALL,SF-105,A,202211,10,1,3800
E1,M10,105-0,A,SF-105,A,202212,11,1,1336
E1,M10,105-0,B,SF-105,A,202212,11,0,943
E1,M10,105-0,C,SF-105,A,202212,11,1,786
E1,M10,105-0,D,SF-105,A,202212,11,1,590
E1,M10,105-0,E,SF-105,A,202212,11,0,275
E1,M10,105-0,ALL,SF-105,A,202212,11,3,3930
E1,M10,105-0,A,SF-105,A,202301,12,0,1380
E1,M10,105-0,B,SF-105,A,202301,12,0,974
E1,M10,105-0,C,SF-105,A,202301,12,0,812
E1,M10,105-0,D,SF-105,A,202301,12,2,609
E1,M10,105-0,E,SF-105,A,202301,12,0,284
E1,M10,105-0,ALL,SF-105,A,202301,12,2,4060
E1,M10,105-0,A,SF-105,A,202302,13,1,1425
E1,M10,105-0,B,SF-105,A,202302,13,0,1006
E1,M10,105-0,C,SF-105,A,202302,13,0,838
E1,M10,105-0,D,SF-105,A,202302,13,0,628
E1,M10,105-0,E,SF-105,A,202302,13,1,293
E1,M10,105-0,ALL,SF-105,A,202302,13,2,4190
E1,M10,105-0,A,SF-105,A,202303,14,1,1469
E1,M10,105-0,B,SF-105,A,202303,14,0,1037
E1,M10,105-0,C,SF-105,A,202303,14,0,864
E1,M10,105-0,D,SF-105,A,202303,14,1,648
E1,M10,105-0,E,SF-105,A,202303,14,1,302
E1,M10,105-0,ALL,SF-105,A,202303,14,3,4320
E1,M10,105-0,A,SF-105,A,202304,15,0,1513
E1,M10,105-0,B,SF-105,A,202304,15,0,1068
E1,M10,105-0,C,SF-105,A,202304,15,0,890
E1,M10,105-0,D,SF-105,A,202304,15,0,668
E1,M10,105-0,E,SF-105,A,202304,15,0,312
E1,M10,105-0,ALL,SF-105,A,202304,15,0,4450
E1,M10,105-0,A,SF-105,A,202305,16,1,1557
E1,M10,105-0,B,SF-105,A,202305,16,0,1099
E1,M10,105-0,C,SF-105,A,202305,16,0,916
E1,M10,105-0,D,SF-105,A,202305,16,0,687
E1,M10,105-0,E,SF-105,A,202305,16,0,321
E1,M10,105-0,ALL,SF-105,A,202305,16,1,4580
E1,M10,105-0,A,SF-105,A,202306,17,0,1601
E1,M10,105-0,B,SF-105,A,202306,17,0,1130
E1,M10,105-0,C,SF-105,A,202306,17,0,942
E1,M10,105-0,D,SF-105,A,202306,17,0,706
E1,M10,105-0,E,SF-105,A,202306,17,0,330
E1,M10,105-0,ALL,SF-105,A,202306,17,0,4710
E1,M10,105-0,A,SF-105,A,202307,18,1,1646
E1,M10,105-0,B,SF-105,A,202307,18,0,1162
E1,M10,105-0,C,SF-105,A,202307,18,0,968
E1,M10,105-0,D,SF-105,A,202307,18,1,726
E1,M10,105-0,E,SF-105,A,202307,18,0,339
E1,M10,105-0,ALL,SF-105,A,202307,18,2,4840
E1,M10,105-0,A,SF-105,A,202308,19,0,1690
E1,M10,105-0,B,SF-105,A,202308,19,0,1193
E1,M10,105-0,C,SF-105,A,202308,19,0,994
E1,M10,105-0,D,SF-105,A,202308,19,1,746
E1,M10,105-0,E,SF-105,A,202308,19,0,348
E1,M10,105-0,ALL,SF-105,A,202308,19,1,4970
E1,M10,105-0,A,SF-105,A,202309,20,0,1734
E1,M10,105-0,B,SF-105,A,202309,20,0,1224
E1,M10,105-0,C,SF-105,A,202309,20,0,1020
E1,M10,105-0,D,SF-105,A,202309,20,1,765
E1,M10,105-0,E,SF-105,A,202309,20,0,357
E1,M10,105-0,ALL,SF-105,A,202309,20,1,5100
E1,M10,105-0,A,SF-105,A,202310,21,0,1778
E1,M10,105-0,B,SF-105,A,202310,21,0,1255
E1,M10,105-0,C,SF-105,A,202310,21,0,1046
E1,M10,105-0,D,SF-105,A,202310,21,0,784
E1,M10,105-0,E,SF-105,A,202310,21,0,366
E1,M10,105-0,ALL,SF-105,A,202310,21,0,5230
E1,M10,105-0,A,SF-105,A,202311,22,1,1822
E1,M10,105-0,B,SF-105,A,202311,22,1,1286
E1,M10,105-0,C,SF-105,A,202311,22,0,1072
E1,M10,105-0,D,SF-105,A,202311,22,0,804
E1,M10,105-0,E,SF-105,A,202311,22,0,375
E1,M10,105-0,ALL,SF-105,A,202311,22,2,5360
E1,M10,105-0,A,SF-105,A,202312,23,0,1867
E1,M10,105-0,B,SF-105,A,202312,23,0,1318
E1,M10,105-0,C,SF-105,A,202312,23,0,1098
E1,M10,105-0,D,SF-105,A,202312,23,0,824
E1,M10,105-0,E,SF-105,A,202312,23,0,384
E1,M10,105-0,ALL,SF-105,A,202312,23,0,5490
E1,M10,105-0,A,SF-105,A,202401,24,0,1911
E1,M10,105-0,B,SF-105,A,202401,24,0,1349
E1,M10,105-0,C,SF-105,A,202401,24,0,1124
E1,M10,105-0,D,SF-105,A,202401,24,0,843
E1,M10,105-0,E,SF-105,A,202401,24,0,393
E1,M10,105-0,ALL,SF-105,A,202401,24,0,5620
E1,M10,105-0,A,SF-105,A,202402,25,2,1955
E1,M10,105-0,B,SF-105,A,202402,25,1,1380
E1,M10,105-0,C,SF-105,A,202402,25,0,1150
E1,M10,105-0,D,SF-105,A,202402,25,0,862
E1,M10,105-0,E,SF-105,A,202402,25,0,403
E1,M10,105-0,ALL,SF-105,A,202402,25,3,5750
E1,M10,105-0,A,SF-105,A,202403,26,1,1999
E1,M10,105-0,B,SF-105,A,202403,26,1,1411
E1,M10,105-0,C,SF-105,A,202403,26,0,1176
E1,M10,105-0,D,SF-105,A,202403,26,0,882
E1,M10,105-0,E,SF-105,A,202403,26,0,412
E1,M10,105-0,ALL,SF-105,A,202403,26,2,5880
E1,M10,105-0,A,SF-105,A,202404,27,0,2043
E1,M10,105-0,B,SF-105,A,202404,27,0,1442
E1,M10,105-0,C,SF-105,A,202404,27,0,1202
E1,M10,105-0,D,SF-105,A,202404,27,0,902
E1,M10,105-0,E,SF-105,A,202404,27,0,421
E1,M10,105-0,ALL,SF-105,A,202404,27,0,6010
E1,M10,105-0,A,SF-105,A,202405,28,1,2088
E1,M10,105-0,B,SF-105,A,202405,28,2,1474
E1,M10,105-0,C,SF-105,A,202405,28,1,1228
E1,M10,105-0,D,SF-105,A,202405,28,0,921
E1,M10,105-0,E,SF-105,A,202405,28,0,430
E1,M10,105-0,ALL,SF-105,A,202405,28,4,6140
E1,M10,105-0,A,SF-105,A,202406,29,1,2132
E1,M10,105-0,B,SF-105,A,202406,29,0,1505
E1,M10,105-0,C,SF-105,A,202406,29,0,1254
E1,M10,105-0,D,SF-105,A,202406,29,1,940
E1,M10,105-0,E,SF-105,A,202406,29,0,439
E1,M10,105-0,ALL,SF-105,A,202406,29,2,6270
E1,M10,105-0,A,SF-105,A,202407,30,2,2176
E1,M10,105-0,B,SF-105,A,202407,30,0,1536
E1,M10,105-0,C,SF-105,A,202407,30,1,1280
E1,M10,105-0,D,SF-105,A,202407,30,1,960
E1,M10,105-0,E,SF-105,A,202407,30,0,448
E1,M10,105-0,ALL,SF-105,A,202407,30,4,6400
E1,M10,105-0,A,SF-105,A,202408,31,0,2220
E1,M10,105-0,B,SF-105,A,202408,31,0,1567
E1,M10,105-0,C,SF-105,A,202408,31,0,1306
E1,M10,105-0,D,SF-105,A,202408,31,1,980
E1,M10,105-0,E,SF-105,A,202408,31,0,457
E1,M10,105-0,ALL,SF-105,A,202408,31,1,6530
E1,M10,105-0,A,SF-105,A,202409,32,2,2264
E1,M10,105-0,B,SF-105,A,202409,32,0,1598
E1,M10,105-0,C,SF-105,A,202409,32,2,1332
E1,M10,105-0,D,SF-105,A,202409,32,1,999
E1,M10,105-0,E,SF-105,A,202409,32,0,466
E1,M10,105-0,ALL,SF-105,A,202409,32,5,6660
E1,M10,105-0,A,SF-105,A,202410,33,0,2309
E1,M10,105-0,B,SF-105,A,202410,33,1,1630
E1,M10,105-0,C,SF-105,A,202410,33,2,1358
E1,M10,105-0,D,SF-105,A,202410,33,1,1018
E1,M10,105-0,E,SF-105,A,202410,33,0,475
E1,M10,105-0,ALL,SF-105,A,202410,33,4,6790
E1,M10,105-0,A,SF-105,A,202411,34,0,2353
E1,M10,105-0,B,SF-105,A,202411,34,0,1661
E1,M10,105-0,C,SF-105,A,202411,34,0,1384
E1,M10,105-0,D,SF-105,A,202411,34,0,1038
E1,M10,105-0,E,SF-105,A,202411,34,0,484
E1,M10,105-0,ALL,SF-105,A,202411,34,0,6920
E1,M10,105-0,A,SF-105,A,202412,35,2,2397
E1,M10,105-0,B,SF-105,A,202412,35,1,1692
E1,M10,105-0,C,SF-105,A,202412,35,0,1410
E1,M10,105-0,D,SF-105,A,202412,35,1,1058
E1,M10,105-0,E,SF-105,A,202412,35,1,494
E1,M10,105-0,ALL,SF-105,A,202412,35,5,7050
E1,M11,100-0,A,SF-100,B,202203,0,4,850
E1,M11,100-0,ALL,SF-100,B,202203,0,4,2500
E1,M11,100-0,A,SF-100,B,202204,1,2,894
E1,M11,100-0,B,SF-100,B,202204,1,1,631
E1,M11,100-0,C,SF-100,B,202204,1,1,526
E1,M11,100-0,D,SF-100,B,202204,1,1,394
E1,M11,100-0,ALL,SF-100,B,202204,1,5,2630
E1,M11,100-0,A,SF-100,B,202205,2,2,938
E1,M11,100-0,B,SF-100,B,202205,2,1,662
E1,M11,100-0,C,SF-100,B,202205,2,0,552
E1,M11,100-0,D,SF-100,B,202205,2,0,414
E1,M11,100-0,ALL,SF-100,B,202205,2,3,2760
E1,M11,100-0,A,SF-100,B,202206,3,0,983
E1,M11,100-0,B,SF-100,B,202206,3,0,694
E1,M11,100-0,C,SF-100,B,202206,3,0,578
E1,M11,100-0,D,SF-100,B,202206,3,0,434
E1,M11,100-0,ALL,SF-100,B,202206,3,0,2890
E1,M11,100-0,A,SF-100,B,202207,4,2,1027
E1,M11,100-0,B,SF-100,B,202207,4,0,725
E1,M11,100-0,C,SF-100,B,202207,4,0,604
E1,M11,100-0,D,SF-100,B,202207,4,0,453
E1,M11,100-0,ALL,SF-100,B,202207,4,2,3020
E1,M11,100-0,A,SF-100,B,202208,5,0,1071
E1,M11,100-0,B,SF-100,B,202208,5,1,756
E1,M11,100-0,C,SF-100,B,202208,5,3,630
E1,M11,100-0,D,SF-100,B,202208,5,1,472
E1,M11,100-0,ALL,SF-100,B,202208,5,5,3150
E1,M11,100-0,A,SF-100,B,202209,6,1,1115
E1,M11,100-0,B,SF-100,B,202209,6,1,787
E1,M11,100-0,C,SF-100,B,202209,6,0,656
E1,M11,100-0,D,SF-100,B,202209,6,0,492
E1,M11,100-0,ALL,SF-100,B,202209,6,2,3280
E1,M11,100-0,A,SF-100,B,202210,7,3,1159
E1,M11,100-0,B,SF-100,B,202210,7,0,818
E1,M11,100-0,C,SF-100,B,202210,7,1,682
E1,M11,100-0,D,SF-100,B,202210,7,0,512
E1,M11,100-0,ALL,SF-100,B,202210,7,4,3410
E1,M11,100-0,A,SF-100,B,202211,8,6,1204
E1,M11,100-0,B,SF-100,B,202211,8,2,850
E1,M11,100-0,C,SF-100,B,202211,8,0,708
E1,M11,100-0,D,SF-100,B,202211,8,1,531
E1,M11,100-0,E,SF-100,B,202211,8,2,248
E1,M11,100-0,ALL,SF-100,B,202211,8,11,3540
E1,M11,100-0,A,SF-100,B,202212,9,4,1248
E1,M11,100-0,B,SF-100,B,202212,9,1,881
E1,M11,100-0,C,SF-100,B,202212,9,1,734
E1,M11,100-0,D,SF-100,B,202212,9,2,550
E1,M11,100-0,E,SF-100,B,202212,9,0,257
E1,M11,100-0,ALL,SF-100,B,202212,9,8,3670
E1,M11,100-0,A,SF-100,B,202301,10,0,1292
E1,M11,100-0,B,SF-100,B,202301,10,0,912
E1,M11,100-0,C,SF-100,B,202301,10,1,760
E1,M11,100-0,D,SF-100,B,202301,10,3,570
E1,M11,100-0,E,SF-100,B,202301,10,0,266
E1,M11,100-0,ALL,SF-100,B,202301,10,4,3800
E1,M11,100-0,A,SF-100,B,202302,11,2,1336
E1,M11,100-0,B,SF-100,B,202302,11,2,943
E1,M11,100-0,C,SF-100,B,202302,11,1,786
E1,M11,100-0,D,SF-100,B,202302,11,1,590
E1,M11,100-0,E,SF-100,B,202302,11,0,275
E1,M11,100-0,ALL,SF-100,B,202302,11,6,3930
E1,M11,100-0,A,SF-100,B,202303,12,0,1380
E1,M11,100-0,B,SF-100,B,202303,12,0,974
E1,M11,100-0,C,SF-100,B,202303,12,2,812
E1,M11,100-0,D,SF-100,B,202303,12,2,609
E1,M11,100-0,E,SF-100,B,202303,12,0,284
E1,M11,100-0,ALL,SF-100,B,202303,12,4,4060
E1,M11,100-0,A,SF-100,B,202304,13,3,1425
E1,M11,100-0,B,SF-100,B,202304,13,2,1006
E1,M11,100-0,C,SF-100,B,202304,13,1,838
E1,M11,100-0,D,SF-100,B,202304,13,1,628
E1,M11,100-0,E,SF-100,B,202304,13,1,293
E1,M11,100-0,ALL,SF-100,B,202304,13,8,4190
E1,M11,100-0,A,SF-100,B,202305,14,3,1469
E1,M11,100-0,B,SF-100,B,202305,14,4,1037
E1,M11,100-0,C,SF-100,B,202305,14,0,864
E1,M11,100-0,D,SF-100,B,202305,14,1,648
E1,M11,100-0,E,SF-100,B,202305,14,0,302
E1,M11,100-0,ALL,SF-100,B,202305,14,8,4320
E1,M11,100-0,A,SF-100,B,202306,15,2,1513
E1,M11,100-0,B,SF-100,B,202306,15,1,1068
E1,M11,100-0,C,SF-100,B,202306,15,0,890
E1,M11,100-0,D,SF-100,B,202306,15,1,668
E1,M11,100-0,E,SF-100,B,202306,15,1,312
E1,M11,100-0,ALL,SF-100,B,202306,15,5,4450
E1,M11,100-0,A,SF-100,B,202307,16,0,1557
E1,M11,100-0,B,SF-100,B,202307,16,0,1099
E1,M11,100-0,C,SF-100,B,202307,16,0,916
E1,M11,100-0,D,SF-100,B,202307,16,0,687
E1,M11,100-0,E,SF-100,B,202307,16,0,321
E1,M11,100-0,ALL,SF-100,B,202307,16,0,4580
E1,M11,100-0,A,SF-100,B,202308,17,2,1601
E1,M11,100-0,B,SF-100,B,202308,17,1,1130
E1,M11,100-0,C,SF-100,B,202308,17,1,942
E1,M11,100-0,D,SF-100,B,202308,17,1,706
E1,M11,100-0,E,SF-100,B,202308,17,1,330
E1,M11,100-0,ALL,SF-100,B,202308,17,6,4710
E1,M11,100-0,A,SF-100,B,202309,18,1,1646
E1,M11,100-0,B,SF-100,B,202309,18,0,1162
E1,M11,100-0,C,SF-100,B,202309,18,2,968
E1,M11,100-0,D,SF-100,B,202309,18,1,726
E1,M11,100-0,E,SF-100,B,202309,18,0,339
E1,M11,100-0,ALL,SF-100,B,202309,18,4,4840
E1,M11,100-0,A,SF-100,B,202310,19,2,1690
E1,M11,100-0,B,SF-100,B,202310,19,1,1193
E1,M11,100-0,C,SF-100,B,202310,19,0,994
E1,M11,100-0,D,SF-100,B,202310,19,1,746
E1,M11,100-0,E,SF-100,B,202310,19,0,348
E1,M11,100-0,ALL,SF-100,B,202310,19,4,4970
E1,M11,100-0,A,SF-100,B,202311,20,1,1734
E1,M11,100-0,B,SF-100,B,202311,20,2,1224
E1,M11,100-0,C,SF-100,B,202311,20,1,1020
E1,M11,100-0,D,SF-100,B,202311,20,0,765
E1,M11,100-0,E,SF-100,B,202311,20,0,357
E1,M11,100-0,ALL,SF-100,B,202311,20,4,5100
E1,M11,100-0,A,SF-100,B,202312,21,3,1778
E1,M11,100-0,B,SF-100,B,202312,21,4,1255
E1,M11,100-0,C,SF-100,B,202312,21,0,1046
E1,M11,100-0,D,SF-100,B,202312,21,0,784
E1,M11,100-0,E,SF-100,B,202312,21,1,366
E1,M11,100-0,ALL,SF-100,B,202312,21,8,5230
E1,M11,100-0,A,SF-100,B,202401,22,5,1822
E1,M11,100-0,B,SF-100,B,202401,22,1,1286
E1,M11,100-0,C,SF-100,B,202401,22,1,1072
E1,M11,100-0,D,SF-100,B,202401,22,0,804
E1,M11,100-0,E,SF-100,B,202401,22,1,375
E1,M11,100-0,ALL,SF-100,B,202401,22,8,5360
E1,M11,100-0,A,SF-100,B,202402,23,5,1867
E1,M11,100-0,B,SF-100,B,202402,23,6,1318
E1,M11,100-0,C,SF-100,B,202402,23,0,1098
E1,M11,100-0,D,SF-100,B,202402,23,2,824
E1,M11,100-0,E,SF-100,B,202402,23,0,384
E1,M11,100-0,ALL,SF-100,B,202402,23,13,5490
E1,M11,100-0,A,SF-100,B,202403,24,3,1911
E1,M11,100-0,B,SF-100,B,202403,24,3,1349
E1,M11,100-0,C,SF-100,B,202403,24,0,1124
E1,M11,100-0,D,SF-100,B,202403,24,0,843
E1,M11,100-0,E,SF-100,B,202403,24,0,393
E1,M11,100-0,ALL,SF-100,B,202403,24,6,5620
E1,M11,100-0,A,SF-100,B,202404,25,1,1955
E1,M11,100-0,B,SF-100,B,202404,25,0,1380
E1,M11,100-0,C,SF-100,B,202404,25,0,1150
E1,M11,100-0,D,SF-100,B,202404,25,1,862
E1,M11,100-0,E,SF-100,B,202404,25,0,403
E1,M11,100-0,ALL,SF-100,B,202404,25,2,5750
E1,M11,100-0,A,SF-100,B,202405,26,2,1999
E1,M11,100-0,B,SF-100,B,202405,26,3,1411
E1,M11,100-0,C,SF-100,B,202405,26,1,1176
E1,M11,100-0,D,SF-100,B,202405,26,4,882
E1,M11,100-0,E,SF-100,B,202405,26,2,412
E1,M11,100-0,ALL,SF-100,B,202405,26,12,5880
E1,M11,100-0,A,SF-100,B,202406,27,5,2043
E1,M11,100-0,B,SF-100,B,202406,27,2,1442
E1,M11,100-0,C,SF-100,B,202406,27,0,1202
E1,M11,100-0,D,SF-100,B,202406,27,0,902
E1,M11,100-0,E,SF-100,B,202406,27,2,421
E1,M11,100-0,ALL,SF-100,B,202406,27,9,6010
E1,M11,100-0,A,SF-100,B,202407,28,3,2088
E1,M11,100-0,B,SF-100,B,202407,28,5,1474
E1,M11,100-0,C,SF-100,B,202407,28,0,1228
E1,M11,100-0,D,SF-100,B,202407,28,1,921
E1,M11,100-0,E,SF-100,B,202407,28,1,430
E1,M11,100-0,ALL,SF-100,B,202407,28,10,6140
E1,M11,100-0,A,SF-100,B,202408,29,1,2132
E1,M11,100-0,B,SF-100,B,202408,29,3,1505
E1,M11,100-0,C,SF-100,B,202408,29,1,1254
E1,M11,100-0,D,SF-100,B,202408,29,4,940
E1,M11,100-0,E,SF-100,B,202408,29,0,439
E1,M11,100-0,ALL,SF-100,B,202408,29,9,6270
E1,M11,100-0,A,SF-100,B,202409,30,4,2176
E1,M11,100-0,B,SF-100,B,202409,30,2,1536
E1,M11,100-0,C,SF-100,B,202409,30,1,1280
E1,M11,100-0,D,SF-100,B,202409,30,1,960
E1,M11,100-0,E,SF-100,B,202409,30,2,448
E1,M11,100-0,ALL,SF-100,B,202409,30,10,6400
E1,M11,100-0,A,SF-100,B,202410,31,4,2220
E1,M11,100-0,B,SF-100,B,202410,31,3,1567
E1,M11,100-0,C,SF-100,B,202410,31,4,1306
E1,M11,100-0,D,SF-100,B,202410,31,0,980
E1,M11,100-0,E,SF-100,B,202410,31,0,457
E1,M11,100-0,ALL,SF-100,B,202410,31,11,6530
E1,M11,100-0,A,SF-100,B,202411,32,2,2264
E1,M11,100-0,B,SF-100,B,202411,32,3,1598
E1,M11,100-0,C,SF-100,B,202411,32,1,1332
E1,M11,100-0,D,SF-100,B,202411,32,2,999
E1,M11,100-0,E,SF-100,B,202411,32,3,466
E1,M11,100-0,ALL,SF-100,B,202411,32,11,6660
E1,M11,100-0,A,SF-100,B,202412,33,4,2309
E1,M11,100-0,B,SF-100,B,202412,33,0,1630
E1,M11,100-0,C,SF-100,B,202412,33,2,1358
E1,M11,100-0,D,SF-100,B,202412,33,1,1018
E1,M11,100-0,E,SF-100,B,202412,33,1,475
E1,M11,100-0,ALL,SF-100,B,202412,33,8,6790
E1,M11,101-0,D,SF-101,B,202203,0,2,375
E1,M11,101-0,ALL,SF-101,B,202203,0,2,2500
E1,M11,101-0,A,SF-101,B,202204,1,1,894
E1,M11,101-0,B,SF-101,B,202204,1,1,631
E1,M11,101-0,C,SF-101,B,202204,1,2,526
E1,M11,101-0,ALL,SF-101,B,202204,1,4,2630
E1,M11,101-0,A,SF-101,B,202205,2,0,938
E1,M11,101-0,B,SF-101,B,202205,2,1,662
E1,M11,101-0,C,SF-101,B,202205,2,1,552
E1,M11,101-0,D,SF-101,B,202205,2,0,414
E1,M11,101-0,ALL,SF-101,B,202205,2,2,2760
E1,M11,101-0,A,SF-101,B,202206,3,1,983
E1,M11,101-0,B,SF-101,B,202206,3,0,694
E1,M11,101-0,C,SF-101,B,202206,3,0,578
E1,M11,101-0,D,SF-101,B,202206,3,1,434
E1,M11,101-0,ALL,SF-101,B,202206,3,2,2890
E1,M11,101-0,A,SF-101,B,202207,4,0,1027
E1,M11,101-0,B,SF-101,B,202207,4,1,725
E1,M11,101-0,C,SF-101,B,202207,4,1,604
E1,M11,101-0,D,SF-101,B,202207,4,1,453
E1,M11,101-0,ALL,SF-101,B,202207,4,3,3020
E1,M11,101-0,A,SF-101,B,202208,5,2,1071
E1,M11,101-0,B,SF-101,B,202208,5,1,756
E1,M11,101-0,C,SF-101,B,202208,5,1,630
E1,M11,101-0,D,SF-101,B,202208,5,0,472
E1,M11,101-0,ALL,SF-101,B,202208,5,4,3150
E1,M11,101-0,A,SF-101,B,202209,6,1,1115
E1,M11,101-0,B,SF-101,B,202209,6,2,787
E1,M11,101-0,C,SF-101,B,202209,6,0,656
E1,M11,101-0,D,SF-101,B,202209,6,1,492
E1,M11,101-0,ALL,SF-101,B,202209,6,4,3280
E1,M11,101-0,A,SF-101,B,202210,7,1,1159
E1,M11,101-0,B,SF-101,B,202210,7,1,818
E1,M11,101-0,C,SF-101,B,202210,7,0,682
E1,M11,101-0,D,SF-101,B,202210,7,0,512
E1,M11,101-0,ALL,SF-101,B,202210,7,2,3410
E1,M11,101-0,A,SF-101,B,202211,8,0,1204
E1,M11,101-0,B,SF-101,B,202211,8,0,850
E1,M11,101-0,C,SF-101,B,202211,8,0,708
E1,M11,101-0,D,SF-101,B,202211,8,0,531
E1,M11,101-0,E,SF-101,B,202211,8,0,248
E1,M11,101-0,ALL,SF-101,B,202211,8,0,3540
E1,M11,101-0,A,SF-101,B,202212,9,1,1248
E1,M11,101-0,B,SF-101,B,202212,9,2,881
E1,M11,101-0,C,SF-101,B,202212,9,0,734
E1,M11,101-0,D,SF-101,B,202212,9,0,550
E1,M11,101-0,E,SF-101,B,202212,9,0,257
E1,M11,101-0,ALL,SF-101,B,202212,9,3,3670
E1,M11,101-0,A,SF-101,B,202301,10,0,1292
E1,M11,101-0,B,SF-101,B,202301,10,3,912
E1,M11,101-0,C,SF-101,B,202301,10,0,760
E1,M11,101-0,D,SF-101,B,202301,10,0,570
E1,M11,101-0,E,SF-101,B,202301,10,0,266
E1,M11,101-0,ALL,SF-101,B,202301,10,3,3800
E1,M11,101-0,A,SF-101,B,202302,11,1,1336
E1,M11,101-0,B,SF-101,B,202302,11,0,943
E1,M11,101-0,C,SF-101,B,202302,11,0,786
E1,M11,101-0,D,SF-101,B,202302,11,1,590
E1,M11,101-0,E,SF-101,B,202302,11,1,275
E1,M11,101-0,ALL,SF-101,B,202302,11,3,3930
E1,M11,101-0,A,SF-101,B,202303,12,1,1380
E1,M11,101-0,B,SF-101,B,202303,12,1,974
E1,M11,101-0,C,SF-101,B,202303,12,1,812
E1,M11,101-0,D,SF-101,B,202303,12,1,609
E1,M11,101-0,E,SF-101,B,202303,12,0,284
E1,M11,101-0,ALL,SF-101,B,202303,12,4,4060
E1,M11,101-0,A,SF-101,B,202304,13,1,1425
E1,M11,101-0,B,SF-101,B,202304,13,0,1006
E1,M11,101-0,C,SF-101,B,202304,13,1,838
E1,M11,101-0,D,SF-101,B,202304,13,0,628
E1,M11,101-0,E,SF-101,B,202304,13,0,293
E1,M11,101-0,ALL,SF-101,B,202304,13,2,4190
E1,M11,101-0,A,SF-101,B,202305,14,0,1469
E1,M11,101-0,B,SF-101,B,202305,14,1,1037
E1,M11,101-0,C,SF-101,B,202305,14,0,864
E1,M11,101-0,D,SF-101,B,202305,14,1,648
E1,M11,101-0,E,SF-101,B,202305,14,0,302
E1,M11,101-0,ALL,SF-101,B,202305,14,2,4320
E1,M11,101-0,A,SF-101,B,202306,15,2,1513
E1,M11,101-0,B,SF-101,B,202306,15,0,1068
E1,M11,101-0,C,SF-101,B,202306,15,2,890
E1,M11,101-0,D,SF-101,B,202306,15,0,668
E1,M11,101-0,E,SF-101,B,202306,15,1,312
E1,M11,101-0,ALL,SF-101,B,202306,15,5,4450
E1,M11,101-0,A,SF-101,B,202307,16,1,1557
E1,M11,101-0,B,SF-101,B,202307,16,0,1099
E1,M11,101-0,C,SF-101,B,202307,16,0,916
E1,M11,101-0,D,SF-101,B,202307,16,1,687
E1,M11,101-0,E,SF-101,B,202307,16,0,321
E1,M11,101-0,ALL,SF-101,B,202307,16,2,4580
E1,M11,101-0,A,SF-101,B,202308,17,0,1601
E1,M11,101-0,B,SF-101,B,202308,17,1,1130
E1,M11,101-0,C,SF-101,B,202308,17,0,942
E1,M11,101-0,D,SF-101,B,202308,17,0,706
E1,M11,101-0,E,SF-101,B,202308,17,1,330
E1,M11,101-0,ALL,SF-101,B,202308,17,2,4710
E1,M11,101-0,A,SF-101,B,202309,18,1,1646
E1,M11,101-0,B,SF-101,B,202309,18,0,1162
E1,M11,101-0,C,SF-101,B,202309,18,0,968
E1,M11,101-0,D,SF-101,B,202309,18,0,726
E1,M11,101-0,E,SF-101,B,202309,18,0,339
E1,M11,101-0,ALL,SF-101,B,202309,18,1,4840
E1,M11,101-0,A,SF-101,B,202310,19,0,1690
E1,M11,101-0,B,SF-101,B,202310,19,3,1193
E1,M11,101-0,C,SF-101,B,202310,19,0,994
E1,M11,101-0,D,SF-101,B,202310,19,0,746
E1,M11,101-0,E,SF-101,B,202310,19,2,348
E1,M11,101-0,ALL,SF-101,B,202310,19,5,4970
E1,M11,101-0,A,SF-101,B,202311,20,0,1734
E1,M11,101-0,B,SF-101,B,202311,20,4,1224
E1,M11,101-0,C,SF-101,B,202311,20,1,1020
E1,M11,101-0,D,SF-101,B,202311,20,0,765
E1,M11,101-0,E,SF-101,B,202311,20,1,357
E1,M11,101-0,ALL,SF-101,B,202311,20,6,5100
E1,M11,101-0,A,SF-101,B,202312,21,0,1778
E1,M11,101-0,B,SF-101,B,202312,21,0,1255
E1,M11,101-0,C,SF-101,B,202312,21,1,1046
E1,M11,101-0,D,SF-101,B,202312,21,1,784
E1,M11,101-0,E,SF-101,B,202312,21,0,366
E1,M11,101-0,ALL,SF-101,B,202312,21,2,5230
E1,M11,101-0,A,SF-101,B,202401,22,1,1822
E1,M11,101-0,B,SF-101,B,202401,22,2,1286
E1,M11,101-0,C,SF-101,B,202401,22,0,1072
E1,M11,101-0,D,SF-101,B,202401,22,0,804
E1,M11,101-0,E,SF-101,B,202401,22,0,375
E1,M11,101-0,ALL,SF-101,B,202401,22,3,5360
E1,M11,101-0,A,SF-101,B,202402,23,4,1867
E1,M11,101-0,B,SF-101,B,202402,23,0,1318
E1,M11,101-0,C,SF-101,B,202402,23,1,1098
E1,M11,101-0,D,SF-101,B,202402,23,2,824
E1,M11,101-0,E,SF-101,B,202402,23,0,384
E1,M11,101-0,ALL,SF-101,B,202402,23,7,5490
E1,M11,101-0,A,SF-101,B,202403,24,2,1911
E1,M11,101-0,B,SF-101,B,202403,24,1,1349
E1,M11,101-0,C,SF-101,B,202403,24,1,1124
E1,M11,101-0,D,SF-101,B,202403,24,3,843
E1,M11,101-0,E,SF-101,B,202403,24,1,393
E1,M11,101-0,ALL,SF-101,B,202403,24,8,5620
E1,M11,101-0,A,SF-101,B,202404,25,1,1955
E1,M11,101-0,B,SF-101,B,202404,25,2,1380
E1,M11,101-0,C,SF-101,B,202404,25,2,1150
E1,M11,101-0,D,SF-101,B,202404,25,2,862
E1,M11,101-0,E,SF-101,B,202404,25,0,403
E1,M11,101-0,ALL,SF-101,B,202404,25,7,5750
E1,M11,101-0,A,SF-101,B,202405,26,0,1999
E1,M11,101-0,B,SF-101,B,202405,26,2,1411
E1,M11,101-0,C,SF-101,B,202405,26,1,1176
E1,M11,101-0,D,SF-101,B,202405,26,1,882
E1,M11,101-0,E,SF-101,B,202405,26,2,412
E1,M11,101-0,ALL,SF-101,B,202405,26,6,5880
E1,M11,101-0,A,SF-101,B,202406,27,1,2043
E1,M11,101-0,B,SF-101,B,202406,27,1,1442
E1,M11,101-0,C,SF-101,B,202406,27,1,1202
E1,M11,101-0,D,SF-101,B,202406,27,1,902
E1,M11,101-0,E,SF-101,B,202406,27,0,421
E1,M11,101-0,ALL,SF-101,B,202406,27,4,6010
E1,M11,101-0,A,SF-101,B,202407,28,4,2088
E1,M11,101-0,B,SF-101,B,202407,28,0,1474
E1,M11,101-0,C,SF-101,B,202407,28,0,1228
E1,M11,101-0,D,SF-101,B,202407,28,2,921
E1,M11,101-0,E,SF-101,B,202407,28,0,430
E1,M11,101-0,ALL,SF-101,B,202407,28,6,6140
E1,M11,101-0,A,SF-101,B,202408,29,1,2132
E1,M11,101-0,B,SF-101,B,202408,29,1,1505
E1,M11,101-0,C,SF-101,B,202408,29,1,1254
E1,M11,101-0,D,SF-101,B,202408,29,0,940
E1,M11,101-0,E,SF-101,B,202408,29,0,439
E1,M11,101-0,ALL,SF-101,B,202408,29,3,6270
E1,M11,101-0,A,SF-101,B,202409,30,0,2176
E1,M11,101-0,B,SF-101,B,202409,30,0,1536
E1,M11,101-0,C,SF-101,B,202409,30,2,1280
E1,M11,101-0,D,SF-101,B,202409,30,0,960
E1,M11,101-0,E,SF-101,B,202409,30,1,448
E1,M11,101-0,ALL,SF-101,B,202409,30,3,6400
E1,M11,101-0,A,SF-101,B,202410,31,5,2220
E1,M11,101-0,B,SF-101,B,202410,31,2,1567
E1,M11,101-0,C,SF-101,B,202410,31,1,1306
E1,M11,101-0,D,SF-101,B,202410,31,1,980
E1,M11,101-0,E,SF-101,B,202410,31,0,457
E1,M11,101-0,ALL,SF-101,B,202410,31,9,6530
E1,M11,101-0,A,SF-101,B,202411,32,3,2264
E1,M11,101-0,B,SF-101,B,202411,32,0,1598
E1,M11,101-0,C,SF-101,B,202411,32,3,1332
E1,M11,101-0,D,SF-101,B,202411,32,0,999
E1,M11,101-0,E,SF-101,B,202411,32,3,466
E1,M11,101-0,ALL,SF-101,B,202411,32,9,6660
E1,M11,101-0,A,SF-101,B,202412,33,0,2309
E1,M11,101-0,B,SF-101,B,202412,33,2,1630
E1,M11,101-0,C,SF-101,B,202412,33,0,1358
E1,M11,101-0,D,SF-101,B,202412,33,0,1018
E1,M11,101-0,E,SF-101,B,202412,33,1,475
E1,M11,101-0,ALL,SF-101,B,202412,33,3,6790
E1,M11,102-0,A,SF-102,B,202203,0,2,850
E1,M11,102-0,B,SF-102,B,202203,0,1,600
E1,M11,102-0,ALL,SF-102,B,202203,0,3,2500
E1,M11,102-0,A,SF-102,B,202204,1,1,894
E1,M11,102-0,B,SF-102,B,202204,1,1,631
E1,M11,102-0,D,SF-102,B,202204,1,2,394
E1,M11,102-0,ALL,SF-102,B,202204,1,4,2630
E1,M11,102-0,A,SF-102,B,202205,2,2,938
E1,M11,102-0,B,SF-102,B,202205,2,1,662
E1,M11,102-0,C,SF-102,B,202205,2,0,552
E1,M11,102-0,D,SF-102,B,202205,2,1,414
E1,M11,102-0,ALL,SF-102,B,202205,2,4,2760
E1,M11,102-0,A,SF-102,B,202206,3,1,983
E1,M11,102-0,B,SF-102,B,202206,3,0,694
E1,M11,102-0,C,SF-102,B,202206,3,1,578
E1,M11,102-0,D,SF-102,B,202206,3,0,434
E1,M11,102-0,ALL,SF-102,B,202206,3,2,2890
E1,M11,102-0,A,SF-102,B,202207,4,3,1027
E1,M11,102-0,B,SF-102,B,202207,4,1,725
E1,M11,102-0,C,SF-102,B,202207,4,1,604
E1,M11,102-0,D,SF-102,B,202207,4,0,453
E1,M11,102-0,ALL,SF-102,B,202207,4,5,3020
E1,M11,102-0,A,SF-102,B,202208,5,1,1071
E1,M11,102-0,B,SF-102,B,202208,5,0,756
E1,M11,102-0,C,SF-102,B,202208,5,0,630
E1,M11,102-0,D,SF-102,B,202208,5,0,472
E1,M11,102-0,ALL,SF-102,B,202208,5,1,3150
E1,M11,102-0,A,SF-102,B,202209,6,2,1115
E1,M11,102-0,B,SF-102,B,202209,6,0,787
E1,M11,102-0,C,SF-102,B,202209,6,1,656
E1,M11,102-0,D,SF-102,B,202209,6,0,492
E1,M11,102-0,ALL,SF-102,B,202209,6,3,3280
E1,M11,102-0,A,SF-102,B,202210,7,1,1159
E1,M11,102-0,B,SF-102,B,202210,7,3,818
E1,M11,102-0,C,SF-102,B,202210,7,2,682
E1,M11,102-0,D,SF-102,B,202210,7,0,512
E1,M11,102-0,ALL,SF-102,B,202210,7,6,3410
E1,M11,102-0,A,SF-102,B,202211,8,1,1204
E1,M11,102-0,B,SF-102,B,202211,8,1,850
E1,M11,102-0,C,SF-102,B,202211,8,0,708
E1,M11,102-0,D,SF-102,B,202211,8,0,531
E1,M11,102-0,E,SF-102,B,202211,8,0,248
E1,M11,102-0,ALL,SF-102,B,202211,8,2,3540
E1,M11,102-0,A,SF-102,B,202212,9,1,1248
E1,M11,102-0,B,SF-102,B,202212,9,3,881
E1,M11,102-0,C,SF-102,B,202212,9,1,734
E1,M11,102-0,D,SF-102,B,202212,9,1,550
E1,M11,102-0,E,SF-102,B,202212,9,0,257
E1,M11,102-0,ALL,SF-102,B,202212,9,6,3670
E1,M11,102-0,A,SF-102,B,202301,10,0,1292
E1,M11,102-0,B,SF-102,B,202301,10,0,912
E1,M11,102-0,C,SF-102,B,202301,10,0,760
E1,M11,102-0,D,SF-102,B,202301,10,1,570
E1,M11,102-0,E,SF-102,B,202301,10,0,266
E1,M11,102-0,ALL,SF-102,B,202301,10,1,3800
E1,M11,102-0,A,SF-102,B,202302,11,2,1336
E1,M11,102-0,B,SF-102,B,202302,11,2,943
E1,M11,102-0,C,SF-102,B,202302,11,1,786
E1,M11,102-0,D,SF-102,B,202302,11,1,590
E1,M11,102-0,E,SF-102,B,202302,11,0,275
E1,M11,102-0,ALL,SF-102,B,202302,11,6,3930
E1,M11,102-0,A,SF-102,B,202303,12,0,1380
E1,M11,102-0,B,SF-102,B,202303,12,1,974
E1,M11,102-0,C,SF-102,B,202303,12,2,812
E1,M11,102-0,D,SF-102,B,202303,12,0,609
E1,M11,102-0,E,SF-102,B,202303,12,0,284
E1,M11,102-0,ALL,SF-102,B,202303,12,3,4060
E1,M11,102-0,A,SF-102,B,202304,13,1,1425
E1,M11,102-0,B,SF-102,B,202304,13,1,1006
E1,M11,102-0,C,SF-102,B,202304,13,1,838
E1,M11,102-0,D,SF-102,B,202304,13,0,628
E1,M11,102-0,E,SF-102,B,202304,13,0,293
E1,M11,102-0,ALL,SF-102,B,202304,13,3,4190
E1,M11,102-0,A,SF-102,B,202305,14,2,1469
E1,M11,102-0,B,SF-102,B,202305,14,0,1037
E1,M11,102-0,C,SF-102,B,202305,14,0,864
E1,M11,102-0,D,SF-102,B,202305,14,1,648
E1,M11,102-0,E,SF-102,B,202305,14,2,302
E1,M11,102-0,ALL,SF-102,B,202305,14,5,4320
E1,M11,102-0,A,SF-102,B,202306,15,2,1513
E1,M11,102-0,B,SF-102,B,202306,15,2,1068
E1,M11,102-0,C,SF-102,B,202306,15,1,890
E1,M11,102-0,D,SF-102,B,202306,15,2,668
E1,M11,102-0,E,SF-102,B,202306,15,1,312
E1,M11,102-0,ALL,SF-102,B,202306,15,8,4450
E1,M11,102-0,A,SF-102,B,202307,16,1,1557
E1,M11,102-0,B,SF-102,B,202307,16,2,1099
E1,M11,102-0,C,SF-102,B,202307,16,1,916
E1,M11,102-0,D,SF-102,B,202307,16,1,687
E1,M11,102-0,E,SF-102,B,202307,16,0,321
E1,M11,102-0,ALL,SF-102,B,202307,16,5,4580
E1,M11,102-0,A,SF-102,B,202308,17,1,1601
E1,M11,102-0,B,SF-102,B,202308,17,1,1130
E1,M11,102-0,C,SF-102,B,202308,17,2,942
E1,M11,102-0,D,SF-102,B,202308,17,1,706
E1,M11,102-0,E,SF-102,B,202308,17,1,330
E1,M11,102-0,ALL,SF-102,B,202308,17,6,4710
E1,M11,102-0,A,SF-102,B,202309,18,2,1646
E1,M11,102-0,B,SF-102,B,202309,18,1,1162
E1,M11,102-0,C,SF-102,B,202309,18,2,968
E1,M11,102-0,D,SF-102,B,202309,18,0,726
E1,M11,102-0,E,SF-102,B,202309,18,0,339
E1,M11,102-0,ALL,SF-102,B,202309,18,5,4840
E1,M11,102-0,A,SF-102,B,202310,19,1,1690
E1,M11,102-0,B,SF-102,B,202310,19,2,1193
E1,M11,102-0,C,SF-102,B,202310,19,2,994
E1,M11,102-0,D,SF-102,B,202310,19,1,746
E1,M11,102-0,E,SF-102,B,202310,19,1,348
E1,M11,102-0,ALL,SF-102,B,202310,19,7,4970
E1,M11,102-0,A,SF-102,B,202311,20,1,1734
E1,M11,102-0,B,SF-102,B,202311,20,1,1224
E1,M11,102-0,C,SF-102,B,202311,20,4,1020
E1,M11,102-0,D,SF-102,B,202311,20,0,765
E1,M11,102-0,E,SF-102,B,202311,20,1,357
E1,M11,102-0,ALL,SF-102,B,202311,20,7,5100
E1,M11,102-0,A,SF-102,B,202312,21,1,1778
E1,M11,102-0,B,SF-102,B,202312,21,0,1255
E1,M11,102-0,C,SF-102,B,202312,21,0,1046
E1,M11,102-0,D,SF-102,B,202312,21,2,784
E1,M11,102-0,E,SF-102,B,202312,21,0,366
E1,M11,102-0,ALL,SF-102,B,202312,21,3,5230
E1,M11,102-0,A,SF-102,B,202401,22,4,1822
E1,M11,102-0,B,SF-102,B,202401,22,2,1286
E1,M11,102-0,C,SF-102,B,202401,22,1,1072
E1,M11,102-0,D,SF-102,B,202401,22,1,804
E1,M11,102-0,E,SF-102,B,202401,22,1,375
E1,M11,102-0,ALL,SF-102,B,202401,22,9,5360
E1,M11,102-0,A,SF-102,B,202402,23,2,1867
E1,M11,102-0,B,SF-102,B,202402,23,2,1318
E1,M11,102-0,C,SF-102,B,202402,23,2,1098
E1,M11,102-0,D,SF-102,B,202402,23,0,824
E1,M11,102-0,E,SF-102,B,202402,23,1,384
E1,M11,102-0,ALL,SF-102,B,202402,23,7,5490
E1,M11,102-0,A,SF-102,B,202403,24,0,1911
E1,M11,102-0,B,SF-102,B,202403,24,3,1349
E1,M11,102-0,C,SF-102,B,202403,24,1,1124
E1,M11,102-0,D,SF-102,B,202403,24,0,843
E1,M11,102-0,E,SF-102,B,202403,24,1,393
E1,M11,102-0,ALL,SF-102,B,202403,24,5,5620
E1,M11,102-0,A,SF-102,B,202404,25,5,1955
E1,M11,102-0,B,SF-102,B,202404,25,0,1380
E1,M11,102-0,C,SF-102,B,202404,25,3,1150
E1,M11,102-0,D,SF-102,B,202404,25,0,862
E1,M11,102-0,E,SF-102,B,202404,25,0,403
E1,M11,102-0,ALL,SF-102,B,202404,25,8,5750
E1,M11,102-0,A,SF-102,B,202405,26,2,1999
E1,M11,102-0,B,SF-102,B,202405,26,1,1411
E1,M11,102-0,C,SF-102,B,202405,26,0,1176
E1,M11,102-0,D,SF-102,B,202405,26,0,882
E1,M11,102-0,E,SF-102,B,202405,26,2,412
E1,M11,102-0,ALL,SF-102,B,202405,26,5,5880
E1,M11,102-0,A,SF-102,B,202406,27,0,2043
E1,M11,102-0,B,SF-102,B,202406,27,2,1442
E1,M11,102-0,C,SF-102,B,202406,27,0,1202
E1,M11,102-0,D,SF-102,B,202406,27,1,902
E1,M11,102-0,E,SF-102,B,202406,27,0,421
E1,M11,102-0,ALL,SF-102,B,202406,27,3,6010
E1,M11,102-0,A,SF-102,B,202407,28,1,2088
E1,M11,102-0,B,SF-102,B,202407,28,0,1474
E1,M11,102-0,C,SF-102,B,202407,28,4,1228
E1,M11,102-0,D,SF-102,B,202407,28,0,921
E1,M11,102-0,E,SF-102,B,202407,28,0,430
E1,M11,102-0,ALL,SF-102,B,202407,28,5,6140
E1,M11,102-0,A,SF-102,B,202408,29,0,2132
E1,M11,102-0,B,SF-102,B,202408,29,3,1505
E1,M11,102-0,C,SF-102,B,202408,29,1,1254
E1,M11,102-0,D,SF-102,B,202408,29,1,940
E1,M11,102-0,E,SF-102,B,202408,29,0,439
E1,M11,102-0,ALL,SF-102,B,202408,29,5,6270
E1,M11,102-0,A,SF-102,B,202409,30,0,2176
E1,M11,102-0,B,SF-102,B,202409,30,2,1536
E1,M11,102-0,C,SF-102,B,202409,30,2,1280
E1,M11,102-0,D,SF-102,B,202409,30,1,960
E1,M11,102-0,E,SF-102,B,202409,30,0,448
E1,M11,102-0,ALL,SF-102,B,202409,30,5,6400
E1,M11,102-0,A,SF-102,B,202410,31,2,2220
E1,M11,102-0,B,SF-102,B,202410,31,1,1567
E1,M11,102-0,C,SF-102,B,202410,31,1,1306
E1,M11,102-0,D,SF-102,B,202410,31,1,980
E1,M11,102-0,E,SF-102,B,202410,31,0,457
E1,M11,102-0,ALL,SF-102,B,202410,31,5,6530
E1,M11,102-0,A,SF-102,B,202411,32,5,2264
E1,M11,102-0,B,SF-102,B,202411,32,3,1598
E1,M11,102-0,C,SF-102,B,202411,32,2,1332
E1,M11,102-0,D,SF-102,B,202411,32,2,999
E1,M11,102-0,E,SF-102,B,202411,32,0,466
E1,M11,102-0,ALL,SF-102,B,202411,32,12,6660
E1,M11,102-0,A,SF-102,B,202412,33,5,2309
E1,M11,102-0,B,SF-102,B,202412,33,0,1630
E1,M11,102-0,C,SF-102,B,202412,33,3,1358
E1,M11,102-0,D,SF-102,B,202412,33,1,1018
E1,M11,102-0,E,SF-102,B,202412,33,0,475
E1,M11,102-0,ALL,SF-102,B,202412,33,9,6790
E1,M11,103-0,B,SF-103,B,202203,0,2,600
E1,M11,103-0,C,SF-103,B,202203,0,1,500
E1,M11,103-0,ALL,SF-103,B,202203,0,3,2500
E1,M11,103-1,B,SF-103,B,202203,0,1,600
E1,M11,103-1,ALL,SF-103,B,202203,0,1,2500
E1,M11,103-0,B,SF-103,B,202204,1,1,631
E1,M11,103-0,ALL,SF-103,B,202204,1,1,2630
E1,M11,103-1,B,SF-103,B,202204,1,1,631
E1,M11,103-1,ALL,SF-103,B,202204,1,1,2630
E1,M11,103-0,A,SF-103,B,202205,2,2,938
E1,M11,103-0,B,SF-103,B,202205,2,1,662
E1,M11,103-0,C,SF-103,B,202205,2,1,552
E1,M11,103-0,D,SF-103,B,202205,2,1,414
E1,M11,103-0,ALL,SF-103,B,202205,2,5,2760
E1,M11,103-1,A,SF-103,B,202205,2,0,938
E1,M11,103-1,B,SF-103,B,202205,2,0,662
E1,M11,103-1,C,SF-103,B,202205,2,0,552
E1,M11,103-1,D,SF-103,B,202205,2,0,414
E1,M11,103-1,ALL,SF-103,B,202205,2,0,2760
E1,M11,103-0,A,SF-103,B,202206,3,1,983
E1,M11,103-0,B,SF-103,B,202206,3,1,694
E1,M11,103-0,C,SF-103,B,202206,3,0,578
E1,M11,103-0,D,SF-103,B,202206,3,1,434
E1,M11,103-0,ALL,SF-103,B,202206,3,3,2890
E1,M11,103-1,A,SF-103,B,202206,3,0,983
E1,M11,103-1,B,SF-103,B,202206,3,0,694
E1,M11,103-1,C,SF-103,B,202206,3,0,578
E1,M11,103-1,D,SF-103,B,202206,3,0,434
E1,M11,103-1,ALL,SF-103,B,202206,3,0,2890
E1,M11,103-0,A,SF-103,B,202207,4,1,1027
E1,M11,103-0,B,SF-103,B,202207,4,1,725
E1,M11,103-0,C,SF-103,B,202207,4,0,604
E1,M11,103-0,D,SF-103,B,202207,4,1,453
E1,M11,103-0,ALL,SF-103,B,202207,4,3,3020
E1,M11,103-1,A,SF-103,B,202207,4,1,1027
E1,M11,103-1,B,SF-103,B,202207,4,1,725
E1,M11,103-1,C,SF-103,B,202207,4,0,604
E1,M11,103-1,D,SF-103,B,202207,4,0,453
E1,M11,103-1,ALL,SF-103,B,202207,4,2,3020
E1,M11,103-0,A,SF-103,B,202208,5,0,1071
E1,M11,103-0,B,SF-103,B,202208,5,1,756
E1,M11,103-0,C,SF-103,B,202208,5,0,630
E1,M11,103-0,D,SF-103,B,202208,5,0,472
E1,M11,103-0,ALL,SF-103,B,202208,5,1,3150
E1,M11,103-1,A,SF-103,B,202208,5,0,1071
E1,M11,103-1,B,SF-103,B,202208,5,0,756
E1,M11,103-1,C,SF-103,B,202208,5,1,630
E1,M11,103-1,D,SF-103,B,202208,5,0,472
E1,M11,103-1,ALL,SF-103,B,202208,5,1,3150
E1,M11,103-0,A,SF-103,B,202209,6,2,1115
E1,M11,103-0,B,SF-103,B,202209,6,0,787
E1,M11,103-0,C,SF-103,B,202209,6,0,656
E1,M11,103-0,D,SF-103,B,202209,6,0,492
E1,M11,103-0,ALL,SF-103,B,202209,6,2,3280
E1,M11,103-1,A,SF-103,B,202209,6,0,1115
E1,M11,103-1,B,SF-103,B,202209,6,0,787
E1,M11,103-1,C,SF-103,B,202209,6,1,656
E1,M11,103-1,D,SF-103,B,202209,6,0,492
E1,M11,103-1,ALL,SF-103,B,202209,6,1,3280
E1,M11,103-0,A,SF-103,B,202210,7,0,1159
E1,M11,103-0,B,SF-103,B,202210,7,0,818
E1,M11,103-0,C,SF-103,B,202210,7,0,682
E1,M11,103-0,D,SF-103,B,202210,7,0,512
E1,M11,103-0,ALL,SF-103,B,202210,7,0,3410
E1,M11,103-1,A,SF-103,B,202210,7,0,1159
E1,M11,103-1,B,SF-103,B,202210,7,0,818
E1,M11,103-1,C,SF-103,B,202210,7,0,682
E1,M11,103-1,D,SF-103,B,202210,7,0,512
E1,M11,103-1,ALL,SF-103,B,202210,7,0,3410
E1,M11,103-0,A,SF-103,B,202211,8,0,1204
E1,M11,103-0,B,SF-103,B,202211,8,0,850
E1,M11,103-0,C,SF-103,B,202211,8,0,708
E1,M11,103-0,D,SF-103,B,202211,8,0,531
E1,M11,103-0,E,SF-103,B,202211,8,0,248
E1,M11,103-0,ALL,SF-103,B,202211,8,0,3540
E1,M11,103-1,A,SF-103,B,202211,8,0,1204
E1,M11,103-1,B,SF-103,B,202211,8,0,850
E1,M11,103-1,C,SF-103,B,202211,8,1,708
E1,M11,103-1,D,SF-103,B,202211,8,0,531
E1,M11,103-1,E,SF-103,B,202211,8,0,248
E1,M11,103-1,ALL,SF-103,B,202211,8,1,3540
E1,M11,103-0,A,SF-103,B,202212,9,2,1248
E1,M11,103-0,B,SF-103,B,202212,9,0,881
E1,M11,103-0,C,SF-103,B,202212,9,0,734
E1,M11,103-0,D,SF-103,B,202212,9,2,550
E1,M11,103-0,E,SF-103,B,202212,9,0,257
E1,M11,103-0,ALL,SF-103,B,202212,9,4,3670
E1,M11,103-1,A,SF-103,B,202212,9,1,1248
E1,M11,103-1,B,SF-103,B,202212,9,0,881
E1,M11,103-1,C,SF-103,B,202212,9,2,734
E1,M11,103-1,D,SF-103,B,202212,9,1,550
E1,M11,103-1,E,SF-103,B,202212,9,1,257
E1,M11,103-1,ALL,SF-103,B,202212,9,5,3670
E1,M11,103-0,A,SF-103,B,202301,10,0,1292
E1,M11,103-0,B,SF-103,B,202301,10,1,912
E1,M11,103-0,C,SF-103,B,202301,10,0,760
E1,M11,103-0,D,SF-103,B,202301,10,2,570
E1,M11,103-0,E,SF-103,B,202301,10,0,266
E1,M11,103-0,ALL,SF-103,B,202301,10,3,3800
E1,M11,103-1,A,SF-103,B,202301,10,0,1292
E1,M11,103-1,B,SF-103,B,202301,10,1,912
E1,M11,103-1,C,SF-103,B,202301,10,1,760
E1,M11,103-1,D,SF-103,B,202301,10,0,570
E1,M11,103-1,E,SF-103,B,202301,10,1,266
E1,M11,103-1,ALL,SF-103,B,202301,10,3,3800
E1,M11,103-0,A,SF-103,B,202302,11,0,1336
E1,M11,103-0,B,SF-103,B,202302,11,0,943
E1,M11,103-0,C,SF-103,B,202302,11,1,786
E1,M11,103-0,D,SF-103,B,202302,11,0,590
E1,M11,103-0,E,SF-103,B,202302,11,0,275
E1,M11,103-0,ALL,SF-103,B,202302,11,1,3930
E1,M11,103-1,A,SF-103,B,202302,11,0,1336
E1,M11,103-1,B,SF-103,B,202302,11,0,943
E1,M11,103-1,C,SF-103,B,202302,11,0,786
E1,M11,103-1,D,SF-103,B,202302,11,1,590
E1,M11,103-1,E,SF-103,B,202302,11,0,275
E1,M11,103-1,ALL,SF-103,B,202302,11,1,3930
E1,M11,103-0,A,SF-103,B,202303,12,1,1380
E1,M11,103-0,B,SF-103,B,202303,12,0,974
E1,M11,103-0,C,SF-103,B,202303,12,1,812
E1,M11,103-0,D,SF-103,B,202303,12,0,609
E1,M11,103-0,E,SF-103,B,202303,12,0,284
E1,M11,103-0,ALL,SF-103,B,202303,12,2,4060
E1,M11,103-1,A,SF-103,B,202303,12,2,1380
E1,M11,103-1,B,SF-103,B,202303,12,0,974
E1,M11,103-1,C,SF-103,B,202303,12,1,812
E1,M11,103-1,D,SF-103,B,202303,12,2,609
E1,M11,103-1,E,SF-103,B,202303,12,0,284
E1,M11,103-1,ALL,SF-103,B,202303,12,5,4060
E1,M11,103-0,A,SF-103,B,202304,13,3,1425
E1,M11,103-0,B,SF-103,B,202304,13,0,1006
E1,M11,103-0,C,SF-103,B,202304,13,0,838
E1,M11,103-0,D,SF-103,B,202304,13,1,628
E1,M11,103-0,E,SF-103,B,202304,13,0,293
E1,M11,103-0,ALL,SF-103,B,202304,13,4,4190
E1,M11,103-1,A,SF-103,B,202304,13,2,1425
E1,M11,103-1,B,SF-103,B,202304,13,1,1006
E1,M11,103-1,C,SF-103,B,202304,13,0,838
E1,M11,103-1,D,SF-103,B,202304,13,0,628
E1,M11,103-1,E,SF-103,B,202304,13,0,293
E1,M11,103-1,ALL,SF-103,B,202304,13,3,4190
E1,M11,103-0,A,SF-103,B,202305,14,2,1469
E1,M11,103-0,B,SF-103,B,202305,14,0,1037
E1,M11,103-0,C,SF-103,B,202305,14,0,864
E1,M11,103-0,D,SF-103,B,202305,14,1,648
E1,M11,103-0,E,SF-103,B,202305,14,0,302
E1,M11,103-0,ALL,SF-103,B,202305,14,3,4320
E1,M11,103-1,A,SF-103,B,202305,14,2,1469
E1,M11,103-1,B,SF-103,B,202305,14,1,1037
E1,M11,103-1,C,SF-103,B,202305,14,0,864
E1,M11,103-1,D,SF-103,B,202305,14,1,648
E1,M11,103-1,E,SF-103,B,202305,14,0,302
E1,M11,103-1,ALL,SF-103,B,202305,14,4,4320
E1,M11,103-0,A,SF-103,B,202306,15,0,1513
E1,M11,103-0,B,SF-103,B,202306,15,2,1068
E1,M11,103-0,C,SF-103,B,202306,15,0,890
E1,M11,103-0,D,SF-103,B,202306,15,1,668
E1,M11,103-0,E,SF-103,B,202306,15,0,312
E1,M11,103-0,ALL,SF-103,B,202306,15,3,4450
E1,M11,103-1,A,SF-103,B,202306,15,1,1513
E1,M11,103-1,B,SF-103,B,202306,15,0,1068
E1,M11,103-1,C,SF-103,B,202306,15,0,890
E1,M11,103-1,D,SF-103,B,202306,15,0,668
E1,M11,103-1,E,SF-103,B,202306,15,0,312
E1,M11,103-1,ALL,SF-103,B,202306,15,1,4450
E1,M11,103-0,A,SF-103,B,202307,16,1,1557
E1,M11,103-0,B,SF-103,B,202307,16,1,1099
E1,M11,103-0,C,SF-103,B,202307,16,0,916
E1,M11,103-0,D,SF-103,B,202307,16,0,687
E1,M11,103-0,E,SF-103,B,202307,16,1,321
E1,M11,103-0,ALL,SF-103,B,202307,16,3,4580
E1,M11,103-1,A,SF-103,B,202307,16,2,1557
E1,M11,103-1,B,SF-103,B,202307,16,1,1099
E1,M11,103-1,C,SF-103,B,202307,16,0,916
E1,M11,103-1,D,SF-103,B,202307,16,0,687
E1,M11,103-1,E,SF-103,B,202307,16,0,321
E1,M11,103-1,ALL,SF-103,B,202307,16,3,4580
E1,M11,103-0,A,SF-103,B,202308,17,0,1601
E1,M11,103-0,B,SF-103,B,202308,17,1,1130
E1,M11,103-0,C,SF-103,B,202308,17,1,942
E1,M11,103-0,D,SF-103,B,202308,17,0,706
E1,M11,103-0,E,SF-103,B,202308,17,0,330
E1,M11,103-0,ALL,SF-103,B,202308,17,2,4710
E1,M11,103-1,A,SF-103,B,202308,17,2,1601
E1,M11,103-1,B,SF-103,B,202308,17,2,1130
E1,M11,103-1,C,SF-103,B,202308,17,0,942
E1,M11,103-1,D,SF-103,B,202308,17,1,706
E1,M11,103-1,E,SF-103,B,202308,17,0,330
E1,M11,103-1,ALL,SF-103,B,202308,17,5,4710
E1,M11,103-0,A,SF-103,B,202309,18,3,1646
E1,M11,103-0,B,SF-103,B,202309,18,1,1162
E1,M11,103-0,C,SF-103,B,202309,18,2,968
E1,M11,103-0,D,SF-103,B,202309,18,0,726
E1,M11,103-0,E,SF-103,B,202309,18,1,339
E1,M11,103-0,ALL,SF-103,B,202309,18,7,4840
E1,M11,103-1,A,SF-103,B,202309,18,2,1646
E1,M11,103-1,B,SF-103,B,202309,18,0,1162
E1,M11,103-1,C,SF-103,B,202309,18,1,968
E1,M11,103-1,D,SF-103,B,202309,18,0,726
E1,M11,103-1,E,SF-103,B,202309,18,1,339
E1,M11,103-1,ALL,SF-103,B,202309,18,4,4840
E1,M11,103-0,A,SF-103,B,202310,19,0,1690
E1,M11,103-0,B,SF-103,B,202310,19,1,1193
E1,M11,103-0,C,SF-103,B,202310,19,1,994
E1,M11,103-0,D,SF-103,B,202310,19,0,746
E1,M11,103-0,E,SF-103,B,202310,19,0,348
E1,M11,103-0,ALL,SF-103,B,202310,19,2,4970
E1,M11,103-1,A,SF-103,B,202310,19,2,1690
E1,M11,103-1,B,SF-103,B,202310,19,0,1193
E1,M11,103-1,C,SF-103,B,202310,19,1,994
E1,M11,103-1,D,SF-103,B,202310,19,0,746
E1,M11,103-1,E,SF-103,B,202310,19,1,348
E1,M11,103-1,ALL,SF-103,B,202310,19,4,4970
E1,M11,103-0,A,SF-103,B,202311,20,2,1734
E1,M11,103-0,B,SF-103,B,202311,20,1,1224
E1,M11,103-0,C,SF-103,B,202311,20,0,1020
E1,M11,103-0,D,SF-103,B,202311,20,0,765
E1,M11,103-0,E,SF-103,B,202311,20,0,357
E1,M11,103-0,ALL,SF-103,B,202311,20,3,5100
E1,M11,103-1,A,SF-103,B,202311,20,6,1734
E1,M11,103-1,B,SF-103,B,202311,20,0,1224
E1,M11,103-1,C,SF-103,B,202311,20,0,1020
E1,M11,103-1,D,SF-103,B,202311,20,0,765
E1,M11,103-1,E,SF-103,B,202311,20,0,357
E1,M11,103-1,ALL,SF-103,B,202311,20,6,5100
E1,M11,103-0,A,SF-103,B,202312,21,3,1778
E1,M11,103-0,B,SF-103,B,202312,21,0,1255
E1,M11,103-0,C,SF-103,B,202312,21,1,1046
E1,M11,103-0,D,SF-103,B,202312,21,1,784
E1,M11,103-0,E,SF-103,B,202312,21,0,366
E1,M11,103-0,ALL,SF-103,B,202312,21,5,5230
E1,M11,103-1,A,SF-103,B,202312,21,1,1778
E1,M11,103-1,B,SF-103,B,202312,21,0,1255
E1,M11,103-1,C,SF-103,B,202312,21,0,1046
E1,M11,103-1,D,SF-103,B,202312,21,0,784
E1,M11,103-1,E,SF-103,B,202312,21,0,366
E1,M11,103-1,ALL,SF-103,B,202312,21,1,5230
E1,M11,103-0,A,SF-103,B,202401,22,1,1822
E1,M11,103-0,B,SF-103,B,202401,22,0,1286
E1,M11,103-0,C,SF-103,B,202401,22,0,1072
E1,M11,103-0,D,SF-103,B,202401,22,0,804
E1,M11,103-0,E,SF-103,B,202401,22,0,375
E1,M11,103-0,ALL,SF-103,B,202401,22,1,5360
E1,M11,103-1,A,SF-103,B,202401,22,2,1822
E1,M11,103-1,B,SF-103,B,202401,22,1,1286
E1,M11,103-1,C,SF-103,B,202401,22,3,1072
E1,M11,103-1,D,SF-103,B,202401,22,1,804
E1,M11,103-1,E,SF-103,B,202401,22,0,375
E1,M11,103-1,ALL,SF-103,B,202401,22,7,5360
E1,M11,103-0,A,SF-103,B,202402,23,0,1867
E1,M11,103-0,B,SF-103,B,202402,23,0,1318
E1,M11,103-0,C,SF-103,B,202402,23,1,1098
E1,M11,103-0,D,SF-103,B,202402,23,0,824
E1,M11,103-0,E,SF-103,B,202402,23,1,384
E1,M11,103-0,ALL,SF-103,B,202402,23,2,5490
E1,M11,103-1,A,SF-103,B,202402,23,1,1867
E1,M11,103-1,B,SF-103,B,202402,23,2,1318
E1,M11,103-1,C,SF-103,B,202402,23,0,1098
E1,M11,103-1,D,SF-103,B,202402,23,1,824
E1,M11,103-1,E,SF-103,B,202402,23,0,384
E1,M11,103-1,ALL,SF-103,B,202402,23,4,5490
E1,M11,103-0,A,SF-103,B,202403,24,0,1911
E1,M11,103-0,B,SF-103,B,202403,24,0,1349
E1,M11,103-0,C,SF-103,B,202403,24,1,1124
E1,M11,103-0,D,SF-103,B,202403,24,1,843
E1,M11,103-0,E,SF-103,B,202403,24,1,393
E1,M11,103-0,ALL,SF-103,B,202403,24,3,5620
E1,M11,103-1,A,SF-103,B,202403,24,1,1911
E1,M11,103-1,B,SF-103,B,202403,24,1,1349
E1,M11,103-1,C,SF-103,B,202403,24,1,1124
E1,M11,103-1,D,SF-103,B,202403,24,1,843
E1,M11,103-1,E,SF-103,B,202403,24,0,393
E1,M11,103-1,ALL,SF-103,B,202403,24,4,5620
E1,M11,103-0,A,SF-103,B,202404,25,1,1955
E1,M11,103-0,B,SF-103,B,202404,25,2,1380
E1,M11,103-0,C,SF-103,B,202404,25,1,1150
E1,M11,103-0,D,SF-103,B,202404,25,2,862
E1,M11,103-0,E,SF-103,B,202404,25,0,403
E1,M11,103-0,ALL,SF-103,B,202404,25,6,5750
E1,M11,103-1,A,SF-103,B,202404,25,0,1955
E1,M11,103-1,B,SF-103,B,202404,25,0,1380
E1,M11,103-1,C,SF-103,B,202404,25,0,1150
E1,M11,103-1,D,SF-103,B,202404,25,0,862
E1,M11,103-1,E,SF-103,B,202404,25,0,403
E1,M11,103-1,ALL,SF-103,B,202404,25,0,5750
E1,M11,103-0,A,SF-103,B,202405,26,1,1999
E1,M11,103-0,B,SF-103,B,202405,26,0,1411
E1,M11,103-0,C,SF-103,B,202405,26,0,1176
E1,M11,103-0,D,SF-103,B,202405,26,1,882
E1,M11,103-0,E,SF-103,B,202405,26,0,412
E1,M11,103-0,ALL,SF-103,B,202405,26,2,5880
E1,M11,103-1,A,SF-103,B,202405,26,2,1999
E1,M11,103-1,B,SF-103,B,202405,26,3,1411
E1,M11,103-1,C,SF-103,B,202405,26,1,1176
E1,M11,103-1,D,SF-103,B,202405,26,1,882
E1,M11,103-1,E,SF-103,B,202405,26,1,412
E1,M11,103-1,ALL,SF-103,B,202405,26,8,5880
E1,M11,103-0,A,SF-103,B,202406,27,2,2043
E1,M11,103-0,B,SF-103,B,202406,27,1,1442
E1,M11,103-0,C,SF-103,B,202406,27,1,1202
E1,M11,103-0,D,SF-103,B,202406,27,0,902
E1,M11,103-0,E,SF-103,B,202406,27,0,421
E1,M11,103-0,ALL,SF-103,B,202406,27,4,6010
E1,M11,103-1,A,SF-103,B,202406,27,1,2043
E1,M11,103-1,B,SF-103,B,202406,27,0,1442
E1,M11,103-1,C,SF-103,B,202406,27,1,1202
E1,M11,103-1,D,SF-103,B,202406,27,2,902
E1,M11,103-1,E,SF-103,B,202406,27,0,421
E1,M11,103-1,ALL,SF-103,B,202406,27,4,6010
E1,M11,103-0,A,SF-103,B,202407,28,1,2088
E1,M11,103-0,B,SF-103,B,202407,28,1,1474
E1,M11,103-0,C,SF-103,B,202407,28,2,1228
E1,M11,103-0,D,SF-103,B,202407,28,0,921
E1,M11,103-0,E,SF-103,B,202407,28,0,430
E1,M11,103-0,ALL,SF-103,B,202407,28,4,6140
E1,M11,103-1,A,SF-103,B,202407,28,0,2088
E1,M11,103-1,B,SF-103,B,202407,28,0,1474
E1,M11,103-1,C,SF-103,B,202407,28,1,1228
E1,M11,103-1,D,SF-103,B,202407,28,2,921
E1,M11,103-1,E,SF-103,B,202407,28,0,430
E1,M11,103-1,ALL,SF-103,B,202407,28,3,6140
E1,M11,103-0,A,SF-103,B,202408,29,2,2132
E1,M11,103-0,B,SF-103,B,202408,29,2,1505
E1,M11,103-0,C,SF-103,B,202408,29,0,1254
E1,M11,103-0,D,SF-103,B,202408,29,1,940
E1,M11,103-0,E,SF-103,B,202408,29,0,439
E1,M11,103-0,ALL,SF-103,B,202408,29,5,6270
E1,M11,103-1,A,SF-103,B,202408,29,1,2132
E1,M11,103-1,B,SF-103,B,202408,29,0,1505
E1,M11,103-1,C,SF-103,B,202408,29,1,1254
E1,M11,103-1,D,SF-103,B,202408,29,0,940
E1,M11,103-1,E,SF-103,B,202408,29,0,439
E1,M11,103-1,ALL,SF-103,B,202408,29,2,6270
E1,M11,103-0,A,SF-103,B,202409,30,2,2176
E1,M11,103-0,B,SF-103,B,202409,30,2,1536
E1,M11,103-0,C,SF-103,B,202409,30,0,1280
E1,M11,103-0,D,SF-103,B,202409,30,0,960
E1,M11,103-0,E,SF-103,B,202409,30,0,448
E1,M11,103-0,ALL,SF-103,B,202409,30,4,6400
E1,M11,103-1,A,SF-103,B,202409,30,0,2176
E1,M11,103-1,B,SF-103,B,202409,30,0,1536
E1,M11,103-1,C,SF-103,B,202409,30,2,1280
E1,M11,103-1,D,SF-103,B,202409,30,2,960
E1,M11,103-1,E,SF-103,B,202409,30,0,448
E1,M11,103-1,ALL,SF-103,B,202409,30,4,6400
E1,M11,103-0,A,SF-103,B,202410,31,1,2220
E1,M11,103-0,B,SF-103,B,202410,31,0,1567
E1,M11,103-0,C,SF-103,B,202410,31,1,1306
E1,M11,103-0,D,SF-103,B,202410,31,5,980
E1,M11,103-0,E,SF-103,B,202410,31,1,457
E1,M11,103-0,ALL,SF-103,B,202410,31,8,6530
E1,M11,103-1,A,SF-103,B,202410,31,0,2220
E1,M11,103-1,B,SF-103,B,202410,31,0,1567
E1,M11,103-1,C,SF-103,B,202410,31,2,1306
E1,M11,103-1,D,SF-103,B,202410,31,2,980
E1,M11,103-1,E,SF-103,B,202410,31,0,457
E1,M11,103-1,ALL,SF-103,B,202410,31,4,6530
E1,M11,103-0,A,SF-103,B,202411,32,1,2264
E1,M11,103-0,B,SF-103,B,202411,32,1,1598
E1,M11,103-0,C,SF-103,B,202411,32,2,1332
E1,M11,103-0,D,SF-103,B,202411,32,0,999
E1,M11,103-0,E,SF-103,B,202411,32,0,466
E1,M11,103-0,ALL,SF-103,B,202411,32,4,6660
E1,M11,103-1,A,SF-103,B,202411,32,2,2264
E1,M11,103-1,B,SF-103,B,202411,32,3,1598
E1,M11,103-1,C,SF-103,B,202411,32,2,1332
E1,M11,103-1,D,SF-103,B,202411,32,0,999
E1,M11,103-1,E,SF-103,B,202411,32,0,466
E1,M11,103-1,ALL,SF-103,B,202411,32,7,6660
E1,M11,103-0,A,SF-103,B,202412,33,2,2309
E1,M11,103-0,B,SF-103,B,202412,33,2,1630
E1,M11,103-0,C,SF-103,B,202412,33,1,1358
E1,M11,103-0,D,SF-103,B,202412,33,0,1018
E1,M11,103-0,E,SF-103,B,202412,33,1,475
E1,M11,103-0,ALL,SF-103,B,202412,33,6,6790
E1,M11,103-1,A,SF-103,B,202412,33,3,2309
E1,M11,103-1,B,SF-103,B,202412,33,1,1630
E1,M11,103-1,C,SF-103,B,202412,33,0,1358
E1,M11,103-1,D,SF-103,B,202412,33,0,1018
E1,M11,103-1,E,SF-103,B,202412,33,0,475
E1,M11,103-1,ALL,SF-103,B,202412,33,4,6790
E1,M11,104-0,A,SF-104,B,202203,0,2,850
E1,M11,104-0,D,SF-104,B,202203,0,1,375
E1,M11,104-0,ALL,SF-104,B,202203,0,3,2500
E1,M11,104-1,A,SF-104,B,202203,0,1,850
E1,M11,104-1,D,SF-104,B,202203,0,2,375
E1,M11,104-1,ALL,SF-104,B,202203,0,3,2500
E1,M11,104-2,A,SF-104,B,202203,0,3,850
E1,M11,104-2,ALL,SF-104,B,202203,0,3,2500
E1,M11,104-0,A,SF-104,B,202204,1,2,894
E1,M11,104-0,ALL,SF-104,B,202204,1,2,2630
E1,M11,104-1,A,SF-104,B,202204,1,1,894
E1,M11,104-1,B,SF-104,B,202204,1,1,631
E1,M11,104-1,D,SF-104,B,202204,1,1,394
E1,M11,104-1,ALL,SF-104,B,202204,1,3,2630
E1,M11,104-2,C,SF-104,B,202204,1,1,526
E1,M11,104-2,D,SF-104,B,202204,1,1,394
E1,M11,104-2,ALL,SF-104,B,202204,1,2,2630
E1,M11,104-0,A,SF-104,B,202205,2,3,938
E1,M11,104-0,B,SF-104,B,202205,2,0,662
E1,M11,104-0,C,SF-104,B,202205,2,0,552
E1,M11,104-0,D,SF-104,B,202205,2,1,414
E1,M11,104-0,ALL,SF-104,B,202205,2,4,2760
E1,M11,104-1,A,SF-104,B,202205,2,1,938
E1,M11,104-1,B,SF-104,B,202205,2,0,662
E1,M11,104-1,C,SF-104,B,202205,2,1,552
E1,M11,104-1,D,SF-104,B,202205,2,0,414
E1,M11,104-1,ALL,SF-104,B,202205,2,2,2760
E1,M11,104-2,A,SF-104,B,202205,2,2,938
E1,M11,104-2,B,SF-104,B,202205,2,2,662
E1,M11,104-2,C,SF-104,B,202205,2,0,552
E1,M11,104-2,D,SF-104,B,202205,2,0,414
E1,M11,104-2,ALL,SF-104,B,202205,2,4,2760
E1,M11,104-0,A,SF-104,B,202206,3,1,983
E1,M11,104-0,B,SF-104,B,202206,3,0,694
E1,M11,104-0,C,SF-104,B,202206,3,2,578
E1,M11,104-0,D,SF-104,B,202206,3,0,434
E1,M11,104-0,ALL,SF-104,B,202206,3,3,2890
E1,M11,104-1,A,SF-104,B,202206,3,1,983
E1,M11,104-1,B,SF-104,B,202206,3,2,694
E1,M11,104-1,C,SF-104,B,202206,3,1,578
E1,M11,104-1,D,SF-104,B,202206,3,1,434
E1,M11,104-1,ALL,SF-104,B,202206,3,5,2890
E1,M11,104-2,A,SF-104,B,202206,3,1,983
E1,M11,104-2,B,SF-104,B,202206,3,1,694
E1,M11,104-2,C,SF-104,B,202206,3,1,578
E1,M11,104-2,D,SF-104,B,202206,3,0,434
E1,M11,104-2,ALL,SF-104,B,202206,3,3,2890
E1,M11,104-0,A,SF-104,B,202207,4,0,1027
E1,M11,104-0,B,SF-104,B,202207,4,0,725
E1,M11,104-0,C,SF-104,B,202207,4,2,604
E1,M11,104-0,D,SF-104,B,202207,4,0,453
E1,M11,104-0,ALL,SF-104,B,202207,4,2,3020
E1,M11,104-1,A,SF-104,B,202207,4,1,1027
E1,M11,104-1,B,SF-104,B,202207,4,0,725
E1,M11,104-1,C,SF-104,B,202207,4,1,604
E1,M11,104-1,D,SF-104,B,202207,4,0,453
E1,M11,104-1,ALL,SF-104,B,202207,4,2,3020
E1,M11,104-2,A,SF-104,B,202207,4,5,1027
E1,M11,104-2,B,SF-104,B,202207,4,1,725
E1,M11,104-2,C,SF-104,B,202207,4,1,604
E1,M11,104-2,D,SF-104,B,202207,4,0,453
E1,M11,104-2,ALL,SF-104,B,202207,4,7,3020
E1,M11,104-0,A,SF-104,B,202208,5,5,1071
E1,M11,104-0,B,SF-104,B,202208,5,0,756
E1,M11,104-0,C,SF-104,B,202208,5,1,630
E1,M11,104-0,D,SF-104,B,202208,5,0,472
E1,M11,104-0,ALL,SF-104,B,202208,5,6,3150
E1,M11,104-1,A,SF-104,B,202208,5,1,1071
E1,M11,104-1,B,SF-104,B,202208,5,3,756
E1,M11,104-1,C,SF-104,B,202208,5,1,630
E1,M11,104-1,D,SF-104,B,202208,5,0,472
E1,M11,104-1,ALL,SF-104,B,202208,5,5,3150
E1,M11,104-2,A,SF-104,B,202208,5,1,1071
E1,M11,104-2,B,SF-104,B,202208,5,0,756
E1,M11,104-2,C,SF-104,B,202208,5,0,630
E1,M11,104-2,D,SF-104,B,202208,5,1,472
E1,M11,104-2,ALL,SF-104,B,202208,5,2,3150
E1,M11,104-0,A,SF-104,B,202209,6,1,1115
E1,M11,104-0,B,SF-104,B,202209,6,0,787
E1,M11,104-0,C,SF-104,B,202209,6,0,656
E1,M11,104-0,D,SF-104,B,202209,6,0,492
E1,M11,104-0,ALL,SF-104,B,202209,6,1,3280
E1,M11,104-1,A,SF-104,B,202209,6,1,1115
E1,M11,104-1,B,SF-104,B,202209,6,1,787
E1,M11,104-1,C,SF-104,B,202209,6,0,656
E1,M11,104-1,D,SF-104,B,202209,6,0,492
E1,M11,104-1,ALL,SF-104,B,202209,6,2,3280
E1,M11,104-2,A,SF-104,B,202209,6,2,1115
E1,M11,104-2,B,SF-104,B,202209,6,0,787
E1,M11,104-2,C,SF-104,B,202209,6,1,656
E1,M11,104-2,D,SF-104,B,202209,6,0,492
E1,M11,104-2,ALL,SF-104,B,202209,6,3,3280
E1,M11,104-0,A,SF-104,B,202210,7,3,1159
E1,M11,104-0,B,SF-104,B,202210,7,0,818
E1,M11,104-0,C,SF-104,B,202210,7,0,682
E1,M11,104-0,D,SF-104,B,202210,7,0,512
E1,M11,104-0,ALL,SF-104,B,202210,7,3,3410
E1,M11,104-1,A,SF-104,B,202210,7,2,1159
E1,M11,104-1,B,SF-104,B,202210,7,1,818
E1,M11,104-1,C,SF-104,B,202210,7,0,682
E1,M11,104-1,D,SF-104,B,202210,7,1,512
E1,M11,104-1,ALL,SF-104,B,202210,7,4,3410
E1,M11,104-2,A,SF-104,B,202210,7,1,1159
E1,M11,104-2,B,SF-104,B,202210,7,0,818
E1,M11,104-2,C,SF-104,B,202210,7,1,682
E1,M11,104-2,D,SF-104,B,202210,7,1,512
E1,M11,104-2,ALL,SF-104,B,202210,7,3,3410
E1,M11,104-0,A,SF-104,B,202211,8,0,1204
E1,M11,104-0,B,SF-104,B,202211,8,1,850
E1,M11,104-0,C,SF-104,B,202211,8,1,708
E1,M11,104-0,D,SF-104,B,202211,8,0,531
E1,M11,104-0,E,SF-104,B,202211,8,0,248
E1,M11,104-0,ALL,SF-104,B,202211,8,2,3540
E1,M11,104-1,A,SF-104,B,202211,8,0,1204
E1,M11,104-1,B,SF-104,B,202211,8,1,850
E1,M11,104-1,C,SF-104,B,202211,8,1,708
E1,M11,104-1,D,SF-104,B,202211,8,0,531
E1,M11,104-1,E,SF-104,B,202211,8,0,248
E1,M11,104-1,ALL,SF-104,B,202211,8,2,3540
E1,M11,104-2,A,SF-104,B,202211,8,0,1204
E1,M11,104-2,B,SF-104,B,202211,8,1,850
E1,M11,104-2,C,SF-104,B,202211,8,3,708
E1,M11,104-2,D,SF-104,B,202211,8,1,531
E1,M11,104-2,E,SF-104,B,202211,8,0,248
E1,M11,104-2,ALL,SF-104,B,202211,8,5,3540
E1,M11,104-0,A,SF-104,B,202212,9,2,1248
E1,M11,104-0,B,SF-104,B,202212,9,2,881
E1,M11,104-0,C,SF-104,B,202212,9,1,734
E1,M11,104-0,D,SF-104,B,202212,9,0,550
E1,M11,104-0,E,SF-104,B,202212,9,0,257
E1,M11,104-0,ALL,SF-104,B,202212,9,5,3670
E1,M11,104-1,A,SF-104,B,202212,9,1,1248
E1,M11,104-1,B,SF-104,B,202212,9,0,881
E1,M11,104-1,C,SF-104,B,202212,9,1,734
E1,M11,104-1,D,SF-104,B,202212,9,0,550
E1,M11,104-1,E,SF-104,B,202212,9,0,257
E1,M11,104-1,ALL,SF-104,B,202212,9,2,3670
E1,M11,104-2,A,SF-104,B,202212,9,0,1248
E1,M11,104-2,B,SF-104,B,202212,9,0,881
E1,M11,104-2,C,SF-104,B,202212,9,1,734
E1,M11,104-2,D,SF-104,B,202212,9,2,550
E1,M11,104-2,E,SF-104,B,202212,9,0,257
E1,M11,104-2,ALL,SF-104,B,202212,9,3,3670
E1,M11,104-0,A,SF-104,B,202301,10,0,1292
E1,M11,104-0,B,SF-104,B,202301,10,1,912
E1,M11,104-0,C,SF-104,B,202301,10,2,760
E1,M11,104-0,D,SF-104,B,202301,10,0,570
E1,M11,104-0,E,SF-104,B,202301,10,0,266
E1,M11,104-0,ALL,SF-104,B,202301,10,3,3800
E1,M11,104-1,A,SF-104,B,202301,10,1,1292
E1,M11,104-1,B,SF-104,B,202301,10,0,912
E1,M11,104-1,C,SF-104,B,202301,10,1,760
E1,M11,104-1,D,SF-104,B,202301,10,2,570
E1,M11,104-1,E,SF-104,B,202301,10,0,266
E1,M11,104-1,ALL,SF-104,B,202301,10,4,3800
E1,M11,104-2,A,SF-104,B,202301,10,1,1292
E1,M11,104-2,B,SF-104,B,202301,10,1,912
E1,M11,104-2,C,SF-104,B,202301,10,0,760
E1,M11,104-2,D,SF-104,B,202301,10,0,570
E1,M11,104-2,E,SF-104,B,202301,10,1,266
E1,M11,104-2,ALL,SF-104,B,202301,10,3,3800
E1,M11,104-0,A,SF-104,B,202302,11,0,1336
E1,M11,104-0,B,SF-104,B,202302,11,0,943
E1,M11,104-0,C,SF-104,B,202302,11,2,786
E1,M11,104-0,D,SF-104,B,202302,11,0,590
E1,M11,104-0,E,SF-104,B,202302,11,0,275
E1,M11,104-0,ALL,SF-104,B,202302,11,2,3930
E1,M11,104-1,A,SF-104,B,202302,11,0,1336
E1,M11,104-1,B,SF-104,B,202302,11,1,943
E1,M11,104-1,C,SF-104,B,202302,11,0,786
E1,M11,104-1,D,SF-104,B,202302,11,2,590
E1,M11,104-1,E,SF-104,B,202302,11,0,275
E1,M11,104-1,ALL,SF-104,B,202302,11,3,3930
E1,M11,104-2,A,SF-104,B,202302,11,3,1336
E1,M11,104-2,B,SF-104,B,202302,11,0,943
E1,M11,104-2,C,SF-104,B,202302,11,0,786
E1,M11,104-2,D,SF-104,B,202302,11,1,590
E1,M11,104-2,E,SF-104,B,202302,11,0,275
E1,M11,104-2,ALL,SF-104,B,202302,11,4,3930
E1,M11,104-0,A,SF-104,B,202303,12,1,1380
E1,M11,104-0,B,SF-104,B,202303,12,0,974
E1,M11,104-0,C,SF-104,B,202303,12,0,812
E1,M11,104-0,D,SF-104,B,202303,12,1,609
E1,M11,104-0,E,SF-104,B,202303,12,1,284
E1,M11,104-0,ALL,SF-104,B,202303,12,3,4060
E1,M11,104-1,A,SF-104,B,202303,12,0,1380
E1,M11,104-1,B,SF-104,B,202303,12,1,974
E1,M11,104-1,C,SF-104,B,202303,12,1,812
E1,M11,104-1,D,SF-104,B,202303,12,3,609
E1,M11,104-1,E,SF-104,B,202303,12,0,284
E1,M11,104-1,ALL,SF-104,B,202303,12,5,4060
E1,M11,104-2,A,SF-104,B,202303,12,0,1380
E1,M11,104-2,B,SF-104,B,202303,12,1,974
E1,M11,104-2,C,SF-104,B,202303,12,1,812
E1,M11,104-2,D,SF-104,B,202303,12,0,609
E1,M11,104-2,E,SF-104,B,202303,12,0,284
E1,M11,104-2,ALL,SF-104,B,202303,12,2,4060
E1,M11,104-0,A,SF-104,B,202304,13,3,1425
E1,M11,104-0,B,SF-104,B,202304,13,3,1006
E1,M11,104-0,C,SF-104,B,202304,13,0,838
E1,M11,104-0,D,SF-104,B,202304,13,1,628
E1,M11,104-0,E,SF-104,B,202304,13,1,293
E1,M11,104-0,ALL,SF-104,B,202304,13,8,4190
E1,M11,104-1,A,SF-104,B,202304,13,3,1425
E1,M11,104-1,B,SF-104,B,202304,13,1,1006
E1,M11,104-1,C,SF-104,B,202304,13,0,838
E1,M11,104-1,D,SF-104,B,202304,13,1,628
E1,M11,104-1,E,SF-104,B,202304,13,0,293
E1,M11,104-1,ALL,SF-104,B,202304,13,5,4190
E1,M11,104-2,A,SF-104,B,202304,13,2,1425
E1,M11,104-2,B,SF-104,B,202304,13,0,1006
E1,M11,104-2,C,SF-104,B,202304,13,0,838
E1,M11,104-2,D,SF-104,B,202304,13,0,628
E1,M11,104-2,E,SF-104,B,202304,13,0,293
E1,M11,104-2,ALL,SF-104,B,202304,13,2,4190
E1,M11,104-0,A,SF-104,B,202305,14,1,1469
E1,M11,104-0,B,SF-104,B,202305,14,0,1037
E1,M11,104-0,C,SF-104,B,202305,14,0,864
E1,M11,104-0,D,SF-104,B,202305,14,0,648
E1,M11,104-0,E,SF-104,B,202305,14,1,302
E1,M11,104-0,ALL,SF-104,B,202305,14,2,4320
E1,M11,104-1,A,SF-104,B,202305,14,0,1469
E1,M11,104-1,B,SF-104,B,202305,14,1,1037
E1,M11,104-1,C,SF-104,B,202305,14,3,864
E1,M11,104-1,D,SF-104,B,202305,14,1,648
E1,M11,104-1,E,SF-104,B,202305,14,0,302
E1,M11,104-1,ALL,SF-104,B,202305,14,5,4320
E1,M11,104-2,A,SF-104,B,202305,14,4,1469
E1,M11,104-2,B,SF-104,B,202305,14,0,1037
E1,M11,104-2,C,SF-104,B,202305,14,4,864
E1,M11,104-2,D,SF-104,B,202305,14,1,648
E1,M11,104-2,E,SF-104,B,202305,14,0,302
E1,M11,104-2,ALL,SF-104,B,202305,14,9,4320
E1,M11,104-0,A,SF-104,B,202306,15,2,1513
E1,M11,104-0,B,SF-104,B,202306,15,4,1068
E1,M11,104-0,C,SF-104,B,202306,15,1,890
E1,M11,104-0,D,SF-104,B,202306,15,0,668
E1,M11,104-0,E,SF-104,B,202306,15,0,312
E1,M11,104-0,ALL,SF-104,B,202306,15,7,4450
E1,M11,104-1,A,SF-104,B,202306,15,2,1513
E1,M11,104-1,B,SF-104,B,202306,15,0,1068
E1,M11,104-1,C,SF-104,B,202306,15,1,890
E1,M11,104-1,D,SF-104,B,202306,15,0,668
E1,M11,104-1,E,SF-104,B,202306,15,0,312
E1,M11,104-1,ALL,SF-104,B,202306,15,3,4450
E1,M11,104-2,A,SF-104,B,202306,15,1,1513
E1,M11,104-2,B,SF-104,B,202306,15,3,1068
E1,M11,104-2,C,SF-104,B,202306,15,1,890
E1,M11,104-2,D,SF-104,B,202306,15,0,668
E1,M11,104-2,E,SF-104,B,202306,15,0,312
E1,M11,104-2,ALL,SF-104,B,202306,15,5,4450
E1,M11,104-0,A,SF-104,B,202307,16,1,1557
E1,M11,104-0,B,SF-104,B,202307,16,2,1099
E1,M11,104-0,C,SF-104,B,202307,16,1,916
E1,M11,104-0,D,SF-104,B,202307,16,2,687
E1,M11,104-0,E,SF-104,B,202307,16,1,321
E1,M11,104-0,ALL,SF-104,B,202307,16,7,4580
E1,M11,104-1,A,SF-104,B,202307,16,0,1557
E1,M11,104-1,B,SF-104,B,202307,16,2,1099
E1,M11,104-1,C,SF-104,B,202307,16,1,916
E1,M11,104-1,D,SF-104,B,202307,16,2,687
E1,M11,104-1,E,SF-104,B,202307,16,0,321
E1,M11,104-1,ALL,SF-104,B,202307,16,5,4580
E1,M11,104-2,A,SF-104,B,202307,16,2,1557
E1,M11,104-2,B,SF-104,B,202307,16,1,1099
E1,M11,104-2,C,SF-104,B,202307,16,2,916
E1,M11,104-2,D,SF-104,B,202307,16,0,687
E1,M11,104-2,E,SF-104,B,202307,16,0,321
E1,M11,104-2,ALL,SF-104,B,202307,16,5,4580
E1,M11,104-0,A,SF-104,B,202308,17,5,1601
E1,M11,104-0,B,SF-104,B,202308,17,0,1130
E1,M11,104-0,C,SF-104,B,202308,17,1,942
E1,M11,104-0,D,SF-104,B,202308,17,0,706
E1,M11,104-0,E,SF-104,B,202308,17,0,330
E1,M11,104-0,ALL,SF-104,B,202308,17,6,4710
E1,M11,104-1,A,SF-104,B,202308,17,3,1601
E1,M11,104-1,B,SF-104,B,202308,17,0,1130
E1,M11,104-1,C,SF-104,B,202308,17,2,942
E1,M11,104-1,D,SF-104,B,202308,17,1,706
E1,M11,104-1,E,SF-104,B,202308,17,0,330
E1,M11,104-1,ALL,SF-104,B,202308,17,6,4710
E1,M11,104-2,A,SF-104,B,202308,17,1,1601
E1,M11,104-2,B,SF-104,B,202308,17,2,1130
E1,M11,104-2,C,SF-104,B,202308,17,0,942
E1,M11,104-2,D,SF-104,B,202308,17,0,706
E1,M11,104-2,E,SF-104,B,202308,17,1,330
E1,M11,104-2,ALL,SF-104,B,202308,17,4,4710
E1,M11,104-0,A,SF-104,B,202309,18,0,1646
E1,M11,104-0,B,SF-104,B,202309,18,0,1162
E1,M11,104-0,C,SF-104,B,202309,18,2,968
E1,M11,104-0,D,SF-104,B,202309,18,0,726
E1,M11,104-0,E,SF-104,B,202309,18,1,339
E1,M11,104-0,ALL,SF-104,B,202309,18,3,4840
E1,M11,104-1,A,SF-104,B,202309,18,0,1646
E1,M11,104-1,B,SF-104,B,202309,18,2,1162
E1,M11,104-1,C,SF-104,B,202309,18,1,968
E1,M11,104-1,D,SF-104,B,202309,18,1,726
E1,M11,104-1,E,SF-104,B,202309,18,0,339
E1,M11,104-1,ALL,SF-104,B,202309,18,4,4840
E1,M11,104-2,A,SF-104,B,202309,18,0,1646
E1,M11,104-2,B,SF-104,B,202309,18,0,1162
E1,M11,104-2,C,SF-104,B,202309,18,0,968
E1,M11,104-2,D,SF-104,B,202309,18,0,726
E1,M11,104-2,E,SF-104,B,202309,18,0,339
E1,M11,104-2,ALL,SF-104,B,202309,18,0,4840
E1,M11,104-0,A,SF-104,B,202310,19,1,1690
E1,M11,104-0,B,SF-104,B,202310,19,1,1193
E1,M11,104-0,C,SF-104,B,202310,19,0,994
E1,M11,104-0,D,SF-104,B,202310,19,1,746
E1,M11,104-0,E,SF-104,B,202310,19,0,348
E1,M11,104-0,ALL,SF-104,B,202310,19,3,4970
E1,M11,104-1,A,SF-104,B,202310,19,0,1690
E1,M11,104-1,B,SF-104,B,202310,19,1,1193
E1,M11,104-1,C,SF-104,B,202310,19,1,994
E1,M11,104-1,D,SF-104,B,202310,19,1,746
E1,M11,104-1,E,SF-104,B,202310,19,0,348
E1,M11,104-1,ALL,SF-104,B,202310,19,3,4970
E1,M11,104-2,A,SF-104,B,202310,19,1,1690
E1,M11,104-2,B,SF-104,B,202310,19,2,1193
E1,M11,104-2,C,SF-104,B,202310,19,1,994
E1,M11,104-2,D,SF-104,B,202310,19,2,746
E1,M11,104-2,E,SF-104,B,202310,19,0,348
E1,M11,104-2,ALL,SF-104,B,202310,19,6,4970
E1,M11,104-0,A,SF-104,B,202311,20,3,1734
E1,M11,104-0,B,SF-104,B,202311,20,0,1224
E1,M11,104-0,C,SF-104,B,202311,20,2,1020
E1,M11,104-0,D,SF-104,B,202311,20,0,765
E1,M11,104-0,E,SF-104,B,202311,20,0,357
E1,M11,104-0,ALL,SF-104,B,202311,20,5,5100
E1,M11,104-1,A,SF-104,B,202311,20,2,1734
E1,M11,104-1,B,SF-104,B,202311,20,0,1224
E1,M11,104-1,C,SF-104,B,202311,20,0,1020
E1,M11,104-1,D,SF-104,B,202311,20,1,765
E1,M11,104-1,E,SF-104,B,202311,20,1,357
E1,M11,104-1,ALL,SF-104,B,202311,20,4,5100
E1,M11,104-2,A,SF-104,B,202311,20,2,1734
E1,M11,104-2,B,SF-104,B,202311,20,1,1224
E1,M11,104-2,C,SF-104,B,202311,20,2,1020
E1,M11,104-2,D,SF-104,B,202311,20,0,765
E1,M11,104-2,E,SF-104,B,202311,20,0,357
E1,M11,104-2,ALL,SF-104,B,202311,20,5,5100
E1,M11,104-0,A,SF-104,B,202312,21,2,1778
E1,M11,104-0,B,SF-104,B,202312,21,4,1255
E1,M11,104-0,C,SF-104,B,202312,21,0,1046
E1,M11,104-0,D,SF-104,B,202312,21,1,784
E1,M11,104-0,E,SF-104,B,202312,21,0,366
E1,M11,104-0,ALL,SF-104,B,202312,21,7,5230
E1,M11,104-1,A,SF-104,B,202312,21,3,1778
E1,M11,104-1,B,SF-104,B,202312,21,0,1255
E1,M11,104-1,C,SF-104,B,202312,21,2,1046
E1,M11,104-1,D,SF-104,B,202312,21,1,784
E1,M11,104-1,E,SF-104,B,202312,21,0,366
E1,M11,104-1,ALL,SF-104,B,202312,21,6,5230
E1,M11,104-2,A,SF-104,B,202312,21,2,1778
E1,M11,104-2,B,SF-104,B,202312,21,3,1255
E1,M11,104-2,C,SF-104,B,202312,21,2,1046
E1,M11,104-2,D,SF-104,B,202312,21,0,784
E1,M11,104-2,E,SF-104,B,202312,21,1,366
E1,M11,104-2,ALL,SF-104,B,202312,21,8,5230
E1,M11,104-0,A,SF-104,B,202401,22,1,1822
E1,M11,104-0,B,SF-104,B,202401,22,1,1286
E1,M11,104-0,C,SF-104,B,202401,22,1,1072
E1,M11,104-0,D,SF-104,B,202401,22,0,804
E1,M11,104-0,E,SF-104,B,202401,22,1,375
E1,M11,104-0,ALL,SF-104,B,202401,22,4,5360
E1,M11,104-1,A,SF-104,B,202401,22,0,1822
E1,M11,104-1,B,SF-104,B,202401,22,1,1286
E1,M11,104-1,C,SF-104,B,202401,22,0,1072
E1,M11,104-1,D,SF-104,B,202401,22,0,804
E1,M11,104-1,E,SF-104,B,202401,22,0,375
E1,M11,104-1,ALL,SF-104,B,202401,22,1,5360
E1,M11,104-2,A,SF-104,B,202401,22,2,1822
E1,M11,104-2,B,SF-104,B,202401,22,2,1286
E1,M11,104-2,C,SF-104,B,202401,22,1,1072
E1,M11,104-2,D,SF-104,B,202401,22,0,804
E1,M11,104-2,E,SF-104,B,202401,22,0,375
E1,M11,104-2,ALL,SF-104,B,202401,22,5,5360
E1,M11,104-0,A,SF-104,B,202402,23,4,1867
E1,M11,104-0,B,SF-104,B,202402,23,0,1318
E1,M11,104-0,C,SF-104,B,202402,23,0,1098
E1,M11,104-0,D,SF-104,B,202402,23,0,824
E1,M11,104-0,E,SF-104,B,202402,23,0,384
E1,M11,104-0,ALL,SF-104,B,202402,23,4,5490
E1,M11,104-1,A,SF-104,B,202402,23,2,1867
E1,M11,104-1,B,SF-104,B,202402,23,1,1318
E1,M11,104-1,C,SF-104,B,202402,23,0,1098
E1,M11,104-1,D,SF-104,B,202402,23,0,824
E1,M11,104-1,E,SF-104,B,202402,23,2,384
E1,M11,104-1,ALL,SF-104,B,202402,23,5,5490
E1,M11,104-2,A,SF-104,B,202402,23,1,1867
E1,M11,104-2,B,SF-104,B,202402,23,4,1318
E1,M11,104-2,C,SF-104,B,202402,23,1,1098
E1,M11,104-2,D,SF-104,B,202402,23,2,824
E1,M11,104-2,E,SF-104,B,202402,23,0,384
E1,M11,104-2,ALL,SF-104,B,202402,23,8,5490
E1,M11,104-0,A,SF-104,B,202403,24,1,1911
E1,M11,104-0,B,SF-104,B,202403,24,2,1349
E1,M11,104-0,C,SF-104,B,202403,24,1,1124
E1,M11,104-0,D,SF-104,B,202403,24,2,843
E1,M11,104-0,E,SF-104,B,202403,24,0,393
E1,M11,104-0,ALL,SF-104,B,202403,24,6,5620
E1,M11,104-1,A,SF-104,B,202403,24,0,1911
E1,M11,104-1,B,SF-104,B,202403,24,0,1349
E1,M11,104-1,C,SF-104,B,202403,24,4,1124
E1,M11,104-1,D,SF-104,B,202403,24,0,843
E1,M11,104-1,E,SF-104,B,202403,24,2,393
E1,M11,104-1,ALL,SF-104,B,202403,24,6,5620
E1,M11,104-2,A,SF-104,B,202403,24,3,1911
E1,M11,104-2,B,SF-104,B,202403,24,2,1349
E1,M11,104-2,C,SF-104,B,202403,24,0,1124
E1,M11,104-2,D,SF-104,B,202403,24,1,843
E1,M11,104-2,E,SF-104,B,202403,24,0,393
E1,M11,104-2,ALL,SF-104,B,202403,24,6,5620
E1,M11,104-0,A,SF-104,B,202404,25,0,1955
E1,M11,104-0,B,SF-104,B,202404,25,2,1380
E1,M11,104-0,C,SF-104,B,202404,25,3,1150
E1,M11,104-0,D,SF-104,B,202404,25,0,862
E1,M11,104-0,E,SF-104,B,202404,25,0,403
E1,M11,104-0,ALL,SF-104,B,202404,25,5,5750
E1,M11,104-1,A,SF-104,B,202404,25,3,1955
E1,M11,104-1,B,SF-104,B,202404,25,1,1380
E1,M11,104-1,C,SF-104,B,202404,25,0,1150
E1,M11,104-1,D,SF-104,B,202404,25,1,862
E1,M11,104-1,E,SF-104,B,202404,25,1,403
E1,M11,104-1,ALL,SF-104,B,202404,25,6,5750
E1,M11,104-2,A,SF-104,B,202404,25,1,1955
E1,M11,104-2,B,SF-104,B,202404,25,0,1380
E1,M11,104-2,C,SF-104,B,202404,25,2,1150
E1,M11,104-2,D,SF-104,B,202404,25,1,862
E1,M11,104-2,E,SF-104,B,202404,25,0,403
E1,M11,104-2,ALL,SF-104,B,202404,25,4,5750
E1,M11,104-0,A,SF-104,B,202405,26,1,1999
E1,M11,104-0,B,SF-104,B,202405,26,1,1411
E1,M11,104-0,C,SF-104,B,202405,26,1,1176
E1,M11,104-0,D,SF-104,B,202405,26,0,882
E1,M11,104-0,E,SF-104,B,202405,26,0,412
E1,M11,104-0,ALL,SF-104,B,202405,26,3,5880
E1,M11,104-1,A,SF-104,B,202405,26,4,1999
E1,M11,104-1,B,SF-104,B,202405,26,2,1411
E1,M11,104-1,C,SF-104,B,202405,26,2,1176
E1,M11,104-1,D,SF-104,B,202405,26,1,882
E1,M11,104-1,E,SF-104,B,202405,26,0,412
E1,M11,104-1,ALL,SF-104,B,202405,26,9,5880
E1,M11,104-2,A,SF-104,B,202405,26,0,1999
E1,M11,104-2,B,SF-104,B,202405,26,1,1411
E1,M11,104-2,C,SF-104,B,202405,26,1,1176
E1,M11,104-2,D,SF-104,B,202405,26,0,882
E1,M11,104-2,E,SF-104,B,202405,26,0,412
E1,M11,104-2,ALL,SF-104,B,202405,26,2,5880
E1,M11,104-0,A,SF-104,B,202406,27,2,2043
E1,M11,104-0,B,SF-104,B,202406,27,1,1442
E1,M11,104-0,C,SF-104,B,202406,27,0,1202
E1,M11,104-0,D,SF-104,B,202406,27,1,902
E1,M11,104-0,E,SF-104,B,202406,27,0,421
E1,M11,104-0,ALL,SF-104,B,202406,27,4,6010
E1,M11,104-1,A,SF-104,B,202406,27,1,2043
E1,M11,104-1,B,SF-104,B,202406,27,1,1442
E1,M11,104-1,C,SF-104,B,202406,27,1,1202
E1,M11,104-1,D,SF-104,B,202406,27,1,902
E1,M11,104-1,E,SF-104,B,202406,27,0,421
E1,M11,104-1,ALL,SF-104,B,202406,27,4,6010
E1,M11,104-2,A,SF-104,B,202406,27,0,2043
E1,M11,104-2,B,SF-104,B,202406,27,1,1442
E1,M11,104-2,C,SF-104,B,202406,27,1,1202
E1,M11,104-2,D,SF-104,B,202406,27,1,902
E1,M11,104-2,E,SF-104,B,202406,27,0,421
E1,M11,104-2,ALL,SF-104,B,202406,27,3,6010
E1,M11,104-0,A,SF-104,B,202407,28,2,2088
E1,M11,104-0,B,SF-104,B,202407,28,0,1474
E1,M11,104-0,C,SF-104,B,202407,28,1,1228
E1,M11,104-0,D,SF-104,B,202407,28,0,921
E1,M11,104-0,E,SF-104,B,202407,28,0,430
E1,M11,104-0,ALL,SF-104,B,202407,28,3,6140
E1,M11,104-1,A,SF-104,B,202407,28,1,2088
E1,M11,104-1,B,SF-104,B,202407,28,3,1474
E1,M11,104-1,C,SF-104,B,202407,28,2,1228
E1,M11,104-1,D,SF-104,B,202407,28,3,921
E1,M11,104-1,E,SF-104,B,202407,28,1,430
E1,M11,104-1,ALL,SF-104,B,202407,28,10,6140
E1,M11,104-2,A,SF-104,B,202407,28,0,2088
E1,M11,104-2,B,SF-104,B,202407,28,1,1474
E1,M11,104-2,C,SF-104,B,202407,28,1,1228
E1,M11,104-2,D,SF-104,B,202407,28,0,921
E1,M11,104-2,E,SF-104,B,202407,28,0,430
E1,M11,104-2,ALL,SF-104,B,202407,28,2,6140
E1,M11,104-0,A,SF-104,B,202408,29,1,2132
E1,M11,104-0,B,SF-104,B,202408,29,0,1505
E1,M11,104-0,C,SF-104,B,202408,29,2,1254
E1,M11,104-0,D,SF-104,B,202408,29,2,940
E1,M11,104-0,E,SF-104,B,202408,29,0,439
E1,M11,104-0,ALL,SF-104,B,202408,29,5,6270
E1,M11,104-1,A,SF-104,B,202408,29,1,2132
E1,M11,104-1,B,SF-104,B,202408,29,3,1505
E1,M11,104-1,C,SF-104,B,202408,29,2,1254
E1,M11,104-1,D,SF-104,B,202408,29,1,940
E1,M11,104-1,E,SF-104,B,202408,29,1,439
E1,M11,104-1,ALL,SF-104,B,202408,29,8,6270
E1,M11,104-2,A,SF-104,B,202408,29,2,2132
E1,M11,104-2,B,SF-104,B,202408,29,0,1505
E1,M11,104-2,C,SF-104,B,202408,29,4,1254
E1,M11,104-2,D,SF-104,B,202408,29,1,940
E1,M11,104-2,E,SF-104,B,202408,29,0,439
E1,M11,104-2,ALL,SF-104,B,202408,29,7,6270
E1,M11,104-0,A,SF-104,B,202409,30,1,2176
E1,M11,104-0,B,SF-104,B,202409,30,1,1536
E1,M11,104-0,C,SF-104,B,202409,30,3,1280
E1,M11,104-0,D,SF-104,B,202409,30,0,960
E1,M11,104-0,E,SF-104,B,202409,30,0,448
E1,M11,104-0,ALL,SF-104,B,202409,30,5,6400
E1,M11,104-1,A,SF-104,B,202409,30,4,2176
E1,M11,104-1,B,SF-104,B,202409,30,1,1536
E1,M11,104-1,C,SF-104,B,202409,30,1,1280
E1,M11,104-1,D,SF-104,B,202409,30,2,960
E1,M11,104-1,E,SF-104,B,202409,30,0,448
E1,M11,104-1,ALL,SF-104,B,202409,30,8,6400
E1,M11,104-2,A,SF-104,B,202409,30,1,2176
E1,M11,104-2,B,SF-104,B,202409,30,3,1536
E1,M11,104-2,C,SF-104,B,202409,30,2,1280
E1,M11,104-2,D,SF-104,B,202409,30,1,960
E1,M11,104-2,E,SF-104,B,202409,30,3,448
E1,M11,104-2,ALL,SF-104,B,202409,30,10,6400
E1,M11,104-0,A,SF-104,B,202410,31,3,2220
E1,M11,104-0,B,SF-104,B,202410,31,2,1567
E1,M11,104-0,C,SF-104,B,202410,31,1,1306
E1,M11,104-0,D,SF-104,B,202410,31,3,980
E1,M11,104-0,E,SF-104,B,202410,31,0,457
E1,M11,104-0,ALL,SF-104,B,202410,31,9,6530
E1,M11,104-1,A,SF-104,B,202410,31,4,2220
E1,M11,104-1,B,SF-104,B,202410,31,5,1567
E1,M11,104-1,C,SF-104,B,202410,31,0,1306
E1,M11,104-1,D,SF-104,B,202410,31,0,980
E1,M11,104-1,E,SF-104,B,202410,31,1,457
E1,M11,104-1,ALL,SF-104,B,202410,31,10,6530
E1,M11,104-2,A,SF-104,B,202410,31,3,2220
E1,M11,104-2,B,SF-104,B,202410,31,2,1567
E1,M11,104-2,C,SF-104,B,202410,31,1,1306
E1,M11,104-2,D,SF-104,B,202410,31,0,980
E1,M11,104-2,E,SF-104,B,202410,31,0,457
E1,M11,104-2,ALL,SF-104,B,202410,31,6,6530
E1,M11,104-0,A,SF-104,B,202411,32,1,2264
E1,M11,104-0,B,SF-104,B,202411,32,1,1598
E1,M11,104-0,C,SF-104,B,202411,32,0,1332
E1,M11,104-0,D,SF-104,B,202411,32,1,999
E1,M11,104-0,E,SF-104,B,202411,32,0,466
E1,M11,104-0,ALL,SF-104,B,202411,32,3,6660
E1,M11,104-1,A,SF-104,B,202411,32,2,2264
E1,M11,104-1,B,SF-104,B,202411,32,2,1598
E1,M11,104-1,C,SF-104,B,202411,32,1,1332
E1,M11,104-1,D,SF-104,B,202411,32,2,999
E1,M11,104-1,E,SF-104,B,202411,32,0,466
E1,M11,104-1,ALL,SF-104,B,202411,32,7,6660
E1,M11,104-2,A,SF-104,B,202411,32,1,2264
E1,M11,104-2,B,SF-104,B,202411,32,3,1598
E1,M11,104-2,C,SF-104,B,202411,32,2,1332
E1,M11,104-2,D,SF-104,B,202411,32,0,999
E1,M11,104-2,E,SF-104,B,202411,32,0,466
E1,M11,104-2,ALL,SF-104,B,202411,32,6,6660
E1,M11,104-0,A,SF-104,B,202412,33,3,2309
E1,M11,104-0,B,SF-104,B,202412,33,1,1630
E1,M11,104-0,C,SF-104,B,202412,33,1,1358
E1,M11,104-0,D,SF-104,B,202412,33,2,1018
E1,M11,104-0,E,SF-104,B,202412,33,0,475
E1,M11,104-0,ALL,SF-104,B,202412,33,7,6790
E1,M11,104-1,A,SF-104,B,202412,33,1,2309
E1,M11,104-1,B,SF-104,B,202412,33,0,1630
E1,M11,104-1,C,SF-104,B,202412,33,2,1358
E1,M11,104-1,D,SF-104,B,202412,33,4,1018
E1,M11,104-1,E,SF-104,B,202412,33,1,475
E1,M11,104-1,ALL,SF-104,B,202412,33,8,6790
E1,M11,104-2,A,SF-104,B,202412,33,1,2309
E1,M11,104-2,B,SF-104,B,202412,33,2,1630
E1,M11,104-2,C,SF-104,B,202412,33,2,1358
E1,M11,104-2,D,SF-104,B,202412,33,1,1018
E1,M11,104-2,E,SF-104,B,202412,33,0,475
E1,M11,104-2,ALL,SF-104,B,202412,33,6,6790
E1,M11,105-0,ALL,SF-105,B,202203,0,0,2500
E1,M11,105-0,A,SF-105,B,202204,1,1,894
E1,M11,105-0,B,SF-105,B,202204,1,1,631
E1,M11,105-0,C,SF-105,B,202204,1,1,526
E1,M11,105-0,ALL,SF-105,B,202204,1,3,2630
E1,M11,105-0,A,SF-105,B,202205,2,0,938
E1,M11,105-0,B,SF-105,B,202205,2,1,662
E1,M11,105-0,C,SF-105,B,202205,2,1,552
E1,M11,105-0,D,SF-105,B,202205,2,1,414
E1,M11,105-0,ALL,SF-105,B,202205,2,3,2760
E1,M11,105-0,A,SF-105,B,202206,3,1,983
E1,M11,105-0,B,SF-105,B,202206,3,0,694
E1,M11,105-0,C,SF-105,B,202206,3,0,578
E1,M11,105-0,D,SF-105,B,202206,3,0,434
E1,M11,105-0,ALL,SF-105,B,202206,3,1,2890
E1,M11,105-0,A,SF-105,B,202207,4,0,1027
E1,M11,105-0,B,SF-105,B,202207,4,1,725
E1,M11,105-0,C,SF-105,B,202207,4,0,604
E1,M11,105-0,D,SF-105,B,202207,4,0,453
E1,M11,105-0,ALL,SF-105,B,202207,4,1,3020
E1,M11,105-0,A,SF-105,B,202208,5,0,1071
E1,M11,105-0,B,SF-105,B,202208,5,0,756
E1,M11,105-0,C,SF-105,B,202208,5,0,630
E1,M11,105-0,D,SF-105,B,202208,5,0,472
E1,M11,105-0,ALL,SF-105,B,202208,5,0,3150
E1,M11,105-0,A,SF-105,B,202209,6,0,1115
E1,M11,105-0,B,SF-105,B,202209,6,0,787
E1,M11,105-0,C,SF-105,B,202209,6,1,656
E1,M11,105-0,D,SF-105,B,202209,6,0,492
E1,M11,105-0,ALL,SF-105,B,202209,6,1,3280
E1,M11,105-0,A,SF-105,B,202210,7,0,1159
E1,M11,105-0,B,SF-105,B,202210,7,0,818
E1,M11,105-0,C,SF-105,B,202210,7,0,682
E1,M11,105-0,D,SF-105,B,202210,7,1,512
E1,M11,105-0,ALL,SF-105,B,202210,7,1,3410
E1,M11,105-0,A,SF-105,B,202211,8,0,1204
E1,M11,105-0,B,SF-105,B,202211,8,0,850
E1,M11,105-0,C,SF-105,B,202211,8,1,708
E1,M11,105-0,D,SF-105,B,202211,8,0,531
E1,M11,105-0,E,SF-105,B,202211,8,0,248
E1,M11,105-0,ALL,SF-105,B,202211,8,1,3540
E1,M11,105-0,A,SF-105,B,202212,9,0,1248
E1,M11,105-0,B,SF-105,B,202212,9,0,881
E1,M11,105-0,C,SF-105,B,202212,9,0,734
E1,M11,105-0,D,SF-105,B,202212,9,0,550
E1,M11,105-0,E,SF-105,B,202212,9,0,257
E1,M11,105-0,ALL,SF-105,B,202212,9,0,3670
E1,M11,105-0,A,SF-105,B,202301,10,0,1292
E1,M11,105-0,B,SF-105,B,202301,10,1,912
E1,M11,105-0,C,SF-105,B,202301,10,0,760
E1,M11,105-0,D,SF-105,B,202301,10,0,570
E1,M11,105-0,E,SF-105,B,202301,10,0,266
E1,M11,105-0,ALL,SF-105,B,202301,10,1,3800
E1,M11,105-0,A,SF-105,B,202302,11,0,1336
E1,M11,105-0,B,SF-105,B,202302,11,0,943
E1,M11,105-0,C,SF-105,B,202302,11,0,786
E1,M11,105-0,D,SF-105,B,202302,11,0,590
E1,M11,105-0,E,SF-105,B,202302,11,0,275
E1,M11,105-0,ALL,SF-105,B,202302,11,0,3930
E1,M11,105-0,A,SF-105,B,202303,12,1,1380
E1,M11,105-0,B,SF-105,B,202303,12,0,974
E1,M11,105-0,C,SF-105,B,202303,12,0,812
E1,M11,105-0,D,SF-105,B,202303,12,0,609
E1,M11,105-0,E,SF-105,B,202303,12,0,284
E1,M11,105-0,ALL,SF-105,B,202303,12,1,4060
E1,M11,105-0,A,SF-105,B,202304,13,0,1425
E1,M11,105-0,B,SF-105,B,202304,13,0,1006
E1,M11,105-0,C,SF-105,B,202304,13,1,838
E1,M11,105-0,D,SF-105,B,202304,13,0,628
E1,M11,105-0,E,SF-105,B,202304,13,0,293
E1,M11,105-0,ALL,SF-105,B,202304,13,1,4190
E1,M11,105-0,A,SF-105,B,202305,14,0,1469
E1,M11,105-0,B,SF-105,B,202305,14,0,1037
E1,M11,105-0,C,SF-105,B,202305,14,0,864
E1,M11,105-0,D,SF-105,B,202305,14,0,648
E1,M11,105-0,E,SF-105,B,202305,14,0,302
E1,M11,105-0,ALL,SF-105,B,202305,14,0,4320
E1,M11,105-0,A,SF-105,B,202306,15,0,1513
E1,M11,105-0,B,SF-105,B,202306,15,0,1068
E1,M11,105-0,C,SF-105,B,202306,15,0,890
E1,M11,105-0,D,SF-105,B,202306,15,0,668
E1,M11,105-0,E,SF-105,B,202306,15,0,312
E1,M11,105-0,ALL,SF-105,B,202306,15,0,4450
E1,M11,105-0,A,SF-105,B,202307,16,0,1557
E1,M11,105-0,B,SF-105,B,202307,16,0,1099
E1,M11,105-0,C,SF-105,B,202307,16,0,916
E1,M11,105-0,D,SF-105,B,202307,16,0,687
E1,M11,105-0,E,SF-105,B,202307,16,0,321
E1,M11,105-0,ALL,SF-105,B,202307,16,0,4580
E1,M11,105-0,A,SF-105,B,202308,17,1,1601
E1,M11,105-0,B,SF-105,B,202308,17,2,1130
E1,M11,105-0,C,SF-105,B,202308,17,1,942
E1,M11,105-0,D,SF-105,B,202308,17,0,706
E1,M11,105-0,E,SF-105,B,202308,17,0,330
E1,M11,105-0,ALL,SF-105,B,202308,17,4,4710
E1,M11,105-0,A,SF-105,B,202309,18,1,1646
E1,M11,105-0,B,SF-105,B,202309,18,1,1162
E1,M11,105-0,C,SF-105,B,202309,18,1,968
E1,M11,105-0,D,SF-105,B,202309,18,0,726
E1,M11,105-0,E,SF-105,B,202309,18,0,339
E1,M11,105-0,ALL,SF-105,B,202309,18,3,4840
E1,M11,105-0,A,SF-105,B,202310,19,0,1690
E1,M11,105-0,B,SF-105,B,202310,19,0,1193
E1,M11,105-0,C,SF-105,B,202310,19,1,994
E1,M11,105-0,D,SF-105,B,202310,19,1,746
E1,M11,105-0,E,SF-105,B,202310,19,0,348
E1,M11,105-0,ALL,SF-105,B,202310,19,2,4970
E1,M11,105-0,A,SF-105,B,202311,20,0,1734
E1,M11,105-0,B,SF-105,B,202311,20,0,1224
E1,M11,105-0,C,SF-105,B,202311,20,2,1020
E1,M11,105-0,D,SF-105,B,202311,20,0,765
E1,M11,105-0,E,SF-105,B,202311,20,0,357
E1,M11,105-0,ALL,SF-105,B,202311,20,2,5100
E1,M11,105-0,A,SF-105,B,202312,21,0,1778
E1,M11,105-0,B,SF-105,B,202312,21,0,1255
E1,M11,105-0,C,SF-105,B,202312,21,0,1046
E1,M11,105-0,D,SF-105,B,202312,21,0,784
E1,M11,105-0,E,SF-105,B,202312,21,0,366
E1,M11,105-0,ALL,SF-105,B,202312,21,0,5230
E1,M11,105-0,A,SF-105,B,202401,22,0,1822
E1,M11,105-0,B,SF-105,B,202401,22,0,1286
E1,M11,105-0,C,SF-105,B,202401,22,0,1072
E1,M11,105-0,D,SF-105,B,202401,22,0,804
E1,M11,105-0,E,SF-105,B,202401,22,0,375
E1,M11,105-0,ALL,SF-105,B,202401,22,0,5360
E1,M11,105-0,A,SF-105,B,202402,23,0,1867
E1,M11,105-0,B,SF-105,B,202402,23,0,1318
E1,M11,105-0,C,SF-105,B,202402,23,1,1098
E1,M11,105-0,D,SF-105,B,202402,23,0,824
E1,M11,105-0,E,SF-105,B,202402,23,0,384
E1,M11,105-0,ALL,SF-105,B,202402,23,1,5490
E1,M11,105-0,A,SF-105,B,202403,24,0,1911
E1,M11,105-0,B,SF-105,B,202403,24,0,1349
E1,M11,105-0,C,SF-105,B,202403,24,0,1124
E1,M11,105-0,D,SF-105,B,202403,24,1,843
E1,M11,105-0,E,SF-105,B,202403,24,0,393
E1,M11,105-0,ALL,SF-105,B,202403,24,1,5620
E1,M11,105-0,A,SF-105,B,202404,25,0,1955
E1,M11,105-0,B,SF-105,B,202404,25,0,1380
E1,M11,105-0,C,SF-105,B,202404,25,1,1150
E1,M11,105-0,D,SF-105,B,202404,25,0,862
E1,M11,105-0,E,SF-105,B,202404,25,0,403
E1,M11,105-0,ALL,SF-105,B,202404,25,1,5750
E1,M11,105-0,A,SF-105,B,202405,26,1,1999
E1,M11,105-0,B,SF-105,B,202405,26,0,1411
E1,M11,105-0,C,SF-105,B,202405,26,0,1176
E1,M11,105-0,D,SF-105,B,202405,26,0,882
E1,M11,105-0,E,SF-105,B,202405,26,0,412
E1,M11,105-0,ALL,SF-105,B,202405,26,1,5880
E1,M11,105-0,A,SF-105,B,202406,27,1,2043
E1,M11,105-0,B,SF-105,B,202406,27,0,1442
E1,M11,105-0,C,SF-105,B,202406,27,0,1202
E1,M11,105-0,D,SF-105,B,202406,27,1,902
E1,M11,105-0,E,SF-105,B,202406,27,0,421
E1,M11,105-0,ALL,SF-105,B,202406,27,2,6010
E1,M11,105-0,A,SF-105,B,202407,28,0,2088
E1,M11,105-0,B,SF-105,B,202407,28,1,1474
E1,M11,105-0,C,SF-105,B,202407,28,1,1228
E1,M11,105-0,D,SF-105,B,202407,28,0,921
E1,M11,105-0,E,SF-105,B,202407,28,0,430
E1,M11,105-0,ALL,SF-105,B,202407,28,2,6140
E1,M11,105-0,A,SF-105,B,202408,29,3,2132
E1,M11,105-0,B,SF-105,B,202408,29,0,1505
E1,M11,105-0,C,SF-105,B,202408,29,0,1254
E1,M11,105-0,D,SF-105,B,202408,29,0,940
E1,M11,105-0,E,SF-105,B,202408,29,1,439
E1,M11,105-0,ALL,SF-105,B,202408,29,4,6270
E1,M11,105-0,A,SF-105,B,202409,30,0,2176
E1,M11,105-0,B,SF-105,B,202409,30,0,1536
E1,M11,105-0,C,SF-105,B,202409,30,0,1280
E1,M11,105-0,D,SF-105,B,202409,30,0,960
E1,M11,105-0,E,SF-105,B,202409,30,0,448
E1,M11,105-0,ALL,SF-105,B,202409,30,0,6400
E1,M11,105-0,A,SF-105,B,202410,31,0,2220
E1,M11,105-0,B,SF-105,B,202410,31,0,1567
E1,M11,105-0,C,SF-105,B,202410,31,0,1306
E1,M11,105-0,D,SF-105,B,202410,31,0,980
E1,M11,105-0,E,SF-105,B,202410,31,0,457
E1,M11,105-0,ALL,SF-105,B,202410,31,0,6530
E1,M11,105-0,A,SF-105,B,202411,32,1,2264
E1,M11,105-0,B,SF-105,B,202411,32,0,1598
E1,M11,105-0,C,SF-105,B,202411,32,2,1332
E1,M11,105-0,D,SF-105,B,202411,32,0,999
E1,M11,105-0,E,SF-105,B,202411,32,0,466
E1,M11,105-0,ALL,SF-105,B,202411,32,3,6660
E1,M11,105-0,A,SF-105,B,202412,33,1,2309
E1,M11,105-0,B,SF-105,B,202412,33,0,1630
E1,M11,105-0,C,SF-105,B,202412,33,2,1358
E1,M11,105-0,D,SF-105,B,202412,33,0,1018
E1,M11,105-0,E,SF-105,B,202412,33,0,475
E1,M11,105-0,ALL,SF-105,B,202412,33,3,6790
E1,M12,100-0,ALL,SF-100,B,202205,0,0,2500
E1,M12,100-0,C,SF-100,B,202206,1,1,526
E1,M12,100-0,ALL,SF-100,B,202206,1,1,2630
E1,M12,100-0,A,SF-100,B,202207,2,1,938
E1,M12,100-0,B,SF-100,B,202207,2,0,662
E1,M12,100-0,C,SF-100,B,202207,2,0,552
E1,M12,100-0,D,SF-100,B,202207,2,0,414
E1,M12,100-0,ALL,SF-100,B,202207,2,1,2760
E1,M12,100-0,A,SF-100,B,202208,3,1,983
E1,M12,100-0,B,SF-100,B,202208,3,1,694
E1,M12,100-0,C,SF-100,B,202208,3,2,578
E1,M12,100-0,D,SF-100,B,202208,3,1,434
E1,M12,100-0,ALL,SF-100,B,202208,3,5,2890
E1,M12,100-0,A,SF-100,B,202209,4,1,1027
E1,M12,100-0,B,SF-100,B,202209,4,0,725
E1,M12,100-0,C,SF-100,B,202209,4,1,604
E1,M12,100-0,D,SF-100,B,202209,4,0,453
E1,M12,100-0,ALL,SF-100,B,202209,4,2,3020
E1,M12,100-0,A,SF-100,B,202210,5,2,1071
E1,M12,100-0,B,SF-100,B,202210,5,0,756
E1,M12,100-0,C,SF-100,B,202210,5,0,630
E1,M12,100-0,D,SF-100,B,202210,5,1,472
E1,M12,100-0,ALL,SF-100,B,202210,5,3,3150
E1,M12,100-0,A,SF-100,B,202211,6,2,1115
E1,M12,100-0,B,SF-100,B,202211,6,2,787
E1,M12,100-0,C,SF-100,B,202211,6,1,656
E1,M12,100-0,D,SF-100,B,202211,6,1,492
E1,M12,100-0,ALL,SF-100,B,202211,6,6,3280
E1,M12,100-0,A,SF-100,B,202212,7,1,1159
E1,M12,100-0,B,SF-100,B,202212,7,2,818
E1,M12,100-0,C,SF-100,B,202212,7,1,682
E1,M12,100-0,D,SF-100,B,202212,7,0,512
E1,M12,100-0,ALL,SF-100,B,202212,7,4,3410
E1,M12,100-0,A,SF-100,B,202301,8,0,1204
E1,M12,100-0,B,SF-100,B,202301,8,1,850
E1,M12,100-0,C,SF-100,B,202301,8,1,708
E1,M12,100-0,D,SF-100,B,202301,8,1,531
E1,M12,100-0,E,SF-100,B,202301,8,0,248
E1,M12,100-0,ALL,SF-100,B,202301,8,3,3540
E1,M12,100-0,A,SF-100,B,202302,9,1,1248
E1,M12,100-0,B,SF-100,B,202302,9,0,881
E1,M12,100-0,C,SF-100,B,202302,9,0,734
E1,M12,100-0,D,SF-100,B,202302,9,1,550
E1,M12,100-0,E,SF-100,B,202302,9,1,257
E1,M12,100-0,ALL,SF-100,B,202302,9,3,3670
E1,M12,100-0,A,SF-100,B,202303,10,0,1292
E1,M12,100-0,B,SF-100,B,202303,10,1,912
E1,M12,100-0,C,SF-100,B,202303,10,1,760
E1,M12,100-0,D,SF-100,B,202303,10,4,570
E1,M12,100-0,E,SF-100,B,202303,10,0,266
E1,M12,100-0,ALL,SF-100,B,202303,10,6,3800
E1,M12,100-0,A,SF-100,B,202304,11,2,1336
E1,M12,100-0,B,SF-100,B,202304,11,1,943
E1,M12,100-0,C,SF-100,B,202304,11,2,786
E1,M12,100-0,D,SF-100,B,202304,11,1,590
E1,M12,100-0,E,SF-100,B,202304,11,1,275
E1,M12,100-0,ALL,SF-100,B,202304,11,7,3930
E1,M12,100-0,A,SF-100,B,202305,12,2,1380
E1,M12,100-0,B,SF-100,B,202305,12,0,974
E1,M12,100-0,C,SF-100,B,202305,12,0,812
E1,M12,100-0,D,SF-100,B,202305,12,0,609
E1,M12,100-0,E,SF-100,B,202305,12,0,284
E1,M12,100-0,ALL,SF-100,B,202305,12,2,4060
E1,M12,100-0,A,SF-100,B,202306,13,0,1425
E1,M12,100-0,B,SF-100,B,202306,13,0,1006
E1,M12,100-0,C,SF-100,B,202306,13,2,838
E1,M12,100-0,D,SF-100,B,202306,13,0,628
E1,M12,100-0,E,SF-100,B,202306,13,0,293
E1,M12,100-0,ALL,SF-100,B,202306,13,2,4190
E1,M12,100-0,A,SF-100,B,202307,14,3,1469
E1,M12,100-0,B,SF-100,B,202307,14,0,1037
E1,M12,100-0,C,SF-100,B,202307,14,1,864
E1,M12,100-0,D,SF-100,B,202307,14,2,648
E1,M12,100-0,E,SF-100,B,202307,14,0,302
E1,M12,100-0,ALL,SF-100,B,202307,14,6,4320
E1,M12,100-0,A,SF-100,B,202308,15,2,1513
E1,M12,100-0,B,SF-100,B,202308,15,0,1068
E1,M12,100-0,C,SF-100,B,202308,15,2,890
E1,M12,100-0,D,SF-100,B,202308,15,0,668
E1,M12,100-0,E,SF-100,B,202308,15,1,312
E1,M12,100-0,ALL,SF-100,B,202308,15,5,4450
E1,M12,100-0,A,SF-100,B,202309,16,1,1557
E1,M12,100-0,B,SF-100,B,202309,16,2,1099
E1,M12,100-0,C,SF-100,B,202309,16,1,916
E1,M12,100-0,D,SF-100,B,202309,16,0,687
E1,M12,100-0,E,SF-100,B,202309,16,0,321
E1,M12,100-0,ALL,SF-100,B,202309,16,4,4580
E1,M12,100-0,A,SF-100,B,202310,17,5,1601
E1,M12,100-0,B,SF-100,B,202310,17,2,1130
E1,M12,100-0,C,SF-100,B,202310,17,0,942
E1,M12,100-0,D,SF-100,B,202310,17,0,706
E1,M12,100-0,E,SF-100,B,202310,17,1,330
E1,M12,100-0,ALL,SF-100,B,202310,17,8,4710
E1,M12,100-0,A,SF-100,B,202311,18,2,1646
E1,M12,100-0,B,SF-100,B,202311,18,2,1162
E1,M12,100-0,C,SF-100,B,202311,18,2,968
E1,M12,100-0,D,SF-100,B,202311,18,1,726
E1,M12,100-0,E,SF-100,B,202311,18,1,339
E1,M12,100-0,ALL,SF-100,B,202311,18,8,4840
E1,M12,100-0,A,SF-100,B,202312,19,5,1690
E1,M12,100-0,B,SF-100,B,202312,19,1,1193
E1,M12,100-0,C,SF-100,B,202312,19,0,994
E1,M12,100-0,D,SF-100,B,202312,19,1,746
E1,M12,100-0,E,SF-100,B,202312,19,0,348
E1,M12,100-0,ALL,SF-100,B,202312,19,7,4970
E1,M12,100-0,A,SF-100,B,202401,20,3,1734
E1,M12,100-0,B,SF-100,B,202401,20,2,1224
E1,M12,100-0,C,SF-100,B,202401,20,1,1020
E1,M12,100-0,D,SF-100,B,202401,20,1,765
E1,M12,100-0,E,SF-100,B,202401,20,0,357
E1,M12,100-0,ALL,SF-100,B,202401,20,7,5100
E1,M12,100-0,A,SF-100,B,202402,21,3,1778
E1,M12,100-0,B,SF-100,B,202402,21,4,1255
E1,M12,100-0,C,SF-100,B,202402,21,2,1046
E1,M12,100-0,D,SF-100,B,202402,21,1,784
E1,M12,100-0,E,SF-100,B,202402,21,0,366
E1,M12,100-0,ALL,SF-100,B,202402,21,10,5230
E1,M12,100-0,A,SF-100,B,202403,22,3,1822
E1,M12,100-0,B,SF-100,B,202403,22,1,1286
E1,M12,100-0,C,SF-100,B,202403,22,0,1072
E1,M12,100-0,D,SF-100,B,202403,22,0,804
E1,M12,100-0,E,SF-100,B,202403,22,0,375
E1,M12,100-0,ALL,SF-100,B,202403,22,4,5360
E1,M12,100-0,A,SF-100,B,202404,23,2,1867
E1,M12,100-0,B,SF-100,B,202404,23,3,1318
E1,M12,100-0,C,SF-100,B,202404,23,0,1098
E1,M12,100-0,D,SF-100,B,202404,23,0,824
E1,M12,100-0,E,SF-100,B,202404,23,0,384
E1,M12,100-0,ALL,SF-100,B,202404,23,5,5490
E1,M12,100-0,A,SF-100,B,202405,24,4,1911
E1,M12,100-0,B,SF-100,B,202405,24,1,1349
E1,M12,100-0,C,SF-100,B,202405,24,1,1124
E1,M12,100-0,D,SF-100,B,202405,24,0,843
E1,M12,100-0,E,SF-100,B,202405,24,0,393
E1,M12,100-0,ALL,SF-100,B,202405,24,6,5620
E1,M12,100-0,A,SF-100,B,202406,25,2,1955
E1,M12,100-0,B,SF-100,B,202406,25,2,1380
E1,M12,100-0,C,SF-100,B,202406,25,1,1150
E1,M12,100-0,D,SF-100,B,202406,25,1,862
E1,M12,100-0,E,SF-100,B,202406,25,1,403
E1,M12,100-0,ALL,SF-100,B,202406,25,7,5750
E1,M12,100-0,A,SF-100,B,202407,26,4,1999
E1,M12,100-0,B,SF-100,B,202407,26,0,1411
E1,M12,100-0,C,SF-100,B,202407,26,0,1176
E1,M12,100-0,D,SF-100,B,202407,26,3,882
E1,M12,100-0,E,SF-100,B,202407,26,0,412
E1,M12,100-0,ALL,SF-100,B,202407,26,7,5880
E1,M12,100-0,A,SF-100,B,202408,27,3,2043
E1,M12,100-0,B,SF-100,B,202408,27,0,1442
E1,M12,100-0,C,SF-100,B,202408,27,2,1202
E1,M12,100-0,D,SF-100,B,202408,27,1,902
E1,M12,100-0,E,SF-100,B,202408,27,1,421
E1,M12,100-0,ALL,SF-100,B,202408,27,7,6010
E1,M12,100-0,A,SF-100,B,202409,28,2,2088
E1,M12,100-0,B,SF-100,B,202409,28,2,1474
E1,M12,100-0,C,SF-100,B,202409,28,2,1228
E1,M12,100-0,D,SF-100,B,202409,28,2,921
E1,M12,100-0,E,SF-100,B,202409,28,0,430
E1,M12,100-0,ALL,SF-100,B,202409,28,8,6140
E1,M12,100-0,A,SF-100,B,202410,29,4,2132
E1,M12,100-0,B,SF-100,B,202410,29,4,1505
E1,M12,100-0,C,SF-100,B,202410,29,3,1254
E1,M12,100-0,D,SF-100,B,202410,29,0,940
E1,M12,100-0,E,SF-100,B,202410,29,0,439
E1,M12,100-0,ALL,SF-100,B,202410,29,11,6270
E1,M12,100-0,A,SF-100,B,202411,30,3,2176
E1,M12,100-0,B,SF-100,B,202411,30,1,1536
E1,M12,100-0,C,SF-100,B,202411,30,2,1280
E1,M12,100-0,D,SF-100,B,202411,30,0,960
E1,M12,100-0,E,SF-100,B,202411,30,0,448
E1,M12,100-0,ALL,SF-100,B,202411,30,6,6400
E1,M12,100-0,A,SF-100,B,202412,31,2,2220
E1,M12,100-0,B,SF-100,B,202412,31,3,1567
E1,M12,100-0,C,SF-100,B,202412,31,3,1306
E1,M12,100-0,D,SF-100,B,202412,31,2,980
E1,M12,100-0,E,SF-100,B,202412,31,0,457
E1,M12,100-0,ALL,SF-100,B,202412,31,10,6530
E1,M12,101-0,ALL,SF-101,B,202205,0,0,2500
E1,M12,101-0,A,SF-101,B,202206,1,2,894
E1,M12,101-0,B,SF-101,B,202206,1,2,631
E1,M12,101-0,C,SF-101,B,202206,1,2,526
E1,M12,101-0,D,SF-101,B,202206,1,1,394
E1,M12,101-0,ALL,SF-101,B,202206,1,7,2630
E1,M12,101-0,A,SF-101,B,202207,2,0,938
E1,M12,101-0,B,SF-101,B,202207,2,1,662
E1,M12,101-0,C,SF-101,B,202207,2,0,552
E1,M12,101-0,D,SF-101,B,202207,2,1,414
E1,M12,101-0,ALL,SF-101,B,202207,2,2,2760
E1,M12,101-0,A,SF-101,B,202208,3,0,983
E1,M12,101-0,B,SF-101,B,202208,3,1,694
E1,M12,101-0,C,SF-101,B,202208,3,0,578
E1,M12,101-0,D,SF-101,B,202208,3,0,434
E1,M12,101-0,ALL,SF-101,B,202208,3,1,2890
E1,M12,101-0,A,SF-101,B,202209,4,0,1027
E1,M12,101-0,B,SF-101,B,202209,4,0,725
E1,M12,101-0,C,SF-101,B,202209,4,1,604
E1,M12,101-0,D,SF-101,B,202209,4,0,453
E1,M12,101-0,ALL,SF-101,B,202209,4,1,3020
E1,M12,101-0,A,SF-101,B,202210,5,1,1071
E1,M12,101-0,B,SF-101,B,202210,5,1,756
E1,M12,101-0,C,SF-101,B,202210,5,0,630
E1,M12,101-0,D,SF-101,B,202210,5,0,472
E1,M12,101-0,ALL,SF-101,B,202210,5,2,3150
E1,M12,101-0,A,SF-101,B,202211,6,0,1115
E1,M12,101-0,B,SF-101,B,202211,6,0,787
E1,M12,101-0,C,SF-101,B,202211,6,0,656
E1,M12,101-0,D,SF-101,B,202211,6,0,492
E1,M12,101-0,ALL,SF-101,B,202211,6,0,3280
E1,M12,101-0,A,SF-101,B,202212,7,1,1159
E1,M12,101-0,B,SF-101,B,202212,7,0,818
E1,M12,101-0,C,SF-101,B,202212,7,0,682
E1,M12,101-0,D,SF-101,B,202212,7,0,512
E1,M12,101-0,ALL,SF-101,B,202212,7,1,3410
E1,M12,101-0,A,SF-101,B,202301,8,2,1204
E1,M12,101-0,B,SF-101,B,202301,8,1,850
E1,M12,101-0,C,SF-101,B,202301,8,2,708
E1,M12,101-0,D,SF-101,B,202301,8,0,531
E1,M12,101-0,E,SF-101,B,202301,8,0,248
E1,M12,101-0,ALL,SF-101,B,202301,8,5,3540
E1,M12,101-0,A,SF-101,B,202302,9,1,1248
E1,M12,101-0,B,SF-101,B,202302,9,0,881
E1,M12,101-0,C,SF-101,B,202302,9,1,734
E1,M12,101-0,D,SF-101,B,202302,9,1,550
E1,M12,101-0,E,SF-101,B,202302,9,0,257
E1,M12,101-0,ALL,SF-101,B,202302,9,3,3670
E1,M12,101-0,A,SF-101,B,202303,10,1,1292
E1,M12,101-0,B,SF-101,B,202303,10,1,912
E1,M12,101-0,C,SF-101,B,202303,10,0,760
E1,M12,101-0,D,SF-101,B,202303,10,0,570
E1,M12,101-0,E,SF-101,B,202303,10,1,266
E1,M12,101-0,ALL,SF-101,B,202303,10,3,3800
E1,M12,101-0,A,SF-101,B,202304,11,0,1336
E1,M12,101-0,B,SF-101,B,202304,11,0,943
E1,M12,101-0,C,SF-101,B,202304,11,0,786
E1,M12,101-0,D,SF-101,B,202304,11,1,590
E1,M12,101-0,E,SF-101,B,202304,11,0,275
E1,M12,101-0,ALL,SF-101,B,202304,11,1,3930
E1,M12,101-0,A,SF-101,B,202305,12,1,1380
E1,M12,101-0,B,SF-101,B,202305,12,0,974
E1,M12,101-0,C,SF-101,B,202305,12,0,812
E1,M12,101-0,D,SF-101,B,202305,12,1,609
E1,M12,101-0,E,SF-101,B,202305,12,0,284
E1,M12,101-0,ALL,SF-101,B,202305,12,2,4060
E1,M12,101-0,A,SF-101,B,202306,13,4,1425
E1,M12,101-0,B,SF-101,B,202306,13,2,1006
E1,M12,101-0,C,SF-101,B,202306,13,0,838
E1,M12,101-0,D,SF-101,B,202306,13,1,628
E1,M12,101-0,E,SF-101,B,202306,13,0,293
E1,M12,101-0,ALL,SF-101,B,202306,13,7,4190
E1,M12,101-0,A,SF-101,B,202307,14,1,1469
E1,M12,101-0,B,SF-101,B,202307,14,1,1037
E1,M12,101-0,C,SF-101,B,202307,14,0,864
E1,M12,101-0,D,SF-101,B,202307,14,0,648
E1,M12,101-0,E,SF-101,B,202307,14,1,302
E1,M12,101-0,ALL,SF-101,B,202307,14,3,4320
E1,M12,101-0,A,SF-101,B,202308,15,0,1513
E1,M12,101-0,B,SF-101,B,202308,15,0,1068
E1,M12,101-0,C,SF-101,B,202308,15,1,890
E1,M12,101-0,D,SF-101,B,202308,15,0,668
E1,M12,101-0,E,SF-101,B,202308,15,0,312
E1,M12,101-0,ALL,SF-101,B,202308,15,1,4450
E1,M12,101-0,A,SF-101,B,202309,16,2,1557
E1,M12,101-0,B,SF-101,B,202309,16,1,1099
E1,M12,101-0,C,SF-101,B,202309,16,1,916
E1,M12,101-0,D,SF-101,B,202309,16,0,687
E1,M12,101-0,E,SF-101,B,202309,16,0,321
E1,M12,101-0,ALL,SF-101,B,202309,16,4,4580
E1,M12,101-0,A,SF-101,B,202310,17,3,1601
E1,M12,101-0,B,SF-101,B,202310,17,1,1130
E1,M12,101-0,C,SF-101,B,202310,17,4,942
E1,M12,101-0,D,SF-101,B,202310,17,0,706
E1,M12,101-0,E,SF-101,B,202310,17,0,330
E1,M12,101-0,ALL,SF-101,B,202310,17,8,4710
E1,M12,101-0,A,SF-101,B,202311,18,0,1646
E1,M12,101-0,B,SF-101,B,202311,18,0,1162
E1,M12,101-0,C,SF-101,B,202311,18,1,968
E1,M12,101-0,D,SF-101,B,202311,18,0,726
E1,M12,101-0,E,SF-101,B,202311,18,1,339
E1,M12,101-0,ALL,SF-101,B,202311,18,2,4840
E1,M12,101-0,A,SF-101,B,202312,19,0,1690
E1,M12,101-0,B,SF-101,B,202312,19,1,1193
E1,M12,101-0,C,SF-101,B,202312,19,0,994
E1,M12,101-0,D,SF-101,B,202312,19,0,746
E1,M12,101-0,E,SF-101,B,202312,19,0,348
E1,M12,101-0,ALL,SF-101,B,202312,19,1,4970
E1,M12,101-0,A,SF-101,B,202401,20,3,1734
E1,M12,101-0,B,SF-101,B,202401,20,0,1224
E1,M12,101-0,C,SF-101,B,202401,20,0,1020
E1,M12,101-0,D,SF-101,B,202401,20,1,765
E1,M12,101-0,E,SF-101,B,202401,20,0,357
E1,M12,101-0,ALL,SF-101,B,202401,20,4,5100
E1,M12,101-0,A,SF-101,B,202402,21,1,1778
E1,M12,101-0,B,SF-101,B,202402,21,2,1255
E1,M12,101-0,C,SF-101,B,202402,21,1,1046
E1,M12,101-0,D,SF-101,B,202402,21,0,784
E1,M12,101-0,E,SF-101,B,202402,21,0,366
E1,M12,101-0,ALL,SF-101,B,202402,21,4,5230
E1,M12,101-0,A,SF-101,B,202403,22,1,1822
E1,M12,101-0,B,SF-101,B,202403,22,3,1286
E1,M12,101-0,C,SF-101,B,202403,22,4,1072
E1,M12,101-0,D,SF-101,B,202403,22,0,804
E1,M12,101-0,E,SF-101,B,202403,22,0,375
E1,M12,101-0,ALL,SF-101,B,202403,22,8,5360
E1,M12,101-0,A,SF-101,B,202404,23,3,1867
E1,M12,101-0,B,SF-101,B,202404,23,1,1318
E1,M12,101-0,C,SF-101,B,202404,23,0,1098
E1,M12,101-0,D,SF-101,B,202404,23,0,824
E1,M12,101-0,E,SF-101,B,202404,23,0,384
E1,M12,101-0,ALL,SF-101,B,202404,23,4,5490
E1,M12,101-0,A,SF-101,B,202405,24,0,1911
E1,M12,101-0,B,SF-101,B,202405,24,1,1349
E1,M12,101-0,C,SF-101,B,202405,24,1,1124
E1,M12,101-0,D,SF-101,B,202405,24,2,843
E1,M12,101-0,E,SF-101,B,202405,24,0,393
E1,M12,101-0,ALL,SF-101,B,202405,24,4,5620
E1,M12,101-0,A,SF-101,B,202406,25,4,1955
E1,M12,101-0,B,SF-101,B,202406,25,1,1380
E1,M12,101-0,C,SF-101,B,202406,25,1,1150
E1,M12,101-0,D,SF-101,B,202406,25,0,862
E1,M12,101-0,E,SF-101,B,202406,25,1,403
E1,M12,101-0,ALL,SF-101,B,202406,25,7,5750
E1,M12,101-0,A,SF-101,B,202407,26,1,1999
E1,M12,101-0,B,SF-101,B,202407,26,2,1411
E1,M12,101-0,C,SF-101,B,202407,26,0,1176
E1,M12,101-0,D,SF-101,B,202407,26,1,882
E1,M12,101-0,E,SF-101,B,202407,26,0,412
E1,M12,101-0,ALL,SF-101,B,202407,26,4,5880
E1,M12,101-0,A,SF-101,B,202408,27,2,2043
E1,M12,101-0,B,SF-101,B,202408,27,0,1442
E1,M12,101-0,C,SF-101,B,202408,27,0,1202
E1,M12,101-0,D,SF-101,B,202408,27,0,902
E1,M12,101-0,E,SF-101,B,202408,27,0,421
E1,M12,101-0,ALL,SF-101,B,202408,27,2,6010
E1,M12,101-0,A,SF-101,B,202409,28,0,2088
E1,M12,101-0,B,SF-101,B,202409,28,2,1474
E1,M12,101-0,C,SF-101,B,202409,28,2,1228
E1,M12,101-0,D,SF-101,B,202409,28,2,921
E1,M12,101-0,E,SF-101,B,202409,28,0,430
E1,M12,101-0,ALL,SF-101,B,202409,28,6,6140
E1,M12,101-0,A,SF-101,B,202410,29,2,2132
E1,M12,101-0,B,SF-101,B,202410,29,0,1505
E1,M12,101-0,C,SF-101,B,202410,29,1,1254
E1,M12,101-0,D,SF-101,B,202410,29,0,940
E1,M12,101-0,E,SF-101,B,202410,29,2,439
E1,M12,101-0,ALL,SF-101,B,202410,29,5,6270
E1,M12,101-0,A,SF-101,B,202411,30,2,2176
E1,M12,101-0,B,SF-101,B,202411,30,2,1536
E1,M12,101-0,C,SF-101,B,202411,30,2,1280
E1,M12,101-0,D,SF-101,B,202411,30,0,960
E1,M12,101-0,E,SF-101,B,202411,30,3,448
E1,M12,101-0,ALL,SF-101,B,202411,30,9,6400
E1,M12,101-0,A,SF-101,B,202412,31,1,2220
E1,M12,101-0,B,SF-101,B,202412,31,0,1567
E1,M12,101-0,C,SF-101,B,202412,31,1,1306
E1,M12,101-0,D,SF-101,B,202412,31,1,980
E1,M12,101-0,E,SF-101,B,202412,31,0,457
E1,M12,101-0,ALL,SF-101,B,202412,31,3,6530
E1,M12,102-0,ALL,SF-102,B,202205,0,0,2500
E1,M12,102-0,A,SF-102,B,202206,1,1,894
E1,M12,102-0,B,SF-102,B,202206,1,2,631
E1,M12,102-0,ALL,SF-102,B,202206,1,3,2630
E1,M12,102-0,A,SF-102,B,202207,2,1,938
E1,M12,102-0,B,SF-102,B,202207,2,2,662
E1,M12,102-0,C,SF-102,B,202207,2,0,552
E1,M12,102-0,D,SF-102,B,202207,2,2,414
E1,M12,102-0,ALL,SF-102,B,202207,2,5,2760
E1,M12,102-0,A,SF-102,B,202208,3,0,983
E1,M12,102-0,B,SF-102,B,202208,3,0,694
E1,M12,102-0,C,SF-102,B,202208,3,0,578
E1,M12,102-0,D,SF-102,B,202208,3,0,434
E1,M12,102-0,ALL,SF-102,B,202208,3,0,2890
E1,M12,102-0,A,SF-102,B,202209,4,1,1027
E1,M12,102-0,B,SF-102,B,202209,4,1,725
E1,M12,102-0,C,SF-102,B,202209,4,0,604
E1,M12,102-0,D,SF-102,B,202209,4,1,453
E1,M12,102-0,ALL,SF-102,B,202209,4,3,3020
E1,M12,102-0,A,SF-102,B,202210,5,1,1071
E1,M12,102-0,B,SF-102,B,202210,5,0,756
E1,M12,102-0,C,SF-102,B,202210,5,3,630
E1,M12,102-0,D,SF-102,B,202210,5,0,472
E1,M12,102-0,ALL,SF-102,B,202210,5,4,3150
E1,M12,102-0,A,SF-102,B,202211,6,0,1115
E1,M12,102-0,B,SF-102,B,202211,6,1,787
E1,M12,102-0,C,SF-102,B,202211,6,0,656
E1,M12,102-0,D,SF-102,B,202211,6,1,492
E1,M12,102-0,ALL,SF-102,B,202211,6,2,3280
E1,M12,102-0,A,SF-102,B,202212,7,4,1159
E1,M12,102-0,B,SF-102,B,202212,7,0,818
E1,M12,102-0,C,SF-102,B,202212,7,0,682
E1,M12,102-0,D,SF-102,B,202212,7,0,512
E1,M12,102-0,ALL,SF-102,B,202212,7,4,3410
E1,M12,102-0,A,SF-102,B,202301,8,3,1204
E1,M12,102-0,B,SF-102,B,202301,8,2,850
E1,M12,102-0,C,SF-102,B,202301,8,0,708
E1,M12,102-0,D,SF-102,B,202301,8,0,531
E1,M12,102-0,E,SF-102,B,202301,8,1,248
E1,M12,102-0,ALL,SF-102,B,202301,8,6,3540
E1,M12,102-0,A,SF-102,B,202302,9,2,1248
E1,M12,102-0,B,SF-102,B,202302,9,0,881
E1,M12,102-0,C,SF-102,B,202302,9,3,734
E1,M12,102-0,D,SF-102,B,202302,9,0,550
E1,M12,102-0,E,SF-102,B,202302,9,1,257
E1,M12,102-0,ALL,SF-102,B,202302,9,6,3670
E1,M12,102-0,A,SF-102,B,202303,10,3,1292
E1,M12,102-0,B,SF-102,B,202303,10,1,912
E1,M12,102-0,C,SF-102,B,202303,10,2,760
E1,M12,102-0,D,SF-102,B,202303,10,0,570
E1,M12,102-0,E,SF-102,B,202303,10,1,266
E1,M12,102-0,ALL,SF-102,B,202303,10,7,3800
E1,M12,102-0,A,SF-102,B,202304,11,0,1336
E1,M12,102-0,B,SF-102,B,202304,11,2,943
E1,M12,102-0,C,SF-102,B,202304,11,0,786
E1,M12,102-0,D,SF-102,B,202304,11,0,590
E1,M12,102-0,E,SF-102,B,202304,11,1,275
E1,M12,102-0,ALL,SF-102,B,202304,11,3,3930
E1,M12,102-0,A,SF-102,B,202305,12,4,1380
E1,M12,102-0,B,SF-102,B,202305,12,1,974
E1,M12,102-0,C,SF-102,B,202305,12,2,812
E1,M12,102-0,D,SF-102,B,202305,12,0,609
E1,M12,102-0,E,SF-102,B,202305,12,0,284
E1,M12,102-0,ALL,SF-102,B,202305,12,7,4060
E1,M12,102-0,A,SF-102,B,202306,13,0,1425
E1,M12,102-0,B,SF-102,B,202306,13,0,1006
E1,M12,102-0,C,SF-102,B,202306,13,2,838
E1,M12,102-0,D,SF-102,B,202306,13,0,628
E1,M12,102-0,E,SF-102,B,202306,13,0,293
E1,M12,102-0,ALL,SF-102,B,202306,13,2,4190
E1,M12,102-0,A,SF-102,B,202307,14,0,1469
E1,M12,102-0,B,SF-102,B,202307,14,0,1037
E1,M12,102-0,C,SF-102,B,202307,14,1,864
E1,M12,102-0,D,SF-102,B,202307,14,0,648
E1,M12,102-0,E,SF-102,B,202307,14,0,302
E1,M12,102-0,ALL,SF-102,B,202307,14,1,4320
E1,M12,102-0,A,SF-102,B,202308,15,3,1513
E1,M12,102-0,B,SF-102,B,202308,15,1,1068
E1,M12,102-0,C,SF-102,B,202308,15,2,890
E1,M12,102-0,D,SF-102,B,202308,15,0,668
E1,M12,102-0,E,SF-102,B,202308,15,0,312
E1,M12,102-0,ALL,SF-102,B,202308,15,6,4450
E1,M12,102-0,A,SF-102,B,202309,16,1,1557
E1,M12,102-0,B,SF-102,B,202309,16,1,1099
E1,M12,102-0,C,SF-102,B,202309,16,0,916
E1,M12,102-0,D,SF-102,B,202309,16,0,687
E1,M12,102-0,E,SF-102,B,202309,16,1,321
E1,M12,102-0,ALL,SF-102,B,202309,16,3,4580
E1,M12,102-0,A,SF-102,B,202310,17,6,1601
E1,M12,102-0,B,SF-102,B,202310,17,1,1130
E1,M12,102-0,C,SF-102,B,202310,17,1,942
E1,M12,102-0,D,SF-102,B,202310,17,0,706
E1,M12,102-0,E,SF-102,B,202310,17,0,330
E1,M12,102-0,ALL,SF-102,B,202310,17,8,4710
E1,M12,102-0,A,SF-102,B,202311,18,1,1646
E1,M12,102-0,B,SF-102,B,202311,18,0,1162
E1,M12,102-0,C,SF-102,B,202311,18,1,968
E1,M12,102-0,D,SF-102,B,202311,18,1,726
E1,M12,102-0,E,SF-102,B,202311,18,0,339
E1,M12,102-0,ALL,SF-102,B,202311,18,3,4840
E1,M12,102-0,A,SF-102,B,202312,19,1,1690
E1,M12,102-0,B,SF-102,B,202312,19,1,1193
E1,M12,102-0,C,SF-102,B,202312,19,1,994
E1,M12,102-0,D,SF-102,B,202312,19,0,746
E1,M12,102-0,E,SF-102,B,202312,19,0,348
E1,M12,102-0,ALL,SF-102,B,202312,19,3,4970
E1,M12,102-0,A,SF-102,B,202401,20,3,1734
E1,M12,102-0,B,SF-102,B,202401,20,2,1224
E1,M12,102-0,C,SF-102,B,202401,20,4,1020
E1,M12,102-0,D,SF-102,B,202401,20,0,765
E1,M12,102-0,E,SF-102,B,202401,20,0,357
E1,M12,102-0,ALL,SF-102,B,202401,20,9,5100
E1,M12,102-0,A,SF-102,B,202402,21,3,1778
E1,M12,102-0,B,SF-102,B,202402,21,2,1255
E1,M12,102-0,C,SF-102,B,202402,21,3,1046
E1,M12,102-0,D,SF-102,B,202402,21,0,784
E1,M12,102-0,E,SF-102,B,202402,21,0,366
E1,M12,102-0,ALL,SF-102,B,202402,21,8,5230
E1,M12,102-0,A,SF-102,B,202403,22,1,1822
E1,M12,102-0,B,SF-102,B,202403,22,2,1286
E1,M12,102-0,C,SF-102,B,202403,22,0,1072
E1,M12,102-0,D,SF-102,B,202403,22,0,804
E1,M12,102-0,E,SF-102,B,202403,22,0,375
E1,M12,102-0,ALL,SF-102,B,202403,22,3,5360
E1,M12,102-0,A,SF-102,B,202404,23,1,1867
E1,M12,102-0,B,SF-102,B,202404,23,2,1318
E1,M12,102-0,C,SF-102,B,202404,23,3,1098
E1,M12,102-0,D,SF-102,B,202404,23,0,824
E1,M12,102-0,E,SF-102,B,202404,23,1,384
E1,M12,102-0,ALL,SF-102,B,202404,23,7,5490
E1,M12,102-0,A,SF-102,B,202405,24,1,1911
E1,M12,102-0,B,SF-102,B,202405,24,2,1349
E1,M12,102-0,C,SF-102,B,202405,24,0,1124
E1,M12,102-0,D,SF-102,B,202405,24,0,843
E1,M12,102-0,E,SF-102,B,202405,24,0,393
E1,M12,102-0,ALL,SF-102,B,202405,24,3,5620
E1,M12,102-0,A,SF-102,B,202406,25,2,1955
E1,M12,102-0,B,SF-102,B,202406,25,1,1380
E1,M12,102-0,C,SF-102,B,202406,25,2,1150
E1,M12,102-0,D,SF-102,B,202406,25,1,862
E1,M12,102-0,E,SF-102,B,202406,25,0,403
E1,M12,102-0,ALL,SF-102,B,202406,25,6,5750
E1,M12,102-0,A,SF-102,B,202407,26,0,1999
E1,M12,102-0,B,SF-102,B,202407,26,1,1411
E1,M12,102-0,C,SF-102,B,202407,26,0,1176
E1,M12,102-0,D,SF-102,B,202407,26,2,882
E1,M12,102-0,E,SF-102,B,202407,26,0,412
E1,M12,102-0,ALL,SF-102,B,202407,26,3,5880
E1,M12,102-0,A,SF-102,B,202408,27,3,2043
E1,M12,102-0,B,SF-102,B,202408,27,1,1442
E1,M12,102-0,C,SF-102,B,202408,27,1,1202
E1,M12,102-0,D,SF-102,B,202408,27,0,902
E1,M12,102-0,E,SF-102,B,202408,27,0,421
E1,M12,102-0,ALL,SF-102,B,202408,27,5,6010
E1,M12,102-0,A,SF-102,B,202409,28,0,2088
E1,M12,102-0,B,SF-102,B,202409,28,1,1474
E1,M12,102-0,C,SF-102,B,202409,28,2,1228
E1,M12,102-0,D,SF-102,B,202409,28,0,921
E1,M12,102-0,E,SF-102,B,202409,28,0,430
E1,M12,102-0,ALL,SF-102,B,202409,28,3,6140
E1,M12,102-0,A,SF-102,B,202410,29,2,2132
E1,M12,102-0,B,SF-102,B,202410,29,0,1505
E1,M12,102-0,C,SF-102,B,202410,29,1,1254
E1,M12,102-0,D,SF-102,B,202410,29,1,940
E1,M12,102-0,E,SF-102,B,202410,29,1,439
E1,M12,102-0,ALL,SF-102,B,202410,29,5,6270
E1,M12,102-0,A,SF-102,B,202411,30,3,2176
E1,M12,102-0,B,SF-102,B,202411,30,1,1536
E1,M12,102-0,C,SF-102,B,202411,30,3,1280
E1,M12,102-0,D,SF-102,B,202411,30,2,960
E1,M12,102-0,E,SF-102,B,202411,30,0,448
E1,M12,102-0,ALL,SF-102,B,202411,30,9,6400
E1,M12,102-0,A,SF-102,B,202412,31,3,2220
E1,M12,102-0,B,SF-102,B,202412,31,0,1567
E1,M12,102-0,C,SF-102,B,202412,31,2,1306
E1,M12,102-0,D,SF-102,B,202412,31,0,980
E1,M12,102-0,E,SF-102,B,202412,31,0,457
E1,M12,102-0,ALL,SF-102,B,202412,31,5,6530
E1,M12,103-0,B,SF-103,B,202205,0,1,600
E1,M12,103-0,D,SF-103,B,202205,0,1,375
E1,M12,103-0,ALL,SF-103,B,202205,0,2,2500
E1,M12,103-1,B,SF-103,B,202205,0,1,600
E1,M12,103-1,ALL,SF-103,B,202205,0,1,2500
E1,M12,103-0,A,SF-103,B,202206,1,1,894
E1,M12,103-0,ALL,SF-103,B,202206,1,1,2630
E1,M12,103-1,A,SF-103,B,202206,1,1,894
E1,M12,103-1,B,SF-103,B,202206,1,1,631
E1,M12,103-1,C,SF-103,B,202206,1,1,526
E1,M12,103-1,D,SF-103,B,202206,1,1,394
E1,M12,103-1,ALL,SF-103,B,202206,1,4,2630
E1,M12,103-0,A,SF-103,B,202207,2,1,938
E1,M12,103-0,B,SF-103,B,202207,2,1,662
E1,M12,103-0,C,SF-103,B,202207,2,0,552
E1,M12,103-0,D,SF-103,B,202207,2,0,414
E1,M12,103-0,ALL,SF-103,B,202207,2,2,2760
E1,M12,103-1,A,SF-103,B,202207,2,1,938
E1,M12,103-1,B,SF-103,B,202207,2,0,662
E1,M12,103-1,C,SF-103,B,202207,2,0,552
E1,M12,103-1,D,SF-103,B,202207,2,0,414
E1,M12,103-1,ALL,SF-103,B,202207,2,1,2760
E1,M12,103-0,A,SF-103,B,202208,3,0,983
E1,M12,103-0,B,SF-103,B,202208,3,1,694
E1,M12,103-0,C,SF-103,B,202208,3,0,578
E1,M12,103-0,D,SF-103,B,202208,3,0,434
E1,M12,103-0,ALL,SF-103,B,202208,3,1,2890
E1,M12,103-1,A,SF-103,B,202208,3,0,983
E1,M12,103-1,B,SF-103,B,202208,3,1,694
E1,M12,103-1,C,SF-103,B,202208,3,0,578
E1,M12,103-1,D,SF-103,B,202208,3,2,434
E1,M12,103-1,ALL,SF-103,B,202208,3,3,2890
E1,M12,103-0,A,SF-103,B,202209,4,1,1027
E1,M12,103-0,B,SF-103,B,202209,4,0,725
E1,M12,103-0,C,SF-103,B,202209,4,0,604
E1,M12,103-0,D,SF-103,B,202209,4,0,453
E1,M12,103-0,ALL,SF-103,B,202209,4,1,3020
E1,M12,103-1,A,SF-103,B,202209,4,2,1027
E1,M12,103-1,B,SF-103,B,202209,4,0,725
E1,M12,103-1,C,SF-103,B,202209,4,0,604
E1,M12,103-1,D,SF-103,B,202209,4,0,453
E1,M12,103-1,ALL,SF-103,B,202209,4,2,3020
E1,M12,103-0,A,SF-103,B,202210,5,1,1071
E1,M12,103-0,B,SF-103,B,202210,5,0,756
E1,M12,103-0,C,SF-103,B,202210,5,0,630
E1,M12,103-0,D,SF-103,B,202210,5,0,472
E1,M12,103-0,ALL,SF-103,B,202210,5,1,3150
E1,M12,103-1,A,SF-103,B,202210,5,1,1071
E1,M12,103-1,B,SF-103,B,202210,5,1,756
E1,M12,103-1,C,SF-103,B,202210,5,0,630
E1,M12,103-1,D,SF-103,B,202210,5,0,472
E1,M12,103-1,ALL,SF-103,B,202210,5,2,3150
E1,M12,103-0,A,SF-103,B,202211,6,0,1115
E1,M12,103-0,B,SF-103,B,202211,6,0,787
E1,M12,103-0,C,SF-103,B,202211,6,3,656
E1,M12,103-0,D,SF-103,B,202211,6,1,492
E1,M12,103-0,ALL,SF-103,B,202211,6,4,3280
E1,M12,103-1,A,SF-103,B,202211,6,3,1115
E1,M12,103-1,B,SF-103,B,202211,6,0,787
E1,M12,103-1,C,SF-103,B,202211,6,0,656
E1,M12,103-1,D,SF-103,B,202211,6,0,492
E1,M12,103-1,ALL,SF-103,B,202211,6,3,3280
E1,M12,103-0,A,SF-103,B,202212,7,1,1159
E1,M12,103-0,B,SF-103,B,202212,7,0,818
E1,M12,103-0,C,SF-103,B,202212,7,0,682
E1,M12,103-0,D,SF-103,B,202212,7,0,512
E1,M12,103-0,ALL,SF-103,B,202212,7,1,3410
E1,M12,103-1,A,SF-103,B,202212,7,0,1159
E1,M12,103-1,B,SF-103,B,202212,7,0,818
E1,M12,103-1,C,SF-103,B,202212,7,1,682
E1,M12,103-1,D,SF-103,B,202212,7,0,512
E1,M12,103-1,ALL,SF-103,B,202212,7,1,3410
E1,M12,103-0,A,SF-103,B,202301,8,0,1204
E1,M12,103-0,B,SF-103,B,202301,8,1,850
E1,M12,103-0,C,SF-103,B,202301,8,2,708
E1,M12,103-0,D,SF-103,B,202301,8,0,531
E1,M12,103-0,E,SF-103,B,202301,8,0,248
E1,M12,103-0,ALL,SF-103,B,202301,8,3,3540
E1,M12,103-1,A,SF-103,B,202301,8,2,1204
E1,M12,103-1,B,SF-103,B,202301,8,0,850
E1,M12,103-1,C,SF-103,B,202301,8,1,708
E1,M12,103-1,D,SF-103,B,202301,8,1,531
E1,M12,103-1,E,SF-103,B,202301,8,0,248
E1,M12,103-1,ALL,SF-103,B,202301,8,4,3540
E1,M12,103-0,A,SF-103,B,202302,9,0,1248
E1,M12,103-0,B,SF-103,B,202302,9,0,881
E1,M12,103-0,C,SF-103,B,202302,9,1,734
E1,M12,103-0,D,SF-103,B,202302,9,0,550
E1,M12,103-0,E,SF-103,B,202302,9,0,257
E1,M12,103-0,ALL,SF-103,B,202302,9,1,3670
E1,M12,103-1,A,SF-103,B,202302,9,2,1248
E1,M12,103-1,B,SF-103,B,202302,9,2,881
E1,M12,103-1,C,SF-103,B,202302,9,2,734
E1,M12,103-1,D,SF-103,B,202302,9,0,550
E1,M12,103-1,E,SF-103,B,202302,9,0,257
E1,M12,103-1,ALL,SF-103,B,202302,9,6,3670
E1,M12,103-0,A,SF-103,B,202303,10,2,1292
E1,M12,103-0,B,SF-103,B,202303,10,2,912
E1,M12,103-0,C,SF-103,B,202303,10,0,760
E1,M12,103-0,D,SF-103,B,202303,10,1,570
E1,M12,103-0,E,SF-103,B,202303,10,0,266
E1,M12,103-0,ALL,SF-103,B,202303,10,5,3800
E1,M12,103-1,A,SF-103,B,202303,10,1,1292
E1,M12,103-1,B,SF-103,B,202303,10,0,912
E1,M12,103-1,C,SF-103,B,202303,10,0,760
E1,M12,103-1,D,SF-103,B,202303,10,1,570
E1,M12,103-1,E,SF-103,B,202303,10,0,266
E1,M12,103-1,ALL,SF-103,B,202303,10,2,3800
E1,M12,103-0,A,SF-103,B,202304,11,1,1336
E1,M12,103-0,B,SF-103,B,202304,11,1,943
E1,M12,103-0,C,SF-103,B,202304,11,0,786
E1,M12,103-0,D,SF-103,B,202304,11,2,590
E1,M12,103-0,E,SF-103,B,202304,11,0,275
E1,M12,103-0,ALL,SF-103,B,202304,11,4,3930
E1,M12,103-1,A,SF-103,B,202304,11,1,1336
E1,M12,103-1,B,SF-103,B,202304,11,2,943
E1,M12,103-1,C,SF-103,B,202304,11,0,786
E1,M12,103-1,D,SF-103,B,202304,11,0,590
E1,M12,103-1,E,SF-103,B,202304,11,0,275
E1,M12,103-1,ALL,SF-103,B,202304,11,3,3930
E1,M12,103-0,A,SF-103,B,202305,12,3,1380
E1,M12,103-0,B,SF-103,B,202305,12,0,974
E1,M12,103-0,C,SF-103,B,202305,12,1,812
E1,M12,103-0,D,SF-103,B,202305,12,1,609
E1,M12,103-0,E,SF-103,B,202305,12,0,284
E1,M12,103-0,ALL,SF-103,B,202305,12,5,4060
E1,M12,103-1,A,SF-103,B,202305,12,1,1380
E1,M12,103-1,B,SF-103,B,202305,12,0,974
E1,M12,103-1,C,SF-103,B,202305,12,2,812
E1,M12,103-1,D,SF-103,B,202305,12,0,609
E1,M12,103-1,E,SF-103,B,202305,12,0,284
E1,M12,103-1,ALL,SF-103,B,202305,12,3,4060
E1,M12,103-0,A,SF-103,B,202306,13,2,1425
E1,M12,103-0,B,SF-103,B,202306,13,0,1006
E1,M12,103-0,C,SF-103,B,202306,13,2,838
E1,M12,103-0,D,SF-103,B,202306,13,1,628
E1,M12,103-0,E,SF-103,B,202306,13,0,293
E1,M12,103-0,ALL,SF-103,B,202306,13,5,4190
E1,M12,103-1,A,SF-103,B,202306,13,1,1425
E1,M12,103-1,B,SF-103,B,202306,13,1,1006
E1,M12,103-1,C,SF-103,B,202306,13,1,838
E1,M12,103-1,D,SF-103,B,202306,13,0,628
E1,M12,103-1,E,SF-103,B,202306,13,0,293
E1,M12,103-1,ALL,SF-103,B,202306,13,3,4190
E1,M12,103-0,A,SF-103,B,202307,14,1,1469
E1,M12,103-0,B,SF-103,B,202307,14,0,1037
E1,M12,103-0,C,SF-103,B,202307,14,1,864
E1,M12,103-0,D,SF-103,B,202307,14,0,648
E1,M12,103-0,E,SF-103,B,202307,14,0,302
E1,M12,103-0,ALL,SF-103,B,202307,14,2,4320
E1,M12,103-1,A,SF-103,B,202307,14,0,1469
E1,M12,103-1,B,SF-103,B,202307,14,1,1037
E1,M12,103-1,C,SF-103,B,202307,14,1,864
E1,M12,103-1,D,SF-103,B,202307,14,1,648
E1,M12,103-1,E,SF-103,B,202307,14,0,302
E1,M12,103-1,ALL,SF-103,B,202307,14,3,4320
E1,M12,103-0,A,SF-103,B,202308,15,0,1513
E1,M12,103-0,B,SF-103,B,202308,15,2,1068
E1,M12,103-0,C,SF-103,B,202308,15,0,890
E1,M12,103-0,D,SF-103,B,202308,15,1,668
E1,M12,103-0,E,SF-103,B,202308,15,0,312
E1,M12,103-0,ALL,SF-103,B,202308,15,3,4450
E1,M12,103-1,A,SF-103,B,202308,15,1,1513
E1,M12,103-1,B,SF-103,B,202308,15,1,1068
E1,M12,103-1,C,SF-103,B,202308,15,0,890
E1,M12,103-1,D,SF-103,B,202308,15,0,668
E1,M12,103-1,E,SF-103,B,202308,15,0,312
E1,M12,103-1,ALL,SF-103,B,202308,15,2,4450
E1,M12,103-0,A,SF-103,B,202309,16,3,1557
E1,M12,103-0,B,SF-103,B,202309,16,0,1099
E1,M12,103-0,C,SF-103,B,202309,16,3,916
E1,M12,103-0,D,SF-103,B,202309,16,3,687
E1,M12,103-0,E,SF-103,B,202309,16,0,321
E1,M12,103-0,ALL,SF-103,B,202309,16,9,4580
E1,M12,103-1,A,SF-103,B,202309,16,0,1557
E1,M12,103-1,B,SF-103,B,202309,16,1,1099
E1,M12,103-1,C,SF-103,B,202309,16,1,916
E1,M12,103-1,D,SF-103,B,202309,16,1,687
E1,M12,103-1,E,SF-103,B,202309,16,0,321
E1,M12,103-1,ALL,SF-103,B,202309,16,3,4580
E1,M12,103-0,A,SF-103,B,202310,17,1,1601
E1,M12,103-0,B,SF-103,B,202310,17,0,1130
E1,M12,103-0,C,SF-103,B,202310,17,2,942
E1,M12,103-0,D,SF-103,B,202310,17,0,706
E1,M12,103-0,E,SF-103,B,202310,17,3,330
E1,M12,103-0,ALL,SF-103,B,202310,17,6,4710
E1,M12,103-1,A,SF-103,B,202310,17,2,1601
E1,M12,103-1,B,SF-103,B,202310,17,3,1130
E1,M12,103-1,C,SF-103,B,202310,17,1,942
E1,M12,103-1,D,SF-103,B,202310,17,1,706
E1,M12,103-1,E,SF-103,B,202310,17,0,330
E1,M12,103-1,ALL,SF-103,B,202310,17,7,4710
E1,M12,103-0,A,SF-103,B,202311,18,1,1646
E1,M12,103-0,B,SF-103,B,202311,18,1,1162
E1,M12,103-0,C,SF-103,B,202311,18,0,968
E1,M12,103-0,D,SF-103,B,202311,18,0,726
E1,M12,103-0,E,SF-103,B,202311,18,0,339
E1,M12,103-0,ALL,SF-103,B,202311,18,2,4840
E1,M12,103-1,A,SF-103,B,202311,18,0,1646
E1,M12,103-1,B,SF-103,B,202311,18,0,1162
E1,M12,103-1,C,SF-103,B,202311,18,3,968
E1,M12,103-1,D,SF-103,B,202311,18,1,726
E1,M12,103-1,E,SF-103,B,202311,18,0,339
E1,M12,103-1,ALL,SF-103,B,202311,18,4,4840
E1,M12,103-0,A,SF-103,B,202312,19,0,1690
E1,M12,103-0,B,SF-103,B,202312,19,1,1193
E1,M12,103-0,C,SF-103,B,202312,19,0,994
E1,M12,103-0,D,SF-103,B,202312,19,0,746
E1,M12,103-0,E,SF-103,B,202312,19,0,348
E1,M12,103-0,ALL,SF-103,B,202312,19,1,4970
E1,M12,103-1,A,SF-103,B,202312,19,0,1690
E1,M12,103-1,B,SF-103,B,202312,19,2,1193
E1,M12,103-1,C,SF-103,B,202312,19,0,994
E1,M12,103-1,D,SF-103,B,202312,19,0,746
E1,M12,103-1,E,SF-103,B,202312,19,0,348
E1,M12,103-1,ALL,SF-103,B,202312,19,2,4970
E1,M12,103-0,A,SF-103,B,202401,20,3,1734
E1,M12,103-0,B,SF-103,B,202401,20,0,1224
E1,M12,103-0,C,SF-103,B,202401,20,1,1020
E1,M12,103-0,D,SF-103,B,202401,20,0,765
E1,M12,103-0,E,SF-103,B,202401,20,0,357
E1,M12,103-0,ALL,SF-103,B,202401,20,4,5100
E1,M12,103-1,A,SF-103,B,202401,20,0,1734
E1,M12,103-1,B,SF-103,B,202401,20,0,1224
E1,M12,103-1,C,SF-103,B,202401,20,0,1020
E1,M12,103-1,D,SF-103,B,202401,20,0,765
E1,M12,103-1,E,SF-103,B,202401,20,0,357
E1,M12,103-1,ALL,SF-103,B,202401,20,0,5100
E1,M12,103-0,A,SF-103,B,202402,21,0,1778
E1,M12,103-0,B,SF-103,B,202402,21,1,1255
E1,M12,103-0,C,SF-103,B,202402,21,0,1046
E1,M12,103-0,D,SF-103,B,202402,21,0,784
E1,M12,103-0,E,SF-103,B,202402,21,1,366
E1,M12,103-0,ALL,SF-103,B,202402,21,2,5230
E1,M12,103-1,A,SF-103,B,202402,21,2,1778
E1,M12,103-1,B,SF-103,B,202402,21,0,1255
E1,M12,103-1,C,SF-103,B,202402,21,0,1046
E1,M12,103-1,D,SF-103,B,202402,21,2,784
E1,M12,103-1,E,SF-103,B,202402,21,1,366
E1,M12,103-1,ALL,SF-103,B,202402,21,5,5230
E1,M12,103-0,A,SF-103,B,202403,22,4,1822
E1,M12,103-0,B,SF-103,B,202403,22,0,1286
E1,M12,103-0,C,SF-103,B,202403,22,0,1072
E1,M12,103-0,D,SF-103,B,202403,22,1,804
E1,M12,103-0,E,SF-103,B,202403,22,0,375
E1,M12,103-0,ALL,SF-103,B,202403,22,5,5360
E1,M12,103-1,A,SF-103,B,202403,22,1,1822
E1,M12,103-1,B,SF-103,B,202403,22,2,1286
E1,M12,103-1,C,SF-103,B,202403,22,0,1072
E1,M12,103-1,D,SF-103,B,202403,22,1,804
E1,M12,103-1,E,SF-103,B,202403,22,0,375
E1,M12,103-1,ALL,SF-103,B,202403,22,4,5360
E1,M12,103-0,A,SF-103,B,202404,23,2,1867
E1,M12,103-0,B,SF-103,B,202404,23,0,1318
E1,M12,103-0,C,SF-103,B,202404,23,1,1098
E1,M12,103-0,D,SF-103,B,202404,23,2,824
E1,M12,103-0,E,SF-103,B,202404,23,0,384
E1,M12,103-0,ALL,SF-103,B,202404,23,5,5490
E1,M12,103-1,A,SF-103,B,202404,23,1,1867
E1,M12,103-1,B,SF-103,B,202404,23,0,1318
E1,M12,103-1,C,SF-103,B,202404,23,2,1098
E1,M12,103-1,D,SF-103,B,202404,23,0,824
E1,M12,103-1,E,SF-103,B,202404,23,0,384
E1,M12,103-1,ALL,SF-103,B,202404,23,3,5490
E1,M12,103-0,A,SF-103,B,202405,24,1,1911
E1,M12,103-0,B,SF-103,B,202405,24,2,1349
E1,M12,103-0,C,SF-103,B,202405,24,2,1124
E1,M12,103-0,D,SF-103,B,202405,24,0,843
E1,M12,103-0,E,SF-103,B,202405,24,0,393
E1,M12,103-0,ALL,SF-103,B,202405,24,5,5620
E1,M12,103-1,A,SF-103,B,202405,24,1,1911
E1,M12,103-1,B,SF-103,B,202405,24,0,1349
E1,M12,103-1,C,SF-103,B,202405,24,1,1124
E1,M12,103-1,D,SF-103,B,202405,24,0,843
E1,M12,103-1,E,SF-103,B,202405,24,1,393
E1,M12,103-1,ALL,SF-103,B,202405,24,3,5620
E1,M12,103-0,A,SF-103,B,202406,25,1,1955
E1,M12,103-0,B,SF-103,B,202406,25,1,1380
E1,M12,103-0,C,SF-103,B,202406,25,0,1150
E1,M12,103-0,D,SF-103,B,202406,25,0,862
E1,M12,103-0,E,SF-103,B,202406,25,0,403
E1,M12,103-0,ALL,SF-103,B,202406,25,2,5750
E1,M12,103-1,A,SF-103,B,202406,25,2,1955
E1,M12,103-1,B,SF-103,B,202406,25,3,1380
E1,M12,103-1,C,SF-103,B,202406,25,0,1150
E1,M12,103-1,D,SF-103,B,202406,25,0,862
E1,M12,103-1,E,SF-103,B,202406,25,0,403
E1,M12,103-1,ALL,SF-103,B,202406,25,5,5750
E1,M12,103-0,A,SF-103,B,202407,26,0,1999
E1,M12,103-0,B,SF-103,B,202407,26,0,1411
E1,M12,103-0,C,SF-103,B,202407,26,1,1176
E1,M12,103-0,D,SF-103,B,202407,26,0,882
E1,M12,103-0,E,SF-103,B,202407,26,0,412
E1,M12,103-0,ALL,SF-103,B,202407,26,1,5880
E1,M12,103-1,A,SF-103,B,202407,26,1,1999
E1,M12,103-1,B,SF-103,B,202407,26,3,1411
E1,M12,103-1,C,SF-103,B,202407,26,1,1176
E1,M12,103-1,D,SF-103,B,202407,26,0,882
E1,M12,103-1,E,SF-103,B,202407,26,0,412
E1,M12,103-1,ALL,SF-103,B,202407,26,5,5880
E1,M12,103-0,A,SF-103,B,202408,27,2,2043
E1,M12,103-0,B,SF-103,B,202408,27,2,1442
E1,M12,103-0,C,SF-103,B,202408,27,1,1202
E1,M12,103-0,D,SF-103,B,202408,27,1,902
E1,M12,103-0,E,SF-103,B,202408,27,0,421
E1,M12,103-0,ALL,SF-103,B,202408,27,6,6010
E1,M12,103-1,A,SF-103,B,202408,27,3,2043
E1,M12,103-1,B,SF-103,B,202408,27,1,1442
E1,M12,103-1,C,SF-103,B,202408,27,1,1202
E1,M12,103-1,D,SF-103,B,202408,27,1,902
E1,M12,103-1,E,SF-103,B,202408,27,1,421
E1,M12,103-1,ALL,SF-103,B,202408,27,7,6010
E1,M12,103-0,A,SF-103,B,202409,28,0,2088
E1,M12,103-0,B,SF-103,B,202409,28,0,1474
E1,M12,103-0,C,SF-103,B,202409,28,1,1228
E1,M12,103-0,D,SF-103,B,202409,28,0,921
E1,M12,103-0,E,SF-103,B,202409,28,1,430
E1,M12,103-0,ALL,SF-103,B,202409,28,2,6140
E1,M12,103-1,A,SF-103,B,202409,28,0,2088
E1,M12,103-1,B,SF-103,B,202409,28,0,1474
E1,M12,103-1,C,SF-103,B,202409,28,1,1228
E1,M12,103-1,D,SF-103,B,202409,28,0,921
E1,M12,103-1,E,SF-103,B,202409,28,1,430
E1,M12,103-1,ALL,SF-103,B,202409,28,2,6140
E1,M12,103-0,A,SF-103,B,202410,29,1,2132
E1,M12,103-0,B,SF-103,B,202410,29,2,1505
E1,M12,103-0,C,SF-103,B,202410,29,0,1254
E1,M12,103-0,D,SF-103,B,202410,29,0,940
E1,M12,103-0,E,SF-103,B,202410,29,0,439
E1,M12,103-0,ALL,SF-103,B,202410,29,3,6270
E1,M12,103-1,A,SF-103,B,202410,29,5,2132
E1,M12,103-1,B,SF-103,B,202410,29,2,1505
E1,M12,103-1,C,SF-103,B,202410,29,0,1254
E1,M12,103-1,D,SF-103,B,202410,29,0,940
E1,M12,103-1,E,SF-103,B,202410,29,0,439
E1,M12,103-1,ALL,SF-103,B,202410,29,7,6270
E1,M12,103-0,A,SF-103,B,202411,30,2,2176
E1,M12,103-0,B,SF-103,B,202411,30,3,1536
E1,M12,103-0,C,SF-103,B,202411,30,0,1280
E1,M12,103-0,D,SF-103,B,202411,30,2,960
E1,M12,103-0,E,SF-103,B,202411,30,0,448
E1,M12,103-0,ALL,SF-103,B,202411,30,7,6400
E1,M12,103-1,A,SF-103,B,202411,30,1,2176
E1,M12,103-1,B,SF-103,B,202411,30,3,1536
E1,M12,103-1,C,SF-103,B,202411,30,2,1280
E1,M12,103-1,D,SF-103,B,202411,30,1,960
E1,M12,103-1,E,SF-103,B,202411,30,1,448
E1,M12,103-1,ALL,SF-103,B,202411,30,8,6400
E1,M12,103-0,A,SF-103,B,202412,31,2,2220
E1,M12,103-0,B,SF-103,B,202412,31,2,1567
E1,M12,103-0,C,SF-103,B,202412,31,1,1306
E1,M12,103-0,D,SF-103,B,202412,31,1,980
E1,M12,103-0,E,SF-103,B,202412,31,0,457
E1,M12,103-0,ALL,SF-103,B,202412,31,6,6530
E1,M12,103-1,A,SF-103,B,202412,31,1,2220
E1,M12,103-1,B,SF-103,B,202412,31,0,1567
E1,M12,103-1,C,SF-103,B,202412,31,0,1306
E1,M12,103-1,D,SF-103,B,202412,31,0,980
E1,M12,103-1,E,SF-103,B,202412,31,1,457
E1,M12,103-1,ALL,SF-103,B,202412,31,2,6530
E1,M12,104-0,A,SF-104,B,202205,0,1,850
E1,M12,104-0,B,SF-104,B,202205,0,1,600
E1,M12,104-0,ALL,SF-104,B,202205,0,2,2500
E1,M12,104-0,C,SF-104,B,202206,1,1,526
E1,M12,104-0,ALL,SF-104,B,202206,1,1,2630
E1,M12,104-0,A,SF-104,B,202207,2,1,938
E1,M12,104-0,B,SF-104,B,202207,2,2,662
E1,M12,104-0,C,SF-104,B,202207,2,0,552
E1,M12,104-0,D,SF-104,B,202207,2,0,414
E1,M12,104-0,ALL,SF-104,B,202207,2,3,2760
E1,M12,104-0,A,SF-104,B,202208,3,0,983
E1,M12,104-0,B,SF-104,B,202208,3,0,694
E1,M12,104-0,C,SF-104,B,202208,3,0,578
E1,M12,104-0,D,SF-104,B,202208,3,0,434
E1,M12,104-0,ALL,SF-104,B,202208,3,0,2890
E1,M12,104-0,A,SF-104,B,202209,4,3,1027
E1,M12,104-0,B,SF-104,B,202209,4,0,725
E1,M12,104-0,C,SF-104,B,202209,4,0,604
E1,M12,104-0,D,SF-104,B,202209,4,0,453
E1,M12,104-0,ALL,SF-104,B,202209,4,3,3020
E1,M12,104-0,A,SF-104,B,202210,5,2,1071
E1,M12,104-0,B,SF-104,B,202210,5,1,756
E1,M12,104-0,C,SF-104,B,202210,5,2,630
E1,M12,104-0,D,SF-104,B,202210,5,0,472
E1,M12,104-0,ALL,SF-104,B,202210,5,5,3150
E1,M12,104-0,A,SF-104,B,202211,6,2,1115
E1,M12,104-0,B,SF-104,B,202211,6,0,787
E1,M12,104-0,C,SF-104,B,202211,6,0,656
E1,M12,104-0,D,SF-104,B,202211,6,2,492
E1,M12,104-0,ALL,SF-104,B,202211,6,4,3280
E1,M12,104-0,A,SF-104,B,202212,7,0,1159
E1,M12,104-0,B,SF-104,B,202212,7,0,818
E1,M12,104-0,C,SF-104,B,202212,7,0,682
E1,M12,104-0,D,SF-104,B,202212,7,2,512
E1,M12,104-0,ALL,SF-104,B,202212,7,2,3410
E1,M12,104-0,A,SF-104,B,202301,8,0,1204
E1,M12,104-0,B,SF-104,B,202301,8,0,850
E1,M12,104-0,C,SF-104,B,202301,8,2,708
E1,M12,104-0,D,SF-104,B,202301,8,0,531
E1,M12,104-0,E,SF-104,B,202301,8,0,248
E1,M12,104-0,ALL,SF-104,B,202301,8,2,3540
E1,M12,104-0,A,SF-104,B,202302,9,1,1248
E1,M12,104-0,B,SF-104,B,202302,9,1,881
E1,M12,104-0,C,SF-104,B,202302,9,0,734
E1,M12,104-0,D,SF-104,B,202302,9,1,550
E1,M12,104-0,E,SF-104,B,202302,9,0,257
E1,M12,104-0,ALL,SF-104,B,202302,9,3,3670
E1,M12,104-0,A,SF-104,B,202303,10,0,1292
E1,M12,104-0,B,SF-104,B,202303,10,0,912
E1,M12,104-0,C,SF-104,B,202303,10,0,760
E1,M12,104-0,D,SF-104,B,202303,10,0,570
E1,M12,104-0,E,SF-104,B,202303,10,0,266
E1,M12,104-0,ALL,SF-104,B,202303,10,0,3800
E1,M12,104-0,A,SF-104,B,202304,11,1,1336
E1,M12,104-0,B,SF-104,B,202304,11,1,943
E1,M12,104-0,C,SF-104,B,202304,11,0,786
E1,M12,104-0,D,SF-104,B,202304,11,0,590
E1,M12,104-0,E,SF-104,B,202304,11,0,275
E1,M12,104-0,ALL,SF-104,B,202304,11,2,3930
E1,M12,104-0,A,SF-104,B,202305,12,1,1380
E1,M12,104-0,B,SF-104,B,202305,12,3,974
E1,M12,104-0,C,SF-104,B,202305,12,0,812
E1,M12,104-0,D,SF-104,B,202305,12,0,609
E1,M12,104-0,E,SF-104,B,202305,12,1,284
E1,M12,104-0,ALL,SF-104,B,202305,12,5,4060
E1,M12,104-0,A,SF-104,B,202306,13,1,1425
E1,M12,104-0,B,SF-104,B,202306,13,0,1006
E1,M12,104-0,C,SF-104,B,202306,13,0,838
E1,M12,104-0,D,SF-104,B,202306,13,0,628
E1,M12,104-0,E,SF-104,B,202306,13,0,293
E1,M12,104-0,ALL,SF-104,B,202306,13,1,4190
E1,M12,104-0,A,SF-104,B,202307,14,2,1469
E1,M12,104-0,B,SF-104,B,202307,14,1,1037
E1,M12,104-0,C,SF-104,B,202307,14,3,864
E1,M12,104-0,D,SF-104,B,202307,14,3,648
E1,M12,104-0,E,SF-104,B,202307,14,0,302
E1,M12,104-0,ALL,SF-104,B,202307,14,9,4320
E1,M12,104-0,A,SF-104,B,202308,15,2,1513
E1,M12,104-0,B,SF-104,B,202308,15,0,1068
E1,M12,104-0,C,SF-104,B,202308,15,1,890
E1,M12,104-0,D,SF-104,B,202308,15,0,668
E1,M12,104-0,E,SF-104,B,202308,15,0,312
E1,M12,104-0,ALL,SF-104,B,202308,15,3,4450
E1,M12,104-0,A,SF-104,B,202309,16,1,1557
E1,M12,104-0,B,SF-104,B,202309,16,0,1099
E1,M12,104-0,C,SF-104,B,202309,16,0,916
E1,M12,104-0,D,SF-104,B,202309,16,0,687
E1,M12,104-0,E,SF-104,B,202309,16,0,321
E1,M12,104-0,ALL,SF-104,B,202309,16,1,4580
E1,M12,104-0,A,SF-104,B,202310,17,2,1601
E1,M12,104-0,B,SF-104,B,202310,17,2,1130
E1,M12,104-0,C,SF-104,B,202310,17,2,942
E1,M12,104-0,D,SF-104,B,202310,17,1,706
E1,M12,104-0,E,SF-104,B,202310,17,0,330
E1,M12,104-0,ALL,SF-104,B,202310,17,7,4710
E1,M12,104-0,A,SF-104,B,202311,18,2,1646
E1,M12,104-0,B,SF-104,B,202311,18,0,1162
E1,M12,104-0,C,SF-104,B,202311,18,1,968
E1,M12,104-0,D,SF-104,B,202311,18,0,726
E1,M12,104-0,E,SF-104,B,202311,18,0,339
E1,M12,104-0,ALL,SF-104,B,202311,18,3,4840
E1,M12,104-0,A,SF-104,B,202312,19,3,1690
E1,M12,104-0,B,SF-104,B,202312,19,0,1193
E1,M12,104-0,C,SF-104,B,202312,19,0,994
E1,M12,104-0,D,SF-104,B,202312,19,2,746
E1,M12,104-0,E,SF-104,B,202312,19,0,348
E1,M12,104-0,ALL,SF-104,B,202312,19,5,4970
E1,M12,104-0,A,SF-104,B,202401,20,1,1734
E1,M12,104-0,B,SF-104,B,202401,20,0,1224
E1,M12,104-0,C,SF-104,B,202401,20,0,1020
E1,M12,104-0,D,SF-104,B,202401,20,2,765
E1,M12,104-0,E,SF-104,B,202401,20,0,357
E1,M12,104-0,ALL,SF-104,B,202401,20,3,5100
E1,M12,104-0,A,SF-104,B,202402,21,0,1778
E1,M12,104-0,B,SF-104,B,202402,21,2,1255
E1,M12,104-0,C,SF-104,B,202402,21,0,1046
E1,M12,104-0,D,SF-104,B,202402,21,1,784
E1,M12,104-0,E,SF-104,B,202402,21,1,366
E1,M12,104-0,ALL,SF-104,B,202402,21,4,5230
E1,M12,104-0,A,SF-104,B,202403,22,3,1822
E1,M12,104-0,B,SF-104,B,202403,22,3,1286
E1,M12,104-0,C,SF-104,B,202403,22,1,1072
E1,M12,104-0,D,SF-104,B,202403,22,1,804
E1,M12,104-0,E,SF-104,B,202403,22,1,375
E1,M12,104-0,ALL,SF-104,B,202403,22,9,5360
E1,M12,104-0,A,SF-104,B,202404,23,1,1867
E1,M12,104-0,B,SF-104,B,202404,23,0,1318
E1,M12,104-0,C,SF-104,B,202404,23,1,1098
E1,M12,104-0,D,SF-104,B,202404,23,1,824
E1,M12,104-0,E,SF-104,B,202404,23,0,384
E1,M12,104-0,ALL,SF-104,B,202404,23,3,5490
E1,M12,104-0,A,SF-104,B,202405,24,1,1911
E1,M12,104-0,B,SF-104,B,202405,24,2,1349
E1,M12,104-0,C,SF-104,B,202405,24,2,1124
E1,M12,104-0,D,SF-104,B,202405,24,0,843
E1,M12,104-0,E,SF-104,B,202405,24,4,393
E1,M12,104-0,ALL,SF-104,B,202405,24,9,5620
E1,M12,104-0,A,SF-104,B,202406,25,2,1955
E1,M12,104-0,B,SF-104,B,202406,25,1,1380
E1,M12,104-0,C,SF-104,B,202406,25,3,1150
E1,M12,104-0,D,SF-104,B,202406,25,1,862
E1,M12,104-0,E,SF-104,B,202406,25,1,403
E1,M12,104-0,ALL,SF-104,B,202406,25,8,5750
E1,M12,104-0,A,SF-104,B,202407,26,1,1999
E1,M12,104-0,B,SF-104,B,202407,26,1,1411
E1,M12,104-0,C,SF-104,B,202407,26,2,1176
E1,M12,104-0,D,SF-104,B,202407,26,1,882
E1,M12,104-0,E,SF-104,B,202407,26,1,412
E1,M12,104-0,ALL,SF-104,B,202407,26,6,5880
E1,M12,104-0,A,SF-104,B,202408,27,3,2043
E1,M12,104-0,B,SF-104,B,202408,27,1,1442
E1,M12,104-0,C,SF-104,B,202408,27,0,1202
E1,M12,104-0,D,SF-104,B,202408,27,1,902
E1,M12,104-0,E,SF-104,B,202408,27,0,421
E1,M12,104-0,ALL,SF-104,B,202408,27,5,6010
E1,M12,104-0,A,SF-104,B,202409,28,3,2088
E1,M12,104-0,B,SF-104,B,202409,28,1,1474
E1,M12,104-0,C,SF-104,B,202409,28,2,1228
E1,M12,104-0,D,SF-104,B,202409,28,2,921
E1,M12,104-0,E,SF-104,B,202409,28,0,430
E1,M12,104-0,ALL,SF-104,B,202409,28,8,6140
E1,M12,104-0,A,SF-104,B,202410,29,4,2132
E1,M12,104-0,B,SF-104,B,202410,29,2,1505
E1,M12,104-0,C,SF-104,B,202410,29,0,1254
E1,M12,104-0,D,SF-104,B,202410,29,0,940
E1,M12,104-0,E,SF-104,B,202410,29,1,439
E1,M12,104-0,ALL,SF-104,B,202410,29,7,6270
E1,M12,104-0,A,SF-104,B,202411,30,0,2176
E1,M12,104-0,B,SF-104,B,202411,30,2,1536
E1,M12,104-0,C,SF-104,B,202411,30,2,1280
E1,M12,104-0,D,SF-104,B,202411,30,1,960
E1,M12,104-0,E,SF-104,B,202411,30,1,448
E1,M12,104-0,ALL,SF-104,B,202411,30,6,6400
E1,M12,104-0,A,SF-104,B,202412,31,3,2220
E1,M12,104-0,B,SF-104,B,202412,31,0,1567
E1,M12,104-0,C,SF-104,B,202412,31,0,1306
E1,M12,104-0,D,SF-104,B,202412,31,2,980
E1,M12,104-0,E,SF-104,B,202412,31,0,457
E1,M12,104-0,ALL,SF-104,B,202412,31,5,6530
E1,M12,105-0,ALL,SF-105,B,202205,0,0,2500
E1,M12,105-0,B,SF-105,B,202206,1,3,631
E1,M12,105-0,ALL,SF-105,B,202206,1,3,2630
E1,M12,105-0,A,SF-105,B,202207,2,0,938
E1,M12,105-0,B,SF-105,B,202207,2,0,662
E1,M12,105-0,C,SF-105,B,202207,2,0,552
E1,M12,105-0,D,SF-105,B,202207,2,0,414
E1,M12,105-0,ALL,SF-105,B,202207,2,0,2760
E1,M12,105-0,A,SF-105,B,202208,3,0,983
E1,M12,105-0,B,SF-105,B,202208,3,0,694
E1,M12,105-0,C,SF-105,B,202208,3,0,578
E1,M12,105-0,D,SF-105,B,202208,3,0,434
E1,M12,105-0,ALL,SF-105,B,202208,3,0,2890
E1,M12,105-0,A,SF-105,B,202209,4,1,1027
E1,M12,105-0,B,SF-105,B,202209,4,0,725
E1,M12,105-0,C,SF-105,B,202209,4,0,604
E1,M12,105-0,D,SF-105,B,202209,4,1,453
E1,M12,105-0,ALL,SF-105,B,202209,4,2,3020
E1,M12,105-0,A,SF-105,B,202210,5,1,1071
E1,M12,105-0,B,SF-105,B,202210,5,0,756
E1,M12,105-0,C,SF-105,B,202210,5,2,630
E1,M12,105-0,D,SF-105,B,202210,5,0,472
E1,M12,105-0,ALL,SF-105,B,202210,5,3,3150
E1,M12,105-0,A,SF-105,B,202211,6,1,1115
E1,M12,105-0,B,SF-105,B,202211,6,1,787
E1,M12,105-0,C,SF-105,B,202211,6,0,656
E1,M12,105-0,D,SF-105,B,202211,6,0,492
E1,M12,105-0,ALL,SF-105,B,202211,6,2,3280
E1,M12,105-0,A,SF-105,B,202212,7,0,1159
E1,M12,105-0,B,SF-105,B,202212,7,0,818
E1,M12,105-0,C,SF-105,B,202212,7,0,682
E1,M12,105-0,D,SF-105,B,202212,7,2,512
E1,M12,105-0,ALL,SF-105,B,202212,7,2,3410
E1,M12,105-0,A,SF-105,B,202301,8,0,1204
E1,M12,105-0,B,SF-105,B,202301,8,0,850
E1,M12,105-0,C,SF-105,B,202301,8,0,708
E1,M12,105-0,D,SF-105,B,202301,8,0,531
E1,M12,105-0,E,SF-105,B,202301,8,0,248
E1,M12,105-0,ALL,SF-105,B,202301,8,0,3540
E1,M12,105-0,A,SF-105,B,202302,9,0,1248
E1,M12,105-0,B,SF-105,B,202302,9,0,881
E1,M12,105-0,C,SF-105,B,202302,9,0,734
E1,M12,105-0,D,SF-105,B,202302,9,0,550
E1,M12,105-0,E,SF-105,B,202302,9,0,257
E1,M12,105-0,ALL,SF-105,B,202302,9,0,3670
E1,M12,105-0,A,SF-105,B,202303,10,1,1292
E1,M12,105-0,B,SF-105,B,202303,10,0,912
E1,M12,105-0,C,SF-105,B,202303,10,0,760
E1,M12,105-0,D,SF-105,B,202303,10,0,570
E1,M12,105-0,E,SF-105,B,202303,10,0,266
E1,M12,105-0,ALL,SF-105,B,202303,10,1,3800
E1,M12,105-0,A,SF-105,B,202304,11,0,1336
E1,M12,105-0,B,SF-105,B,202304,11,0,943
E1,M12,105-0,C,SF-105,B,202304,11,0,786
E1,M12,105-0,D,SF-105,B,202304,11,0,590
E1,M12,105-0,E,SF-105,B,202304,11,0,275
E1,M12,105-0,ALL,SF-105,B,202304,11,0,3930
E1,M12,105-0,A,SF-105,B,202305,12,1,1380
E1,M12,105-0,B,SF-105,B,202305,12,0,974
E1,M12,105-0,C,SF-105,B,202305,12,0,812
E1,M12,105-0,D,SF-105,B,202305,12,0,609
E1,M12,105-0,E,SF-105,B,202305,12,0,284
E1,M12,105-0,ALL,SF-105,B,202305,12,1,4060
E1,M12,105-0,A,SF-105,B,202306,13,0,1425
E1,M12,105-0,B,SF-105,B,202306,13,0,1006
E1,M12,105-0,C,SF-105,B,202306,13,1,838
E1,M12,105-0,D,SF-105,B,202306,13,0,628
E1,M12,105-0,E,SF-105,B,202306,13,0,293
E1,M12,105-0,ALL,SF-105,B,202306,13,1,4190
E1,M12,105-0,A,SF-105,B,202307,14,1,1469
E1,M12,105-0,B,SF-105,B,202307,14,1,1037
E1,M12,105-0,C,SF-105,B,202307,14,0,864
E1,M12,105-0,D,SF-105,B,202307,14,0,648
E1,M12,105-0,E,SF-105,B,202307,14,0,302
E1,M12,105-0,ALL,SF-105,B,202307,14,2,4320
E1,M12,105-0,A,SF-105,B,202308,15,0,1513
E1,M12,105-0,B,SF-105,B,202308,15,1,1068
E1,M12,105-0,C,SF-105,B,202308,15,0,890
E1,M12,105-0,D,SF-105,B,202308,15,0,668
E1,M12,105-0,E,SF-105,B,202308,15,0,312
E1,M12,105-0,ALL,SF-105,B,202308,15,1,4450
E1,M12,105-0,A,SF-105,B,202309,16,1,1557
E1,M12,105-0,B,SF-105,B,202309,16,0,1099
E1,M12,105-0,C,SF-105,B,202309,16,0,916
E1,M12,105-0,D,SF-105,B,202309,16,1,687
E1,M12,105-0,E,SF-105,B,202309,16,0,321
E1,M12,105-0,ALL,SF-105,B,202309,16,2,4580
E1,M12,105-0,A,SF-105,B,202310,17,1,1601
E1,M12,105-0,B,SF-105,B,202310,17,0,1130
E1,M12,105-0,C,SF-105,B,202310,17,0,942
E1,M12,105-0,D,SF-105,B,202310,17,1,706
E1,M12,105-0,E,SF-105,B,202310,17,0,330
E1,M12,105-0,ALL,SF-105,B,202310,17,2,4710
E1,M12,105-0,A,SF-105,B,202311,18,0,1646
E1,M12,105-0,B,SF-105,B,202311,18,1,1162
E1,M12,105-0,C,SF-105,B,202311,18,0,968
E1,M12,105-0,D,SF-105,B,202311,18,1,726
E1,M12,105-0,E,SF-105,B,202311,18,0,339
E1,M12,105-0,ALL,SF-105,B,202311,18,2,4840
E1,M12,105-0,A,SF-105,B,202312,19,2,1690
E1,M12,105-0,B,SF-105,B,202312,19,0,1193
E1,M12,105-0,C,SF-105,B,202312,19,0,994
E1,M12,105-0,D,SF-105,B,202312,19,0,746
E1,M12,105-0,E,SF-105,B,202312,19,0,348
E1,M12,105-0,ALL,SF-105,B,202312,19,2,4970
E1,M12,105-0,A,SF-105,B,202401,20,2,1734
E1,M12,105-0,B,SF-105,B,202401,20,0,1224
E1,M12,105-0,C,SF-105,B,202401,20,0,1020
E1,M12,105-0,D,SF-105,B,202401,20,1,765
E1,M12,105-0,E,SF-105,B,202401,20,0,357
E1,M12,105-0,ALL,SF-105,B,202401,20,3,5100
E1,M12,105-0,A,SF-105,B,202402,21,1,1778
E1,M12,105-0,B,SF-105,B,202402,21,0,1255
E1,M12,105-0,C,SF-105,B,202402,21,1,1046
E1,M12,105-0,D,SF-105,B,202402,21,0,784
E1,M12,105-0,E,SF-105,B,202402,21,0,366
E1,M12,105-0,ALL,SF-105,B,202402,21,2,5230
E1,M12,105-0,A,SF-105,B,202403,22,0,1822
E1,M12,105-0,B,SF-105,B,202403,22,0,1286
E1,M12,105-0,C,SF-105,B,202403,22,2,1072
E1,M12,105-0,D,SF-105,B,202403,22,0,804
E1,M12,105-0,E,SF-105,B,202403,22,0,375
E1,M12,105-0,ALL,SF-105,B,202403,22,2,5360
E1,M12,105-0,A,SF-105,B,202404,23,0,1867
E1,M12,105-0,B,SF-105,B,202404,23,1,1318
E1,M12,105-0,C,SF-105,B,202404,23,1,1098
E1,M12,105-0,D,SF-105,B,202404,23,1,824
E1,M12,105-0,E,SF-105,B,202404,23,1,384
E1,M12,105-0,ALL,SF-105,B,202404,23,4,5490
E1,M12,105-0,A,SF-105,B,202405,24,0,1911
E1,M12,105-0,B,SF-105,B,202405,24,0,1349
E1,M12,105-0,C,SF-105,B,202405,24,0,1124
E1,M12,105-0,D,SF-105,B,202405,24,0,843
E1,M12,105-0,E,SF-105,B,202405,24,0,393
E1,M12,105-0,ALL,SF-105,B,202405,24,0,5620
E1,M12,105-0,A,SF-105,B,202406,25,1,1955
E1,M12,105-0,B,SF-105,B,202406,25,0,1380
E1,M12,105-0,C,SF-105,B,202406,25,1,1150
E1,M12,105-0,D,SF-105,B,202406,25,1,862
E1,M12,105-0,E,SF-105,B,202406,25,0,403
E1,M12,105-0,ALL,SF-105,B,202406,25,3,5750
E1,M12,105-0,A,SF-105,B,202407,26,1,1999
E1,M12,105-0,B,SF-105,B,202407,26,0,1411
E1,M12,105-0,C,SF-105,B,202407,26,0,1176
E1,M12,105-0,D,SF-105,B,202407,26,2,882
E1,M12,105-0,E,SF-105,B,202407,26,0,412
E1,M12,105-0,ALL,SF-105,B,202407,26,3,5880
E1,M12,105-0,A,SF-105,B,202408,27,3,2043
E1,M12,105-0,B,SF-105,B,202408,27,2,1442
E1,M12,105-0,C,SF-105,B,202408,27,0,1202
E1,M12,105-0,D,SF-105,B,202408,27,0,902
E1,M12,105-0,E,SF-105,B,202408,27,0,421
E1,M12,105-0,ALL,SF-105,B,202408,27,5,6010
E1,M12,105-0,A,SF-105,B,202409,28,1,2088
E1,M12,105-0,B,SF-105,B,202409,28,2,1474
E1,M12,105-0,C,SF-105,B,202409,28,0,1228
E1,M12,105-0,D,SF-105,B,202409,28,0,921
E1,M12,105-0,E,SF-105,B,202409,28,0,430
E1,M12,105-0,ALL,SF-105,B,202409,28,3,6140
E1,M12,105-0,A,SF-105,B,202410,29,0,2132
E1,M12,105-0,B,SF-105,B,202410,29,2,1505
E1,M12,105-0,C,SF-105,B,202410,29,0,1254
E1,M12,105-0,D,SF-105,B,202410,29,0,940
E1,M12,105-0,E,SF-105,B,202410,29,0,439
E1,M12,105-0,ALL,SF-105,B,202410,29,2,6270
E1,M12,105-0,A,SF-105,B,202411,30,0,2176
E1,M12,105-0,B,SF-105,B,202411,30,0,1536
E1,M12,105-0,C,SF-105,B,202411,30,1,1280
E1,M12,105-0,D,SF-105,B,202411,30,0,960
E1,M12,105-0,E,SF-105,B,202411,30,0,448
E1,M12,105-0,ALL,SF-105,B,202411,30,1,6400
E1,M12,105-0,A,SF-105,B,202412,31,2,2220
E1,M12,105-0,B,SF-105,B,202412,31,0,1567
E1,M12,105-0,C,SF-105,B,202412,31,0,1306
E1,M12,105-0,D,SF-105,B,202412,31,0,980
E1,M12,105-0,E,SF-105,B,202412,31,0,457
E1,M12,105-0,ALL,SF-105,B,202412,31,2,6530
E1,M13,100-0,ALL,SF-100,B,202207,0,0,2500
E1,M13,100-0,A,SF-100,B,202208,1,2,894
E1,M13,100-0,ALL,SF-100,B,202208,1,2,2630
E1,M13,100-0,A,SF-100,B,202209,2,0,938
E1,M13,100-0,B,SF-100,B,202209,2,0,662
E1,M13,100-0,C,SF-100,B,202209,2,2,552
E1,M13,100-0,D,SF-100,B,202209,2,2,414
E1,M13,100-0,ALL,SF-100,B,202209,2,4,2760
E1,M13,100-0,A,SF-100,B,202210,3,3,983
E1,M13,100-0,B,SF-100,B,202210,3,0,694
E1,M13,100-0,C,SF-100,B,202210,3,0,578
E1,M13,100-0,D,SF-100,B,202210,3,0,434
E1,M13,100-0,ALL,SF-100,B,202210,3,3,2890
E1,M13,100-0,A,SF-100,B,202211,4,2,1027
E1,M13,100-0,B,SF-100,B,202211,4,2,725
E1,M13,100-0,C,SF-100,B,202211,4,2,604
E1,M13,100-0,D,SF-100,B,202211,4,0,453
E1,M13,100-0,ALL,SF-100,B,202211,4,6,3020
E1,M13,100-0,A,SF-100,B,202212,5,1,1071
E1,M13,100-0,B,SF-100,B,202212,5,1,756
E1,M13,100-0,C,SF-100,B,202212,5,2,630
E1,M13,100-0,D,SF-100,B,202212,5,1,472
E1,M13,100-0,ALL,SF-100,B,202212,5,5,3150
E1,M13,100-0,A,SF-100,B,202301,6,2,1115
E1,M13,100-0,B,SF-100,B,202301,6,0,787
E1,M13,100-0,C,SF-100,B,202301,6,1,656
E1,M13,100-0,D,SF-100,B,202301,6,0,492
E1,M13,100-0,ALL,SF-100,B,202301,6,3,3280
E1,M13,100-0,A,SF-100,B,202302,7,2,1159
E1,M13,100-0,B,SF-100,B,202302,7,1,818
E1,M13,100-0,C,SF-100,B,202302,7,0,682
E1,M13,100-0,D,SF-100,B,202302,7,1,512
E1,M13,100-0,ALL,SF-100,B,202302,7,4,3410
E1,M13,100-0,A,SF-100,B,202303,8,3,1204
E1,M13,100-0,B,SF-100,B,202303,8,0,850
E1,M13,100-0,C,SF-100,B,202303,8,1,708
E1,M13,100-0,D,SF-100,B,202303,8,2,531
E1,M13,100-0,E,SF-100,B,202303,8,0,248
E1,M13,100-0,ALL,SF-100,B,202303,8,6,3540
E1,M13,100-0,A,SF-100,B,202304,9,1,1248
E1,M13,100-0,B,SF-100,B,202304,9,0,881
E1,M13,100-0,C,SF-100,B,202304,9,1,734
E1,M13,100-0,D,SF-100,B,202304,9,0,550
E1,M13,100-0,E,SF-100,B,202304,9,0,257
E1,M13,100-0,ALL,SF-100,B,202304,9,2,3670
E1,M13,100-0,A,SF-100,B,202305,10,2,1292
E1,M13,100-0,B,SF-100,B,202305,10,1,912
E1,M13,100-0,C,SF-100,B,202305,10,3,760
E1,M13,100-0,D,SF-100,B,202305,10,0,570
E1,M13,100-0,E,SF-100,B,202305,10,0,266
E1,M13,100-0,ALL,SF-100,B,202305,10,6,3800
E1,M13,100-0,A,SF-100,B,202306,11,1,1336
E1,M13,100-0,B,SF-100,B,202306,11,4,943
E1,M13,100-0,C,SF-100,B,202306,11,4,786
E1,M13,100-0,D,SF-100,B,202306,11,1,590
E1,M13,100-0,E,SF-100,B,202306,11,0,275
E1,M13,100-0,ALL,SF-100,B,202306,11,10,3930
E1,M13,100-0,A,SF-100,B,202307,12,2,1380
E1,M13,100-0,B,SF-100,B,202307,12,1,974
E1,M13,100-0,C,SF-100,B,202307,12,3,812
E1,M13,100-0,D,SF-100,B,202307,12,0,609
E1,M13,100-0,E,SF-100,B,202307,12,0,284
E1,M13,100-0,ALL,SF-100,B,202307,12,6,4060
E1,M13,100-0,A,SF-100,B,202308,13,1,1425
E1,M13,100-0,B,SF-100,B,202308,13,2,1006
E1,M13,100-0,C,SF-100,B,202308,13,2,838
E1,M13,100-0,D,SF-100,B,202308,13,1,628
E1,M13,100-0,E,SF-100,B,202308,13,1,293
E1,M13,100-0,ALL,SF-100,B,202308,13,7,4190
E1,M13,100-0,A,SF-100,B,202309,14,0,1469
E1,M13,100-0,B,SF-100,B,202309,14,1,1037
E1,M13,100-0,C,SF-100,B,202309,14,0,864
E1,M13,100-0,D,SF-100,B,202309,14,0,648
E1,M13,100-0,E,SF-100,B,202309,14,0,302
E1,M13,100-0,ALL,SF-100,B,202309,14,1,4320
E1,M13,100-0,A,SF-100,B,202310,15,1,1513
E1,M13,100-0,B,SF-100,B,202310,15,0,1068
E1,M13,100-0,C,SF-100,B,202310,15,1,890
E1,M13,100-0,D,SF-100,B,202310,15,2,668
E1,M13,100-0,E,SF-100,B,202310,15,0,312
E1,M13,100-0,ALL,SF-100,B,202310,15,4,4450
E1,M13,100-0,A,SF-100,B,202311,16,2,1557
E1,M13,100-0,B,SF-100,B,202311,16,2,1099
E1,M13,100-0,C,SF-100,B,202311,16,3,916
E1,M13,100-0,D,SF-100,B,202311,16,1,687
E1,M13,100-0,E,SF-100,B,202311,16,0,321
E1,M13,100-0,ALL,SF-100,B,202311,16,8,4580
E1,M13,100-0,A,SF-100,B,202312,17,4,1601
E1,M13,100-0,B,SF-100,B,202312,17,1,1130
E1,M13,100-0,C,SF-100,B,202312,17,1,942
E1,M13,100-0,D,SF-100,B,202312,17,2,706
E1,M13,100-0,E,SF-100,B,202312,17,0,330
E1,M13,100-0,ALL,SF-100,B,202312,17,8,4710
E1,M13,100-0,A,SF-100,B,202401,18,1,1646
E1,M13,100-0,B,SF-100,B,202401,18,0,1162
E1,M13,100-0,C,SF-100,B,202401,18,0,968
E1,M13,100-0,D,SF-100,B,202401,18,2,726
E1,M13,100-0,E,SF-100,B,202401,18,0,339
E1,M13,100-0,ALL,SF-100,B,202401,18,3,4840
E1,M13,100-0,A,SF-100,B,202402,19,1,1690
E1,M13,100-0,B,SF-100,B,202402,19,0,1193
E1,M13,100-0,C,SF-100,B,202402,19,2,994
E1,M13,100-0,D,SF-100,B,202402,19,2,746
E1,M13,100-0,E,SF-100,B,202402,19,0,348
E1,M13,100-0,ALL,SF-100,B,202402,19,5,4970
E1,M13,100-0,A,SF-100,B,202403,20,3,1734
E1,M13,100-0,B,SF-100,B,202403,20,0,1224
E1,M13,100-0,C,SF-100,B,202403,20,1,1020
E1,M13,100-0,D,SF-100,B,202403,20,1,765
E1,M13,100-0,E,SF-100,B,202403,20,0,357
E1,M13,100-0,ALL,SF-100,B,202403,20,5,5100
E1,M13,100-0,A,SF-100,B,202404,21,5,1778
E1,M13,100-0,B,SF-100,B,202404,21,2,1255
E1,M13,100-0,C,SF-100,B,202404,21,2,1046
E1,M13,100-0,D,SF-100,B,202404,21,1,784
E1,M13,100-0,E,SF-100,B,202404,21,0,366
E1,M13,100-0,ALL,SF-100,B,202404,21,10,5230
E1,M13,100-0,A,SF-100,B,202405,22,1,1822
E1,M13,100-0,B,SF-100,B,202405,22,1,1286
E1,M13,100-0,C,SF-100,B,202405,22,0,1072
E1,M13,100-0,D,SF-100,B,202405,22,1,804
E1,M13,100-0,E,SF-100,B,202405,22,0,375
E1,M13,100-0,ALL,SF-100,B,202405,22,3,5360
E1,M13,100-0,A,SF-100,B,202406,23,2,1867
E1,M13,100-0,B,SF-100,B,202406,23,1,1318
E1,M13,100-0,C,SF-100,B,202406,23,0,1098
E1,M13,100-0,D,SF-100,B,202406,23,0,824
E1,M13,100-0,E,SF-100,B,202406,23,1,384
E1,M13,100-0,ALL,SF-100,B,202406,23,4,5490
E1,M13,100-0,A,SF-100,B,202407,24,0,1911
E1,M13,100-0,B,SF-100,B,202407,24,2,1349
E1,M13,100-0,C,SF-100,B,202407,24,1,1124
E1,M13,100-0,D,SF-100,B,202407,24,1,843
E1,M13,100-0,E,SF-100,B,202407,24,1,393
E1,M13,100-0,ALL,SF-100,B,202407,24,5,5620
E1,M13,100-0,A,SF-100,B,202408,25,6,1955
E1,M13,100-0,B,SF-100,B,202408,25,1,1380
E1,M13,100-0,C,SF-100,B,202408,25,0,1150
E1,M13,100-0,D,SF-100,B,202408,25,4,862
E1,M13,100-0,E,SF-100,B,202408,25,2,403
E1,M13,100-0,ALL,SF-100,B,202408,25,13,5750
E1,M13,100-0,A,SF-100,B,202409,26,1,1999
E1,M13,100-0,B,SF-100,B,202409,26,4,1411
E1,M13,100-0,C,SF-100,B,202409,26,1,1176
E1,M13,100-0,D,SF-100,B,202409,26,2,882
E1,M13,100-0,E,SF-100,B,202409,26,0,412
E1,M13,100-0,ALL,SF-100,B,202409,26,8,5880
E1,M13,100-0,A,SF-100,B,202410,27,1,2043
E1,M13,100-0,B,SF-100,B,202410,27,1,1442
E1,M13,100-0,C,SF-100,B,202410,27,0,1202
E1,M13,100-0,D,SF-100,B,202410,27,0,902
E1,M13,100-0,E,SF-100,B,202410,27,2,421
E1,M13,100-0,ALL,SF-100,B,202410,27,4,6010
E1,M13,100-0,A,SF-100,B,202411,28,4,2088
E1,M13,100-0,B,SF-100,B,202411,28,2,1474
E1,M13,100-0,C,SF-100,B,202411,28,0,1228
E1,M13,100-0,D,SF-100,B,202411,28,0,921
E1,M13,100-0,E,SF-100,B,202411,28,0,430
E1,M13,100-0,ALL,SF-100,B,202411,28,6,6140
E1,M13,100-0,A,SF-100,B,202412,29,2,2132
E1,M13,100-0,B,SF-100,B,202412,29,4,1505
E1,M13,100-0,C,SF-100,B,202412,29,0,1254
E1,M13,100-0,D,SF-100,B,202412,29,0,940
E1,M13,100-0,E,SF-100,B,202412,29,1,439
E1,M13,100-0,ALL,SF-100,B,202412,29,7,6270
E1,M13,101-0,C,SF-101,B,202207,0,2,500
E1,M13,101-0,ALL,SF-101,B,202207,0,2,2500
E1,M13,101-0,A,SF-101,B,202208,1,1,894
E1,M13,101-0,ALL,SF-101,B,202208,1,1,2630
E1,M13,101-0,A,SF-101,B,202209,2,2,938
E1,M13,101-0,B,SF-101,B,202209,2,0,662
E1,M13,101-0,C,SF-101,B,202209,2,0,552
E1,M13,101-0,D,SF-101,B,202209,2,0,414
E1,M13,101-0,ALL,SF-101,B,202209,2,2,2760
E1,M13,101-0,A,SF-101,B,202210,3,1,983
E1,M13,101-0,B,SF-101,B,202210,3,0,694
E1,M13,101-0,C,SF-101,B,202210,3,0,578
E1,M13,101-0,D,SF-101,B,202210,3,0,434
E1,M13,101-0,ALL,SF-101,B,202210,3,1,2890
E1,M13,101-0,A,SF-101,B,202211,4,1,1027
E1,M13,101-0,B,SF-101,B,202211,4,1,725
E1,M13,101-0,C,SF-101,B,202211,4,0,604
E1,M13,101-0,D,SF-101,B,202211,4,1,453
E1,M13,101-0,ALL,SF-101,B,202211,4,3,3020
E1,M13,101-0,A,SF-101,B,202212,5,1,1071
E1,M13,101-0,B,SF-101,B,202212,5,0,756
E1,M13,101-0,C,SF-101,B,202212,5,0,630
E1,M13,101-0,D,SF-101,B,202212,5,0,472
E1,M13,101-0,ALL,SF-101,B,202212,5,1,3150
E1,M13,101-0,A,SF-101,B,202301,6,3,1115
E1,M13,101-0,B,SF-101,B,202301,6,1,787
E1,M13,101-0,C,SF-101,B,202301,6,1,656
E1,M13,101-0,D,SF-101,B,202301,6,0,492
E1,M13,101-0,ALL,SF-101,B,202301,6,5,3280
E1,M13,101-0,A,SF-101,B,202302,7,2,1159
E1,M13,101-0,B,SF-101,B,202302,7,1,818
E1,M13,101-0,C,SF-101,B,202302,7,1,682
E1,M13,101-0,D,SF-101,B,202302,7,0,512
E1,M13,101-0,ALL,SF-101,B,202302,7,4,3410
E1,M13,101-0,A,SF-101,B,202303,8,1,1204
E1,M13,101-0,B,SF-101,B,202303,8,0,850
E1,M13,101-0,C,SF-101,B,202303,8,0,708
E1,M13,101-0,D,SF-101,B,202303,8,0,531
E1,M13,101-0,E,SF-101,B,202303,8,0,248
E1,M13,101-0,ALL,SF-101,B,202303,8,1,3540
E1,M13,101-0,A,SF-101,B,202304,9,0,1248
E1,M13,101-0,B,SF-101,B,202304,9,1,881
E1,M13,101-0,C,SF-101,B,202304,9,1,734
E1,M13,101-0,D,SF-101,B,202304,9,1,550
E1,M13,101-0,E,SF-101,B,202304,9,0,257
E1,M13,101-0,ALL,SF-101,B,202304,9,3,3670
E1,M13,101-0,A,SF-101,B,202305,10,1,1292
E1,M13,101-0,B,SF-101,B,202305,10,3,912
E1,M13,101-0,C,SF-101,B,202305,10,0,760
E1,M13,101-0,D,SF-101,B,202305,10,0,570
E1,M13,101-0,E,SF-101,B,202305,10,0,266
E1,M13,101-0,ALL,SF-101,B,202305,10,4,3800
E1,M13,101-0,A,SF-101,B,202306,11,0,1336
E1,M13,101-0,B,SF-101,B,202306,11,0,943
E1,M13,101-0,C,SF-101,B,202306,11,0,786
E1,M13,101-0,D,SF-101,B,202306,11,0,590
E1,M13,101-0,E,SF-101,B,202306,11,0,275
E1,M13,101-0,ALL,SF-101,B,202306,11,0,3930
E1,M13,101-0,A,SF-101,B,202307,12,1,1380
E1,M13,101-0,B,SF-101,B,202307,12,1,974
E1,M13,101-0,C,SF-101,B,202307,12,0,812
E1,M13,101-0,D,SF-101,B,202307,12,1,609
E1,M13,101-0,E,SF-101,B,202307,12,0,284
E1,M13,101-0,ALL,SF-101,B,202307,12,3,4060
E1,M13,101-0,A,SF-101,B,202308,13,0,1425
E1,M13,101-0,B,SF-101,B,202308,13,1,1006
E1,M13,101-0,C,SF-101,B,202308,13,2,838
E1,M13,101-0,D,SF-101,B,202308,13,2,628
E1,M13,101-0,E,SF-101,B,202308,13,0,293
E1,M13,101-0,ALL,SF-101,B,202308,13,5,4190
E1,M13,101-0,A,SF-101,B,202309,14,0,1469
E1,M13,101-0,B,SF-101,B,202309,14,1,1037
E1,M13,101-0,C,SF-101,B,202309,14,0,864
E1,M13,101-0,D,SF-101,B,202309,14,0,648
E1,M13,101-0,E,SF-101,B,202309,14,1,302
E1,M13,101-0,ALL,SF-101,B,202309,14,2,4320
E1,M13,101-0,A,SF-101,B,202310,15,2,1513
E1,M13,101-0,B,SF-101,B,202310,15,1,1068
E1,M13,101-0,C,SF-101,B,202310,15,1,890
E1,M13,101-0,D,SF-101,B,202310,15,1,668
E1,M13,101-0,E,SF-101,B,202310,15,0,312
E1,M13,101-0,ALL,SF-101,B,202310,15,5,4450
E1,M13,101-0,A,SF-101,B,202311,16,0,1557
E1,M13,101-0,B,SF-101,B,202311,16,0,1099
E1,M13,101-0,C,SF-101,B,202311,16,0,916
E1,M13,101-0,D,SF-101,B,202311,16,0,687
E1,M13,101-0,E,SF-101,B,202311,16,0,321
E1,M13,101-0,ALL,SF-101,B,202311,16,0,4580
E1,M13,101-0,A,SF-101,B,202312,17,0,1601
E1,M13,101-0,B,SF-101,B,202312,17,1,1130
E1,M13,101-0,C,SF-101,B,202312,17,1,942
E1,M13,101-0,D,SF-101,B,202312,17,2,706
E1,M13,101-0,E,SF-101,B,202312,17,0,330
E1,M13,101-0,ALL,SF-101,B,202312,17,4,4710
E1,M13,101-0,A,SF-101,B,202401,18,1,1646
E1,M13,101-0,B,SF-101,B,202401,18,3,1162
E1,M13,101-0,C,SF-101,B,202401,18,2,968
E1,M13,101-0,D,SF-101,B,202401,18,0,726
E1,M13,101-0,E,SF-101,B,202401,18,0,339
E1,M13,101-0,ALL,SF-101,B,202401,18,6,4840
E1,M13,101-0,A,SF-101,B,202402,19,0,1690
E1,M13,101-0,B,SF-101,B,202402,19,1,1193
E1,M13,101-0,C,SF-101,B,202402,19,0,994
E1,M13,101-0,D,SF-101,B,202402,19,1,746
E1,M13,101-0,E,SF-101,B,202402,19,1,348
E1,M13,101-0,ALL,SF-101,B,202402,19,3,4970
E1,M13,101-0,A,SF-101,B,202403,20,2,1734
E1,M13,101-0,B,SF-101,B,202403,20,4,1224
E1,M13,101-0,C,SF-101,B,202403,20,0,1020
E1,M13,101-0,D,SF-101,B,202403,20,1,765
E1,M13,101-0,E,SF-101,B,202403,20,0,357
E1,M13,101-0,ALL,SF-101,B,202403,20,7,5100
E1,M13,101-0,A,SF-101,B,202404,21,3,1778
E1,M13,101-0,B,SF-101,B,202404,21,0,1255
E1,M13,101-0,C,SF-101,B,202404,21,2,1046
E1,M13,101-0,D,SF-101,B,202404,21,1,784
E1,M13,101-0,E,SF-101,B,202404,21,0,366
E1,M13,101-0,ALL,SF-101,B,202404,21,6,5230
E1,M13,101-0,A,SF-101,B,202405,22,1,1822
E1,M13,101-0,B,SF-101,B,202405,22,1,1286
E1,M13,101-0,C,SF-101,B,202405,22,0,1072
E1,M13,101-0,D,SF-101,B,202405,22,2,804
E1,M13,101-0,E,SF-101,B,202405,22,0,375
E1,M13,101-0,ALL,SF-101,B,202405,22,4,5360
E1,M13,101-0,A,SF-101,B,202406,23,3,1867
E1,M13,101-0,B,SF-101,B,202406,23,1,1318
E1,M13,101-0,C,SF-101,B,202406,23,2,1098
E1,M13,101-0,D,SF-101,B,202406,23,1,824
E1,M13,101-0,E,SF-101,B,202406,23,2,384
E1,M13,101-0,ALL,SF-101,B,202406,23,9,5490
E1,M13,101-0,A,SF-101,B,202407,24,0,1911
E1,M13,101-0,B,SF-101,B,202407,24,0,1349
E1,M13,101-0,C,SF-101,B,202407,24,2,1124
E1,M13,101-0,D,SF-101,B,202407,24,1,843
E1,M13,101-0,E,SF-101,B,202407,24,0,393
E1,M13,101-0,ALL,SF-101,B,202407,24,3,5620
E1,M13,101-0,A,SF-101,B,202408,25,4,1955
E1,M13,101-0,B,SF-101,B,202408,25,1,1380
E1,M13,101-0,C,SF-101,B,202408,25,3,1150
E1,M13,101-0,D,SF-101,B,202408,25,1,862
E1,M13,101-0,E,SF-101,B,202408,25,0,403
E1,M13,101-0,ALL,SF-101,B,202408,25,9,5750
E1,M13,101-0,A,SF-101,B,202409,26,2,1999
E1,M13,101-0,B,SF-101,B,202409,26,1,1411
E1,M13,101-0,C,SF-101,B,202409,26,0,1176
E1,M13,101-0,D,SF-101,B,202409,26,0,882
E1,M13,101-0,E,SF-101,B,202409,26,0,412
E1,M13,101-0,ALL,SF-101,B,202409,26,3,5880
E1,M13,101-0,A,SF-101,B,202410,27,1,2043
E1,M13,101-0,B,SF-101,B,202410,27,1,1442
E1,M13,101-0,C,SF-101,B,202410,27,0,1202
E1,M13,101-0,D,SF-101,B,202410,27,1,902
E1,M13,101-0,E,SF-101,B,202410,27,0,421
E1,M13,101-0,ALL,SF-101,B,202410,27,3,6010
E1,M13,101-0,A,SF-101,B,202411,28,3,2088
E1,M13,101-0,B,SF-101,B,202411,28,1,1474
E1,M13,101-0,C,SF-101,B,202411,28,1,1228
E1,M13,101-0,D,SF-101,B,202411,28,2,921
E1,M13,101-0,E,SF-101,B,202411,28,1,430
E1,M13,101-0,ALL,SF-101,B,202411,28,8,6140
E1,M13,101-0,A,SF-101,B,202412,29,2,2132
E1,M13,101-0,B,SF-101,B,202412,29,0,1505
E1,M13,101-0,C,SF-101,B,202412,29,1,1254
E1,M13,101-0,D,SF-101,B,202412,29,1,940
E1,M13,101-0,E,SF-101,B,202412,29,1,439
E1,M13,101-0,ALL,SF-101,B,202412,29,5,6270
E1,M13,102-0,B,SF-102,B,202207,0,1,600
E1,M13,102-0,D,SF-102,B,202207,0,1,375
E1,M13,102-0,ALL,SF-102,B,202207,0,2,2500
E1,M13,102-0,A,SF-102,B,202208,1,1,894
E1,M13,102-0,B,SF-102,B,202208,1,1,631
E1,M13,102-0,C,SF-102,B,202208,1,1,526
E1,M13,102-0,ALL,SF-102,B,202208,1,3,2630
E1,M13,102-0,A,SF-102,B,202209,2,0,938
E1,M13,102-0,B,SF-102,B,202209,2,0,662
E1,M13,102-0,C,SF-102,B,202209,2,0,552
E1,M13,102-0,D,SF-102,B,202209,2,1,414
E1,M13,102-0,ALL,SF-102,B,202209,2,1,2760
E1,M13,102-0,A,SF-102,B,202210,3,0,983
E1,M13,102-0,B,SF-102,B,202210,3,1,694
E1,M13,102-0,C,SF-102,B,202210,3,0,578
E1,M13,102-0,D,SF-102,B,202210,3,0,434
E1,M13,102-0,ALL,SF-102,B,202210,3,1,2890
E1,M13,102-0,A,SF-102,B,202211,4,1,1027
E1,M13,102-0,B,SF-102,B,202211,4,1,725
E1,M13,102-0,C,SF-102,B,202211,4,2,604
E1,M13,102-0,D,SF-102,B,202211,4,1,453
E1,M13,102-0,ALL,SF-102,B,202211,4,5,3020
E1,M13,102-0,A,SF-102,B,202212,5,2,1071
E1,M13,102-0,B,SF-102,B,202212,5,1,756
E1,M13,102-0,C,SF-102,B,202212,5,2,630
E1,M13,102-0,D,SF-102,B,202212,5,1,472
E1,M13,102-0,ALL,SF-102,B,202212,5,6,3150
E1,M13,102-0,A,SF-102,B,202301,6,2,1115
E1,M13,102-0,B,SF-102,B,202301,6,0,787
E1,M13,102-0,C,SF-102,B,202301,6,1,656
E1,M13,102-0,D,SF-102,B,202301,6,0,492
E1,M13,102-0,ALL,SF-102,B,202301,6,3,3280
E1,M13,102-0,A,SF-102,B,202302,7,3,1159
E1,M13,102-0,B,SF-102,B,202302,7,0,818
E1,M13,102-0,C,SF-102,B,202302,7,3,682
E1,M13,102-0,D,SF-102,B,202302,7,0,512
E1,M13,102-0,ALL,SF-102,B,202302,7,6,3410
E1,M13,102-0,A,SF-102,B,202303,8,0,1204
E1,M13,102-0,B,SF-102,B,202303,8,1,850
E1,M13,102-0,C,SF-102,B,202303,8,1,708
E1,M13,102-0,D,SF-102,B,202303,8,0,531
E1,M13,102-0,E,SF-102,B,202303,8,1,248
E1,M13,102-0,ALL,SF-102,B,202303,8,3,3540
E1,M13,102-0,A,SF-102,B,202304,9,2,1248
E1,M13,102-0,B,SF-102,B,202304,9,1,881
E1,M13,102-0,C,SF-102,B,202304,9,0,734
E1,M13,102-0,D,SF-102,B,202304,9,0,550
E1,M13,102-0,E,SF-102,B,202304,9,0,257
E1,M13,102-0,ALL,SF-102,B,202304,9,3,3670
E1,M13,102-0,A,SF-102,B,202305,10,0,1292
E1,M13,102-0,B,SF-102,B,202305,10,2,912
E1,M13,102-0,C,SF-102,B,202305,10,1,760
E1,M13,102-0,D,SF-102,B,202305,10,0,570
E1,M13,102-0,E,SF-102,B,202305,10,0,266
E1,M13,102-0,ALL,SF-102,B,202305,10,3,3800
E1,M13,102-0,A,SF-102,B,202306,11,0,1336
E1,M13,102-0,B,SF-102,B,202306,11,0,943
E1,M13,102-0,C,SF-102,B,202306,11,1,786
E1,M13,102-0,D,SF-102,B,202306,11,1,590
E1,M13,102-0,E,SF-102,B,202306,11,0,275
E1,M13,102-0,ALL,SF-102,B,202306,11,2,3930
E1,M13,102-0,A,SF-102,B,202307,12,0,1380
E1,M13,102-0,B,SF-102,B,202307,12,1,974
E1,M13,102-0,C,SF-102,B,202307,12,2,812
E1,M13,102-0,D,SF-102,B,202307,12,1,609
E1,M13,102-0,E,SF-102,B,202307,12,0,284
E1,M13,102-0,ALL,SF-102,B,202307,12,4,4060
E1,M13,102-0,A,SF-102,B,202308,13,0,1425
E1,M13,102-0,B,SF-102,B,202308,13,3,1006
E1,M13,102-0,C,SF-102,B,202308,13,3,838
E1,M13,102-0,D,SF-102,B,202308,13,2,628
E1,M13,102-0,E,SF-102,B,202308,13,1,293
E1,M13,102-0,ALL,SF-102,B,202308,13,9,4190
E1,M13,102-0,A,SF-102,B,202309,14,2,1469
E1,M13,102-0,B,SF-102,B,202309,14,2,1037
E1,M13,102-0,C,SF-102,B,202309,14,0,864
E1,M13,102-0,D,SF-102,B,202309,14,0,648
E1,M13,102-0,E,SF-102,B,202309,14,2,302
E1,M13,102-0,ALL,SF-102,B,202309,14,6,4320
E1,M13,102-0,A,SF-102,B,202310,15,2,1513
E1,M13,102-0,B,SF-102,B,202310,15,3,1068
E1,M13,102-0,C,SF-102,B,202310,15,5,890
E1,M13,102-0,D,SF-102,B,202310,15,0,668
E1,M13,102-0,E,SF-102,B,202310,15,0,312
E1,M13,102-0,ALL,SF-102,B,202310,15,10,4450
E1,M13,102-0,A,SF-102,B,202311,16,3,1557
E1,M13,102-0,B,SF-102,B,202311,16,0,1099
E1,M13,102-0,C,SF-102,B,202311,16,1,916
E1,M13,102-0,D,SF-102,B,202311,16,1,687
E1,M13,102-0,E,SF-102,B,202311,16,0,321
E1,M13,102-0,ALL,SF-102,B,202311,16,5,4580
E1,M13,102-0,A,SF-102,B,202312,17,1,1601
E1,M13,102-0,B,SF-102,B,202312,17,0,1130
E1,M13,102-0,C,SF-102,B,202312,17,0,942
E1,M13,102-0,D,SF-102,B,202312,17,1,706
E1,M13,102-0,E,SF-102,B,202312,17,0,330
E1,M13,102-0,ALL,SF-102,B,202312,17,2,4710
E1,M13,102-0,A,SF-102,B,202401,18,2,1646
E1,M13,102-0,B,SF-102,B,202401,18,0,1162
E1,M13,102-0,C,SF-102,B,202401,18,0,968
E1,M13,102-0,D,SF-102,B,202401,18,0,726
E1,M13,102-0,E,SF-102,B,202401,18,0,339
E1,M13,102-0,ALL,SF-102,B,202401,18,2,4840
E1,M13,102-0,A,SF-102,B,202402,19,4,1690
E1,M13,102-0,B,SF-102,B,202402,19,2,1193
E1,M13,102-0,C,SF-102,B,202402,19,0,994
E1,M13,102-0,D,SF-102,B,202402,19,1,746
E1,M13,102-0,E,SF-102,B,202402,19,0,348
E1,M13,102-0,ALL,SF-102,B,202402,19,7,4970
E1,M13,102-0,A,SF-102,B,202403,20,2,1734
E1,M13,102-0,B,SF-102,B,202403,20,0,1224
E1,M13,102-0,C,SF-102,B,202403,20,1,1020
E1,M13,102-0,D,SF-102,B,202403,20,0,765
E1,M13,102-0,E,SF-102,B,202403,20,1,357
E1,M13,102-0,ALL,SF-102,B,202403,20,4,5100
E1,M13,102-0,A,SF-102,B,202404,21,1,1778
E1,M13,102-0,B,SF-102,B,202404,21,2,1255
E1,M13,102-0,C,SF-102,B,202404,21,1,1046
E1,M13,102-0,D,SF-102,B,202404,21,0,784
E1,M13,102-0,E,SF-102,B,202404,21,0,366
E1,M13,102-0,ALL,SF-102,B,202404,21,4,5230
E1,M13,102-0,A,SF-102,B,202405,22,0,1822
E1,M13,102-0,B,SF-102,B,202405,22,2,1286
E1,M13,102-0,C,SF-102,B,202405,22,0,1072
E1,M13,102-0,D,SF-102,B,202405,22,1,804
E1,M13,102-0,E,SF-102,B,202405,22,0,375
E1,M13,102-0,ALL,SF-102,B,202405,22,3,5360
E1,M13,102-0,A,SF-102,B,202406,23,3,1867
E1,M13,102-0,B,SF-102,B,202406,23,3,1318
E1,M13,102-0,C,SF-102,B,202406,23,1,1098
E1,M13,102-0,D,SF-102,B,202406,23,1,824
E1,M13,102-0,E,SF-102,B,202406,23,1,384
E1,M13,102-0,ALL,SF-102,B,202406,23,9,5490
E1,M13,102-0,A,SF-102,B,202407,24,2,1911
E1,M13,102-0,B,SF-102,B,202407,24,3,1349
E1,M13,102-0,C,SF-102,B,202407,24,2,1124
E1,M13,102-0,D,SF-102,B,202407,24,0,843
E1,M13,102-0,E,SF-102,B,202407,24,2,393
E1,M13,102-0,ALL,SF-102,B,202407,24,9,5620
E1,M13,102-0,A,SF-102,B,202408,25,2,1955
E1,M13,102-0,B,SF-102,B,202408,25,0,1380
E1,M13,102-0,C,SF-102,B,202408,25,0,1150
E1,M13,102-0,D,SF-102,B,202408,25,1,862
E1,M13,102-0,E,SF-102,B,202408,25,2,403
E1,M13,102-0,ALL,SF-102,B,202408,25,5,5750
E1,M13,102-0,A,SF-102,B,202409,26,2,1999
E1,M13,102-0,B,SF-102,B,202409,26,3,1411
E1,M13,102-0,C,SF-102,B,202409,26,0,1176
E1,M13,102-0,D,SF-102,B,202409,26,4,882
E1,M13,102-0,E,SF-102,B,202409,26,1,412
E1,M13,102-0,ALL,SF-102,B,202409,26,10,5880
E1,M13,102-0,A,SF-102,B,202410,27,1,2043
E1,M13,102-0,B,SF-102,B,202410,27,1,1442
E1,M13,102-0,C,SF-102,B,202410,27,0,1202
E1,M13,102-0,D,SF-102,B,202410,27,0,902
E1,M13,102-0,E,SF-102,B,202410,27,1,421
E1,M13,102-0,ALL,SF-102,B,202410,27,3,6010
E1,M13,102-0,A,SF-102,B,202411,28,0,2088
E1,M13,102-0,B,SF-102,B,202411,28,1,1474
E1,M13,102-0,C,SF-102,B,202411,28,1,1228
E1,M13,102-0,D,SF-102,B,202411,28,1,921
E1,M13,102-0,E,SF-102,B,202411,28,0,430
E1,M13,102-0,ALL,SF-102,B,202411,28,3,6140
E1,M13,102-0,A,SF-102,B,202412,29,1,2132
E1,M13,102-0,B,SF-102,B,202412,29,0,1505
E1,M13,102-0,C,SF-102,B,202412,29,1,1254
E1,M13,102-0,D,SF-102,B,202412,29,0,940
E1,M13,102-0,E,SF-102,B,202412,29,0,439
E1,M13,102-0,ALL,SF-102,B,202412,29,2,6270
E1,M13,103-0,ALL,SF-103,B,202207,0,0,2500
E1,M13,103-1,A,SF-103,B,202207,0,1,850
E1,M13,103-1,ALL,SF-103,B,202207,0,1,2500
E1,M13,103-0,A,SF-103,B,202208,1,1,894
E1,M13,103-0,B,SF-103,B,202208,1,2,631
E1,M13,103-0,ALL,SF-103,B,202208,1,3,2630
E1,M13,103-1,C,SF-103,B,202208,1,3,526
E1,M13,103-1,ALL,SF-103,B,202208,1,3,2630
E1,M13,103-0,A,SF-103,B,202209,2,2,938
E1,M13,103-0,B,SF-103,B,202209,2,0,662
E1,M13,103-0,C,SF-103,B,202209,2,0,552
E1,M13,103-0,D,SF-103,B,202209,2,0,414
E1,M13,103-0,ALL,SF-103,B,202209,2,2,2760
E1,M13,103-1,A,SF-103,B,202209,2,1,938
E1,M13,103-1,B,SF-103,B,202209,2,0,662
E1,M13,103-1,C,SF-103,B,202209,2,0,552
E1,M13,103-1,D,SF-103,B,202209,2,1,414
E1,M13,103-1,ALL,SF-103,B,202209,2,2,2760
E1,M13,103-0,A,SF-103,B,202210,3,2,983
E1,M13,103-0,B,SF-103,B,202210,3,0,694
E1,M13,103-0,C,SF-103,B,202210,3,1,578
E1,M13,103-0,D,SF-103,B,202210,3,0,434
E1,M13,103-0,ALL,SF-103,B,202210,3,3,2890
E1,M13,103-1,A,SF-103,B,202210,3,1,983
E1,M13,103-1,B,SF-103,B,202210,3,0,694
E1,M13,103-1,C,SF-103,B,202210,3,1,578
E1,M13,103-1,D,SF-103,B,202210,3,0,434
E1,M13,103-1,ALL,SF-103,B,202210,3,2,2890
E1,M13,103-0,A,SF-103,B,202211,4,2,1027
E1,M13,103-0,B,SF-103,B,202211,4,0,725
E1,M13,103-0,C,SF-103,B,202211,4,0,604
E1,M13,103-0,D,SF-103,B,202211,4,2,453
E1,M13,103-0,ALL,SF-103,B,202211,4,4,3020
E1,M13,103-1,A,SF-103,B,202211,4,2,1027
E1,M13,103-1,B,SF-103,B,202211,4,1,725
E1,M13,103-1,C,SF-103,B,202211,4,0,604
E1,M13,103-1,D,SF-103,B,202211,4,0,453
E1,M13,103-1,ALL,SF-103,B,202211,4,3,3020
E1,M13,103-0,A,SF-103,B,202212,5,1,1071
E1,M13,103-0,B,SF-103,B,202212,5,1,756
E1,M13,103-0,C,SF-103,B,202212,5,0,630
E1,M13,103-0,D,SF-103,B,202212,5,0,472
E1,M13,103-0,ALL,SF-103,B,202212,5,2,3150
E1,M13,103-1,A,SF-103,B,202212,5,2,1071
E1,M13,103-1,B,SF-103,B,202212,5,0,756
E1,M13,103-1,C,SF-103,B,202212,5,1,630
E1,M13,103-1,D,SF-103,B,202212,5,0,472
E1,M13,103-1,ALL,SF-103,B,202212,5,3,3150
E1,M13,103-0,A,SF-103,B,202301,6,2,1115
E1,M13,103-0,B,SF-103,B,202301,6,0,787
E1,M13,103-0,C,SF-103,B,202301,6,1,656
E1,M13,103-0,D,SF-103,B,202301,6,0,492
E1,M13,103-0,ALL,SF-103,B,202301,6,3,3280
E1,M13,103-1,A,SF-103,B,202301,6,1,1115
E1,M13,103-1,B,SF-103,B,202301,6,0,787
E1,M13,103-1,C,SF-103,B,202301,6,1,656
E1,M13,103-1,D,SF-103,B,202301,6,0,492
E1,M13,103-1,ALL,SF-103,B,202301,6,2,3280
E1,M13,103-0,A,SF-103,B,202302,7,0,1159
E1,M13,103-0,B,SF-103,B,202302,7,0,818
E1,M13,103-0,C,SF-103,B,202302,7,2,682
E1,M13,103-0,D,SF-103,B,202302,7,0,512
E1,M13,103-0,ALL,SF-103,B,202302,7,2,3410
E1,M13,103-1,A,SF-103,B,202302,7,0,1159
E1,M13,103-1,B,SF-103,B,202302,7,0,818
E1,M13,103-1,C,SF-103,B,202302,7,0,682
E1,M13,103-1,D,SF-103,B,202302,7,0,512
E1,M13,103-1,ALL,SF-103,B,202302,7,0,3410
E1,M13,103-0,A,SF-103,B,202303,8,0,1204
E1,M13,103-0,B,SF-103,B,202303,8,1,850
E1,M13,103-0,C,SF-103,B,202303,8,1,708
E1,M13,103-0,D,SF-103,B,202303,8,0,531
E1,M13,103-0,E,SF-103,B,202303,8,0,248
E1,M13,103-0,ALL,SF-103,B,202303,8,2,3540
E1,M13,103-1,A,SF-103,B,202303,8,2,1204
E1,M13,103-1,B,SF-103,B,202303,8,0,850
E1,M13,103-1,C,SF-103,B,202303,8,0,708
E1,M13,103-1,D,SF-103,B,202303,8,1,531
E1,M13,103-1,E,SF-103,B,202303,8,0,248
E1,M13,103-1,ALL,SF-103,B,202303,8,3,3540
E1,M13,103-0,A,SF-103,B,202304,9,0,1248
E1,M13,103-0,B,SF-103,B,202304,9,1,881
E1,M13,103-0,C,SF-103,B,202304,9,1,734
E1,M13,103-0,D,SF-103,B,202304,9,0,550
E1,M13,103-0,E,SF-103,B,202304,9,0,257
E1,M13,103-0,ALL,SF-103,B,202304,9,2,3670
E1,M13,103-1,A,SF-103,B,202304,9,3,1248
E1,M13,103-1,B,SF-103,B,202304,9,0,881
E1,M13,103-1,C,SF-103,B,202304,9,1,734
E1,M13,103-1,D,SF-103,B,202304,9,0,550
E1,M13,103-1,E,SF-103,B,202304,9,0,257
E1,M13,103-1,ALL,SF-103,B,202304,9,4,3670
E1,M13,103-0,A,SF-103,B,202305,10,0,1292
E1,M13,103-0,B,SF-103,B,202305,10,0,912
E1,M13,103-0,C,SF-103,B,202305,10,0,760
E1,M13,103-0,D,SF-103,B,202305,10,0,570
E1,M13,103-0,E,SF-103,B,202305,10,1,266
E1,M13,103-0,ALL,SF-103,B,202305,10,1,3800
E1,M13,103-1,A,SF-103,B,202305,10,1,1292
E1,M13,103-1,B,SF-103,B,202305,10,2,912
E1,M13,103-1,C,SF-103,B,202305,10,0,760
E1,M13,103-1,D,SF-103,B,202305,10,0,570
E1,M13,103-1,E,SF-103,B,202305,10,1,266
E1,M13,103-1,ALL,SF-103,B,202305,10,4,3800
E1,M13,103-0,A,SF-103,B,202306,11,2,1336
E1,M13,103-0,B,SF-103,B,202306,11,1,943
E1,M13,103-0,C,SF-103,B,202306,11,1,786
E1,M13,103-0,D,SF-103,B,202306,11,0,590
E1,M13,103-0,E,SF-103,B,202306,11,0,275
E1,M13,103-0,ALL,SF-103,B,202306,11,4,3930
E1,M13,103-1,A,SF-103,B,202306,11,1,1336
E1,M13,103-1,B,SF-103,B,202306,11,1,943
E1,M13,103-1,C,SF-103,B,202306,11,3,786
E1,M13,103-1,D,SF-103,B,202306,11,0,590
E1,M13,103-1,E,SF-103,B,202306,11,0,275
E1,M13,103-1,ALL,SF-103,B,202306,11,5,3930
E1,M13,103-0,A,SF-103,B,202307,12,0,1380
E1,M13,103-0,B,SF-103,B,202307,12,1,974
E1,M13,103-0,C,SF-103,B,202307,12,1,812
E1,M13,103-0,D,SF-103,B,202307,12,0,609
E1,M13,103-0,E,SF-103,B,202307,12,0,284
E1,M13,103-0,ALL,SF-103,B,202307,12,2,4060
E1,M13,103-1,A,SF-103,B,202307,12,2,1380
E1,M13,103-1,B,SF-103,B,202307,12,0,974
E1,M13,103-1,C,SF-103,B,202307,12,0,812
E1,M13,103-1,D,SF-103,B,202307,12,0,609
E1,M13,103-1,E,SF-103,B,202307,12,0,284
E1,M13,103-1,ALL,SF-103,B,202307,12,2,4060
E1,M13,103-0,A,SF-103,B,202308,13,1,1425
E1,M13,103-0,B,SF-103,B,202308,13,2,1006
E1,M13,103-0,C,SF-103,B,202308,13,1,838
E1,M13,103-0,D,SF-103,B,202308,13,0,628
E1,M13,103-0,E,SF-103,B,202308,13,1,293
E1,M13,103-0,ALL,SF-103,B,202308,13,5,4190
E1,M13,103-1,A,SF-103,B,202308,13,0,1425
E1,M13,103-1,B,SF-103,B,202308,13,2,1006
E1,M13,103-1,C,SF-103,B,202308,13,0,838
E1,M13,103-1,D,SF-103,B,202308,13,0,628
E1,M13,103-1,E,SF-103,B,202308,13,0,293
E1,M13,103-1,ALL,SF-103,B,202308,13,2,4190
E1,M13,103-0,A,SF-103,B,202309,14,0,1469
E1,M13,103-0,B,SF-103,B,202309,14,0,1037
E1,M13,103-0,C,SF-103,B,202309,14,3,864
E1,M13,103-0,D,SF-103,B,202309,14,2,648
E1,M13,103-0,E,SF-103,B,202309,14,0,302
E1,M13,103-0,ALL,SF-103,B,202309,14,5,4320
E1,M13,103-1,A,SF-103,B,202309,14,0,1469
E1,M13,103-1,B,SF-103,B,202309,14,1,1037
E1,M13,103-1,C,SF-103,B,202309,14,0,864
E1,M13,103-1,D,SF-103,B,202309,14,0,648
E1,M13,103-1,E,SF-103,B,202309,14,0,302
E1,M13,103-1,ALL,SF-103,B,202309,14,1,4320
E1,M13,103-0,A,SF-103,B,202310,15,1,1513
E1,M13,103-0,B,SF-103,B,202310,15,0,1068
E1,M13,103-0,C,SF-103,B,202310,15,0,890
E1,M13,103-0,D,SF-103,B,202310,15,0,668
E1,M13,103-0,E,SF-103,B,202310,15,0,312
E1,M13,103-0,ALL,SF-103,B,202310,15,1,4450
E1,M13,103-1,A,SF-103,B,202310,15,1,1513
E1,M13,103-1,B,SF-103,B,202310,15,0,1068
E1,M13,103-1,C,SF-103,B,202310,15,2,890
E1,M13,103-1,D,SF-103,B,202310,15,0,668
E1,M13,103-1,E,SF-103,B,202310,15,0,312
E1,M13,103-1,ALL,SF-103,B,202310,15,3,4450
E1,M13,103-0,A,SF-103,B,202311,16,1,1557
E1,M13,103-0,B,SF-103,B,202311,16,0,1099
E1,M13,103-0,C,SF-103,B,202311,16,0,916
E1,M13,103-0,D,SF-103,B,202311,16,0,687
E1,M13,103-0,E,SF-103,B,202311,16,0,321
E1,M13,103-0,ALL,SF-103,B,202311,16,1,4580
E1,M13,103-1,A,SF-103,B,202311,16,1,1557
E1,M13,103-1,B,SF-103,B,202311,16,0,1099
E1,M13,103-1,C,SF-103,B,202311,16,0,916
E1,M13,103-1,D,SF-103,B,202311,16,1,687
E1,M13,103-1,E,SF-103,B,202311,16,0,321
E1,M13,103-1,ALL,SF-103,B,202311,16,2,4580
E1,M13,103-0,A,SF-103,B,202312,17,0,1601
E1,M13,103-0,B,SF-103,B,202312,17,3,1130
E1,M13,103-0,C,SF-103,B,202312,17,2,942
E1,M13,103-0,D,SF-103,B,202312,17,1,706
E1,M13,103-0,E,SF-103,B,202312,17,0,330
E1,M13,103-0,ALL,SF-103,B,202312,17,6,4710
E1,M13,103-1,A,SF-103,B,202312,17,2,1601
E1,M13,103-1,B,SF-103,B,202312,17,0,1130
E1,M13,103-1,C,SF-103,B,202312,17,1,942
E1,M13,103-1,D,SF-103,B,202312,17,1,706
E1,M13,103-1,E,SF-103,B,202312,17,1,330
E1,M13,103-1,ALL,SF-103,B,202312,17,5,4710
E1,M13,103-0,A,SF-103,B,202401,18,1,1646
E1,M13,103-0,B,SF-103,B,202401,18,0,1162
E1,M13,103-0,C,SF-103,B,202401,18,4,968
E1,M13,103-0,D,SF-103,B,202401,18,2,726
E1,M13,103-0,E,SF-103,B,202401,18,0,339
E1,M13,103-0,ALL,SF-103,B,202401,18,7,4840
E1,M13,103-1,A,SF-103,B,202401,18,0,1646
E1,M13,103-1,B,SF-103,B,202401,18,0,1162
E1,M13,103-1,C,SF-103,B,202401,18,1,968
E1,M13,103-1,D,SF-103,B,202401,18,1,726
E1,M13,103-1,E,SF-103,B,202401,18,1,339
E1,M13,103-1,ALL,SF-103,B,202401,18,3,4840
E1,M13,103-0,A,SF-103,B,202402,19,2,1690
E1,M13,103-0,B,SF-103,B,202402,19,1,1193
E1,M13,103-0,C,SF-103,B,202402,19,1,994
E1,M13,103-0,D,SF-103,B,202402,19,0,746
E1,M13,103-0,E,SF-103,B,202402,19,2,348
E1,M13,103-0,ALL,SF-103,B,202402,19,6,4970
E1,M13,103-1,A,SF-103,B,202402,19,0,1690
E1,M13,103-1,B,SF-103,B,202402,19,2,1193
E1,M13,103-1,C,SF-103,B,202402,19,0,994
E1,M13,103-1,D,SF-103,B,202402,19,0,746
E1,M13,103-1,E,SF-103,B,202402,19,0,348
E1,M13,103-1,ALL,SF-103,B,202402,19,2,4970
E1,M13,103-0,A,SF-103,B,202403,20,1,1734
E1,M13,103-0,B,SF-103,B,202403,20,1,1224
E1,M13,103-0,C,SF-103,B,202403,20,0,1020
E1,M13,103-0,D,SF-103,B,202403,20,0,765
E1,M13,103-0,E,SF-103,B,202403,20,0,357
E1,M13,103-0,ALL,SF-103,B,202403,20,2,5100
E1,M13,103-1,A,SF-103,B,202403,20,1,1734
E1,M13,103-1,B,SF-103,B,202403,20,0,1224
E1,M13,103-1,C,SF-103,B,202403,20,0,1020
E1,M13,103-1,D,SF-103,B,202403,20,0,765
E1,M13,103-1,E,SF-103,B,202403,20,1,357
E1,M13,103-1,ALL,SF-103,B,202403,20,2,5100
E1,M13,103-0,A,SF-103,B,202404,21,2,1778
E1,M13,103-0,B,SF-103,B,202404,21,0,1255
E1,M13,103-0,C,SF-103,B,202404,21,1,1046
E1,M13,103-0,D,SF-103,B,202404,21,1,784
E1,M13,103-0,E,SF-103,B,202404,21,2,366
E1,M13,103-0,ALL,SF-103,B,202404,21,6,5230
E1,M13,103-1,A,SF-103,B,202404,21,1,1778
E1,M13,103-1,B,SF-103,B,202404,21,0,1255
E1,M13,103-1,C,SF-103,B,202404,21,1,1046
E1,M13,103-1,D,SF-103,B,202404,21,0,784
E1,M13,103-1,E,SF-103,B,202404,21,0,366
E1,M13,103-1,ALL,SF-103,B,202404,21,2,5230
E1,M13,103-0,A,SF-103,B,202405,22,0,1822
E1,M13,103-0,B,SF-103,B,202405,22,1,1286
E1,M13,103-0,C,SF-103,B,202405,22,1,1072
E1,M13,103-0,D,SF-103,B,202405,22,0,804
E1,M13,103-0,E,SF-103,B,202405,22,1,375
E1,M13,103-0,ALL,SF-103,B,202405,22,3,5360
E1,M13,103-1,A,SF-103,B,202405,22,0,1822
E1,M13,103-1,B,SF-103,B,202405,22,2,1286
E1,M13,103-1,C,SF-103,B,202405,22,0,1072
E1,M13,103-1,D,SF-103,B,202405,22,0,804
E1,M13,103-1,E,SF-103,B,202405,22,0,375
E1,M13,103-1,ALL,SF-103,B,202405,22,2,5360
E1,M13,103-0,A,SF-103,B,202406,23,3,1867
E1,M13,103-0,B,SF-103,B,202406,23,0,1318
E1,M13,103-0,C,SF-103,B,202406,23,0,1098
E1,M13,103-0,D,SF-103,B,202406,23,0,824
E1,M13,103-0,E,SF-103,B,202406,23,1,384
E1,M13,103-0,ALL,SF-103,B,202406,23,4,5490
E1,M13,103-1,A,SF-103,B,202406,23,2,1867
E1,M13,103-1,B,SF-103,B,202406,23,2,1318
E1,M13,103-1,C,SF-103,B,202406,23,0,1098
E1,M13,103-1,D,SF-103,B,202406,23,0,824
E1,M13,103-1,E,SF-103,B,202406,23,0,384
E1,M13,103-1,ALL,SF-103,B,202406,23,4,5490
E1,M13,103-0,A,SF-103,B,202407,24,0,1911
E1,M13,103-0,B,SF-103,B,202407,24,0,1349
E1,M13,103-0,C,SF-103,B,202407,24,1,1124
E1,M13,103-0,D,SF-103,B,202407,24,0,843
E1,M13,103-0,E,SF-103,B,202407,24,0,393
E1,M13,103-0,ALL,SF-103,B,202407,24,1,5620
E1,M13,103-1,A,SF-103,B,202407,24,2,1911
E1,M13,103-1,B,SF-103,B,202407,24,1,1349
E1,M13,103-1,C,SF-103,B,202407,24,1,1124
E1,M13,103-1,D,SF-103,B,202407,24,2,843
E1,M13,103-1,E,SF-103,B,202407,24,1,393
E1,M13,103-1,ALL,SF-103,B,202407,24,7,5620
E1,M13,103-0,A,SF-103,B,202408,25,1,1955
E1,M13,103-0,B,SF-103,B,202408,25,2,1380
E1,M13,103-0,C,SF-103,B,202408,25,1,1150
E1,M13,103-0,D,SF-103,B,202408,25,2,862
E1,M13,103-0,E,SF-103,B,202408,25,0,403
E1,M13,103-0,ALL,SF-103,B,202408,25,6,5750
E1,M13,103-1,A,SF-103,B,202408,25,0,1955
E1,M13,103-1,B,SF-103,B,202408,25,0,1380
E1,M13,103-1,C,SF-103,B,202408,25,1,1150
E1,M13,103-1,D,SF-103,B,202408,25,2,862
E1,M13,103-1,E,SF-103,B,202408,25,0,403
E1,M13,103-1,ALL,SF-103,B,202408,25,3,5750
E1,M13,103-0,A,SF-103,B,202409,26,4,1999
E1,M13,103-0,B,SF-103,B,202409,26,1,1411
E1,M13,103-0,C,SF-103,B,202409,26,1,1176
E1,M13,103-0,D,SF-103,B,202409,26,0,882
E1,M13,103-0,E,SF-103,B,202409,26,0,412
E1,M13,103-0,ALL,SF-103,B,202409,26,6,5880
E1,M13,103-1,A,SF-103,B,202409,26,2,1999
E1,M13,103-1,B,SF-103,B,202409,26,0,1411
E1,M13,103-1,C,SF-103,B,202409,26,1,1176
E1,M13,103-1,D,SF-103,B,202409,26,0,882
E1,M13,103-1,E,SF-103,B,202409,26,0,412
E1,M13,103-1,ALL,SF-103,B,202409,26,3,5880
E1,M13,103-0,A,SF-103,B,202410,27,2,2043
E1,M13,103-0,B,SF-103,B,202410,27,1,1442
E1,M13,103-0,C,SF-103,B,202410,27,1,1202
E1,M13,103-0,D,SF-103,B,202410,27,1,902
E1,M13,103-0,E,SF-103,B,202410,27,1,421
E1,M13,103-0,ALL,SF-103,B,202410,27,6,6010
E1,M13,103-1,A,SF-103,B,202410,27,1,2043
E1,M13,103-1,B,SF-103,B,202410,27,0,1442
E1,M13,103-1,C,SF-103,B,202410,27,1,1202
E1,M13,103-1,D,SF-103,B,202410,27,1,902
E1,M13,103-1,E,SF-103,B,202410,27,0,421
E1,M13,103-1,ALL,SF-103,B,202410,27,3,6010
E1,M13,103-0,A,SF-103,B,202411,28,1,2088
E1,M13,103-0,B,SF-103,B,202411,28,1,1474
E1,M13,103-0,C,SF-103,B,202411,28,0,1228
E1,M13,103-0,D,SF-103,B,202411,28,3,921
E1,M13,103-0,E,SF-103,B,202411,28,0,430
E1,M13,103-0,ALL,SF-103,B,202411,28,5,6140
E1,M13,103-1,A,SF-103,B,202411,28,2,2088
E1,M13,103-1,B,SF-103,B,202411,28,4,1474
E1,M13,103-1,C,SF-103,B,202411,28,1,1228
E1,M13,103-1,D,SF-103,B,202411,28,0,921
E1,M13,103-1,E,SF-103,B,202411,28,0,430
E1,M13,103-1,ALL,SF-103,B,202411,28,7,6140
E1,M13,103-0,A,SF-103,B,202412,29,1,2132
E1,M13,103-0,B,SF-103,B,202412,29,0,1505
E1,M13,103-0,C,SF-103,B,202412,29,0,1254
E1,M13,103-0,D,SF-103,B,202412,29,0,940
E1,M13,103-0,E,SF-103,B,202412,29,0,439
E1,M13,103-0,ALL,SF-103,B,202412,29,1,6270
E1,M13,103-1,A,SF-103,B,202412,29,1,2132
E1,M13,103-1,B,SF-103,B,202412,29,4,1505
E1,M13,103-1,C,SF-103,B,202412,29,0,1254
E1,M13,103-1,D,SF-103,B,202412,29,1,940
E1,M13,103-1,E,SF-103,B,202412,29,1,439
E1,M13,103-1,ALL,SF-103,B,202412,29,7,6270
E1,M13,104-0,D,SF-104,B,202207,0,2,375
E1,M13,104-0,ALL,SF-104,B,202207,0,2,2500
E1,M13,104-1,B,SF-104,B,202207,0,1,600
E1,M13,104-1,ALL,SF-104,B,202207,0,1,2500
E1,M13,104-0,A,SF-104,B,202208,1,1,894
E1,M13,104-0,B,SF-104,B,202208,1,2,631
E1,M13,104-0,C,SF-104,B,202208,1,2,526
E1,M13,104-0,ALL,SF-104,B,202208,1,5,2630
E1,M13,104-1,A,SF-104,B,202208,1,1,894
E1,M13,104-1,B,SF-104,B,202208,1,2,631
E1,M13,104-1,ALL,SF-104,B,202208,1,3,2630
E1,M13,104-0,A,SF-104,B,202209,2,0,938
E1,M13,104-0,B,SF-104,B,202209,2,1,662
E1,M13,104-0,C,SF-104,B,202209,2,0,552
E1,M13,104-0,D,SF-104,B,202209,2,0,414
E1,M13,104-0,ALL,SF-104,B,202209,2,1,2760
E1,M13,104-1,A,SF-104,B,202209,2,3,938
E1,M13,104-1,B,SF-104,B,202209,2,0,662
E1,M13,104-1,C,SF-104,B,202209,2,0,552
E1,M13,104-1,D,SF-104,B,202209,2,0,414
E1,M13,104-1,ALL,SF-104,B,202209,2,3,2760
E1,M13,104-0,A,SF-104,B,202210,3,1,983
E1,M13,104-0,B,SF-104,B,202210,3,0,694
E1,M13,104-0,C,SF-104,B,202210,3,0,578
E1,M13,104-0,D,SF-104,B,202210,3,0,434
E1,M13,104-0,ALL,SF-104,B,202210,3,1,2890
E1,M13,104-1,A,SF-104,B,202210,3,1,983
E1,M13,104-1,B,SF-104,B,202210,3,1,694
E1,M13,104-1,C,SF-104,B,202210,3,0,578
E1,M13,104-1,D,SF-104,B,202210,3,2,434
E1,M13,104-1,ALL,SF-104,B,202210,3,4,2890
E1,M13,104-0,A,SF-104,B,202211,4,0,1027
E1,M13,104-0,B,SF-104,B,202211,4,1,725
E1,M13,104-0,C,SF-104,B,202211,4,0,604
E1,M13,104-0,D,SF-104,B,202211,4,0,453
E1,M13,104-0,ALL,SF-104,B,202211,4,1,3020
E1,M13,104-1,A,SF-104,B,202211,4,1,1027
E1,M13,104-1,B,SF-104,B,202211,4,0,725
E1,M13,104-1,C,SF-104,B,202211,4,3,604
E1,M13,104-1,D,SF-104,B,202211,4,2,453
E1,M13,104-1,ALL,SF-104,B,202211,4,6,3020
E1,M13,104-0,A,SF-104,B,202212,5,1,1071
E1,M13,104-0,B,SF-104,B,202212,5,1,756
E1,M13,104-0,C,SF-104,B,202212,5,1,630
E1,M13,104-0,D,SF-104,B,202212,5,0,472
E1,M13,104-0,ALL,SF-104,B,202212,5,3,3150
E1,M13,104-1,A,SF-104,B,202212,5,0,1071
E1,M13,104-1,B,SF-104,B,202212,5,0,756
E1,M13,104-1,C,SF-104,B,202212,5,1,630
E1,M13,104-1,D,SF-104,B,202212,5,0,472
E1,M13,104-1,ALL,SF-104,B,202212,5,1,3150
E1,M13,104-0,A,SF-104,B,202301,6,1,1115
E1,M13,104-0,B,SF-104,B,202301,6,0,787
E1,M13,104-0,C,SF-104,B,202301,6,1,656
E1,M13,104-0,D,SF-104,B,202301,6,0,492
E1,M13,104-0,ALL,SF-104,B,202301,6,2,3280
E1,M13,104-1,A,SF-104,B,202301,6,2,1115
E1,M13,104-1,B,SF-104,B,202301,6,0,787
E1,M13,104-1,C,SF-104,B,202301,6,2,656
E1,M13,104-1,D,SF-104,B,202301,6,0,492
E1,M13,104-1,ALL,SF-104,B,202301,6,4,3280
E1,M13,104-0,A,SF-104,B,202302,7,1,1159
E1,M13,104-0,B,SF-104,B,202302,7,2,818
E1,M13,104-0,C,SF-104,B,202302,7,0,682
E1,M13,104-0,D,SF-104,B,202302,7,0,512
E1,M13,104-0,ALL,SF-104,B,202302,7,3,3410
E1,M13,104-1,A,SF-104,B,202302,7,0,1159
E1,M13,104-1,B,SF-104,B,202302,7,4,818
E1,M13,104-1,C,SF-104,B,202302,7,0,682
E1,M13,104-1,D,SF-104,B,202302,7,0,512
E1,M13,104-1,ALL,SF-104,B,202302,7,4,3410
E1,M13,104-0,A,SF-104,B,202303,8,2,1204
E1,M13,104-0,B,SF-104,B,202303,8,0,850
E1,M13,104-0,C,SF-104,B,202303,8,0,708
E1,M13,104-0,D,SF-104,B,202303,8,1,531
E1,M13,104-0,E,SF-104,B,202303,8,2,248
E1,M13,104-0,ALL,SF-104,B,202303,8,5,3540
E1,M13,104-1,A,SF-104,B,202303,8,0,1204
E1,M13,104-1,B,SF-104,B,202303,8,0,850
E1,M13,104-1,C,SF-104,B,202303,8,1,708
E1,M13,104-1,D,SF-104,B,202303,8,1,531
E1,M13,104-1,E,SF-104,B,202303,8,0,248
E1,M13,104-1,ALL,SF-104,B,202303,8,2,3540
E1,M13,104-0,A,SF-104,B,202304,9,1,1248
E1,M13,104-0,B,SF-104,B,202304,9,2,881
E1,M13,104-0,C,SF-104,B,202304,9,0,734
E1,M13,104-0,D,SF-104,B,202304,9,0,550
E1,M13,104-0,E,SF-104,B,202304,9,0,257
E1,M13,104-0,ALL,SF-104,B,202304,9,3,3670
E1,M13,104-1,A,SF-104,B,202304,9,1,1248
E1,M13,104-1,B,SF-104,B,202304,9,1,881
E1,M13,104-1,C,SF-104,B,202304,9,2,734
E1,M13,104-1,D,SF-104,B,202304,9,0,550
E1,M13,104-1,E,SF-104,B,202304,9,1,257
E1,M13,104-1,ALL,SF-104,B,202304,9,5,3670
E1,M13,104-0,A,SF-104,B,202305,10,1,1292
E1,M13,104-0,B,SF-104,B,202305,10,1,912
E1,M13,104-0,C,SF-104,B,202305,10,1,760
E1,M13,104-0,D,SF-104,B,202305,10,1,570
E1,M13,104-0,E,SF-104,B,202305,10,0,266
E1,M13,104-0,ALL,SF-104,B,202305,10,4,3800
E1,M13,104-1,A,SF-104,B,202305,10,3,1292
E1,M13,104-1,B,SF-104,B,202305,10,1,912
E1,M13,104-1,C,SF-104,B,202305,10,1,760
E1,M13,104-1,D,SF-104,B,202305,10,1,570
E1,M13,104-1,E,SF-104,B,202305,10,0,266
E1,M13,104-1,ALL,SF-104,B,202305,10,6,3800
E1,M13,104-0,A,SF-104,B,202306,11,2,1336
E1,M13,104-0,B,SF-104,B,202306,11,0,943
E1,M13,104-0,C,SF-104,B,202306,11,0,786
E1,M13,104-0,D,SF-104,B,202306,11,1,590
E1,M13,104-0,E,SF-104,B,202306,11,0,275
E1,M13,104-0,ALL,SF-104,B,202306,11,3,3930
E1,M13,104-1,A,SF-104,B,202306,11,3,1336
E1,M13,104-1,B,SF-104,B,202306,11,2,943
E1,M13,104-1,C,SF-104,B,202306,11,2,786
E1,M13,104-1,D,SF-104,B,202306,11,0,590
E1,M13,104-1,E,SF-104,B,202306,11,1,275
E1,M13,104-1,ALL,SF-104,B,202306,11,8,3930
E1,M13,104-0,A,SF-104,B,202307,12,2,1380
E1,M13,104-0,B,SF-104,B,202307,12,0,974
E1,M13,104-0,C,SF-104,B,202307,12,0,812
E1,M13,104-0,D,SF-104,B,202307,12,1,609
E1,M13,104-0,E,SF-104,B,202307,12,0,284
E1,M13,104-0,ALL,SF-104,B,202307,12,3,4060
E1,M13,104-1,A,SF-104,B,202307,12,2,1380
E1,M13,104-1,B,SF-104,B,202307,12,1,974
E1,M13,104-1,C,SF-104,B,202307,12,0,812
E1,M13,104-1,D,SF-104,B,202307,12,1,609
E1,M13,104-1,E,SF-104,B,202307,12,0,284
E1,M13,104-1,ALL,SF-104,B,202307,12,4,4060
E1,M13,104-0,A,SF-104,B,202308,13,1,1425
E1,M13,104-0,B,SF-104,B,202308,13,0,1006
E1,M13,104-0,C,SF-104,B,202308,13,2,838
E1,M13,104-0,D,SF-104,B,202308,13,1,628
E1,M13,104-0,E,SF-104,B,202308,13,1,293
E1,M13,104-0,ALL,SF-104,B,202308,13,5,4190
E1,M13,104-1,A,SF-104,B,202308,13,1,1425
E1,M13,104-1,B,SF-104,B,202308,13,0,1006
E1,M13,104-1,C,SF-104,B,202308,13,1,838
E1,M13,104-1,D,SF-104,B,202308,13,2,628
E1,M13,104-1,E,SF-104,B,202308,13,0,293
E1,M13,104-1,ALL,SF-104,B,202308,13,4,4190
E1,M13,104-0,A,SF-104,B,202309,14,0,1469
E1,M13,104-0,B,SF-104,B,202309,14,2,1037
E1,M13,104-0,C,SF-104,B,202309,14,1,864
E1,M13,104-0,D,SF-104,B,202309,14,1,648
E1,M13,104-0,E,SF-104,B,202309,14,0,302
E1,M13,104-0,ALL,SF-104,B,202309,14,4,4320
E1,M13,104-1,A,SF-104,B,202309,14,1,1469
E1,M13,104-1,B,SF-104,B,202309,14,1,1037
E1,M13,104-1,C,SF-104,B,202309,14,1,864
E1,M13,104-1,D,SF-104,B,202309,14,1,648
E1,M13,104-1,E,SF-104,B,202309,14,0,302
E1,M13,104-1,ALL,SF-104,B,202309,14,4,4320
E1,M13,104-0,A,SF-104,B,202310,15,0,1513
E1,M13,104-0,B,SF-104,B,202310,15,1,1068
E1,M13,104-0,C,SF-104,B,202310,15,1,890
E1,M13,104-0,D,SF-104,B,202310,15,0,668
E1,M13,104-0,E,SF-104,B,202310,15,0,312
E1,M13,104-0,ALL,SF-104,B,202310,15,2,4450
E1,M13,104-1,A,SF-104,B,202310,15,2,1513
E1,M13,104-1,B,SF-104,B,202310,15,1,1068
E1,M13,104-1,C,SF-104,B,202310,15,1,890
E1,M13,104-1,D,SF-104,B,202310,15,0,668
E1,M13,104-1,E,SF-104,B,202310,15,0,312
E1,M13,104-1,ALL,SF-104,B,202310,15,4,4450
E1,M13,104-0,A,SF-104,B,202311,16,2,1557
E1,M13,104-0,B,SF-104,B,202311,16,2,1099
E1,M13,104-0,C,SF-104,B,202311,16,2,916
E1,M13,104-0,D,SF-104,B,202311,16,1,687
E1,M13,104-0,E,SF-104,B,202311,16,1,321
E1,M13,104-0,ALL,SF-104,B,202311,16,8,4580
E1,M13,104-1,A,SF-104,B,202311,16,3,1557
E1,M13,104-1,B,SF-104,B,202311,16,1,1099
E1,M13,104-1,C,SF-104,B,202311,16,0,916
E1,M13,104-1,D,SF-104,B,202311,16,0,687
E1,M13,104-1,E,SF-104,B,202311,16,0,321
E1,M13,104-1,ALL,SF-104,B,202311,16,4,4580
E1,M13,104-0,A,SF-104,B,202312,17,3,1601
E1,M13,104-0,B,SF-104,B,202312,17,2,1130
E1,M13,104-0,C,SF-104,B,202312,17,1,942
E1,M13,104-0,D,SF-104,B,202312,17,1,706
E1,M13,104-0,E,SF-104,B,202312,17,0,330
E1,M13,104-0,ALL,SF-104,B,202312,17,7,4710
E1,M13,104-1,A,SF-104,B,202312,17,1,1601
E1,M13,104-1,B,SF-104,B,202312,17,0,1130
E1,M13,104-1,C,SF-104,B,202312,17,2,942
E1,M13,104-1,D,SF-104,B,202312,17,0,706
E1,M13,104-1,E,SF-104,B,202312,17,1,330
E1,M13,104-1,ALL,SF-104,B,202312,17,4,4710
E1,M13,104-0,A,SF-104,B,202401,18,0,1646
E1,M13,104-0,B,SF-104,B,202401,18,1,1162
E1,M13,104-0,C,SF-104,B,202401,18,4,968
E1,M13,104-0,D,SF-104,B,202401,18,0,726
E1,M13,104-0,E,SF-104,B,202401,18,1,339
E1,M13,104-0,ALL,SF-104,B,202401,18,6,4840
E1,M13,104-1,A,SF-104,B,202401,18,2,1646
E1,M13,104-1,B,SF-104,B,202401,18,0,1162
E1,M13,104-1,C,SF-104,B,202401,18,1,968
E1,M13,104-1,D,SF-104,B,202401,18,0,726
E1,M13,104-1,E,SF-104,B,202401,18,0,339
E1,M13,104-1,ALL,SF-104,B,202401,18,3,4840
E1,M13,104-0,A,SF-104,B,202402,19,4,1690
E1,M13,104-0,B,SF-104,B,202402,19,1,1193
E1,M13,104-0,C,SF-104,B,202402,19,2,994
E1,M13,104-0,D,SF-104,B,202402,19,0,746
E1,M13,104-0,E,SF-104,B,202402,19,0,348
E1,M13,104-0,ALL,SF-104,B,202402,19,7,4970
E1,M13,104-1,A,SF-104,B,202402,19,1,1690
E1,M13,104-1,B,SF-104,B,202402,19,2,1193
E1,M13,104-1,C,SF-104,B,202402,19,0,994
E1,M13,104-1,D,SF-104,B,202402,19,0,746
E1,M13,104-1,E,SF-104,B,202402,19,0,348
E1,M13,104-1,ALL,SF-104,B,202402,19,3,4970
E1,M13,104-0,A,SF-104,B,202403,20,0,1734
E1,M13,104-0,B,SF-104,B,202403,20,1,1224
E1,M13,104-0,C,SF-104,B,202403,20,4,1020
E1,M13,104-0,D,SF-104,B,202403,20,1,765
E1,M13,104-0,E,SF-104,B,202403,20,0,357
E1,M13,104-0,ALL,SF-104,B,202403,20,6,5100
E1,M13,104-1,A,SF-104,B,202403,20,4,1734
E1,M13,104-1,B,SF-104,B,202403,20,2,1224
E1,M13,104-1,C,SF-104,B,202403,20,2,1020
E1,M13,104-1,D,SF-104,B,202403,20,1,765
E1,M13,104-1,E,SF-104,B,202403,20,1,357
E1,M13,104-1,ALL,SF-104,B,202403,20,10,5100
E1,M13,104-0,A,SF-104,B,202404,21,4,1778
E1,M13,104-0,B,SF-104,B,202404,21,1,1255
E1,M13,104-0,C,SF-104,B,202404,21,1,1046
E1,M13,104-0,D,SF-104,B,202404,21,1,784
E1,M13,104-0,E,SF-104,B,202404,21,0,366
E1,M13,104-0,ALL,SF-104,B,202404,21,7,5230
E1,M13,104-1,A,SF-104,B,202404,21,1,1778
E1,M13,104-1,B,SF-104,B,202404,21,1,1255
E1,M13,104-1,C,SF-104,B,202404,21,3,1046
E1,M13,104-1,D,SF-104,B,202404,21,0,784
E1,M13,104-1,E,SF-104,B,202404,21,0,366
E1,M13,104-1,ALL,SF-104,B,202404,21,5,5230
E1,M13,104-0,A,SF-104,B,202405,22,2,1822
E1,M13,104-0,B,SF-104,B,202405,22,2,1286
E1,M13,104-0,C,SF-104,B,202405,22,0,1072
E1,M13,104-0,D,SF-104,B,202405,22,2,804
E1,M13,104-0,E,SF-104,B,202405,22,0,375
E1,M13,104-0,ALL,SF-104,B,202405,22,6,5360
E1,M13,104-1,A,SF-104,B,202405,22,0,1822
E1,M13,104-1,B,SF-104,B,202405,22,1,1286
E1,M13,104-1,C,SF-104,B,202405,22,0,1072
E1,M13,104-1,D,SF-104,B,202405,22,2,804
E1,M13,104-1,E,SF-104,B,202405,22,0,375
E1,M13,104-1,ALL,SF-104,B,202405,22,3,5360
E1,M13,104-0,A,SF-104,B,202406,23,4,1867
E1,M13,104-0,B,SF-104,B,202406,23,1,1318
E1,M13,104-0,C,SF-104,B,202406,23,0,1098
E1,M13,104-0,D,SF-104,B,202406,23,1,824
E1,M13,104-0,E,SF-104,B,202406,23,1,384
E1,M13,104-0,ALL,SF-104,B,202406,23,7,5490
E1,M13,104-1,A,SF-104,B,202406,23,2,1867
E1,M13,104-1,B,SF-104,B,202406,23,2,1318
E1,M13,104-1,C,SF-104,B,202406,23,0,1098
E1,M13,104-1,D,SF-104,B,202406,23,1,824
E1,M13,104-1,E,SF-104,B,202406,23,0,384
E1,M13,104-1,ALL,SF-104,B,202406,23,5,5490
E1,M13,104-0,A,SF-104,B,202407,24,4,1911
E1,M13,104-0,B,SF-104,B,202407,24,0,1349
E1,M13,104-0,C,SF-104,B,202407,24,0,1124
E1,M13,104-0,D,SF-104,B,202407,24,1,843
E1,M13,104-0,E,SF-104,B,202407,24,0,393
E1,M13,104-0,ALL,SF-104,B,202407,24,5,5620
E1,M13,104-1,A,SF-104,B,202407,24,2,1911
E1,M13,104-1,B,SF-104,B,202407,24,0,1349
E1,M13,104-1,C,SF-104,B,202407,24,0,1124
E1,M13,104-1,D,SF-104,B,202407,24,3,843
E1,M13,104-1,E,SF-104,B,202407,24,1,393
E1,M13,104-1,ALL,SF-104,B,202407,24,6,5620
E1,M13,104-0,A,SF-104,B,202408,25,2,1955
E1,M13,104-0,B,SF-104,B,202408,25,2,1380
E1,M13,104-0,C,SF-104,B,202408,25,4,1150
E1,M13,104-0,D,SF-104,B,202408,25,1,862
E1,M13,104-0,E,SF-104,B,202408,25,1,403
E1,M13,104-0,ALL,SF-104,B,202408,25,10,5750
E1,M13,104-1,A,SF-104,B,202408,25,0,1955
E1,M13,104-1,B,SF-104,B,202408,25,0,1380
E1,M13,104-1,C,SF-104,B,202408,25,0,1150
E1,M13,104-1,D,SF-104,B,202408,25,0,862
E1,M13,104-1,E,SF-104,B,202408,25,0,403
E1,M13,104-1,ALL,SF-104,B,202408,25,0,5750
E1,M13,104-0,A,SF-104,B,202409,26,0,1999
E1,M13,104-0,B,SF-104,B,202409,26,2,1411
E1,M13,104-0,C,SF-104,B,202409,26,3,1176
E1,M13,104-0,D,SF-104,B,202409,26,0,882
E1,M13,104-0,E,SF-104,B,202409,26,0,412
E1,M13,104-0,ALL,SF-104,B,202409,26,5,5880
E1,M13,104-1,A,SF-104,B,202409,26,2,1999
E1,M13,104-1,B,SF-104,B,202409,26,1,1411
E1,M13,104-1,C,SF-104,B,202409,26,0,1176
E1,M13,104-1,D,SF-104,B,202409,26,4,882
E1,M13,104-1,E,SF-104,B,202409,26,0,412
E1,M13,104-1,ALL,SF-104,B,202409,26,7,5880
E1,M13,104-0,A,SF-104,B,202410,27,0,2043
E1,M13,104-0,B,SF-104,B,202410,27,3,1442
E1,M13,104-0,C,SF-104,B,202410,27,3,1202
E1,M13,104-0,D,SF-104,B,202410,27,2,902
E1,M13,104-0,E,SF-104,B,202410,27,1,421
E1,M13,104-0,ALL,SF-104,B,202410,27,9,6010
E1,M13,104-1,A,SF-104,B,202410,27,2,2043
E1,M13,104-1,B,SF-104,B,202410,27,1,1442
E1,M13,104-1,C,SF-104,B,202410,27,0,1202
E1,M13,104-1,D,SF-104,B,202410,27,2,902
E1,M13,104-1,E,SF-104,B,202410,27,1,421
E1,M13,104-1,ALL,SF-104,B,202410,27,6,6010
E1,M13,104-0,A,SF-104,B,202411,28,1,2088
E1,M13,104-0,B,SF-104,B,202411,28,1,1474
E1,M13,104-0,C,SF-104,B,202411,28,2,1228
E1,M13,104-0,D,SF-104,B,202411,28,0,921
E1,M13,104-0,E,SF-104,B,202411,28,1,430
E1,M13,104-0,ALL,SF-104,B,202411,28,5,6140
E1,M13,104-1,A,SF-104,B,202411,28,2,2088
E1,M13,104-1,B,SF-104,B,202411,28,2,1474
E1,M13,104-1,C,SF-104,B,202411,28,0,1228
E1,M13,104-1,D,SF-104,B,202411,28,1,921
E1,M13,104-1,E,SF-104,B,202411,28,0,430
E1,M13,104-1,ALL,SF-104,B,202411,28,5,6140
E1,M13,104-0,A,SF-104,B,202412,29,4,2132
E1,M13,104-0,B,SF-104,B,202412,29,1,1505
E1,M13,104-0,C,SF-104,B,202412,29,1,1254
E1,M13,104-0,D,SF-104,B,202412,29,2,940
E1,M13,104-0,E,SF-104,B,202412,29,0,439
E1,M13,104-0,ALL,SF-104,B,202412,29,8,6270
E1,M13,104-1,A,SF-104,B,202412,29,1,2132
E1,M13,104-1,B,SF-104,B,202412,29,1,1505
E1,M13,104-1,C,SF-104,B,202412,29,1,1254
E1,M13,104-1,D,SF-104,B,202412,29,0,940
E1,M13,104-1,E,SF-104,B,202412,29,0,439
E1,M13,104-1,ALL,SF-104,B,202412,29,3,6270
E1,M13,105-0,A,SF-105,B,202207,0,1,850
E1,M13,105-0,D,SF-105,B,202207,0,1,375
E1,M13,105-0,ALL,SF-105,B,202207,0,2,2500
E1,M13,105-0,C,SF-105,B,202208,1,1,526
E1,M13,105-0,ALL,SF-105,B,202208,1,1,2630
E1,M13,105-0,A,SF-105,B,202209,2,0,938
E1,M13,105-0,B,SF-105,B,202209,2,1,662
E1,M13,105-0,C,SF-105,B,202209,2,0,552
E1,M13,105-0,D,SF-105,B,202209,2,0,414
E1,M13,105-0,ALL,SF-105,B,202209,2,1,2760
E1,M13,105-0,A,SF-105,B,202210,3,0,983
E1,M13,105-0,B,SF-105,B,202210,3,0,694
E1,M13,105-0,C,SF-105,B,202210,3,0,578
E1,M13,105-0,D,SF-105,B,202210,3,0,434
E1,M13,105-0,ALL,SF-105,B,202210,3,0,2890
E1,M13,105-0,A,SF-105,B,202211,4,1,1027
E1,M13,105-0,B,SF-105,B,202211,4,0,725
E1,M13,105-0,C,SF-105,B,202211,4,0,604
E1,M13,105-0,D,SF-105,B,202211,4,0,453
E1,M13,105-0,ALL,SF-105,B,202211,4,1,3020
E1,M13,105-0,A,SF-105,B,202212,5,0,1071
E1,M13,105-0,B,SF-105,B,202212,5,1,756
E1,M13,105-0,C,SF-105,B,202212,5,0,630
E1,M13,105-0,D,SF-105,B,202212,5,0,472
E1,M13,105-0,ALL,SF-105,B,202212,5,1,3150
E1,M13,105-0,A,SF-105,B,202301,6,1,1115
E1,M13,105-0,B,SF-105,B,202301,6,1,787
E1,M13,105-0,C,SF-105,B,202301,6,0,656
E1,M13,105-0,D,SF-105,B,202301,6,1,492
E1,M13,105-0,ALL,SF-105,B,202301,6,3,3280
E1,M13,105-0,A,SF-105,B,202302,7,1,1159
E1,M13,105-0,B,SF-105,B,202302,7,0,818
E1,M13,105-0,C,SF-105,B,202302,7,0,682
E1,M13,105-0,D,SF-105,B,202302,7,0,512
E1,M13,105-0,ALL,SF-105,B,202302,7,1,3410
E1,M13,105-0,A,SF-105,B,202303,8,0,1204
E1,M13,105-0,B,SF-105,B,202303,8,0,850
E1,M13,105-0,C,SF-105,B,202303,8,0,708
E1,M13,105-0,D,SF-105,B,202303,8,0,531
E1,M13,105-0,E,SF-105,B,202303,8,0,248
E1,M13,105-0,ALL,SF-105,B,202303,8,0,3540
E1,M13,105-0,A,SF-105,B,202304,9,0,1248
E1,M13,105-0,B,SF-105,B,202304,9,0,881
E1,M13,105-0,C,SF-105,B,202304,9,2,734
E1,M13,105-0,D,SF-105,B,202304,9,0,550
E1,M13,105-0,E,SF-105,B,202304,9,0,257
E1,M13,105-0,ALL,SF-105,B,202304,9,2,3670
E1,M13,105-0,A,SF-105,B,202305,10,0,1292
E1,M13,105-0,B,SF-105,B,202305,10,0,912
E1,M13,105-0,C,SF-105,B,202305,10,1,760
E1,M13,105-0,D,SF-105,B,202305,10,0,570
E1,M13,105-0,E,SF-105,B,202305,10,0,266
E1,M13,105-0,ALL,SF-105,B,202305,10,1,3800
E1,M13,105-0,A,SF-105,B,202306,11,1,1336
E1,M13,105-0,B,SF-105,B,202306,11,0,943
E1,M13,105-0,C,SF-105,B,202306,11,0,786
E1,M13,105-0,D,SF-105,B,202306,11,0,590
E1,M13,105-0,E,SF-105,B,202306,11,0,275
E1,M13,105-0,ALL,SF-105,B,202306,11,1,3930
E1,M13,105-0,A,SF-105,B,202307,12,0,1380
E1,M13,105-0,B,SF-105,B,202307,12,0,974
E1,M13,105-0,C,SF-105,B,202307,12,0,812
E1,M13,105-0,D,SF-105,B,202307,12,1,609
E1,M13,105-0,E,SF-105,B,202307,12,1,284
E1,M13,105-0,ALL,SF-105,B,202307,12,2,4060
E1,M13,105-0,A,SF-105,B,202308,13,0,1425
E1,M13,105-0,B,SF-105,B,202308,13,0,1006
E1,M13,105-0,C,SF-105,B,202308,13,0,838
E1,M13,105-0,D,SF-105,B,202308,13,0,628
E1,M13,105-0,E,SF-105,B,202308,13,0,293
E1,M13,105-0,ALL,SF-105,B,202308,13,0,4190
E1,M13,105-0,A,SF-105,B,202309,14,3,1469
E1,M13,105-0,B,SF-105,B,202309,14,0,1037
E1,M13,105-0,C,SF-105,B,202309,14,0,864
E1,M13,105-0,D,SF-105,B,202309,14,0,648
E1,M13,105-0,E,SF-105,B,202309,14,0,302
E1,M13,105-0,ALL,SF-105,B,202309,14,3,4320
E1,M13,105-0,A,SF-105,B,202310,15,1,1513
E1,M13,105-0,B,SF-105,B,202310,15,1,1068
E1,M13,105-0,C,SF-105,B,202310,15,1,890
E1,M13,105-0,D,SF-105,B,202310,15,0,668
E1,M13,105-0,E,SF-105,B,202310,15,0,312
E1,M13,105-0,ALL,SF-105,B,202310,15,3,4450
E1,M13,105-0,A,SF-105,B,202311,16,0,1557
E1,M13,105-0,B,SF-105,B,202311,16,0,1099
E1,M13,105-0,C,SF-105,B,202311,16,1,916
E1,M13,105-0,D,SF-105,B,202311,16,0,687
E1,M13,105-0,E,SF-105,B,202311,16,0,321
E1,M13,105-0,ALL,SF-105,B,202311,16,1,4580
E1,M13,105-0,A,SF-105,B,202312,17,0,1601
E1,M13,105-0,B,SF-105,B,202312,17,1,1130
E1,M13,105-0,C,SF-105,B,202312,17,0,942
E1,M13,105-0,D,SF-105,B,202312,17,0,706
E1,M13,105-0,E,SF-105,B,202312,17,0,330
E1,M13,105-0,ALL,SF-105,B,202312,17,1,4710
E1,M13,105-0,A,SF-105,B,202401,18,1,1646
E1,M13,105-0,B,SF-105,B,202401,18,0,1162
E1,M13,105-0,C,SF-105,B,202401,18,0,968
E1,M13,105-0,D,SF-105,B,202401,18,1,726
E1,M13,105-0,E,SF-105,B,202401,18,1,339
E1,M13,105-0,ALL,SF-105,B,202401,18,3,4840
E1,M13,105-0,A,SF-105,B,202402,19,1,1690
E1,M13,105-0,B,SF-105,B,202402,19,0,1193
E1,M13,105-0,C,SF-105,B,202402,19,1,994
E1,M13,105-0,D,SF-105,B,202402,19,0,746
E1,M13,105-0,E,SF-105,B,202402,19,0,348
E1,M13,105-0,ALL,SF-105,B,202402,19,2,4970
E1,M13,105-0,A,SF-105,B,202403,20,0,1734
E1,M13,105-0,B,SF-105,B,202403,20,0,1224
E1,M13,105-0,C,SF-105,B,202403,20,0,1020
E1,M13,105-0,D,SF-105,B,202403,20,1,765
E1,M13,105-0,E,SF-105,B,202403,20,0,357
E1,M13,105-0,ALL,SF-105,B,202403,20,1,5100
E1,M13,105-0,A,SF-105,B,202404,21,0,1778
E1,M13,105-0,B,SF-105,B,202404,21,0,1255
E1,M13,105-0,C,SF-105,B,202404,21,0,1046
E1,M13,105-0,D,SF-105,B,202404,21,0,784
E1,M13,105-0,E,SF-105,B,202404,21,0,366
E1,M13,105-0,ALL,SF-105,B,202404,21,0,5230
E1,M13,105-0,A,SF-105,B,202405,22,0,1822
E1,M13,105-0,B,SF-105,B,202405,22,0,1286
E1,M13,105-0,C,SF-105,B,202405,22,0,1072
E1,M13,105-0,D,SF-105,B,202405,22,0,804
E1,M13,105-0,E,SF-105,B,202405,22,0,375
E1,M13,105-0,ALL,SF-105,B,202405,22,0,5360
E1,M13,105-0,A,SF-105,B,202406,23,0,1867
E1,M13,105-0,B,SF-105,B,202406,23,1,1318
E1,M13,105-0,C,SF-105,B,202406,23,0,1098
E1,M13,105-0,D,SF-105,B,202406,23,0,824
E1,M13,105-0,E,SF-105,B,202406,23,1,384
E1,M13,105-0,ALL,SF-105,B,202406,23,2,5490
E1,M13,105-0,A,SF-105,B,202407,24,1,1911
E1,M13,105-0,B,SF-105,B,202407,24,0,1349
E1,M13,105-0,C,SF-105,B,202407,24,0,1124
E1,M13,105-0,D,SF-105,B,202407,24,0,843
E1,M13,105-0,E,SF-105,B,202407,24,0,393
E1,M13,105-0,ALL,SF-105,B,202407,24,1,5620
E1,M13,105-0,A,SF-105,B,202408,25,1,1955
E1,M13,105-0,B,SF-105,B,202408,25,0,1380
E1,M13,105-0,C,SF-105,B,202408,25,1,1150
E1,M13,105-0,D,SF-105,B,202408,25,0,862
E1,M13,105-0,E,SF-105,B,202408,25,0,403
E1,M13,105-0,ALL,SF-105,B,202408,25,2,5750
E1,M13,105-0,A,SF-105,B,202409,26,1,1999
E1,M13,105-0,B,SF-105,B,202409,26,1,1411
E1,M13,105-0,C,SF-105,B,202409,26,0,1176
E1,M13,105-0,D,SF-105,B,202409,26,0,882
E1,M13,105-0,E,SF-105,B,202409,26,0,412
E1,M13,105-0,ALL,SF-105,B,202409,26,2,5880
E1,M13,105-0,A,SF-105,B,202410,27,3,2043
E1,M13,105-0,B,SF-105,B,202410,27,0,1442
E1,M13,105-0,C,SF-105,B,202410,27,0,1202
E1,M13,105-0,D,SF-105,B,202410,27,1,902
E1,M13,105-0,E,SF-105,B,202410,27,0,421
E1,M13,105-0,ALL,SF-105,B,202410,27,4,6010
E1,M13,105-0,A,SF-105,B,202411,28,0,2088
E1,M13,105-0,B,SF-105,B,202411,28,0,1474
E1,M13,105-0,C,SF-105,B,202411,28,0,1228
E1,M13,105-0,D,SF-105,B,202411,28,0,921
E1,M13,105-0,E,SF-105,B,202411,28,0,430
E1,M13,105-0,ALL,SF-105,B,202411,28,0,6140
E1,M13,105-0,A,SF-105,B,202412,29,1,2132
E1,M13,105-0,B,SF-105,B,202412,29,0,1505
E1,M13,105-0,C,SF-105,B,202412,29,0,1254
E1,M13,105-0,D,SF-105,B,202412,29,0,940
E1,M13,105-0,E,SF-105,B,202412,29,0,439
E1,M13,105-0,ALL,SF-105,B,202412,29,1,6270
