biz,dev,part,dist,ym,use,fleet,base_rate,expected,O_E,p,alert_dist,run_ym,遅延月,注目度
E1,M12,104-0,E,202405,4.0,393.0,0.0007479431563201197,0.29394166043380704,13.608142493638676,0.0017785744905448738,True,202412,7,1.195085655592223
E1,M10,100-0,A,202412,7.0,2397.0,0.0005924872615238773,1.4201919658727338,4.928911138923654,0.0019191603030802537,True,202412,0,1.180727219220155
E1,M05,104-0,B,202408,7.0,1754.0,0.000966754390676191,1.6956872012460389,4.128119853034335,0.004187678623807624,True,202412,4,1.0334618233479875
E1,M10,100-0,D,202405,5.0,921.0,0.0009442870632672333,0.8696883852691218,5.749185667752442,0.0053898005298166065,False,202412,7,0.9858312631816264
E1,M01,101-0,A,202409,8.0,2795.0,0.0008308408109006315,2.322200066467265,3.445008944543828,0.005453899111055654,False,202412,3,0.983599911509541
E1,M03,103-1,B,202404,6.0,1723.0,0.0007673335160317895,1.3221156481227734,4.538180913688749,0.005526646346395023,False,202412,8,0.9810990424125283
E1,M04,104-1,C,202407,10.0,1462.0,0.0024490848156741426,3.5805620005155965,2.792857657138743,0.006953002364861503,False,202412,5,0.9377659687044041
E1,M08,100-0,A,202405,7.0,2176.0,0.0008824178248400617,1.9201411868519744,3.645565257352941,0.0072950904680361695,False,202412,7,0.9287011998894976
E1,M09,101-0,D,202405,4.0,940.0,0.0006144393241167435,0.5775729646697388,6.925531914893617,0.00809411681443508,False,202412,7,0.9090844257117426
E1,M06,100-0,E,202408,3.0,503.0,0.0005636978579481398,0.2835400225479143,10.58051689860835,0.010544556984449843,False,202412,4,0.8591681401685972
E1,M06,103-1,A,202408,6.0,2441.0,0.000657716562850621,1.6054861299183658,3.7371858206617343,0.011508081422200908,False,202412,4,0.8426648403957834
E1,M13,103-1,B,202411,4.0,1474.0,0.0004590464948521215,0.6766345334120271,5.9116107772824185,0.012000295968153794,False,202412,1,0.8347601058045026
E1,M02,101-0,E,202404,7.0,512.0,0.004234167893961708,2.1678939617083945,3.2289402173913047,0.01216493289852221,False,202412,8,0.8321883182283044
E1,M06,101-0,C,202406,5.0,1384.0,0.0008230452674897119,1.1390946502057613,4.389450867052023,0.012472054590632331,False,202412,6,0.8274824754481421
E1,M04,104-2,C,202408,11.0,1488.0,0.0031589588071771544,4.700530705079606,2.3401612903225804,0.014065626091714627,False,202412,4,0.8047878276958117
E1,M10,104-0,C,202405,6.0,1228.0,0.00141643059490085,1.7393767705382437,3.4495114006514656,0.015684624766692468,False,202412,7,0.7842252687478927
E1,M12,103-1,A,202410,5.0,2132.0,0.0005873317068762989,1.2521911990602692,3.99300043296291,0.016940688042129462,False,202412,2,0.7696852966777781
E1,M11,100-0,D,202405,4.0,882.0,0.0008827099194527199,0.7785501489572989,5.137755102040816,0.017116702465043637,False,202412,7,0.7677344066865808
E1,M01,104-0,A,202409,8.0,2795.0,0.0010634762379528083,2.972416085078099,2.691413237924866,0.01777539918901932,False,202412,3,0.7606074847643969
E1,M12,101-0,E,202411,3.0,448.0,0.0008570816370259267,0.38397257338761515,7.8130580357142865,0.01795550734936572,False,202412,1,0.758704720175088
E1,M11,105-0,A,202408,3.0,2132.0,0.00018071744826963042,0.3852895997108521,7.786350844277673,0.018108865884549383,False,202412,4,0.757099538447372
E1,M02,102-0,A,202408,6.0,2662.0,0.0007017790097898172,1.8681357240604934,3.2117580766341094,0.02008820960488222,False,202412,4,0.7375213586712986
E1,M04,103-1,B,202409,4.0,1817.0,0.00046468401486988845,0.8443308550185873,4.737479361585031,0.020579638485584053,False,202412,3,0.7329597014228734
E1,M11,104-1,B,202410,5.0,1567.0,0.0008550662676357417,1.3398888413852073,3.7316528398213147,0.020875253228477917,False,202412,2,0.7302678586303945
E1,M11,101-0,A,202410,5.0,2220.0,0.0006035783574046131,1.3399439534382411,3.731499356499356,0.02087833991912222,False,202412,2,0.730239953035954
E1,M10,101-0,B,202406,5.0,1505.0,0.0008960573476702509,1.3485663082437276,3.707641196013289,0.021364784021892482,False,202412,6,0.7258929680558738
E1,M04,104-1,A,202406,15.0,2441.0,0.0032498936046736564,7.932990289008395,1.8908380640252824,0.02268983712492769,False,202412,6,0.7145359359547494
E1,M01,104-0,B,202410,5.0,2004.0,0.0006939625260235947,1.3907009021512837,3.5953093812375254,0.02311861753304063,False,202412,2,0.711002526204623
E1,M04,101-0,C,202409,5.0,1514.0,0.0009293680297397769,1.4070631970260223,3.553500660501981,0.024102053255775763,False,202412,3,0.7031398814085639
E1,M09,104-0,A,202410,5.0,2353.0,0.0006051803437424352,1.42398934882595,3.5112622184445392,0.02514618502832674,False,202412,2,0.6951356115302686
E1,M09,101-0,A,202411,6.0,2397.0,0.0008294821661334282,1.9882687522218274,3.0177006973001963,0.025350257590858936,False,202412,1,0.6936100904079633
E1,M08,100-0,D,202406,5.0,980.0,0.001465845793022574,1.4365288771621225,3.480612244897959,0.025937378255003203,False,202412,6,0.6892886782968692
E1,M08,105-0,A,202409,3.0,2353.0,0.0002017267812474784,0.4746631162753167,6.32027199320017,0.026163126612367384,False,202412,3,0.687653077129148
E1,M11,101-0,E,202411,3.0,466.0,0.0010235414534288639,0.47697031729785055,6.289699570815451,0.026472906925858106,False,202412,1,0.6854314677452827
E1,M11,100-0,C,202410,3.0,1306.0,0.0003664614482556435,0.4785986514218704,6.268300153139357,0.026692638439231337,False,202412,2,0.6838713528855974
E1,M09,102-0,A,202406,6.0,2176.0,0.0009265387160820648,2.016148246194573,2.975971638655462,0.026800941360006183,False,202412,6,0.6831071104875892
E1,M01,100-0,B,202411,6.0,2035.0,0.0010005002501250625,2.036018009004502,2.9469287469287475,0.027381674095742006,False,202412,1,0.6790611186661331
E1,M07,102-0,D,202408,4.0,1038.0,0.0009144947416552355,0.9492455418381344,4.213872832369942,0.027858362440324868,False,202412,4,0.675803626473921
E1,M13,100-0,A,202408,6.0,1955.0,0.001049317943336831,2.051416579223505,2.9248081841432225,0.02871066690067107,False,202412,4,0.670115870874807
E1,M05,104-0,A,202406,6.0,2397.0,0.0008689813169016866,2.082948216613343,2.8805324837865514,0.029969114608510046,False,202412,6,0.6620192219567775
E1,M04,104-0,E,202405,5.0,494.0,0.0030698388334612432,1.516500383729854,3.2970647773279356,0.030538459468710498,False,202412,7,0.6584672419886983
E1,M07,100-0,A,202407,6.0,2309.0,0.0009070294784580499,2.0943310657596372,2.8648765699436987,0.030619136506215627,False,202412,5,0.6579692850187009
E1,M07,100-0,C,202408,5.0,1384.0,0.0010973936899862826,1.5187928669410151,3.2920881502890174,0.030699181296066577,False,202412,4,0.6574765254001258
E1,M06,102-0,D,202407,7.0,1058.0,0.0025964723789059004,2.7470677768824427,2.5481715663907174,0.03246615328494063,False,202412,5,0.6469142810029013
E1,M03,104-0,E,202407,3.0,530.0,0.0010619469026548673,0.5628318584070797,5.330188679245282,0.03572691289703571,False,202412,5,0.6288507805482738
E1,M11,100-0,D,202408,4.0,940.0,0.0011264720942140297,1.0588837685611878,3.777562862669246,0.036922081288396184,False,202412,4,0.622640221372879
E1,M11,101-0,A,202407,4.0,2088.0,0.0005091885386288941,1.063185668657131,3.762277951933124,0.03736121905284897,False,202412,5,0.6204086710647955
E1,M08,101-0,D,202404,3.0,940.0,0.0006144393241167435,0.5775729646697388,5.194148936170213,0.03798246155982198,False,202412,8,0.6172961220379776
E1,M13,100-0,B,202409,4.0,1411.0,0.0007585683745948555,1.070339976553341,3.7371303395399784,0.038097804930113166,False,202412,3,0.6167238362357598
E1,M13,105-0,A,202410,3.0,2043.0,0.0002847245290181749,0.5816922127841313,5.157366617719041,0.0386245070392293,False,202412,2,0.6141323898655082
E1,M13,102-0,D,202409,3.0,882.0,0.0006620324395895399,0.5839126117179742,5.137755102040817,0.038972703706837565,False,202412,3,0.6124385457429303
E1,M07,104-0,A,202412,6.0,2530.0,0.0008919611996878136,2.2566618352101684,2.658794466403162,0.03971433614805231,False,202412,0,0.6088806730983854
E1,M02,100-0,A,202406,8.0,2574.0,0.0013849405933377067,3.564837087251257,2.244141823089192,0.040260563564789985,False,202412,6,0.6063024614226735
E1,M04,104-0,A,202411,13.0,2662.0,0.002701849187690796,7.192322537632899,1.8074829002702784,0.042287393288658985,False,202412,1,0.5970322367479984
E1,M03,101-0,B,202406,5.0,1786.0,0.000947717580161112,1.692623598167746,2.953994027622247,0.04260874296904459,False,202412,6,0.5956033952728849
E1,M02,102-0,C,202404,5.0,1462.0,0.001160092807424594,1.6960556844547563,2.9480164158686732,0.042899470180830464,False,202412,8,0.5943199671470778
E1,M03,104-0,A,202404,5.0,2441.0,0.0006964057724300692,1.699926490501799,2.9413036551504392,0.04322872816302065,False,202412,8,0.592876904809133
E1,M06,101-0,D,202406,4.0,1038.0,0.0010973936899862826,1.1390946502057613,3.5115606936416186,0.044098787819799014,False,202412,6,0.5891158962453975
E1,M02,102-0,A,202409,6.0,2706.0,0.0008612077577594819,2.330428192497158,2.574634146341463,0.04431938684605608,False,202412,3,0.5881741042949387
E1,M05,104-0,B,202404,4.0,1630.0,0.0007008936393902226,1.1424566322060627,3.5012269938650307,0.04447300746760789,False,202412,8,0.5875210245550003
E1,M01,101-0,A,202406,6.0,2662.0,0.0008772237622372715,2.3351696550756165,2.569406461307288,0.0446606131879573,False,202412,6,0.5867265185271208
E1,M11,102-0,A,202411,5.0,2264.0,0.0007586933614330874,1.71768177028451,2.9109000785237535,0.044757594770395294,False,202412,1,0.5863171113031516
E1,M02,104-1,A,202406,6.0,2574.0,0.0009111451271958598,2.345287557402143,2.5583216783216782,0.04539402610740875,False,202412,6,0.5836522337552433
E1,M07,101-0,A,202404,4.0,2176.0,0.0005294506949040371,1.1520847121111848,3.4719669117647056,0.045553990659799544,False,202412,8,0.5829883026793341
E1,M11,104-2,C,202408,4.0,1254.0,0.0009216589861751152,1.1557603686635944,3.4609250398724085,0.04597029659506069,False,202412,4,0.5812712988283774
E1,M13,103-0,A,202409,4.0,1999.0,0.0005841405831670156,1.167697025750864,3.4255461063865265,0.047336021974290377,False,202412,3,0.5757457506506235
E1,M13,101-0,A,202408,4.0,1955.0,0.0005996102533353321,1.1722380452705743,3.412276214833759,0.04786109804733089,False,202412,4,0.5736636829368529
E1,M03,104-0,D,202405,3.0,1096.0,0.0006015296038497895,0.6592764458193693,4.550443169968717,0.04829559820812846,False,202412,7,0.5719579721699946
E1,M11,102-0,A,202404,5.0,1955.0,0.000899415380002998,1.758357067905861,2.8435635123614666,0.048374863345246086,False,202412,8,0.5716484579922333
E1,M06,105-0,A,202406,3.0,2353.0,0.0002824174937464698,0.6645283627854435,4.514479995142978,0.049189498103958,False,202412,6,0.5684965476883579
E1,M11,103-1,B,202411,3.0,1598.0,0.00041798531080193465,0.6679405266614916,4.491417843733238,0.04977424430955269,False,202412,1,0.5662661187905362
E1,M09,104-0,D,202408,3.0,999.0,0.0006687685105569886,0.6680997420464316,4.4903474903474905,0.04980160551744955,False,202412,4,0.566162396217379
E1,M08,101-0,D,202405,3.0,960.0,0.0007000700070007,0.6720672067206721,4.463839285714285,0.05048560563882557,False,202412,7,0.5635877984659066
E1,M12,100-0,D,202407,3.0,882.0,0.0007723711795211298,0.6812313803376365,4.403790087463557,0.05208154306680215,False,202412,5,0.5577137887961422
E1,M06,100-0,D,202409,4.0,1096.0,0.001117126407149609,1.2243705422359714,3.2669848399775407,0.052655391769436774,False,202412,3,0.5556455822099917
E1,M03,100-0,A,202405,6.0,2485.0,0.0009857072449482504,2.4494825036964025,2.4494969818913477,0.05278661645339824,False,202412,7,0.5551758026488893
E1,M04,104-2,C,202404,8.0,1384.0,0.0027434842249657062,3.7969821673525375,2.106936416184971,0.05280282213434835,False,202412,8,0.5551178679393396
E1,M13,101-0,A,202404,3.0,1778.0,0.0003912581745011458,0.6956570342630373,4.312469869837699,0.0546385369408218,False,202412,8,0.5486677447393746
E1,M08,104-0,A,202405,6.0,2176.0,0.0011471431722920803,2.4961835429075667,2.403669400452489,0.05657748408699924,False,202412,7,0.5420860967490336
E1,M01,104-0,A,202408,6.0,2751.0,0.0009134273825230895,2.512838729321019,2.387737792317945,0.057395885567085754,False,202412,4,0.5393755150049805
E1,M06,103-1,A,202409,5.0,2485.0,0.0007582363422678848,1.8842173105356939,2.653621730382294,0.058755597988966436,False,202412,3,0.5349564115343398
E1,M13,100-0,A,202404,5.0,1778.0,0.0010619864736459673,1.8882119501425298,2.648007814812622,0.06002298721273231,False,202412,8,0.5309284958428955
E1,M01,103-1,C,202410,3.0,1670.0,0.00044414834554741284,0.7417277370641795,4.044610778443113,0.060093820946513075,False,202412,2,0.5307058941674075
E1,M08,103-1,A,202408,5.0,2309.0,0.0008245722531436817,1.903937332508761,2.626136855781724,0.060759809963811605,False,202412,4,0.5286257004149835
E1,M02,102-0,E,202408,3.0,548.0,0.0013633265167007499,0.747102931152011,4.015510948905109,0.061083899437746524,False,202412,4,0.5276216515146943
E1,M02,103-1,C,202410,4.0,1618.0,0.0008051529790660225,1.3027375201288245,3.0704573547589615,0.061170529157942834,False,202412,2,0.5273541696075061
E1,M04,100-0,E,202409,3.0,530.0,0.001415929203539823,0.7504424778761062,3.9976415094339623,0.06170253753899381,False,202412,3,0.5257197765186179
E1,M09,104-1,A,202407,5.0,2220.0,0.0008622547962923044,1.9142056477689158,2.6120495495495493,0.061817854602267984,False,202412,5,0.5253673674584955
E1,M01,104-0,C,202406,4.0,1566.0,0.0008351228823669769,1.3078024337866858,3.058565955117679,0.06183030420225479,False,202412,6,0.5253293607926958
E1,M02,103-0,B,202404,3.0,1754.0,0.0004296686180783071,0.7536387561093506,3.980687001140251,0.06229714457146895,False,202412,8,0.523909667112185
E1,M08,100-0,A,202407,6.0,2264.0,0.0011380400421496311,2.5765226554267646,2.328720062819003,0.06284846444459383,False,202412,5,0.5222467030347125
E1,M04,103-0,B,202405,3.0,1692.0,0.00044765262156566503,0.7574282356891052,3.960771276595745,0.06300527015797322,False,202412,7,0.5217763889046415
E1,M07,101-0,D,202409,3.0,1058.0,0.0007162682424568,0.7578118005192944,3.9587665406427224,0.06307713617324323,False,202412,3,0.5215612290954924
E1,M09,102-0,A,202407,6.0,2220.0,0.001164043974994611,2.5841776244880363,2.3218218218218216,0.06352288538085497,False,202412,5,0.5202321506288291
E1,M04,104-1,B,202405,8.0,1692.0,0.0023501762632197414,3.9764982373678026,2.0118203309692673,0.06386949015259596,False,202412,7,0.519205118098292
E1,M06,104-0,D,202407,4.0,1058.0,0.0012534694242994002,1.3261706509087654,3.016203078584931,0.06425253872623585,False,202412,5,0.5180765614512463
E1,M08,103-1,B,202405,3.0,1536.0,0.0005000312519532471,0.7680480030001875,3.906005859375,0.06500789454085767,False,202412,7,0.5158706760836282
E1,M09,103-0,B,202405,3.0,1505.0,0.0005120327700972862,0.7706093189964157,3.893023255813954,0.06549486845796126,False,202412,7,0.5144621008875431
E1,M09,100-0,B,202408,4.0,1598.0,0.0008359706216038693,1.3358810533229832,2.9942785624888253,0.06555164462498446,False,202412,4,0.5142985576261365
E1,M11,103-1,B,202405,3.0,1411.0,0.0005516860906144403,0.7784290738569754,3.8539156626506026,0.06699107230678059,False,202412,7,0.5101989425339661
E1,M13,104-1,D,202409,3.0,882.0,0.0008827099194527199,0.7785501489572989,3.8533163265306123,0.06701434989427324,False,202412,3,0.510133372164982
E1,M09,100-0,B,202404,4.0,1474.0,0.000918092989704243,1.3532690668240541,2.9558053886412092,0.06790974007535229,False,202412,8,0.5076282942830127
E1,M13,104-1,D,202407,3.0,843.0,0.0009307737056428156,0.7846422338568936,3.823398576512455,0.06818995971216629,False,202412,5,0.5068510920508922
E1,M05,102-0,C,202407,5.0,1436.0,0.0013812154696132596,1.9834254143646408,2.520891364902507,0.06833490663516498,False,202412,5,0.5064503273792921
E1,M13,100-0,D,202408,4.0,862.0,0.0015856835428700873,1.3668592139540152,2.926416970500497,0.06978100256625114,False,202412,4,0.5024979237004851
E1,M07,104-0,A,202407,5.0,2309.0,0.0008658008658008658,1.999134199134199,2.5010827197921177,0.07005817919223016,False,202412,5,0.5017497191840742
E1,M01,101-0,B,202411,5.0,2035.0,0.0010005002501250625,2.036018009004502,2.455773955773956,0.07335586621025017,False,202412,1,0.4930683878027511
E1,M01,100-0,C,202405,4.0,1540.0,0.0009117432530999271,1.4040846097738877,2.8488311688311687,0.07362349705443222,False,202412,7,0.4923810467096594
E1,M07,104-1,B,202411,4.0,1754.0,0.0008056286588968258,1.4130726677050325,2.8307107563664005,0.07490138542371307,False,202412,1,0.4891331931178157
E1,M02,103-0,A,202408,3.0,2662.0,0.0003158005544054177,0.8406610758272219,3.568620085149011,0.07646217746259266,False,202412,4,0.48524067072645166
E1,M05,101-0,A,202405,4.0,2353.0,0.0006051803437424352,1.42398934882595,2.8090097747556313,0.07646750081953589,False,202412,7,0.48522753101465066
E1,M02,103-0,C,202405,3.0,1488.0,0.0005686125852918878,0.846095526914329,3.545698924731183,0.07755435798750622,False,202412,7,0.4825638062453092
E1,M08,100-0,C,202407,4.0,1332.0,0.0010748065348237317,1.4316423043852107,2.793993993993994,0.07757451328484609,False,202412,5,0.48251476193786413
E1,M06,102-0,E,202409,3.0,512.0,0.0016568483063328424,0.8483063328424153,3.5364583333333335,0.07800045155727162,False,202412,3,0.4814812867232165
E1,M10,100-0,D,202408,4.0,980.0,0.001465845793022574,1.4365288771621225,2.7844897959183674,0.07828527223096368,False,202412,4,0.480793355995175
E1,M05,100-0,C,202407,3.0,1436.0,0.0005919494869771113,0.8500394632991319,3.5292479108635093,0.07835087693569094,False,202412,5,0.48063525484120945
E1,M06,103-0,D,202405,3.0,1018.0,0.0008410428931875525,0.8561816652649284,3.5039292730844798,0.07959782700940027,False,202412,7,0.47765513280872984
E1,M08,103-0,C,202408,3.0,1358.0,0.0006307821698906644,0.8566021867115223,3.5022091310751104,0.07968348517451843,False,202412,4,0.47745213282126425
E1,M09,102-0,C,202409,3.0,1358.0,0.0006307821698906644,0.8566021867115223,3.5022091310751104,0.07968348517451843,False,202412,3,0.47745213282126425
E1,M10,101-0,C,202410,3.0,1358.0,0.0006307821698906644,0.8566021867115223,3.5022091310751104,0.07968348517451843,False,202412,2,0.47745213282126425
E1,M11,100-0,E,202411,3.0,466.0,0.001842374616171955,0.858546571136131,3.494277539341917,0.08008002228454066,False,202412,1,0.4765152200276074
E1,M09,104-1,C,202404,4.0,1228.0,0.0011803588290840415,1.4494806421152029,2.759609120521173,0.08018377226725894,False,202412,8,0.4762708518222732
E1,M11,104-1,A,202405,4.0,1999.0,0.0007301757289587694,1.4596212821885801,2.7404368851092213,0.0816849573189465,False,202412,7,0.47276998369835926
E1,M12,105-0,A,202408,3.0,2043.0,0.00042708679352726237,0.8725383191761971,3.438244411812694,0.08295635851864668,False,202412,4,0.4698549441687053
E1,M02,101-0,C,202408,11.0,1566.0,0.004175614411834884,6.539012168933429,1.6822112753147236,0.08351389867350995,False,202412,4,0.4685906936176204
E1,M11,104-0,C,202404,3.0,1150.0,0.0007645259938837921,0.8792048929663608,3.4121739130434783,0.08434078762623086,False,202412,8,0.4667311376281773
E1,M04,104-1,E,202409,4.0,530.0,0.002831858407079646,1.5008849557522124,2.6650943396226414,0.0865344330183844,False,202412,3,0.4618849165448708
E1,M04,101-0,B,202407,4.0,1754.0,0.0008593372361566142,1.5072775122187012,2.653791334093501,0.08750932330405733,False,202412,5,0.4597704838575149
E1,M03,102-0,C,202404,4.0,1436.0,0.0010523546435148646,1.5111812680873455,2.646935933147632,0.08810709319243439,False,202412,8,0.45848560368443936
E1,M06,101-0,A,202406,5.0,2353.0,0.0009279431937384007,2.183450334866457,2.2899536207246993,0.09008527698676032,False,202412,6,0.4542948956567788
E1,M06,100-0,C,202404,4.0,1332.0,0.0011464603038119805,1.527085124677558,2.619369369369369,0.09056132571042388,False,202412,8,0.4533001440739774
E1,M08,103-1,A,202406,4.0,2220.0,0.0006898038370338435,1.5313645182151325,2.6120495495495497,0.09122686328172484,False,202412,6,0.4519181668625761
E1,M02,103-0,C,202410,3.0,1618.0,0.0005751092707614447,0.9305268000920175,3.22398022249691,0.09255075855089824,False,202412,2,0.44919884544910155
E1,M04,103-1,C,202410,3.0,1540.0,0.0006078288353999514,0.9360564065159251,3.2049350649350647,0.0937357150096339,False,202412,2,0.4467976973063994
E1,M04,103-0,C,202407,3.0,1462.0,0.0006444960041247745,0.9422531580304203,3.1838577291381664,0.09507031765778645,False,202412,5,0.4441293928841675
E1,M11,100-0,B,202407,5.0,1474.0,0.0015082956259426848,2.2232277526395174,2.248982360922659,0.0951269087756937,False,202412,5,0.4440170783052224
E1,M07,103-0,B,202410,3.0,1723.0,0.0005480953685941354,0.9443683200876953,3.176726639582124,0.09552746704136234,False,202412,2,0.44322400818725904
E1,M04,104-2,D,202405,6.0,1058.0,0.0027755394395201005,2.936520727012266,2.043234343557534,0.09615617309612814,False,202412,7,0.4419859068891779
E1,M08,103-1,B,202409,3.0,1661.0,0.0005715592135345222,0.9493598536808414,3.1600240818783862,0.09660949820976235,False,202412,3,0.4410981932113103
E1,M04,104-2,B,202407,9.0,1754.0,0.0029539717492883615,5.181266448251786,1.7370270550430185,0.09686188520008532,False,202412,5,0.4406057654817028
E1,M01,104-0,A,202404,5.0,2574.0,0.0008746993221080254,2.2514760551060573,2.220765345765346,0.0979339594194515,False,202412,8,0.4385282628816668
E1,M09,104-0,C,202407,3.0,1306.0,0.000732922896511287,0.9571973028437408,3.1341500765696786,0.09831747614463253,False,202412,5,0.4377905896134517
E1,M07,104-1,D,202405,3.0,980.0,0.000977230528681716,0.9576859181080817,3.1325510204081635,0.09842432025735633,False,202412,7,0.4375855933080478
E1,M05,102-0,A,202409,5.0,2530.0,0.0008919611996878136,2.2566618352101684,2.2156620553359683,0.09860955534446364,False,202412,3,0.43723071904072874
E1,M12,103-0,B,202411,3.0,1536.0,0.0006250390649415588,0.9600600037502344,3.1248046875,0.09894405670762105,False,202412,1,0.4365915652644361
E1,M03,102-0,A,202412,6.0,2795.0,0.0010634762379528083,2.972416085078099,2.0185599284436493,0.0995622056938009,False,202412,0,0.4354160930178001
E1,M04,104-0,C,202405,8.0,1410.0,0.0031560569433252755,4.450040290088639,1.797736532367587,0.09962072719776424,False,202412,7,0.43530518692762543
E1,M06,104-0,B,202411,4.0,1817.0,0.0008777364725320115,1.5948471705906648,2.508077309074428,0.09998974073121862,False,202412,1,0.43460735392774286
E1,M11,104-1,D,202407,3.0,921.0,0.0010492078480747037,0.9663204280768021,3.104560260586319,0.10031935498425235,False,202412,5,0.4339862021514035
E1,M13,104-0,A,202404,4.0,1778.0,0.0008943043988597619,1.5900732211726567,2.515607424071991,0.10057321781355318,False,202412,8,0.433509192140817
E1,M02,102-0,B,202405,4.0,1786.0,0.0008950666034854947,1.5985889538250935,2.502206705750609,0.10059559637481728,False,202412,7,0.43346720043330844
E1,M08,100-0,B,202410,5.0,1692.0,0.001342957864696995,2.272284707067316,2.200428486997636,0.10065821690403656,False,202412,2,0.43334974728659015
E1,M07,100-0,B,202409,4.0,1692.0,0.0009512618208270382,1.6095350008393485,2.485189820609095,0.10237696172478675,False,202412,3,0.43015422013696636
E1,M05,102-0,C,202406,4.0,1410.0,0.001141552511415525,1.6095890410958904,2.4851063829787234,0.10238578947295407,False,202412,6,0.4301379462608201
E1,M13,101-0,A,202406,3.0,1867.0,0.0005276766397551581,0.9851722864228801,3.0451526513122653,0.1045017933954139,False,202412,6,0.42627704038752634
E1,M11,104-1,A,202409,4.0,2176.0,0.0007500551511140525,1.6321200088241783,2.450800173010381,0.10609447099734073,False,202412,3,0.42342222837107496
E1,M03,102-0,B,202408,5.0,1848.0,0.0012662715899306083,2.3400698981917643,2.1366883116883115,0.10893381957717985,False,202412,4,0.41843751282041275
E1,M03,103-1,A,202406,5.0,2530.0,0.0009291262496748058,2.350689411677259,2.127035573122529,0.11038859918374681,False,202412,6,0.41593363822420987
E1,M02,103-1,C,202409,3.0,1592.0,0.0006441789646287186,1.02553291168892,2.925308359981727,0.11107758821258186,False,202412,3,0.4147592861877118
E1,M05,102-0,A,202407,5.0,2441.0,0.0009672302394862073,2.361009014585832,2.1177386317083164,0.11181072949584757,False,202412,5,0.4135176511420627
E1,M01,104-0,C,202405,3.0,1540.0,0.0006686117189399465,1.0296620471675175,2.91357733175915,0.11201462441667845,False,202412,7,0.4131737851121933
E1,M03,104-0,D,202408,3.0,1155.0,0.0008914822919199286,1.0296620471675175,2.91357733175915,0.11201462441667845,False,202412,4,0.4131737851121933
E1,M01,100-0,B,202407,4.0,1910.0,0.0008784344346298375,1.6778097701429897,2.384060500290867,0.11247150830073728,False,202412,5,0.4124055238287639
E1,M06,102-0,E,202410,3.0,521.0,0.001985201227215304,1.0342898393791735,2.90054091781539,0.11306802373204569,False,202412,2,0.41140715262166083
E1,M02,104-1,D,202404,3.0,1096.0,0.0009452608060496691,1.0360058434304373,2.895736562707366,0.11345948285451928,False,202412,8,0.4107548367692797
E1,M05,100-0,C,202408,3.0,1462.0,0.0007089456045372519,1.0364784738334623,2.8944161173983334,0.11356738132116938,False,202412,4,0.4105754336118973
E1,M08,103-0,B,202409,3.0,1661.0,0.0006287151348879744,1.0442958390489256,2.872749165343987,0.11535706808800136,False,202412,3,0.4076243213987579
E1,M06,100-0,D,202405,3.0,1018.0,0.0010279413138958977,1.0464442575460238,2.866851223432756,0.11585057307144485,False,202412,7,0.4068186052910379
E1,M10,100-0,A,202410,3.0,2309.0,0.00045351473922902497,1.0471655328798186,2.8648765699436987,0.11601641306304272,False,202412,2,0.4065486185410255
E1,M11,103-1,A,202412,3.0,2309.0,0.00045351473922902497,1.0471655328798186,2.8648765699436987,0.11601641306304272,False,202412,0,0.4065486185410255
E1,M07,101-0,A,202410,4.0,2441.0,0.0006964057724300692,1.699926490501799,2.3530429241203517,0.11624616188672263,False,202412,2,0.40617522549239193
E1,M09,100-0,B,202411,4.0,1692.0,0.0010072183985227463,1.7042135303004868,2.347123719464145,0.1169836733122352,False,202412,1,0.4049815724155931
E1,M09,100-0,B,202410,4.0,1661.0,0.00102880658436214,1.7088477366255146,2.340758579169175,0.11778302028562065,False,202412,2,0.40369630778410104
E1,M10,103-1,A,202407,3.0,2176.0,0.00048532980366203395,1.0560776527685858,2.84070020053476,0.11807207046826912,False,202412,5,0.4032336922222217
E1,M08,100-0,C,202404,3.0,1254.0,0.0008448540706605223,1.0594470046082949,2.831665941713789,0.11885236105524795,False,202412,8,0.4019904947520225
E1,M12,100-0,C,202410,3.0,1254.0,0.0008448540706605223,1.0594470046082949,2.831665941713789,0.11885236105524795,False,202412,2,0.4019904947520225
E1,M11,104-1,B,202407,3.0,1474.0,0.0007213587776247623,1.0632828382188997,2.8214505982484273,0.11974274410381511,False,202412,5,0.40058182432824424
E1,M03,102-0,A,202410,5.0,2706.0,0.0008956560680698612,2.4236453201970445,2.063008130081301,0.11979398943051042,False,202412,2,0.40050106844402233
E1,M12,103-1,A,202408,3.0,2043.0,0.000521994969866654,1.066435723437574,2.8131090642103858,0.12047623262618327,False,202412,4,0.39942922228180344
E1,M03,100-0,B,202408,5.0,1848.0,0.0013169224535278326,2.4336726941194344,2.0545079920079923,0.12122591561469073,False,202412,4,0.3982584011148672
E1,M12,103-1,B,202406,3.0,1380.0,0.0007786508105047073,1.074538118496496,2.7918972332015812,0.12236786907266388,False,202412,6,0.39648879174446217
E1,M12,104-0,C,202406,3.0,1150.0,0.0009344206591913014,1.0745837580699966,2.7917786561264823,0.12237855146000413,False,202412,6,0.3964723160397517
E1,M11,102-0,C,202407,4.0,1228.0,0.00141643059490085,1.7393767705382437,2.2996742671009773,0.12310299318983445,False,202412,5,0.39535833474312565
E1,M10,101-0,A,202404,4.0,2043.0,0.0008541735870545247,1.7450766383523941,2.2921629412084625,0.12410649749334618,False,202412,8,0.39382601812413803
E1,M13,103-0,A,202406,3.0,1867.0,0.0005804443037306738,1.083689515065168,2.76832059210206,0.12451584178547705,False,202412,6,0.39320451830023073
E1,M12,101-0,A,202406,4.0,1955.0,0.000899415380002998,1.758357067905861,2.2748508098891733,0.12645689985482939,False,202412,6,0.39028499020012175
E1,M13,104-0,C,202408,4.0,1150.0,0.0015290519877675841,1.7584097859327217,2.274782608695652,0.12646626402730235,False,202412,4,0.3902710145240721
E1,M04,101-0,A,202408,4.0,2530.0,0.0007061359497528524,1.7865239528747165,2.238984813813189,0.13020913092424435,False,202412,4,0.38476619663278944
E1,M04,103-1,A,202412,3.0,2706.0,0.00041337972372455133,1.118605532398636,2.681910569105691,0.13040603777680712,False,202412,0,0.3844809941838803
E1,M01,101-0,C,202407,3.0,1592.0,0.0007027406886858749,1.118763176387913,2.681532663316583,0.13044347786564636,False,202412,5,0.3844268142007067
E1,M02,104-1,A,202412,5.0,2839.0,0.0008817478201234447,2.50328206133046,1.9973777934327421,0.13056619032658467,False,202412,0,0.3842493445354655
E1,M07,103-1,A,202409,4.0,2397.0,0.0007504838645969111,1.798909823438796,2.2235689348527767,0.13243710835123337,False,202412,3,0.3815640438899958
E1,M04,101-0,C,202407,3.0,1462.0,0.0007733952049497294,1.1307037896365044,2.6532147742818055,0.13328901204531535,False,202412,5,0.38035386445257524
E1,M04,102-0,C,202407,3.0,1462.0,0.0007733952049497294,1.1307037896365044,2.6532147742818055,0.13328901204531535,False,202412,5,0.38035386445257524
E1,M06,104-0,A,202405,4.0,2309.0,0.0007833436404864976,1.808740465883323,2.2114836680267147,0.13421558450794743,False,202412,7,0.3790463638315733
E1,M08,103-0,A,202407,4.0,2264.0,0.0008008429926238146,1.8131085353003162,2.2061558489864237,0.1350086662719636,False,202412,5,0.3779343835912139
E1,M04,101-0,A,202404,3.0,2353.0,0.0004841442749939482,1.13919147906076,2.6334466638334044,0.13532312436017677,False,202412,8,0.37749528921844766
E1,M07,100-0,B,202405,4.0,1567.0,0.0011604470775056495,1.8184205704513527,2.1997111476841433,0.1359754804293021,False,202412,7,0.37658761497736304
E1,M09,100-0,C,202409,3.0,1358.0,0.0008410428931875525,1.1421362489486964,2.626656848306333,0.13603103509586428,False,202412,3,0.3765105187243576
E1,M09,103-0,B,202409,3.0,1630.0,0.0007008936393902226,1.1424566322060627,2.625920245398773,0.13610812121171206,False,202412,3,0.37640359423919517
E1,M04,104-0,D,202407,6.0,1096.0,0.0030076480192489474,3.2963822290968463,1.820177267987487,0.13716904038239378,False,202412,5,0.37493813694246225
E1,M10,104-0,A,202406,4.0,2132.0,0.0008584078792807445,1.8301255986265472,2.185642342253382,0.13811484443442312,False,202412,6,0.3736412141652504
E1,M08,103-1,A,202410,5.0,2397.0,0.001066477070742979,2.556345538570921,1.9559171186204976,0.1385038175669972,False,202412,2,0.3731104147432279
E1,M11,104-1,B,202408,3.0,1505.0,0.0007680491551459293,1.1559139784946237,2.5953488372093023,0.13935782003357372,False,202412,4,0.37195023860612714
E1,M04,104-2,A,202408,11.0,2530.0,0.002898873898985394,7.334150964433047,1.4998327759197323,0.1412195798258268,False,202412,4,0.3694454599064556
E1,M03,104-0,A,202410,4.0,2706.0,0.0006889662062075856,1.8643425539977265,2.145528455284553,0.1432081711299345,False,202412,2,0.36680625766034075
E1,M13,101-0,C,202408,3.0,1150.0,0.0010193679918450561,1.1722731906218147,2.5591304347826083,0.1433385816547236,False,202412,4,0.3666344631791768
E1,M02,101-0,B,202408,10.0,1879.0,0.0034796440821196002,6.538251230302729,1.5294609594769255,0.14357942062307527,False,202412,4,0.36631760779681555
E1,M03,101-0,B,202409,4.0,1879.0,0.000994184023462743,1.868071780086494,2.1412453432676957,0.14390035484030608,False,202412,3,0.3658962015847884
E1,M02,103-1,A,202408,4.0,2662.0,0.0007017790097898172,1.8681357240604934,2.1411720510894066,0.1439122339575996,False,202412,4,0.36588062162215185
E1,M02,102-0,A,202410,5.0,2751.0,0.0009472580263202409,2.605906830406983,1.91871786882692,0.1453000815962552,False,202412,2,0.36406919657436215
E1,M04,104-0,E,202407,4.0,512.0,0.003681885125184094,1.8851251840942562,2.121875,0.14708079231399132,False,202412,5,0.3617701815497274
E1,M02,101-0,E,202407,5.0,539.0,0.004861955200555652,2.6205938530994963,1.907964484495097,0.14757335590564655,False,202412,5,0.3611391629229066
E1,M03,104-0,B,202404,4.0,1723.0,0.0010961907371882709,1.8887366401753907,2.117817759721416,0.1477574799358042,False,202412,8,0.3609038240002882
E1,M11,100-0,A,202406,5.0,2043.0,0.0012812603805817872,2.617614957528591,1.9101357843403854,0.14790608751284878,False,202412,6,0.3607140943509468
E1,M04,104-0,B,202410,8.0,1848.0,0.0026844957706528894,4.96094818416654,1.6125949522175937,0.14823612348203272,False,202412,2,0.3602934130904621
E1,M07,102-0,B,202408,4.0,1661.0,0.0011431184270690445,1.8987197073616828,2.1066827212522576,0.1496336945849519,False,202412,4,0.358522314954732
E1,M01,100-0,D,202408,3.0,1214.0,0.0009968560693198374,1.2101832681542826,2.4789633759979726,0.15043653553687947,False,202412,4,0.3575123654302239
E1,M01,104-0,D,202407,3.0,1194.0,0.0010150698836573749,1.2119934410869055,2.4752609199845383,0.15088314004253486,False,202412,5,0.3569528810659188
E1,M03,101-0,C,202409,3.0,1566.0,0.0007754712479121927,1.214387974230494,2.4703801945181256,0.15147448131318195,False,202412,3,0.35621462019497896
E1,M07,104-1,C,202406,4.0,1332.0,0.0014330753797649756,1.9088564058469475,2.0954954954954954,0.15154720235419772,False,202412,6,0.35612403057963465
E1,M04,103-0,B,202408,3.0,1786.0,0.0006844626967830253,1.2224503764544832,2.454087346024636,0.15347020560020155,False,202412,4,0.35374416092034194
E1,M04,104-1,A,202405,11.0,2397.0,0.00312043291069242,7.4796776869297315,1.4706516056462984,0.15371448203824226,False,202412,7,0.35344398618691114
E1,M04,104-1,B,202410,7.0,1848.0,0.002279288861875095,4.212125816745176,1.6618686868686867,0.1537348308951244,False,202412,2,0.3534190023855668
E1,M09,104-1,A,202405,4.0,2132.0,0.0009035872413481522,1.9264479985542604,2.076360225140713,0.15488777065026302,False,202412,7,0.35200882763600316
E1,M12,100-0,B,202410,4.0,1505.0,0.0012800819252432156,1.9265232974910393,2.076279069767442,0.15490212290598335,False,202412,2,0.35199133944267896
E1,M04,104-2,E,202406,3.0,503.0,0.0024426907177752723,1.228673431040962,2.4416577458326962,0.15501549306472345,False,202412,6,0.3518532550677289
E1,M09,104-0,B,202411,3.0,1692.0,0.0007274355100442057,1.230820882994796,2.4373977086743044,0.15554971180606422,False,202412,1,0.3512039350700544
E1,M09,103-0,C,202410,3.0,1384.0,0.0008916323731138546,1.2340192043895748,2.4310804802134283,0.15634626876031,False,202412,2,0.3502398840318433
E1,M05,101-0,B,202404,3.0,1630.0,0.0007593014426727411,1.237661351556568,2.423926380368098,0.15725468592189012,False,202412,8,0.34914642832456527
E1,M09,104-0,C,202408,3.0,1332.0,0.0009314989968472342,1.240756663800516,2.4178794178794174,0.15802781128488455,False,202412,4,0.34822078652805366
E1,M09,103-0,A,202407,3.0,2220.0,0.0005604656175899978,1.2442336710497952,2.4111226611226613,0.15889746754274178,False,202412,5,0.347184967553693
E1,M10,100-0,C,202408,3.0,1306.0,0.0009527997654646731,1.2443564936968632,2.4108846742843677,0.15892821046058977,False,202412,4,0.34714845450211085
E1,M01,100-0,C,202407,4.0,1592.0,0.001229796205200281,1.9578355586788474,2.0430725053840635,0.1597251330212633,False,202412,5,0.3462044141147526
E1,M12,103-1,B,202411,3.0,1536.0,0.0008125507844240265,1.2480780048753046,2.4036959134615388,0.15986045581941852,False,202412,1,0.34604457766118135
E1,M08,100-0,C,202405,3.0,1280.0,0.0009750975097509751,1.248124812481248,2.4036057692307695,0.1598721902881568,False,202412,7,0.3460307238750952
E1,M11,104-0,C,202409,3.0,1280.0,0.0009750975097509751,1.248124812481248,2.4036057692307695,0.1598721902881568,False,202412,3,0.3460307238750952
E1,M02,100-0,B,202407,4.0,1848.0,0.001063668135541711,1.9656587144810818,2.034941249226964,0.1612322856935115,False,202412,5,0.34443183736540145
E1,M03,104-0,B,202408,4.0,1848.0,0.001063668135541711,1.9656587144810818,2.034941249226964,0.1612322856935115,False,202412,4,0.34443183736540145
E1,M04,104-1,D,202407,6.0,1096.0,0.003179513620348887,3.48474692790238,1.721789307555731,0.16148236039386413,False,202412,5,0.3441393256969269
E1,M02,100-0,C,202406,4.0,1514.0,0.0013011152416356876,1.969888475836431,2.0305718060011326,0.1620491025792617,False,202412,6,0.3434780820841127
E1,M13,104-0,A,202406,4.0,1867.0,0.0010553532795103161,1.9703445728457603,2.0301017675415105,0.1633295160495199,False,202412,6,0.34199264079279157
E1,M12,103-1,B,202407,3.0,1411.0,0.0008964898972484656,1.264947245017585,2.3716404077849864,0.16410385633815722,False,202412,5,0.3410999485694915
E1,M07,102-0,A,202409,5.0,2397.0,0.001145475372279496,2.745704467353952,1.821026282853567,0.16669768108222513,False,202412,3,0.3381400690260832
E1,M09,101-0,A,202408,4.0,2264.0,0.0008851422550052687,2.0039620653319283,1.9960457681305739,0.16867771442322907,False,202412,4,0.33591143694255954
E1,M09,102-0,B,202407,4.0,1567.0,0.0012825994014536127,2.009833262077811,1.9902148479047013,0.16982842839797843,False,202412,5,0.3346282364046356
E1,M11,104-1,A,202410,4.0,2220.0,0.0009053675361069196,2.0099159301573617,1.9901329901329898,0.1698446483358542,False,202412,2,0.3346102112047814
E1,M13,104-1,C,202404,3.0,1046.0,0.0012352717597871531,1.2920942607373622,2.321812031181056,0.17099078904208156,False,202412,8,0.3333408452147757
E1,M03,101-0,C,202411,3.0,1618.0,0.0008051529790660225,1.3027375201288245,2.3028430160692213,0.1716180288068876,False,202412,1,0.33264976643294164
E1,M04,104-2,E,202410,3.0,539.0,0.002430977600277826,1.3102969265497482,2.289557381394116,0.17354330372579385,False,202412,2,0.33054420873259105
E1,M04,103-0,A,202410,3.0,2618.0,0.0005005541849905252,1.310450856305195,2.289288442649787,0.17358256093341193,False,202412,2,0.3305015188992821
E1,M10,101-0,A,202405,4.0,2088.0,0.000972087210109707,2.0297180947090685,1.97071702244116,0.17374380988463756,False,202412,7,0.33032627165469103
E1,M05,101-0,B,202410,3.0,1817.0,0.0007228418009087154,1.313403552251136,2.284141835049925,0.17433600557894452,False,202412,2,0.32968405901139003
E1,M01,102-0,D,202404,3.0,1136.0,0.0011565468814539446,1.313837257331681,2.283387826961771,0.1744467401389675,False,202412,8,0.329564213924758
E1,M04,104-1,E,202408,3.0,521.0,0.0025266197437285687,1.3163688864825842,2.2789964354263783,0.17509345319938116,False,202412,4,0.32886580941992494
E1,M04,101-0,A,202405,3.0,2397.0,0.0005529881107556188,1.3255125014812181,2.2632755229751473,0.17743388539019464,False,202412,7,0.32635969053980535
E1,M05,102-0,C,202405,3.0,1384.0,0.0009602194787379973,1.3289437585733883,2.2574318744838973,0.17831402127640844,False,202412,7,0.3254257907260056
E1,M10,100-0,C,202410,3.0,1358.0,0.0009812167087188113,1.3324922904401457,2.2514201556911426,0.1792252897620256,False,202412,2,0.3244637011267799
E1,M06,100-0,A,202409,5.0,2485.0,0.0011373545134018273,2.826325965803541,1.7690811535881958,0.17922605319328952,False,202412,3,0.3244628971717509
E1,M03,103-1,A,202405,4.0,2485.0,0.0008340599764946734,2.0726390415892633,1.9299067130053047,0.18114067425655955,False,202412,7,0.32245734363401013
E1,M05,102-0,C,202408,4.0,1462.0,0.0014178912090745037,2.0729569476669245,1.9296107449322224,0.18120423298230215,False,202412,4,0.32239113036173567
E1,M07,100-0,D,202405,3.0,980.0,0.0013681227401544024,1.3407602853513143,2.2375364431486884,0.18135260918969026,False,202412,7,0.3222366475335794
E1,M07,104-0,D,202404,3.0,960.0,0.0014001400140014,1.3441344134413442,2.2319196428571426,0.18222237643927672,False,202412,8,0.3213336180910202
E1,M10,102-0,A,202411,4.0,2353.0,0.000887597837488905,2.0885177116113933,1.915233937333385,0.18432325958436852,False,202412,1,0.3191700497087704
E1,M09,103-1,B,202404,3.0,1474.0,0.000918092989704243,1.3532690668240541,2.216854041480907,0.18458167861359842,False,202412,8,0.31890562494815655
E1,M11,102-0,A,202412,4.0,2309.0,0.0009070294784580499,2.0943310657596372,1.909917713295799,0.18549245980400642,False,202412,0,0.3179766195876787
E1,M10,101-0,B,202404,3.0,1442.0,0.0009411764705882353,1.3571764705882354,2.2104715672676836,0.18559290858285918,False,202412,8,0.31787444030061307
E1,M12,104-0,A,202410,4.0,2132.0,0.0009939459654829674,2.1190927984096866,1.8876002046733753,0.1904961218279895,False,202412,2,0.31295283535671437
E1,M02,102-0,C,202410,3.0,1618.0,0.000862663906142167,1.3957902001380262,2.149320148331273,0.19370752873667635,False,202412,2,0.3097975692550353
E1,M02,104-0,C,202410,3.0,1618.0,0.000862663906142167,1.3957902001380262,2.149320148331273,0.19370752873667635,False,202412,2,0.3097975692550353
E1,M03,100-0,B,202410,4.0,1910.0,0.0011224439998047924,2.1438680396271534,1.8657864784885043,0.19445640190027064,False,202412,2,0.3090693105972541
E1,M04,101-0,A,202411,4.0,2662.0,0.0008070458612582898,2.1483560826695673,1.8618887400777449,0.19537185369166477,False,202412,1,0.30818285907614784
E1,M03,102-0,A,202408,4.0,2618.0,0.00082233901819872,2.152883549644249,1.8579732288172186,0.19629652592485702,False,202412,4,0.3072916858322931
E1,M05,101-0,A,202411,4.0,2618.0,0.00082233901819872,2.152883549644249,1.8579732288172186,0.19629652592485702,False,202412,1,0.3072916858322931
E1,M02,104-0,D,202406,3.0,1136.0,0.0012391573729863693,1.4076827757125154,2.131161971830986,0.19681188260767887,False,202412,6,0.30679681956117344
E1,M05,104-1,A,202410,4.0,2574.0,0.0008382535170201909,2.1576645528099716,1.8538562886388974,0.19727425382009034,False,202412,2,0.3063539336593087
E1,M03,103-0,B,202405,3.0,1754.0,0.0008056286588968258,1.4130726677050325,2.1230330672748003,0.19822204481818115,False,202412,7,0.3054493202638682
E1,M03,102-0,A,202406,4.0,2530.0,0.0008547961497008213,2.162634258743078,1.8495961505413303,0.19829194723569965,False,202412,6,0.30538277368860395
E1,M02,100-0,C,202404,3.0,1462.0,0.0009667440061871616,1.4133797370456302,2.1225718194254446,0.19830244300102512,False,202412,8,0.3053727838246958
E1,M03,102-0,B,202406,4.0,1786.0,0.0012109724635391986,2.1627968198810086,1.849457130337407,0.19832525993963393,False,202412,6,0.30535106849854804
E1,M13,104-0,A,202407,4.0,1911.0,0.0011292475105225336,2.157991992608562,1.853574996432139,0.1984303454231322,False,202412,5,0.3052510888300028
E1,M07,100-0,B,202411,4.0,1754.0,0.001235297276975133,2.166711423814383,1.8461157106737396,0.19912790442704414,False,202412,1,0.30458876153751074
E1,M05,103-1,A,202408,4.0,2485.0,0.0008719717936080676,2.166849907116048,1.8459977254833349,0.19915631453240495,False,202412,4,0.3045618355417498
E1,M04,103-0,A,202405,3.0,2397.0,0.0005924872615238773,1.4201919658727338,2.1123904881101376,0.20008767209876127,False,202412,7,0.30368125136310636
E1,M05,103-1,B,202405,3.0,1661.0,0.0008573388203017832,1.424039780521262,2.1066827212522576,0.20109739523951525,False,202412,7,0.30273119254382425
E1,M09,102-0,B,202411,4.0,1692.0,0.001287001287001287,2.1776061776061777,1.8368794326241134,0.2013662299010588,False,202412,1,0.30247904733546477
E1,M02,101-0,D,202406,7.0,1136.0,0.004047914085088806,4.598430400660884,1.5222585513078473,0.20206671048434427,False,202412,6,0.30182363107871407
E1,M06,103-1,B,202405,3.0,1630.0,0.0008761170492377782,1.4280707902575784,2.1007361963190183,0.20215622357763227,False,202412,7,0.30174004043894836
E1,M06,104-0,B,202405,3.0,1630.0,0.0008761170492377782,1.4280707902575784,2.1007361963190183,0.20215622357763227,False,202412,7,0.30174004043894836
E1,M02,101-0,A,202404,14.0,2485.0,0.00428403533381355,10.645827804526672,1.3150691761186588,0.20398475272502295,False,202412,8,0.3000405448552704
E1,M11,104-2,A,202410,3.0,2220.0,0.0006466910972192282,1.4356542358266866,2.08963963963964,0.20415098440774154,False,202412,2,0.29988679977485133
E1,M06,100-0,A,202404,4.0,2264.0,0.0009694415173867229,2.194815595363541,1.822476570901828,0.2049150612097545,False,202412,8,0.29918172347976263
E1,M08,101-0,B,202405,3.0,1536.0,0.0009375585974123383,1.4400900056253516,2.083203125,0.20531944597413748,False,202412,7,0.2988096276834158
E1,M08,104-0,B,202405,3.0,1536.0,0.0009375585974123383,1.4400900056253516,2.083203125,0.20531944597413748,False,202412,7,0.2988096276834158
E1,M08,100-0,A,202406,4.0,2220.0,0.00099159301573615,2.201336494934253,1.81707794751273,0.2062638803825414,False,202412,6,0.29794345034409625
E1,M11,102-0,B,202408,3.0,1505.0,0.0009600614439324117,1.4448924731182795,2.076279069767442,0.20658586447836028,False,202412,4,0.2976490525747901
E1,M10,100-0,A,202404,3.0,2043.0,0.0007118113225454373,1.4542305319603284,2.062946647087616,0.20905228975934412,False,202412,8,0.29540904400246015
E1,M11,104-1,A,202404,3.0,1955.0,0.000749512816669165,1.4652975565882176,2.047365728900256,0.21198195122892666,False,202412,8,0.29278241304326763
E1,M12,100-0,B,202404,3.0,1318.0,0.001121327651939897,1.477909845256784,2.0298937784522004,0.21532900783101533,False,202412,8,0.2898256267615644
E1,M13,102-0,B,202406,3.0,1318.0,0.001121327651939897,1.477909845256784,2.0298937784522004,0.21532900783101533,False,202412,6,0.2898256267615644
E1,M02,102-0,A,202412,5.0,2839.0,0.0010776917801508768,3.059566963848339,1.6342181946267893,0.21728058312898296,False,202412,0,0.28812274638100543
E1,M04,100-0,B,202407,4.0,1754.0,0.0012890058542349213,2.2609162683280517,1.7691942227290005,0.21764859123491348,False,202412,5,0.2878033492763852
E1,M04,103-0,B,202410,3.0,1848.0,0.0008104138175555894,1.497644734842729,2.003145292207792,0.21878101690797633,False,202412,2,0.2868238852227673
E1,M03,101-0,A,202404,4.0,2441.0,0.000928541029906759,2.266568654002399,1.7647821930902634,0.2188341846393302,False,202412,8,0.28677802377518485
E1,M03,102-0,C,202406,3.0,1488.0,0.0010108668182966893,1.5041698256254736,1.9944556451612907,0.22051708653573296,False,202412,6,0.2853321144339852
E1,M06,101-0,C,202410,3.0,1488.0,0.0010108668182966893,1.5041698256254736,1.9944556451612907,0.22051708653573296,False,202412,2,0.2853321144339852
E1,M05,103-0,A,202409,3.0,2530.0,0.0005946407997918758,1.5044412234734457,1.9940958498023713,0.22058934114158746,False,202412,3,0.28527028230776
E1,M08,100-0,B,202409,4.0,1661.0,0.0013717421124828531,2.278463648834019,1.7555689343768817,0.2213339573039683,False,202412,3,0.2846342517258264
E1,M04,101-0,B,202406,3.0,1723.0,0.0008769525897506166,1.5109893121403124,1.9854541497388276,0.22233374825466884,False,202412,6,0.28378361496738197
E1,M08,104-0,B,202411,3.0,1723.0,0.0008769525897506166,1.5109893121403124,1.9854541497388276,0.22233374825466884,False,202412,1,0.28378361496738197
E1,M04,101-0,A,202406,3.0,2441.0,0.0006190273532711727,1.5110457693349326,1.9853799672265464,0.22234879752285153,False,202412,6,0.28377084007279246
E1,M10,102-0,B,202409,3.0,1598.0,0.0009553949961187078,1.5267212037976952,1.9649953066332915,0.22653308322747198,False,202412,3,0.28025204592041203
E1,M06,104-0,C,202404,3.0,1332.0,0.0011464603038119805,1.527085124677558,1.964527027027027,0.22663036040364037,False,202412,8,0.2801710154947536
E1,M08,101-0,C,202407,3.0,1332.0,0.0011464603038119805,1.527085124677558,1.964527027027027,0.22663036040364037,False,202412,5,0.2801710154947536
E1,M06,102-0,D,202408,5.0,1077.0,0.0028939752696658773,3.11681136543015,1.60420359584705,0.22747558241890192,False,202412,4,0.27946841873364997
E1,M07,101-0,B,202405,3.0,1567.0,0.000977218591583705,1.5313015330116657,1.95911774090619,0.227757852034087,False,202412,7,0.279234361502782
E1,M10,102-0,C,202408,3.0,1306.0,0.0011726766344180592,1.5315156845499853,1.9588437978560491,0.22781513847768306,False,202412,4,0.27918689514345363
E1,M07,104-0,B,202404,3.0,1536.0,0.0010000625039064941,1.536096006000375,1.9530029296875,0.22904087554466757,False,202412,8,0.2781741246444787
E1,M09,104-1,B,202405,3.0,1505.0,0.0010240655401945725,1.5412186379928314,1.946511627906977,0.2304128135818823,False,202412,7,0.27704696333781315
E1,M13,104-0,B,202410,3.0,1442.0,0.0010756302521008404,1.5510588235294118,1.9341626213592231,0.23305128537267158,False,202412,2,0.274897979863784
E1,M10,104-0,A,202404,3.0,2043.0,0.0007592654107151331,1.5511792340910169,1.9340124816446402,0.23308359584741573,False,202412,8,0.2748718146815338
E1,M01,103-1,A,202410,5.0,2839.0,0.0011103491068221154,3.1522811142679856,1.5861529536083545,0.23320701987084774,False,202412,2,0.27477189867643653
E1,M07,102-0,B,202410,4.0,1723.0,0.0013702384214853384,2.360920800219238,1.694254207777133,0.2378438009533257,False,202412,2,0.27105607685028543
E1,M09,104-1,A,202411,4.0,2397.0,0.0009874787692064622,2.3669866097878898,1.68991239048811,0.23913985188591563,False,202412,1,0.2700303973645177
E1,M02,104-1,C,202410,3.0,1618.0,0.000977685760294456,1.5818955601564297,1.8964589544099468,0.2396893299758478,False,202412,2,0.2695972237578102
E1,M12,101-0,A,202404,3.0,1867.0,0.0008442826236082528,1.576275658276608,1.9032204070701662,0.23983006532845283,False,202412,8,0.2694864366902816
E1,M08,103-1,A,202409,4.0,2353.0,0.001008633906237392,2.3733155813765836,1.6854058648533787,0.24049356668413271,False,202412,3,0.26896500170896437
E1,M04,103-0,A,202411,3.0,2662.0,0.0005965121583213446,1.5879153654514195,1.8892694568435937,0.24130863218154383,False,202412,1,0.2683264204439493
E1,M10,104-0,C,202409,4.0,1332.0,0.0017913442247062196,2.3860705073086845,1.6763963963963964,0.2432260924882164,False,202412,3,0.2668326090429175
E1,M03,103-0,B,202406,3.0,1786.0,0.0008950666034854947,1.5985889538250935,1.876655029312957,0.24418286645282586,False,202412,6,0.2660916257327514
E1,M07,103-1,A,202411,3.0,2485.0,0.0006445008909277022,1.6015847139553399,1.8731447508580898,0.24499026192620965,False,202412,1,0.26546858543200125
E1,M02,104-1,C,202404,3.0,1462.0,0.0010956432070121165,1.6018303686517144,1.8728574877283335,0.24505648192203275,False,202412,8,0.26541757680066114
E1,M04,102-0,B,202406,3.0,1723.0,0.0009317621266100301,1.6054261441490818,1.8686627291659557,0.24602599972455177,False,202412,6,0.26467234060971306
E1,M05,101-0,A,202407,3.0,2441.0,0.000657716562850621,1.6054861299183658,1.8685929103308672,0.24604217698790057,False,202412,5,0.26465993060908605
E1,M10,101-0,A,202407,4.0,2176.0,0.0011030222810500773,2.400176483564968,1.6665441176470588,0.24625462529484335,False,202412,5,0.2644970316483982
E1,M08,102-0,A,202404,4.0,2132.0,0.0011294840516851902,2.4080599981928255,1.6610881801125703,0.24795011037094955,False,202412,8,0.26320199875489164
E1,M10,101-0,B,202411,3.0,1661.0,0.0009716506630086877,1.6139117512574301,1.8588376952225805,0.24831555027734087,False,202412,1,0.2629240313635325
E1,M09,100-0,A,202404,4.0,2088.0,0.001157246678702032,2.416331065129843,1.6554022988505748,0.24973111885014068,False,202412,8,0.2618511441519878
E1,M11,102-0,B,202411,3.0,1598.0,0.0010151071833761271,1.6221412790350511,1.8494073474195685,0.25053806933287803,False,202412,1,0.26124225878923873
E1,M01,103-1,A,202406,4.0,2662.0,0.0009123127127267623,2.4285764412786413,1.6470554239149282,0.25144822381887577,False,202412,6,0.26055784971659174
E1,M09,104-0,B,202406,3.0,1536.0,0.0010625664104006501,1.6321020063753986,1.8381204044117645,0.2532306938317204,False,202412,6,0.2592246325346044
E1,M11,104-2,B,202409,3.0,1536.0,0.0010625664104006501,1.6321020063753986,1.8381204044117645,0.2532306938317204,False,202412,3,0.2592246325346044
E1,M03,102-0,A,202407,4.0,2574.0,0.0009475909322836941,2.4390990596982287,1.6399497937959477,0.25371949022982565,False,202412,5,0.2588606715146767
E1,M13,101-0,A,202411,3.0,2088.0,0.0007869277415173819,1.6431051242882933,1.8258113590263692,0.2562081615503326,False,202412,1,0.25701839653024844
E1,M13,102-0,B,202409,3.0,1411.0,0.0011723329425556857,1.6541617819460726,1.8136073706591072,0.2592031146360051,False,202412,3,0.254824919843042
E1,M06,102-0,D,202406,4.0,1038.0,0.002377686328303612,2.468038408779149,1.6207203201422857,0.2599828570769677,False,202412,6,0.25425800141100574
E1,M07,104-1,A,202408,4.0,2353.0,0.0010489792624868877,2.4682482046316467,1.620582562359018,0.2600283500965,False,202412,4,0.2542249778358962
E1,M11,102-0,C,202404,3.0,1150.0,0.0014441046551138294,1.6607203533809038,1.8064450127877238,0.2609809763258802,False,202412,8,0.2535347864281251
E1,M05,102-0,A,202404,4.0,2309.0,0.0010719439290867861,2.4751185322613893,1.6160842189425992,0.2615188030439363,False,202412,8,0.25314623506033923
E1,M01,100-0,B,202409,3.0,1973.0,0.000847457627118644,1.6720338983050846,1.794221996958946,0.2625302157888473,False,202412,3,0.2524177023165279
E1,M12,102-0,C,202404,3.0,1098.0,0.0015249372084678867,1.6743810548977396,1.7917068466730954,0.26468694249740987,False,202412,8,0.25087351482517034
E1,M13,102-0,A,202406,3.0,1867.0,0.0008970502875837687,1.6747928869188962,1.7912662654778033,0.26479872429932017,False,202412,6,0.2507938238885404
E1,M02,104-0,B,202407,3.0,1848.0,0.000911715544750038,1.68485032669807,1.780573593073593,0.2660050382437563,False,202412,5,0.24993595853178963
E1,M03,101-0,D,202408,3.0,1155.0,0.0014587892049598833,1.6849015317286653,1.7805194805194804,0.2660189275314507,False,202412,4,0.2499261038908619
E1,M02,100-0,C,202405,3.0,1488.0,0.0011372251705837756,1.692191053828658,1.7728494623655915,0.26799669192026837,False,202412,7,0.2485280799603103
E1,M02,100-0,B,202405,3.0,1786.0,0.000947717580161112,1.692623598167746,1.7723964165733483,0.2681140781324942,False,202412,7,0.24844542772735517
E1,M04,101-0,A,202407,3.0,2485.0,0.0006824127080410964,1.6957955794821247,1.7690811535881958,0.26897500656015266,False,202412,5,0.24784034727769605
E1,M09,103-0,A,202412,3.0,2441.0,0.0006964057724300692,1.699926490501799,1.7647821930902636,0.27009645909547414,False,202412,0,0.24705506245053818
E1,M03,103-0,A,202409,4.0,2662.0,0.0009474016632162532,2.521983227481666,1.5860533711773381,0.270848371578479,False,202412,3,0.24653036781196813
E1,M06,100-0,B,202407,3.0,1692.0,0.0010072183985227463,1.7042135303004868,1.7603427895981087,0.2712605898484618,False,202412,5,0.2462433341971697
E1,M06,103-1,B,202407,3.0,1692.0,0.0010072183985227463,1.7042135303004868,1.7603427895981087,0.2712605898484618,False,202412,5,0.2462433341971697
E1,M05,103-1,A,202406,3.0,2397.0,0.0007109847138286527,1.7042303590472805,1.760325406758448,0.2712651602060455,False,202412,6,0.24624015423574755
E1,M03,101-0,A,202407,4.0,2574.0,0.0009840367373715286,2.532910561994315,1.5792109125442457,0.2732329074491558,False,202412,5,0.24487598928428744
E1,M04,104-2,D,202409,5.0,1136.0,0.002973977695167286,3.378438661710037,1.4799735915492958,0.27354288636670787,False,202412,3,0.24466198870397857
E1,M10,102-0,B,202410,3.0,1630.0,0.0010513404590853338,1.7136849483090941,1.7506134969325153,0.27383351081861845,False,202412,2,0.2444615700448762
E1,M07,104-0,B,202406,3.0,1598.0,0.0010748193706335463,1.7175613542724069,1.7466624947851483,0.2748869080904717,False,202412,6,0.24373691114845988
E1,M07,104-0,A,202404,3.0,2176.0,0.0007941760423560556,1.7281270681667769,1.735983455882353,0.27775907806636063,False,202412,8,0.24177509161248825
E1,M12,102-0,A,202411,3.0,2176.0,0.0007941760423560556,1.7281270681667769,1.735983455882353,0.27775907806636063,False,202412,1,0.24177509161248825
E1,M08,100-0,A,202410,5.0,2397.0,0.0014219694276573053,3.408460718094561,1.4669378389653733,0.2791542390459042,False,202412,2,0.24082944329621322
E1,M10,104-0,A,202405,3.0,2088.0,0.0008332176086654631,1.739758366893487,1.7243773946360152,0.28092238779554024,False,202412,7,0.23963774911462737
E1,M02,100-0,A,202409,6.0,2706.0,0.0015846222742774466,4.28798787419477,1.3992576882290564,0.2813372371774747,False,202412,3,0.23935923599713912
E1,M05,100-0,A,202404,5.0,2309.0,0.001484230055658627,3.42708719851577,1.4589649198787353,0.28264491327235497,False,202412,8,0.23848399504348253
E1,M01,102-0,A,202409,5.0,2795.0,0.0012296444001329346,3.4368560983715524,1.4548179664458734,0.28391647561913097,False,202412,3,0.23763679993177694
E1,M06,102-0,A,202409,9.0,2485.0,0.002805474466391174,6.971604048982067,1.2909511120778727,0.2848478932845154,False,202412,3,0.23701863480065277
E1,M01,104-0,C,202408,3.0,1618.0,0.0010927076144467448,1.7680009201748332,1.696831696051005,0.28721478591829913,False,202412,4,0.23545682031192225
E1,M13,102-0,B,202407,3.0,1349.0,0.0013089005235602095,1.7657068062827226,1.699036323202372,0.28798373827970963,False,202412,5,0.2349521892755115
E1,M13,100-0,A,202411,4.0,2088.0,0.0012498264129981948,2.6096375503402305,1.5327799063431247,0.2900434427596885,False,202412,1,0.233607101834992
E1,M02,103-1,A,202407,3.0,2618.0,0.0006793235367728557,1.7784690192713362,1.6868441156366853,0.29006264285798256,False,202412,5,0.2335946082217485
E1,M01,102-0,C,202404,3.0,1514.0,0.0011771995043370507,1.7822800495662947,1.683237154974623,0.2910995776902987,False,202412,8,0.23292109430077396
E1,M02,104-1,B,202405,3.0,1786.0,0.0010003685568367292,1.7866582425103985,1.6791123946484352,0.29229090537475094,False,202412,7,0.23215025380044252
E1,M01,101-0,A,202404,4.0,2574.0,0.0010204825424593629,2.6267220642904,1.5228105228105229,0.29298415384533794,False,202412,8,0.23170313685201685
E1,M11,104-0,A,202412,3.0,2309.0,0.0007833436404864976,1.808740465883323,1.658612751020036,0.29830034701245256,False,202412,0,0.22830916694407383
E1,M07,102-0,B,202406,3.0,1598.0,0.0011345315578909655,1.8129814295097628,1.6547328897964562,0.2994545374635733,False,202412,6,0.2275803022561507
E1,M11,101-0,A,202411,3.0,2264.0,0.0008008429926238146,1.8131085353003162,1.6546168867398177,0.29948912958235474,False,202412,1,0.22755850091485882
E1,M11,104-0,A,202410,3.0,2220.0,0.0008191420564776892,1.81849536538047,1.6497155049786627,0.3009551551740478,False,202412,2,0.22663686004295952
E1,M09,101-0,A,202406,3.0,2176.0,0.0008382969335980587,1.8241341275093756,1.6446159055727554,0.30248970158490157,False,202412,6,0.22567693924632234
E1,M08,102-0,B,202404,3.0,1505.0,0.001216077828981055,1.8301971326164876,1.6391676866585065,0.3041396238054181,False,202412,8,0.2246502638173636
E1,M09,102-0,B,202404,3.0,1474.0,0.001245983343170044,1.836579447832645,1.6334713989859315,0.3058763160358673,False,202412,8,0.22357559442913383
E1,M12,104-0,A,202408,3.0,2043.0,0.0009016276752242206,1.8420253404830826,1.6286420898060128,0.3073580696374361,False,202412,4,0.22266349462026844
E1,M02,104-1,A,202409,4.0,2706.0,0.000999000999000999,2.7032967032967035,1.4796747967479673,0.3091017723721428,False,202412,3,0.22159576610053555
E1,M01,103-0,B,202410,3.0,2004.0,0.0009252833680314596,1.8542678695350452,1.617889221556886,0.30941631591214536,False,202412,2,0.22140380181817843
E1,M03,103-1,A,202409,4.0,2662.0,0.001017579564195235,2.7087967998877156,1.4766703800616594,0.3103165038860213,False,202412,3,0.22085549828694395
E1,M02,101-0,C,202409,9.0,1592.0,0.00450925275240103,7.17873038182244,1.2537035828493117,0.3111739984386189,False,202412,3,0.22033467646056293
E1,M05,104-0,A,202410,4.0,2574.0,0.0010569283475471973,2.720533566586486,1.4702998151274014,0.31290941403527983,False,202412,2,0.2192850035169846
E1,M01,103-0,A,202404,3.0,2574.0,0.0007289161017566878,1.8762300459217145,1.5989510489510488,0.3153867773862248,False,202412,8,0.21779660386775637
E1,M02,100-0,B,202406,3.0,1817.0,0.0010326311441553077,1.876290788930194,1.5988992845349477,0.31540328552932306,False,202412,6,0.21778672504010368
E1,M06,100-0,B,202409,3.0,1754.0,0.0010741715451957677,1.8840968902733766,1.5922748004561005,0.3175244807009894,False,202412,3,0.21652163879325617
E1,M09,104-0,A,202411,3.0,2397.0,0.0007899830153651696,1.8935892878303116,1.5842928660826034,0.3201031116115664,False,202412,1,0.21499506966063642
E1,M05,104-1,B,202405,3.0,1661.0,0.0011431184270690445,1.8987197073616828,1.5800120409391931,0.32149640134043533,False,202412,7,0.2141753410005301
E1,M08,102-0,B,202408,3.0,1630.0,0.0011681560656503708,1.9040943870101044,1.575552147239264,0.32295569885060355,False,202412,4,0.21332057750322866
E1,M08,104-0,A,202407,4.0,2264.0,0.0012223393045310853,2.767376185458377,1.4454124527842087,0.3232660337296801,False,202412,5,0.21313930117731542
E1,M01,100-0,A,202405,5.0,2618.0,0.0013944009439021774,3.6505416711359007,1.3696597520126932,0.32334846830052594,False,202412,7,0.21309117781425618
E1,M07,100-0,B,202406,3.0,1598.0,0.0011942437451483848,1.908401504747119,1.5719962453066332,0.3241248834991429,False,202412,6,0.2126385258966226
E1,M11,104-2,B,202411,3.0,1598.0,0.0011942437451483848,1.908401504747119,1.5719962453066332,0.3241248834991429,False,202412,1,0.2126385258966226
E1,M08,103-1,A,202407,3.0,2264.0,0.0008429926238145417,1.9085353003161223,1.571886042402827,0.32416119907891594,False,202412,5,0.21261738037946926
E1,M08,102-0,A,202406,4.0,2220.0,0.0012502694546238414,2.775598189264928,1.441130785958372,0.3250847917244426,False,202412,6,0.2120803937040653
E1,M12,102-0,A,202412,3.0,2220.0,0.0008622547962923044,1.9142056477689158,1.5672297297297297,0.32570006169139937,False,202412,0,0.2117235151617772
E1,M08,100-0,B,202405,3.0,1536.0,0.0012500781298831177,1.9201200075004687,1.56240234375,0.3273046777371594,False,202412,7,0.21079594301653107
E1,M01,103-1,A,202407,4.0,2706.0,0.0010334493093113782,2.7965138309965893,1.4303523035230354,0.32900111372427565,False,202412,5,0.20982022520229238
E1,M03,103-1,A,202410,4.0,2706.0,0.0010334493093113782,2.7965138309965893,1.4303523035230354,0.32900111372427565,False,202412,2,0.20982022520229238
E1,M12,104-0,A,202409,3.0,2088.0,0.0009257973429616257,1.9330648521038745,1.5519396551724138,0.3308149219768097,False,202412,3,0.20878254954623413
E1,M06,102-0,A,202408,8.0,2441.0,0.002630866251402484,6.421944519673463,1.2457286068872448,0.33265796202559667,False,202412,4,0.20773396189627213
E1,M13,104-0,C,202409,3.0,1176.0,0.0016550810989738498,1.9463753723932473,1.5413265306122448,0.334421500336219,False,202412,3,0.20673603123330359
E1,M04,104-1,E,202412,3.0,557.0,0.003513468295131337,1.9570018403881546,1.5329571685047447,0.3361398945830638,False,202412,0,0.20576869547818016
E1,M04,104-1,E,202411,3.0,548.0,0.0035787321063394683,1.9611451942740286,1.529718456725756,0.3372612689631502,False,202412,1,0.20514010297742788
E1,M02,102-0,B,202407,3.0,1848.0,0.001063668135541711,1.9656587144810818,1.5262059369202228,0.33848246168819685,False,202412,5,0.20445792973129825
E1,M04,100-0,C,202410,3.0,1540.0,0.001276440554339898,1.965718453683443,1.5261595547309832,0.33849862231907357,False,202412,2,0.20444891871440754
E1,M04,101-0,A,202409,3.0,2574.0,0.0007653619068445222,1.9700415482178002,1.5228105228105226,0.3396679205305877,False,202412,3,0.20379806800507014
E1,M05,101-0,A,202410,3.0,2574.0,0.0007653619068445222,1.9700415482178002,1.5228105228105226,0.3396679205305877,False,202412,2,0.20379806800507014
E1,M03,101-0,B,202407,3.0,1817.0,0.0010842627013630732,1.970105328376704,1.5227612233666168,0.33968516886178796,False,202412,5,0.2037884840767889
E1,M04,104-2,D,202404,4.0,1038.0,0.0027434842249657062,2.847736625514403,1.4046242774566475,0.34033694858293484,False,202412,8,0.2034266829077369
E1,M09,102-0,A,202410,4.0,2353.0,0.0012103606874848704,2.8479786976519,1.4045048873778156,0.3403905116038348,False,202412,2,0.20339698103585582
E1,M03,102-0,B,202405,3.0,1754.0,0.001127880122455556,1.9783017347870453,1.516452190910572,0.3419010752796877,False,202412,7,0.20256125918497267
E1,M08,100-0,A,202408,4.0,2309.0,0.0012368583797155227,2.855905998763142,1.400606323083586,0.3421444831877129,False,202412,4,0.2024269388699456
E1,M05,102-0,B,202407,3.0,1723.0,0.0011510002740476844,1.9831734721841603,1.5127269712295828,0.3432174960191138,False,202412,5,0.20183595273904428
E1,M03,103-1,A,202404,3.0,2441.0,0.0008124734011684141,1.9832475722520988,1.512670451220226,0.343237515145003,False,202412,8,0.2018249443173404
E1,M05,103-1,A,202407,3.0,2441.0,0.0008124734011684141,1.9832475722520988,1.512670451220226,0.343237515145003,False,202412,5,0.2018249443173404
E1,M01,101-0,A,202410,4.0,2839.0,0.0010123771268083996,2.874138663009046,1.3917213012305558,0.3455158340991245,False,202412,2,0.2005762837111884
E1,M08,101-0,A,202406,4.0,2220.0,0.0012933821944384565,2.871308471653373,1.3930930930930934,0.34555176807677734,False,202412,6,0.200556655677834
E1,M04,100-0,C,202404,3.0,1384.0,0.001440329218106996,1.9934156378600825,1.504954582989265,0.3459834172092419,False,202412,8,0.20032103756468161
E1,M06,104-0,A,202406,3.0,2353.0,0.0008472524812394094,1.9935850883563302,1.5048266650476596,0.3460291580851425,False,202412,6,0.20029608687713046
E1,M01,103-1,A,202409,4.0,2795.0,0.001030242605516783,2.8795280824194083,1.389116509896705,0.3467082250636592,False,202412,3,0.19992605754356182
E1,M03,100-0,A,202411,4.0,2751.0,0.0010487499577116952,2.8851111336648736,1.3864283955394519,0.3479433156638566,False,202412,1,0.19925490027530252
E1,M10,104-0,A,202409,3.0,2264.0,0.0008851422550052687,2.0039620653319283,1.4970343260979304,0.3488290192052592,False,202412,3,0.19877506768368475
E1,M10,100-0,B,202407,3.0,1536.0,0.0013125820363772737,2.016126007875492,1.4880022321428572,0.3521077392014472,False,202412,5,0.1970093523520589
E1,M02,101-0,A,202410,13.0,2751.0,0.004093507899455327,11.261240231401604,1.1544021557900808,0.35370475733572293,False,202412,2,0.19615524340293047
E1,M10,100-0,B,202406,3.0,1505.0,0.0013440860215053765,2.0228494623655915,1.4830564784053155,0.3539184097223017,False,202412,6,0.1960412715141613
E1,M02,100-0,A,202404,4.0,2485.0,0.0011752663305152216,2.9205368313303257,1.369611215681184,0.3557760879386126,False,202412,8,0.1950531916041828
E1,M08,103-1,A,202411,4.0,2441.0,0.001199365496962897,2.927651178086432,1.3662829881989136,0.3573480616288453,False,202412,1,0.19422109670535798
E1,M01,104-0,C,202409,3.0,1644.0,0.0012429378531073447,2.043389830508475,1.4681486396814862,0.35839061611623246,False,202412,3,0.19367125635286092
E1,M04,104-1,A,202411,10.0,2662.0,0.0031930944945436682,8.500017544475245,1.1764681599392344,0.361417032399285,False,202412,1,0.1920841472085295
E1,M03,102-0,C,202409,3.0,1566.0,0.0013123359580052493,2.0551181102362204,1.4597701149425288,0.36154092953566697,False,202412,3,0.19201945674621196
E1,M02,104-1,B,202406,3.0,1817.0,0.0011358942585708385,2.0639198678232136,1.4535448041226797,0.3639025533602447,False,202412,6,0.19079060158180797
E1,M06,102-0,B,202409,6.0,1754.0,0.0027391374402492077,4.80444707019711,1.2488429807498826,0.3669233061738774,False,202412,3,0.1892303458639663
E1,M07,102-0,C,202409,3.0,1410.0,0.00147730325006715,2.0829975825946816,1.4402321083172147,0.36901330093051016,False,202412,3,0.1881583379665725
E1,M02,101-0,B,202404,7.0,1754.0,0.0032762232128470915,5.746495515333798,1.2181337271248855,0.3691408754814603,False,202412,8,0.18809309871077723
E1,M07,104-1,C,202408,3.0,1384.0,0.0015089163237311386,2.088340192043896,1.436547556489753,0.3704424850841817,False,202412,4,0.1874287653107252
E1,M04,102-0,A,202410,4.0,2618.0,0.0011441238514069147,2.9953162429833027,1.335418258212376,0.3716653227446233,False,202412,2,0.1868067598112123
E1,M06,101-0,A,202404,3.0,2264.0,0.0009272918861959958,2.0993888303477344,1.428987311275297,0.37339510622098787,False,202412,8,0.1859303786097108
E1,M07,100-0,A,202406,3.0,2264.0,0.0009272918861959958,2.0993888303477344,1.428987311275297,0.37339510622098787,False,202412,6,0.1859303786097108
E1,M01,100-0,A,202406,5.0,2662.0,0.001473735920558616,3.9230850205270356,1.274507173267504,0.3741149601938724,False,202412,6,0.1855668659656509
E1,M12,104-0,A,202412,3.0,2220.0,0.0009484802759215348,2.105626212545807,1.4247542997543,0.37506016681665105,False,202412,0,0.18509061522604617
E1,M04,104-2,B,202410,7.0,1848.0,0.0031403535430279085,5.803373347515575,1.2061950146627567,0.3777685524568375,False,202412,2,0.18373258878860044
E1,M10,104-0,C,202406,3.0,1254.0,0.0016897081413210445,2.1188940092165898,1.4158329708568944,0.37859751005972736,False,202412,6,0.18331888215403686
E1,M01,100-0,C,202409,3.0,1644.0,0.0012994350282485875,2.136271186440678,1.4043160901301175,0.3822691934996754,False,202412,3,0.18149728621441702
E1,M12,100-0,A,202405,4.0,1911.0,0.0015912124011908428,3.0408068986757004,1.315440320048615,0.38227962146284394,False,202412,7,0.18149213764827915
E1,M13,104-0,C,202410,3.0,1202.0,0.0017747660535656663,2.133268796385931,1.4062925427318105,0.38242288513285383,False,202412,2,0.18142141873300743
E1,M02,102-0,B,202410,3.0,1942.0,0.0011023244668104482,2.1407141145458906,1.4014015134554245,0.38345029725516727,False,202412,2,0.1809150345751661
E1,M01,101-0,B,202407,3.0,1910.0,0.0011224439998047924,2.1438680396271534,1.3993398588663783,0.38428828946382804,False,202412,5,0.18050301408805963
E1,M02,103-1,A,202409,3.0,2706.0,0.0007923111371387233,2.143993937097385,1.3992576882290564,0.38432173248634516,False,202412,3,0.18048658961271832
E1,M01,100-0,A,202411,5.0,2883.0,0.0013803730217328497,3.9796154216558057,1.2564028103800142,0.3845232235493104,False,202412,1,0.1803876639301971
E1,M04,104-0,E,202410,3.0,539.0,0.003993748914742142,2.1526306650460145,1.3936436234572884,0.38661453909082993,False,202412,2,0.1793639451147435
E1,M11,100-0,A,202409,4.0,2176.0,0.0014118685197440988,3.072225898963159,1.3019875919117647,0.38857147190606933,False,202412,3,0.1784110108602855
E1,M06,102-0,B,202406,6.0,1661.0,0.002972107910379515,4.936671239140375,1.2153938776455333,0.38921976218624776,False,202412,6,0.17809638197361147
E1,M03,100-0,B,202406,3.0,1786.0,0.0012109724635391986,2.1627968198810086,1.3870928477530553,0.38930970023345296,False,202412,6,0.178052774549873
E1,M05,102-0,B,202408,3.0,1754.0,0.001235297276975133,2.166711423814383,1.3845867830053047,0.3903464283529237,False,202412,4,0.17755083194055846
E1,M04,104-0,A,202410,8.0,2618.0,0.0026100325360220245,6.8330651793056605,1.1707776510355075,0.3907384770434892,False,202412,2,0.1773613648326424
E1,M04,104-1,A,202404,8.0,2353.0,0.002904865649963689,6.8351488743645605,1.170420739481513,0.39122791375630916,False,202412,8,0.17712509920780725
E1,M04,100-0,B,202406,3.0,1723.0,0.0012606193477665113,2.172047136201699,1.381185495470489,0.3917585373751304,False,202412,6,0.1768692851401013
E1,M07,104-0,B,202410,3.0,1723.0,0.0012606193477665113,2.172047136201699,1.381185495470489,0.3917585373751304,False,202412,2,0.1768692851401013
E1,M07,103-0,A,202408,3.0,2353.0,0.0009279431937384007,2.183450334866457,1.3739721724348195,0.3947725696137615,False,202412,4,0.17542275947831482
E1,M07,104-0,A,202408,3.0,2353.0,0.0009279431937384007,2.183450334866457,1.3739721724348195,0.3947725696137615,False,202412,4,0.17542275947831482
E1,M04,104-0,B,202409,6.0,1817.0,0.0027364725320115657,4.972170590665015,1.206716441158451,0.3949923430199392,False,202412,3,0.17531771594002116
E1,M05,104-1,A,202404,3.0,2309.0,0.000948258091115234,2.1895279323850754,1.3701583595382905,0.39637678588068964,False,202412,8,0.17465734431902638
E1,M08,100-0,B,202406,3.0,1567.0,0.0014047517254015757,2.201245953704269,1.362864515413002,0.39946544774483195,False,202412,6,0.17319234443347153
E1,M08,100-0,A,202409,4.0,2353.0,0.0013313967562333575,3.13277656741709,1.2768226248889234,0.4012559829183547,False,202412,3,0.172348243937691
E1,M06,102-0,A,202412,9.0,2618.0,0.003003325109943151,7.86270513783117,1.1446442213248937,0.4015273653029875,False,202412,0,0.17222063668983797
E1,M02,104-0,A,202411,3.0,2795.0,0.0007976071784646061,2.229312063808574,1.345706618962433,0.4059810010211262,False,202412,1,0.17013871643123726
E1,M12,102-0,A,202408,3.0,2043.0,0.001091444027903004,2.229820149005837,1.3453999872310538,0.40697212981579656,False,202412,4,0.16967850560846934
E1,M01,103-0,A,202408,3.0,2751.0,0.000811935451131635,2.233634426063128,1.3431025081788441,0.40711443824457383,False,202412,4,0.16961251956849857
E1,M02,101-0,E,202409,4.0,557.0,0.005688472477831688,3.1684791701522506,1.2624353152392016,0.4085149545515755,False,202412,3,0.16896435131556153
E1,M11,100-0,B,202405,3.0,1411.0,0.001586097510516516,2.237983587338804,1.3404924044002096,0.409110015632625,False,202412,7,0.16868962547921057
E1,M01,103-0,A,202406,3.0,2662.0,0.0008421348117477807,2.241762868872592,1.338232531930879,0.4092436439301333,False,202412,6,0.16862798735165824
E1,M01,101-0,B,202405,3.0,1848.0,0.001215620726333384,2.2464671022640936,1.3354301948051948,0.41047451628120163,False,202412,7,0.16806117303266907
E1,M03,103-0,A,202407,3.0,2574.0,0.0008746993221080254,2.2514760551060573,1.3324592074592074,0.4117839957825688,False,202412,5,0.167460023214073
E1,M03,100-0,B,202407,3.0,1817.0,0.0012391573729863693,2.251548946716233,1.3324160704457897,0.4118030430718732,False,202412,5,0.16745129318476112
E1,M03,102-0,B,202407,3.0,1817.0,0.0012391573729863693,2.251548946716233,1.3324160704457897,0.4118030430718732,False,202412,5,0.16745129318476112
E1,M05,104-0,B,202409,3.0,1786.0,0.001263623440214816,2.2568314642236613,1.3292973124300111,0.41318275527018056,False,202412,3,0.16681999511228257
E1,M08,101-0,A,202411,3.0,2441.0,0.000928541029906759,2.266568654002399,1.3235866448176976,0.4157225103935069,False,202412,1,0.16566340271680463
E1,M04,104-2,D,202407,4.0,1096.0,0.0029217152186989774,3.202199879694079,1.2491412623443539,0.4158402819933747,False,202412,5,0.165609941658017
E1,M05,100-0,B,202406,3.0,1692.0,0.001342957864696995,2.272284707067316,1.3202570921985815,0.4172113225235236,False,202412,6,0.16498868535600575
E1,M09,100-0,A,202411,3.0,2397.0,0.0009479796184382036,2.272307145396374,1.320244055068836,0.41721716374531276,False,202412,1,0.16498604290708171
E1,M06,102-0,A,202406,8.0,2353.0,0.0029855563624626804,7.025014120874687,1.1387877465225533,0.418260413257692,False,202412,6,0.16451469059203724
E1,M05,104-0,A,202404,3.0,2309.0,0.000989486703772418,2.2847247990105135,1.3130684278908618,0.4204460117549461,False,202412,8,0.16353101153906033
E1,M08,100-0,B,202408,3.0,1630.0,0.0014017872787804452,2.2849132644121255,1.3129601226993866,0.420494958482472,False,202412,4,0.16350904052121218
E1,M04,102-0,A,202404,4.0,2353.0,0.0013717421124828531,3.2277091906721536,1.2392690182745432,0.42136366041012574,False,202412,8,0.16311952586475142
E1,M04,104-2,A,202407,8.0,2485.0,0.002843386283504568,7.065814914508852,1.1322119382964453,0.4239697863062896,False,202412,5,0.16195577305703157
E1,M04,104-2,A,202411,9.0,2662.0,0.0030176497420962138,8.032983613460122,1.1203807244072475,0.4242281773358727,False,202412,1,0.16184077983380454
E1,M13,104-0,A,202412,3.0,2132.0,0.0010843046896177825,2.3117375982651125,1.2977251407129455,0.4274434347802802,False,202412,0,0.16041570499901628
E1,M03,100-0,B,202411,3.0,1942.0,0.0011981787682722263,2.3268631679846634,1.2892893923789908,0.4305758907920767,False,202412,1,0.15903760139767814
E1,M03,104-0,B,202410,3.0,1910.0,0.0012200478258747743,2.330291347420819,1.287392670157068,0.4314594924124767,False,202412,2,0.15865067924945736
E1,M04,104-2,B,202406,6.0,1723.0,0.0030145245272677444,5.194025760482323,1.155173323484409,0.4321901183573747,False,202412,6,0.15833134195678253
E1,M01,103-1,A,202405,3.0,2618.0,0.0008938467589116522,2.3400908148307056,1.2820015278838808,0.43398187457744686,False,202412,7,0.1575504922884889
E1,M02,100-0,A,202405,4.0,2530.0,0.0013007767495447282,3.290965176348162,1.2154488989271597,0.4345166673509414,False,202412,7,0.15731805354544182
E1,M02,101-0,B,202407,7.0,1848.0,0.003342956997416806,6.177784531226258,1.1330922865013773,0.43520210997738423,False,202412,5,0.15702055532029494
E1,M02,101-0,B,202410,8.0,1942.0,0.0036903906062784567,7.166738557392763,1.1162678721896024,0.4381657641862293,False,202412,2,0.15573962940878286
E1,M05,100-0,B,202407,3.0,1723.0,0.0013702384214853384,2.360920800219238,1.2706906558328497,0.43932652485848434,False,202412,5,0.1552402948128748
E1,M03,100-0,A,202404,3.0,2441.0,0.0009672302394862073,2.361009014585832,1.27064317902499,0.43934910948400846,False,202412,8,0.15523059247627624
E1,M02,101-0,B,202405,7.0,1786.0,0.003474964460590744,6.206286526615068,1.1278886287284944,0.43960991452561693,False,202412,7,0.155118586964997
E1,M02,101-0,B,202409,8.0,1910.0,0.003757747303694305,7.177297350056123,1.114625688447678,0.43968075817371327,False,202412,3,0.15508817387979257
E1,M10,101-0,A,202412,3.0,2397.0,0.0009874787692064622,2.3669866097878898,1.2674342928660824,0.4408785020497904,False,202412,0,0.15457472446267143
E1,M04,100-0,A,202404,4.0,2353.0,0.001412087468732349,3.322641813927217,1.2038613320381275,0.44130204953260455,False,202412,8,0.15439349171028424
E1,M04,104-2,A,202404,8.0,2353.0,0.003066247074961672,7.214879367384815,1.1088196479298542,0.4452144154082344,False,202412,8,0.15272759717846007
E1,M04,104-1,C,202410,5.0,1540.0,0.0027960126428397763,4.305859469973256,1.1612083568605307,0.44524053180929146,False,202412,2,0.15271652601137525
E1,M11,100-0,A,202410,4.0,2220.0,0.0015089458935115326,3.3498598835956024,1.194079794079794,0.4471082990169922,False,202412,2,0.15192642840078166
E1,M01,102-0,A,202405,4.0,2618.0,0.0012871393328327792,3.369730773356216,1.187038451744334,0.45090193909144227,False,202412,7,0.1503317634579851
E1,M01,103-0,A,202410,3.0,2839.0,0.000849090493452206,2.410567910910813,1.244520009754247,0.45127794992756304,False,202412,2,0.150174437903468
E1,M02,101-0,C,202406,7.0,1514.0,0.004151177199504337,6.284882280049567,1.1137837891125613,0.45154985844326395,False,202412,6,0.15006075113505438
E1,M01,100-0,A,202404,4.0,2574.0,0.001312048983162038,3.3772140826590857,1.1844081844081844,0.45249093851925115,False,202412,8,0.14966780707044267
E1,M03,102-0,B,202411,3.0,1942.0,0.0012461059190031153,2.41993769470405,1.2397013388259526,0.4536508465761469,False,202412,1,0.14918461514120165
E1,M05,102-0,A,202412,3.0,2662.0,0.0009123127127267623,2.4285764412786413,1.235291567936196,0.45583410056692114,False,202412,0,0.1482784619831855
E1,M05,104-1,A,202412,3.0,2662.0,0.0009123127127267623,2.4285764412786413,1.235291567936196,0.45583410056692114,False,202412,0,0.1482784619831855
E1,M12,100-0,A,202407,4.0,1999.0,0.0017037433675704619,3.405782991773353,1.174472950761095,0.45896400513408797,False,202412,5,0.1469869466674061
E1,M03,102-0,A,202404,3.0,2441.0,0.0010059194490656556,2.455449375169265,1.2217722875240287,0.4625975483264836,False,202412,8,0.14549861317026258
E1,M09,100-0,A,202412,3.0,2441.0,0.0010059194490656556,2.455449375169265,1.2217722875240287,0.4625975483264836,False,202412,0,0.14549861317026258
E1,M07,100-0,A,202409,3.0,2397.0,0.0010269779199747206,2.4616660741794054,1.2186868200635408,0.46415603860715066,False,202412,3,0.1448638199804877
E1,M08,102-0,A,202410,3.0,2397.0,0.0010269779199747206,2.4616660741794054,1.2186868200635408,0.46415603860715066,False,202412,2,0.1448638199804877
E1,M07,100-0,A,202408,3.0,2353.0,0.0010489792624868877,2.4682482046316467,1.2154369217692635,0.46580359092053814,False,202412,4,0.14419506412328345
E1,M02,101-0,D,202405,5.0,1116.0,0.003959228371662033,4.418498862774829,1.1316060398078245,0.4658789256479931,False,202412,7,0.1441645416794357
E1,M04,104-0,B,202411,6.0,1879.0,0.0028831336680419546,5.417408162250832,1.1075406947936357,0.46900400130603,False,202412,1,0.14290272300094134
E1,M07,104-1,A,202404,3.0,2176.0,0.0011471431722920803,2.4961835429075667,1.2018347002262444,0.4727664373462824,False,202412,8,0.1413946637360991
E1,M01,102-0,B,202411,3.0,2035.0,0.0012278866706080312,2.4987493746873435,1.2006006006006007,0.47278641508502806,False,202412,1,0.14138668833475238
E1,M04,104-0,B,202404,5.0,1661.0,0.0026863283036122542,4.461991312299954,1.1205759155597115,0.4738854160975969,False,202412,8,0.14094846968136973
E1,M03,103-0,A,202412,3.0,2795.0,0.000897308075772682,2.507976071784646,1.1961836612999404,0.47507680326009977,False,202412,0,0.1404745592710894
E1,M01,102-0,B,202406,3.0,1879.0,0.001342148431674703,2.521896903116767,1.189580746259831,0.47852231473491663,False,202412,6,0.1391106616348246
E1,M01,102-0,A,202411,4.0,2883.0,0.001219864530833681,3.5168694423935025,1.1373751757124342,0.48105138610593895,False,202412,1,0.13811576999551844
E1,M03,101-0,A,202406,3.0,2530.0,0.0010034563496487902,2.5387445646114393,1.1816864295125165,0.48267576775691534,False,202412,6,0.1374795220141684
E1,M06,101-0,A,202408,3.0,2441.0,0.0010446086586451038,2.549889735752698,1.1765214620601758,0.4854133602452769,False,202412,4,0.1364120742246514
E1,M06,100-0,A,202407,3.0,2397.0,0.001066477070742979,2.556345538570921,1.1735502711722985,0.4869954170168651,False,202412,5,0.13579793674299745
E1,M09,102-0,A,202409,3.0,2309.0,0.0011131725417439704,2.5703153988868275,1.1671719359029884,0.49040953992449243,False,202412,3,0.13447938126443298
E1,M02,101-0,C,202407,7.0,1540.0,0.004254801847799659,6.552394845611476,1.0683116883116883,0.49183066968888284,False,202412,5,0.13393323576808266
E1,M02,101-0,D,202409,5.0,1194.0,0.0038260326384008743,4.568282970250644,1.0945031278843196,0.49276868843900323,False,202412,3,0.13357361552555533
E1,M08,102-0,A,202405,3.0,2176.0,0.0011912640635340834,2.5921906022501657,1.1573223039215685,0.49572977403493657,False,202412,7,0.13244286111742498
E1,M01,102-0,B,202409,3.0,1973.0,0.0013182674199623352,2.6009416195856874,1.1534284266164652,0.49730426378326836,False,202412,3,0.13184435568983507
E1,M09,100-0,A,202405,3.0,2132.0,0.0012198427758200055,2.600704798048252,1.1535334584115071,0.4977918658584638,False,202412,7,0.1316593894065834
E1,M04,104-1,D,202405,4.0,1058.0,0.0034022741516698003,3.599606052466649,1.1112327131628694,0.49810008932056055,False,202412,7,0.13154256179154644
E1,M06,102-0,A,202410,8.0,2530.0,0.003010369048946371,7.616233693834318,1.0503879373444591,0.5013253700428649,False,202412,2,0.13032438408639552
E1,M02,101-0,B,202411,8.0,1973.0,0.0038606403013182675,7.6170433145009415,1.0502762909027976,0.5013332707549246,False,202412,1,0.130321409646755
E1,M01,104-0,A,202405,3.0,2618.0,0.0010011083699810505,2.62090171261039,1.1446442213248935,0.5021252712811372,False,202412,7,0.13002347696010702
E1,M04,104-0,B,202406,5.0,1723.0,0.002685667306111263,4.627404768429707,1.0805192651639879,0.5034262696900853,False,202412,6,0.12953508928141824
E1,M04,104-0,B,202405,5.0,1692.0,0.0027418723070896985,4.63924794359577,1.077760891590679,0.5055491962278584,False,202412,7,0.1287408579276621
E1,M05,100-0,B,202408,3.0,1754.0,0.0015038401632740748,2.637735646382727,1.137339143182929,0.506170194356064,False,202412,4,0.12850915992028536
E1,M07,100-0,A,202411,3.0,2485.0,0.001061530879175039,2.6379042347499717,1.1372664558781258,0.5062106054172346,False,202412,1,0.1284940921711125
E1,M07,104-1,A,202411,3.0,2485.0,0.001061530879175039,2.6379042347499717,1.1372664558781258,0.5062106054172346,False,202412,1,0.1284940921711125
E1,M12,100-0,A,202410,4.0,2132.0,0.001716815758561489,3.6602511972530944,1.092821171126691,0.5104198633379858,False,202412,2,0.12693117153696007
E1,M05,100-0,A,202407,4.0,2441.0,0.0015088791735984833,3.683174062753898,1.08601981113247,0.5147253282002924,False,202412,5,0.12534580659323966
E1,M10,101-0,A,202408,3.0,2220.0,0.0012071567148092262,2.6798879068764823,1.119449806949807,0.5162129855558242,False,202412,4,0.1248011000876282
E1,M11,100-0,B,202408,3.0,1505.0,0.0017921146953405018,2.697132616487455,1.1122923588039868,0.5202857238560862,False,202412,4,0.12331785813372889
E1,M04,104-2,B,202408,6.0,1786.0,0.003211709577212657,5.736113304901806,1.0460044425678778,0.52053428133219,False,202412,4,0.12322771280340171
E1,M05,100-0,A,202412,3.0,2662.0,0.001017579564195235,2.7087967998877156,1.1075027850462447,0.5225523420759574,False,202412,0,0.12249740418275515
E1,M05,100-0,B,202411,3.0,1848.0,0.0014688750443195057,2.7144810819024463,1.1051836094939544,0.5238872933546271,False,202412,1,0.12201585184300437
E1,M02,104-0,A,202405,3.0,2530.0,0.0010777864496227748,2.7267997175456204,1.100190813684067,0.526772408363396,False,202412,7,0.1209792924930036
E1,M07,100-0,A,202412,3.0,2530.0,0.0010777864496227748,2.7267997175456204,1.100190813684067,0.526772408363396,False,202412,0,0.1209792924930036
E1,M04,104-1,B,202411,5.0,1879.0,0.0025351692598299946,4.76358303922056,1.0496300702292625,0.527188473435825,False,202412,1,0.12083027789458455
E1,M08,104-0,A,202412,3.0,2485.0,0.0010994426962884331,2.732115100276756,1.0980503711926735,0.5280139539762148,False,202412,0,0.12053497808039307
E1,M06,102-0,B,202404,5.0,1598.0,0.0029856093628709618,4.771003761867797,1.047997496871089,0.5286820703627789,False,202412,8,0.1202963101127501
E1,M06,100-0,A,202408,3.0,2441.0,0.0011219870778040005,2.7387704569195654,1.0953820508836118,0.5295656220019485,False,202412,4,0.1199811460178296
E1,M09,102-0,A,202408,3.0,2264.0,0.0012223393045310853,2.767376185458377,1.0840593395881566,0.5361984567577488,False,202412,4,0.1176318608675312
E1,M03,101-0,A,202409,3.0,2662.0,0.0010526685146847257,2.80220358609074,1.0705860255447033,0.5437759258949565,False,202412,3,0.11498330050130437
E1,M03,101-0,A,202408,3.0,2618.0,0.0010726161106939826,2.8081089777968464,1.0683346065699006,0.5451245331630339,False,202412,4,0.11451579194472607
E1,M04,104-0,C,202409,5.0,1514.0,0.00322180916976456,4.877819083023544,1.0250482674524946,0.5468589240674434,False,202412,3,0.1139162448259539
E1,M05,100-0,A,202408,4.0,2485.0,0.001554384501649164,3.8626454865981725,1.035559699661383,0.5495797546178605,False,202412,4,0.11297952423684791
E1,M08,104-0,A,202410,3.0,2397.0,0.0011849745230477545,2.8403839317454675,1.0561952440550688,0.5524494250281583,False,202412,2,0.1119965730888836
E1,M07,102-0,A,202407,3.0,2309.0,0.0012368583797155227,2.855905998763142,1.0504547423126893,0.5559445196569183,False,202412,5,0.11080626808178586
E1,M08,104-0,A,202408,3.0,2309.0,0.0012368583797155227,2.855905998763142,1.0504547423126893,0.5559445196569183,False,202412,4,0.11080626808178586
E1,M01,100-0,A,202407,4.0,2706.0,0.0014468290330359296,3.9151193633952257,1.021680216802168,0.559427868241563,False,202412,5,0.10962738567319569
E1,M03,101-0,A,202410,3.0,2706.0,0.0010678976196217575,2.8897309586964757,1.0381589299763967,0.5631328082117233,False,202412,2,0.1083815379732562
E1,M02,101-0,E,202408,3.0,548.0,0.005282890252215406,2.895023858214042,1.0362608900400283,0.5643085701080492,False,202412,4,0.10798788131983295
E1,M05,104-0,A,202412,3.0,2662.0,0.0010877574651742166,2.8956103722937647,1.036050992462616,0.5644387273118436,False,202412,0,0.10794435384076946
E1,M11,100-0,A,202407,3.0,2088.0,0.0013886960144424386,2.8995972781558117,1.0346264367816091,0.5656850108211232,False,202412,5,0.10752807622915744
E1,M03,100-0,A,202407,3.0,2574.0,0.001129819957722866,2.9081565711786572,1.0315813219039025,0.567216680712717,False,202412,5,0.10701772961047795
E1,M03,100-0,A,202406,3.0,2530.0,0.0011521165495967593,2.914854870479801,1.0292107611883206,0.5686949012909734,False,202412,6,0.10652649722804419
E1,M04,100-0,A,202408,3.0,2530.0,0.0011521165495967593,2.914854870479801,1.0292107611883206,0.5686949012909734,False,202412,4,0.10652649722804419
E1,M04,104-1,B,202404,4.0,1661.0,0.0024005486968449933,3.987311385459534,1.0031822482153607,0.5730791186540611,False,202412,8,0.10507703773730355
E1,M02,102-0,A,202411,3.0,2795.0,0.0010634762379528083,2.972416085078099,1.0092799642218246,0.5809371248221238,False,202412,1,0.10250664679132984
E1,M03,100-0,A,202408,3.0,2618.0,0.0011441238514069147,2.9953162429833027,1.001563693659282,0.5858704053471296,False,202412,4,0.10091065297883003
E1,M01,100-0,A,202408,3.0,2751.0,0.0015223789708718157,4.188064548868365,0.7163213376953835,,False,202412,4,0.0
E1,M01,100-0,A,202409,1.0,2795.0,0.0015619807244931872,4.365736124958458,0.22905644578083964,,False,202412,3,0.0
E1,M01,100-0,A,202410,3.0,2839.0,0.0014042650468632637,3.9867084680448057,0.752500471014196,,False,202412,2,0.0
E1,M01,100-0,A,202412,2.0,2927.0,0.0014519743694959124,4.249928979514536,0.47059609928551266,,False,202412,0,0.0
E1,M01,100-0,B,202404,1.0,1817.0,0.0010326311441553077,1.876290788930194,0.532966428178316,,False,202412,8,0.0
E1,M01,100-0,B,202405,1.0,1848.0,0.001063668135541711,1.9656587144810818,0.508735312306741,,False,202412,7,0.0
E1,M01,100-0,B,202406,0.0,1879.0,0.000994184023462743,1.868071780086494,0.0,,False,202412,6,0.0
E1,M01,100-0,B,202408,2.0,1942.0,0.000958543014617781,1.8614905343877308,1.0744078269824922,,False,202412,4,0.0
E1,M01,100-0,B,202410,2.0,2004.0,0.0009252833680314596,1.8542678695350452,1.0785928143712575,,False,202412,2,0.0
E1,M01,100-0,C,202404,0.0,1514.0,0.0009293680297397769,1.4070631970260223,0.0,,False,202412,8,0.0
E1,M01,100-0,C,202406,2.0,1566.0,0.0011333810546408972,1.774874731567645,1.126840088727566,,False,202412,6,0.0
E1,M01,100-0,C,202408,1.0,1618.0,0.0013802622498274672,2.233264320220842,0.44777503090234855,,False,202412,4,0.0
E1,M01,100-0,C,202410,2.0,1670.0,0.0013324450366422385,2.2251832111925385,0.8988023952095807,,False,202412,2,0.0
E1,M01,100-0,C,202411,1.0,1696.0,0.0013097576948264572,2.221349050425671,0.4501768867924528,,False,202412,1,0.0
E1,M01,100-0,D,202404,1.0,1136.0,0.0011565468814539446,1.313837257331681,0.7611292756539236,,False,202412,8,0.0
E1,M01,100-0,D,202405,1.0,1155.0,0.0011346138260799091,1.3104789691222951,0.7630797773654917,,False,202412,7,0.0
E1,M01,100-0,D,202406,2.0,1174.0,0.000954426151276545,1.1204963015986638,1.784923339011925,,False,202412,6,0.0
E1,M01,100-0,D,202407,1.0,1194.0,0.0009369875849144999,1.118763176387913,0.8938442211055276,,False,202412,5,0.0
E1,M01,100-0,D,202409,2.0,1233.0,0.0011299435028248588,1.3932203389830509,1.4355231143552312,,False,202412,3,0.0
E1,M01,100-0,E,202404,2.0,530.0,0.0005309734513274337,0.28141592920353986,7.10691823899371,,False,202412,8,0.0
E1,M01,100-0,E,202405,0.0,539.0,0.0008682062858135093,0.4679631880534815,0.0,,False,202412,7,0.0
E1,M01,100-0,E,202406,1.0,548.0,0.0005112474437627812,0.2801635991820041,3.56934306569343,,False,202412,6,0.0
E1,M01,100-0,E,202407,1.0,557.0,0.0006692320562154927,0.37276225531202944,2.6826750448833034,,False,202412,5,0.0
E1,M01,100-0,E,202408,2.0,566.0,0.000821557673348669,0.46500164311534664,4.301060070671379,,False,202412,4,0.0
E1,M01,100-0,E,202409,1.0,575.0,0.0009685230024213075,0.5569007263922519,1.7956521739130433,,False,202412,3,0.0
E1,M01,100-0,E,202410,0.0,584.0,0.0011104060913705585,0.6484771573604061,0.0,,False,202412,2,0.0
E1,M01,100-0,E,202411,0.0,594.0,0.0010915328239513489,0.6483704974271012,0.0,,False,202412,1,0.0
E1,M01,100-0,E,202412,2.0,603.0,0.0010731258623332823,0.6470948949869693,3.0907367922293294,,False,202412,0,0.0
E1,M01,101-0,A,202405,1.0,2618.0,0.0010726161106939826,2.8081089777968464,0.3561115355233002,,False,202412,7,0.0
E1,M01,101-0,A,202407,1.0,2706.0,0.0009301043783802404,2.5168624478969304,0.39732008431195426,,False,202412,5,0.0
E1,M01,101-0,A,202408,1.0,2751.0,0.0009134273825230895,2.512838729321019,0.3979562987196575,,False,202412,4,0.0
E1,M01,101-0,A,202411,2.0,2883.0,0.0010914577381143462,3.14667265898366,0.6355920099569484,,False,202412,1,0.0
E1,M01,101-0,A,202412,2.0,2927.0,0.001041633786812285,3.048862093999558,0.6559824414282904,,False,202412,0,0.0
E1,M01,101-0,B,202404,2.0,1817.0,0.0011358942585708385,2.0639198678232136,0.9690298694151198,,False,202412,8,0.0
E1,M01,101-0,B,202406,1.0,1879.0,0.0012427300293284286,2.3350897251081175,0.4282490686535391,,False,202412,6,0.0
E1,M01,101-0,B,202408,2.0,1942.0,0.0011502516175413372,2.233788641265277,0.8953398558187435,,False,202412,4,0.0
E1,M01,101-0,B,202409,0.0,1973.0,0.0011299435028248588,2.229378531073446,0.0,,False,202412,3,0.0
E1,M01,101-0,B,202410,0.0,2004.0,0.0010178117048346056,2.0396946564885496,0.0,,False,202412,2,0.0
E1,M01,101-0,C,202404,2.0,1514.0,0.00043370508054522923,0.656629491945477,3.0458577090016985,,False,202412,8,0.0
E1,M01,101-0,C,202405,2.0,1540.0,0.0005470459518599562,0.8424507658643325,2.374025974025974,,False,202412,7,0.0
E1,M01,101-0,C,202406,1.0,1566.0,0.0006561679790026247,1.0275590551181102,0.9731800766283525,,False,202412,6,0.0
E1,M01,101-0,C,202408,1.0,1618.0,0.000862663906142167,1.3957902001380262,0.7164400494437577,,False,202412,4,0.0
E1,M01,101-0,C,202409,2.0,1644.0,0.000847457627118644,1.3932203389830509,1.4355231143552312,,False,202412,3,0.0
E1,M01,101-0,C,202410,1.0,1670.0,0.0008327781479013991,1.3907395069953365,0.7190419161676647,,False,202412,2,0.0
E1,M01,101-0,C,202411,1.0,1696.0,0.0007640253219820999,1.2957869460816416,0.7717318059299191,,False,202412,1,0.0
E1,M01,101-0,D,202404,2.0,1136.0,0.0014043783560512184,1.595373812474184,1.2536246893123448,,False,202412,8,0.0
E1,M01,101-0,D,202405,1.0,1155.0,0.0012967015155198962,1.49769025042548,0.6676948051948053,,False,202412,7,0.0
E1,M01,101-0,D,202406,2.0,1174.0,0.00127256820170206,1.4939950687982184,1.3386925042589437,,False,202412,6,0.0
E1,M01,101-0,D,202407,1.0,1194.0,0.0013273990786288748,1.5849144998828766,0.6309488619568431,,False,202412,5,0.0
E1,M01,101-0,D,202408,0.0,1214.0,0.0013802622498274672,1.6756383712905452,0.0,,False,202412,4,0.0
E1,M01,101-0,D,202409,0.0,1233.0,0.0012806026365348399,1.5789830508474576,0.0,,False,202412,3,0.0
E1,M01,101-0,E,202404,1.0,530.0,0.0005309734513274337,0.28141592920353986,3.553459119496855,,False,202412,8,0.0
E1,M01,101-0,E,202405,0.0,539.0,0.0006945650286508074,0.37437055044278517,0.0,,False,202412,7,0.0
E1,M01,101-0,E,202406,1.0,548.0,0.0006816632583503749,0.3735514655760055,2.677007299270073,,False,202412,6,0.0
E1,M01,101-0,E,202407,1.0,557.0,0.0006692320562154927,0.37276225531202944,2.6826750448833034,,False,202412,5,0.0
E1,M01,101-0,E,202408,0.0,566.0,0.000821557673348669,0.46500164311534664,0.0,,False,202412,4,0.0
E1,M01,101-0,E,202409,1.0,575.0,0.0008071025020177562,0.4640839386602098,2.1547826086956525,,False,202412,3,0.0
E1,M01,101-0,E,202410,0.0,584.0,0.0009517766497461929,0.5558375634517767,0.0,,False,202412,2,0.0
E1,M01,101-0,E,202411,0.0,594.0,0.0009355995633868704,0.5557461406518011,0.0,,False,202412,1,0.0
E1,M01,101-0,E,202412,0.0,603.0,0.0007665184730952016,0.46221063927640654,0.0,,False,202412,0,0.0
E1,M01,102-0,A,202404,1.0,2574.0,0.0013484947882498725,3.471025584955172,0.2880992880992881,,False,202412,8,0.0
E1,M01,102-0,A,202406,2.0,2662.0,0.0013333801186006526,3.5494578757149373,0.5634663292340544,,False,202412,6,0.0
E1,M01,102-0,A,202407,1.0,2706.0,0.0013434841021047917,3.6354679802955663,0.2750677506775068,,False,202412,5,0.0
E1,M01,102-0,A,202408,2.0,2751.0,0.0012855644642917555,3.5365878412666194,0.565516845548987,,False,202412,4,0.0
E1,M01,102-0,A,202410,2.0,2839.0,0.0013389503935207865,3.8012801672055128,0.5261385407091126,,False,202412,2,0.0
E1,M01,102-0,A,202412,1.0,2927.0,0.0011363277674315837,3.3260313752722452,0.3006586189879664,,False,202412,0,0.0
E1,M01,102-0,B,202404,1.0,1817.0,0.0015489467162329617,2.814436183395291,0.35531095211887725,,False,202412,8,0.0
E1,M01,102-0,B,202405,2.0,1848.0,0.001367573317125057,2.5272754900471055,0.7913660413660413,,False,202412,7,0.0
E1,M01,102-0,B,202407,2.0,1910.0,0.0014152554780147383,2.70313796300815,0.7398808449178552,,False,202412,5,0.0
E1,M01,102-0,B,202408,1.0,1942.0,0.0013419602204648934,2.606086748142823,0.38371708106517577,,False,202412,4,0.0
E1,M01,102-0,B,202410,2.0,2004.0,0.0013416608836456165,2.6886884108258156,0.7438571133594879,,False,202412,2,0.0
E1,M01,102-0,C,202405,1.0,1540.0,0.0012156576707999028,1.8721128130318503,0.5341558441558442,,False,202412,7,0.0
E1,M01,102-0,C,202406,2.0,1566.0,0.0011333810546408972,1.774874731567645,1.126840088727566,,False,202412,6,0.0
E1,M01,102-0,C,202407,1.0,1592.0,0.0011712344811431249,1.8646052939798547,0.5363065326633166,,False,202412,5,0.0
E1,M01,102-0,C,202408,0.0,1618.0,0.0010351966873706005,1.6749482401656315,0.0,,False,202412,4,0.0
E1,M01,102-0,C,202409,1.0,1644.0,0.0009604519774011299,1.5789830508474576,0.6333190210390726,,False,202412,3,0.0
E1,M01,102-0,C,202410,2.0,1670.0,0.0009438152342882523,1.5761714412613814,1.2688974991194082,,False,202412,2,0.0
E1,M01,102-0,C,202411,1.0,1696.0,0.0009277450338354071,1.5734555773848504,0.6355438401775805,,False,202412,1,0.0
E1,M01,102-0,D,202405,2.0,1155.0,0.0012156576707999028,1.4040846097738877,1.4244155844155844,,False,202412,7,0.0
E1,M01,102-0,D,202406,1.0,1174.0,0.0013521037143084387,1.587369760598107,0.6299729431806794,,False,202412,6,0.0
E1,M01,102-0,D,202407,0.0,1194.0,0.0012493167798859998,1.4916842351838837,0.0,,False,202412,5,0.0
E1,M01,102-0,D,202408,2.0,1214.0,0.0012268997776244152,1.4894563300360402,1.3427718286655683,,False,202412,4,0.0
E1,M01,102-0,D,202409,1.0,1233.0,0.0013559322033898306,1.671864406779661,0.5981346309813463,,False,202412,3,0.0
E1,M01,102-0,E,202404,1.0,530.0,0.0008849557522123894,0.4690265486725664,2.132075471698113,,False,202412,8,0.0
E1,M01,102-0,E,202405,1.0,539.0,0.0010418475429762111,0.5615558256641778,1.7807668521954236,,False,202412,7,0.0
E1,M01,102-0,E,202406,0.0,548.0,0.0010224948875255625,0.5603271983640082,0.0,,False,202412,6,0.0
E1,M01,102-0,E,202407,1.0,557.0,0.001003848084323239,0.5591433829680441,1.7884500299222024,,False,202412,5,0.0
E1,M01,102-0,E,202408,0.0,566.0,0.0011501807426881367,0.6510023003614853,0.0,,False,202412,4,0.0
E1,M01,102-0,E,202409,1.0,575.0,0.0011299435028248588,0.6497175141242938,1.5391304347826087,,False,202412,3,0.0
E1,M01,102-0,E,202410,0.0,584.0,0.0011104060913705585,0.6484771573604061,0.0,,False,202412,2,0.0
E1,M01,102-0,E,202411,1.0,594.0,0.0010915328239513489,0.6483704974271012,1.5423280423280423,,False,202412,1,0.0
E1,M01,102-0,E,202412,1.0,603.0,0.000919822167714242,0.5546527671316879,1.8029297954671089,,False,202412,0,0.0
E1,M01,103-0,A,202405,2.0,2618.0,0.000786585147842254,2.059279917051021,0.9712132786999096,,False,202412,7,0.0
E1,M01,103-0,A,202407,2.0,2706.0,0.0008267594474491027,2.237211064797272,0.893970189701897,,False,202412,5,0.0
E1,M01,103-0,A,202409,2.0,2795.0,0.0008308408109006315,2.322200066467265,0.861252236135957,,False,202412,3,0.0
E1,M01,103-0,A,202411,1.0,2883.0,0.0008346441526756765,2.4062790921639756,0.41557939112569703,,False,202412,1,0.0
E1,M01,103-0,A,202412,1.0,2927.0,0.0007575518449543891,2.2173542501814967,0.4509879284819497,,False,202412,0,0.0
E1,M01,103-0,B,202404,0.0,1817.0,0.0009809995869475424,1.7824762494836845,0.0,,False,202412,8,0.0
E1,M01,103-0,B,202405,1.0,1848.0,0.0009623664083472623,1.7784531226257407,0.5622863978127136,,False,202412,7,0.0
E1,M01,103-0,B,202406,1.0,1879.0,0.0009444748222896058,1.7746681910821693,0.5634856166493936,,False,202412,6,0.0
E1,M01,103-0,B,202407,1.0,1910.0,0.0009760382606998194,1.8642330779366552,0.5364136125654451,,False,202412,5,0.0
E1,M01,103-0,B,202408,2.0,1942.0,0.000958543014617781,1.8614905343877308,1.0744078269824922,,False,202412,4,0.0
E1,M01,103-0,B,202409,0.0,1973.0,0.0009887005649717514,1.9507062146892655,0.0,,False,202412,3,0.0
E1,M01,103-0,B,202411,2.0,2035.0,0.0010005002501250625,2.036018009004502,0.9823095823095824,,False,202412,1,0.0
E1,M01,103-0,C,202404,0.0,1514.0,0.00080545229244114,1.219454770755886,0.0,,False,202412,8,0.0
E1,M01,103-0,C,202405,2.0,1540.0,0.0006686117189399465,1.0296620471675175,1.9423848878394334,,False,202412,7,0.0
E1,M01,103-0,C,202406,2.0,1566.0,0.0005368647100930566,0.8407301360057267,2.378884631758195,,False,202412,6,0.0
E1,M01,103-0,C,202407,1.0,1592.0,0.0005856172405715624,0.9323026469899274,1.0726130653266333,,False,202412,5,0.0
E1,M01,103-0,C,202408,0.0,1618.0,0.0005751092707614447,0.9305268000920175,0.0,,False,202412,4,0.0
E1,M01,103-0,C,202409,2.0,1644.0,0.0005649717514124294,0.9288135593220339,2.153284671532847,,False,202412,3,0.0
E1,M01,103-0,C,202410,2.0,1670.0,0.0006662225183211193,1.1125916055962692,1.7976047904191614,,False,202412,2,0.0
E1,M01,103-0,C,202411,1.0,1696.0,0.0007094520846976643,1.2032307356472387,0.8310957910014513,,False,202412,1,0.0
E1,M01,103-0,D,202404,2.0,1136.0,0.0009913258983890955,1.1261462205700123,1.775968309859155,,False,202412,8,0.0
E1,M01,103-0,D,202405,0.0,1155.0,0.0010535699813599157,1.2168733284707027,0.0,,False,202412,7,0.0
E1,M01,103-0,D,202406,0.0,1174.0,0.0008748906386701663,1.0271216097987752,0.0,,False,202412,6,0.0
E1,M01,103-0,D,202407,1.0,1194.0,0.0008589052861716249,1.02553291168892,0.9751027866605757,,False,202412,5,0.0
E1,M01,103-0,D,202408,1.0,1214.0,0.0009201748332183115,1.1170922475270302,0.8951812191103788,,False,202412,4,0.0
E1,M01,103-0,D,202409,1.0,1233.0,0.0008286252354048965,1.0216949152542374,0.9787657597876575,,False,202412,3,0.0
E1,M01,103-0,E,202404,0.0,530.0,,,,,False,202412,8,0.0
E1,M01,103-0,E,202405,0.0,539.0,,,,,False,202412,7,0.0
E1,M01,103-0,E,202406,0.0,548.0,,,,,False,202412,6,0.0
E1,M01,103-0,E,202407,0.0,557.0,,,,,False,202412,5,0.0
E1,M01,103-0,E,202408,0.0,566.0,,,,,False,202412,4,0.0
E1,M01,103-0,E,202409,0.0,575.0,,,,,False,202412,3,0.0
E1,M01,103-0,E,202410,0.0,584.0,,,,,False,202412,2,0.0
E1,M01,103-0,E,202411,0.0,594.0,,,,,False,202412,1,0.0
E1,M01,103-0,E,202412,0.0,603.0,,,,,False,202412,0,0.0
E1,M01,103-1,A,202404,2.0,2574.0,0.0009111451271958598,2.345287557402143,0.8527738927738928,,False,202412,8,0.0
E1,M01,103-1,A,202408,2.0,2751.0,0.0011164112453059983,3.071247335836801,0.6512012160867122,,False,202412,4,0.0
E1,M01,103-1,A,202411,1.0,2883.0,0.0011556611344740136,3.331771050688581,0.300140671368559,,False,202412,1,0.0
E1,M01,103-1,A,202412,3.0,2927.0,0.001041633786812285,3.048862093999558,0.9839736621424356,,False,202412,0,0.0
E1,M01,103-1,B,202404,1.0,1817.0,0.0005679471292854192,1.0319599339116068,0.9690298694151198,,False,202412,8,0.0
E1,M01,103-1,B,202405,1.0,1848.0,0.0005571594995694677,1.0296307552043764,0.9712219598583234,,False,202412,7,0.0
E1,M01,103-1,B,202406,1.0,1879.0,0.0004970920117313715,0.934035890043247,1.0706226716338478,,False,202412,6,0.0
E1,M01,103-1,B,202407,1.0,1910.0,0.0005368210433849006,1.0253281928651603,0.9752974773917182,,False,202412,5,0.0
E1,M01,103-1,B,202408,1.0,1942.0,0.0005271986580397796,1.0238197939132518,0.9767343881659021,,False,202412,4,0.0
E1,M01,103-1,B,202409,1.0,1973.0,0.0005178907721280603,1.021798493408663,0.9786665437957884,,False,202412,3,0.0
E1,M01,103-1,B,202410,1.0,2004.0,0.0005089058524173028,1.0198473282442748,0.9805389221556886,,False,202412,2,0.0
E1,M01,103-1,B,202411,2.0,2035.0,0.0005457274091591251,1.1105552776388194,1.800900900900901,,False,202412,1,0.0
E1,M01,103-1,C,202404,0.0,1514.0,0.0004956629491945477,0.7504337050805453,0.0,,False,202412,8,0.0
E1,M01,103-1,C,202405,1.0,1540.0,0.00042548018477996596,0.6552394845611476,1.5261595547309834,,False,202412,7,0.0
E1,M01,103-1,C,202406,2.0,1566.0,0.00041756144118348845,0.6539012168933429,3.058565955117679,,False,202412,6,0.0
E1,M01,103-1,C,202407,2.0,1592.0,0.0004099320684000937,0.6526118528929492,3.0646087580760946,,False,202412,5,0.0
E1,M01,103-1,C,202408,0.0,1618.0,0.0005175983436853002,0.8374741200828157,0.0,,False,202412,4,0.0
E1,M01,103-1,C,202409,1.0,1644.0,0.0004519774011299435,0.7430508474576271,1.3458029197080292,,False,202412,3,0.0
E1,M01,103-1,C,202411,1.0,1696.0,0.0005457323728443571,0.9255621043440296,1.080424528301887,,False,202412,1,0.0
E1,M01,103-1,D,202404,1.0,1136.0,0.0007434944237918215,0.8446096654275093,1.1839788732394367,,False,202412,8,0.0
E1,M01,103-1,D,202405,1.0,1155.0,0.0008104384471999352,0.9360564065159251,1.0683116883116883,,False,202412,7,0.0
E1,M01,103-1,D,202406,1.0,1174.0,0.0007953551260637875,0.9337469179988865,1.070954003407155,,False,202412,6,0.0
E1,M01,103-1,D,202407,1.0,1194.0,0.0008589052861716249,1.02553291168892,0.9751027866605757,,False,202412,5,0.0
E1,M01,103-1,D,202408,1.0,1214.0,0.0009201748332183115,1.1170922475270302,0.8951812191103788,,False,202412,4,0.0
E1,M01,103-1,D,202409,1.0,1233.0,0.000903954802259887,1.1145762711864406,0.8972019464720195,,False,202412,3,0.0
E1,M01,103-1,E,202404,1.0,530.0,0.0007079646017699115,0.3752212389380531,2.6650943396226414,,False,202412,8,0.0
E1,M01,103-1,E,202405,0.0,539.0,0.0006945650286508074,0.37437055044278517,0.0,,False,202412,7,0.0
E1,M01,103-1,E,202406,1.0,548.0,0.0006816632583503749,0.3735514655760055,2.677007299270073,,False,202412,6,0.0
E1,M01,103-1,E,202407,0.0,557.0,0.0008365400702693659,0.46595281914003683,0.0,,False,202412,5,0.0
E1,M01,103-1,E,202408,0.0,566.0,0.0006572461386789353,0.37200131449227736,0.0,,False,202412,4,0.0
E1,M01,103-1,E,202409,0.0,575.0,0.000645682001614205,0.3712671509281679,0.0,,False,202412,3,0.0
E1,M01,103-1,E,202410,1.0,584.0,0.00047588832487309646,0.27791878172588835,3.5981735159817347,,False,202412,2,0.0
E1,M01,103-1,E,202411,1.0,594.0,0.0006237330422579137,0.3704974271012007,2.699074074074074,,False,202412,1,0.0
E1,M01,103-1,E,202412,0.0,603.0,0.0007665184730952016,0.46221063927640654,0.0,,False,202412,0,0.0
E1,M01,104-0,A,202406,1.0,2662.0,0.0010877574651742166,2.8956103722937647,0.345350330820872,,False,202412,6,0.0
E1,M01,104-0,A,202407,1.0,2706.0,0.0009645526886906198,2.610079575596817,0.383130081300813,,False,202412,5,0.0
E1,M01,104-0,A,202410,1.0,2839.0,0.001175663760164593,3.3377094151072795,0.29960666901491134,,False,202412,2,0.0
E1,M01,104-0,A,202411,2.0,2883.0,0.0011556611344740136,3.331771050688581,0.600281342737118,,False,202412,1,0.0
E1,M01,104-0,A,202412,3.0,2927.0,0.0011047631072251508,3.2336416148480165,0.9277465957342964,,False,202412,0,0.0
E1,M01,104-0,B,202404,1.0,1817.0,0.0010842627013630732,1.970105328376704,0.5075870744555389,,False,202412,8,0.0
E1,M01,104-0,B,202405,1.0,1848.0,0.001063668135541711,1.9656587144810818,0.508735312306741,,False,202412,7,0.0
E1,M01,104-0,B,202406,1.0,1879.0,0.0009444748222896058,1.7746681910821693,0.5634856166493936,,False,202412,6,0.0
E1,M01,104-0,B,202407,1.0,1910.0,0.0007808306085598555,1.491386462349324,0.6705170157068063,,False,202412,5,0.0
E1,M01,104-0,B,202408,1.0,1942.0,0.0008147615624251139,1.582266954229571,0.6320046041073484,,False,202412,4,0.0
E1,M01,104-0,B,202409,2.0,1973.0,0.0008003766478342749,1.5791431261770243,1.266509644912197,,False,202412,3,0.0
E1,M01,104-0,B,202411,2.0,2035.0,0.000909545681931875,1.8509254627313656,1.0805405405405406,,False,202412,1,0.0
E1,M01,104-0,C,202404,1.0,1514.0,0.0007434944237918215,1.1256505576208178,0.8883751651254954,,False,202412,8,0.0
E1,M01,104-0,C,202407,2.0,1592.0,0.000995549308971656,1.5849144998828764,1.2618977239136862,,False,202412,5,0.0
E1,M01,104-0,C,202410,1.0,1670.0,0.001387963579835665,2.3178991783255607,0.4314251497005988,,False,202412,2,0.0
E1,M01,104-0,C,202411,1.0,1696.0,0.0013643309321108928,2.313905260860074,0.4321698113207547,,False,202412,1,0.0
E1,M01,104-0,D,202404,0.0,1136.0,0.0009913258983890955,1.1261462205700123,0.0,,False,202412,8,0.0
E1,M01,104-0,D,202405,1.0,1155.0,0.0009725261366399222,1.1232676878191101,0.8902597402597403,,False,202412,7,0.0
E1,M01,104-0,D,202406,2.0,1174.0,0.000954426151276545,1.1204963015986638,1.784923339011925,,False,202412,6,0.0
E1,M01,104-0,D,202408,0.0,1214.0,0.0010735373054213634,1.3032742887815352,0.0,,False,202412,4,0.0
E1,M01,104-0,D,202409,1.0,1233.0,0.0010546139359698683,1.3003389830508476,0.7690302398331594,,False,202412,3,0.0
E1,M01,104-0,E,202404,0.0,530.0,0.0008849557522123894,0.4690265486725664,0.0,,False,202412,8,0.0
E1,M01,104-0,E,202405,0.0,539.0,0.0008682062858135093,0.4679631880534815,0.0,,False,202412,7,0.0
E1,M01,104-0,E,202406,0.0,548.0,0.0008520790729379687,0.4669393319700068,0.0,,False,202412,6,0.0
E1,M01,104-0,E,202407,0.0,557.0,0.0008365400702693659,0.46595281914003683,0.0,,False,202412,5,0.0
E1,M01,104-0,E,202408,0.0,566.0,0.0006572461386789353,0.37200131449227736,0.0,,False,202412,4,0.0
E1,M01,104-0,E,202409,1.0,575.0,0.00048426150121065375,0.2784503631961259,3.5913043478260867,,False,202412,3,0.0
E1,M01,104-0,E,202410,1.0,584.0,0.00047588832487309646,0.27791878172588835,3.5981735159817347,,False,202412,2,0.0
E1,M01,104-0,E,202411,0.0,594.0,0.0004677997816934352,0.27787307032590053,0.0,,False,202412,1,0.0
E1,M01,104-0,E,202412,0.0,603.0,,,,,False,202412,0,0.0
E1,M01,105-0,A,202404,0.0,2574.0,0.0004009038559661783,1.031926525256943,0.0,,False,202412,8,0.0
E1,M01,105-0,A,202405,1.0,2618.0,0.00035753870356466087,0.9360363259322821,1.0683346065699006,,False,202412,7,0.0
E1,M01,105-0,A,202406,0.0,2662.0,0.00024562265342643603,0.6538475034211727,0.0,,False,202412,6,0.0
E1,M01,105-0,A,202407,0.0,2706.0,0.00024113817217265494,0.6525198938992043,0.0,,False,202412,5,0.0
E1,M01,105-0,A,202408,1.0,2751.0,0.00023681450658006022,0.6514767076017457,1.534974295061536,,False,202412,4,0.0
E1,M01,105-0,A,202409,0.0,2795.0,0.0002326354270521768,0.6502160186108341,0.0,,False,202412,3,0.0
E1,M01,105-0,A,202410,1.0,2839.0,0.00019594396002743216,0.5562849025178799,1.7976400140894682,,False,202412,2,0.0
E1,M01,105-0,A,202411,0.0,2883.0,0.00022471188725883598,0.6478443709672241,0.0,,False,202412,1,0.0
E1,M01,105-0,A,202412,1.0,2927.0,0.00022095262144503016,0.6467283229696033,1.5462443262238275,,False,202412,0,0.0
E1,M01,105-0,B,202404,0.0,1817.0,0.0003097893432465923,0.5628872366790583,0.0,,False,202412,8,0.0
E1,M01,105-0,B,202405,1.0,1848.0,0.00025325431798612166,0.46801397963835284,2.1366883116883115,,False,202412,7,0.0
E1,M01,105-0,B,202406,0.0,1879.0,0.00029825520703882286,0.5604215340259482,0.0,,False,202412,6,0.0
E1,M01,105-0,B,202407,0.0,1910.0,0.00024400956517495485,0.4660582694841638,0.0,,False,202412,5,0.0
E1,M01,105-0,B,202408,1.0,1942.0,0.00023963575365444525,0.4653726335969327,2.1488156539649843,,False,202412,4,0.0
E1,M01,105-0,B,202409,1.0,1973.0,0.00023540489642184556,0.4644538606403013,2.153066396350735,,False,202412,3,0.0
E1,M01,105-0,B,202410,1.0,2004.0,0.0002775850104094379,0.5562803608605136,1.7976546906187623,,False,202412,2,0.0
E1,M01,105-0,B,202411,0.0,2035.0,0.00027286370457956253,0.5552776388194097,0.0,,False,202412,1,0.0
E1,M01,105-0,C,202404,0.0,1514.0,,,,,False,202412,8,0.0
E1,M01,105-0,C,202405,0.0,1540.0,,,,,False,202412,7,0.0
E1,M01,105-0,C,202406,0.0,1566.0,,,,,False,202412,6,0.0
E1,M01,105-0,C,202407,1.0,1592.0,,,,,False,202412,5,0.0
E1,M01,105-0,C,202408,0.0,1618.0,,,,,False,202412,4,0.0
E1,M01,105-0,C,202409,0.0,1644.0,,,,,False,202412,3,0.0
E1,M01,105-0,C,202410,0.0,1670.0,,,,,False,202412,2,0.0
E1,M01,105-0,C,202411,1.0,1696.0,,,,,False,202412,1,0.0
E1,M01,105-0,D,202404,0.0,1136.0,,,,,False,202412,8,0.0
E1,M01,105-0,D,202405,1.0,1155.0,,,,,False,202412,7,0.0
E1,M01,105-0,D,202406,0.0,1174.0,,,,,False,202412,6,0.0
E1,M01,105-0,D,202407,0.0,1194.0,,,,,False,202412,5,0.0
E1,M01,105-0,D,202408,2.0,1214.0,,,,,False,202412,4,0.0
E1,M01,105-0,D,202409,0.0,1233.0,0.00022598870056497175,0.27864406779661016,0.0,,False,202412,3,0.0
E1,M01,105-0,E,202404,0.0,530.0,,,,,False,202412,8,0.0
E1,M01,105-0,E,202405,0.0,539.0,,,,,False,202412,7,0.0
E1,M01,105-0,E,202406,0.0,548.0,,,,,False,202412,6,0.0
E1,M01,105-0,E,202407,0.0,557.0,,,,,False,202412,5,0.0
E1,M01,105-0,E,202408,0.0,566.0,,,,,False,202412,4,0.0
E1,M01,105-0,E,202409,0.0,575.0,,,,,False,202412,3,0.0
E1,M01,105-0,E,202410,0.0,584.0,,,,,False,202412,2,0.0
E1,M01,105-0,E,202411,0.0,594.0,,,,,False,202412,1,0.0
E1,M01,105-0,E,202412,0.0,603.0,,,,,False,202412,0,0.0
E1,M02,100-0,A,202407,3.0,2618.0,0.001573170295684508,4.118559834102042,0.7284099590249322,,False,202412,5,0.0
E1,M02,100-0,A,202408,4.0,2662.0,0.0015088248710481069,4.016491806730061,0.9958939772508867,,False,202412,4,0.0
E1,M02,100-0,A,202410,4.0,2751.0,0.0017253628336547245,4.746473155384147,0.8427309855239805,,False,202412,2,0.0
E1,M02,100-0,A,202411,3.0,2795.0,0.0017613825191093386,4.9230641409106015,0.6093765821716678,,False,202412,1,0.0
E1,M02,100-0,A,202412,2.0,2839.0,0.0017308383135756506,4.913849972241272,0.4070128333787475,,False,202412,0,0.0
E1,M02,100-0,B,202404,2.0,1754.0,0.0008593372361566142,1.5072775122187012,1.3268956670467504,,False,202412,8,0.0
E1,M02,100-0,B,202408,1.0,1879.0,0.0011930208281552915,2.2416861361037927,0.4460927798474366,,False,202412,4,0.0
E1,M02,100-0,B,202409,2.0,1910.0,0.0011712459128397834,2.2370796935239863,0.894022687609075,,False,202412,3,0.0
E1,M02,100-0,B,202410,1.0,1942.0,0.0011502516175413372,2.233788641265277,0.44766992790937177,,False,202412,2,0.0
E1,M02,100-0,B,202411,2.0,1973.0,0.0011299435028248588,2.229378531073446,0.897110998479473,,False,202412,1,0.0
E1,M02,100-0,C,202407,2.0,1540.0,0.0015195720884998785,2.340141016289813,0.8546493506493505,,False,202412,5,0.0
E1,M02,100-0,C,202408,0.0,1566.0,0.0016105941302791697,2.5221904080171798,0.0,,False,202412,4,0.0
E1,M02,100-0,C,202409,0.0,1592.0,0.0013469196533145936,2.144296088076833,0.0,,False,202412,3,0.0
E1,M02,100-0,C,202410,2.0,1618.0,0.0013227513227513227,2.14021164021164,0.9344870210135972,,False,202412,2,0.0
E1,M02,100-0,C,202411,2.0,1644.0,0.0013559322033898306,2.2291525423728813,0.8972019464720195,,False,202412,1,0.0
E1,M02,100-0,D,202404,1.0,1096.0,0.001203059207699579,1.3185528916387386,0.7584071949947861,,False,202412,8,0.0
E1,M02,100-0,D,202405,1.0,1116.0,0.0011793446213461377,1.3161485974222897,0.7597926267281105,,False,202412,7,0.0
E1,M02,100-0,D,202406,2.0,1136.0,0.0011565468814539446,1.313837257331681,1.5222585513078473,,False,202412,6,0.0
E1,M02,100-0,D,202407,2.0,1155.0,0.0012156576707999028,1.4040846097738877,1.4244155844155844,,False,202412,5,0.0
E1,M02,100-0,D,202408,2.0,1174.0,0.00127256820170206,1.4939950687982184,1.3386925042589437,,False,202412,4,0.0
E1,M02,100-0,D,202409,1.0,1194.0,0.0013273990786288748,1.5849144998828766,0.6309488619568431,,False,202412,3,0.0
E1,M02,100-0,E,202404,1.0,512.0,0.001288659793814433,0.6597938144329897,1.515625,,False,202412,8,0.0
E1,M02,100-0,E,202405,1.0,521.0,0.0014437827107020393,0.7522107922757625,1.3294145873320538,,False,202412,7,0.0
E1,M02,100-0,E,202406,0.0,530.0,0.001592920353982301,0.8442477876106195,0.0,,False,202412,6,0.0
E1,M02,100-0,E,202407,1.0,539.0,0.0015627713144643167,0.8423337384962667,1.1871779014636157,,False,202412,5,0.0
E1,M02,100-0,E,202408,0.0,548.0,0.0017041581458759373,0.9338786639400136,0.0,,False,202412,4,0.0
E1,M02,100-0,E,202409,2.0,557.0,0.0013384641124309855,0.7455245106240589,2.6826750448833034,,False,202412,3,0.0
E1,M02,100-0,E,202410,0.0,566.0,0.001643115346697338,0.9300032862306933,0.0,,False,202412,2,0.0
E1,M02,100-0,E,202411,0.0,575.0,0.0016142050040355124,0.9281678773204196,0.0,,False,202412,1,0.0
E1,M02,100-0,E,202412,0.0,584.0,0.0012690355329949238,0.7411167512690354,0.0,,False,202412,0,0.0
E1,M02,101-0,A,202405,10.0,2530.0,0.004459805998439068,11.283309176050842,0.8862648221343873,,False,202412,7,0.0
E1,M02,101-0,A,202406,8.0,2574.0,0.004409942415627961,11.351191777826372,0.7047718122098288,,False,202412,6,0.0
E1,M02,101-0,A,202407,11.0,2618.0,0.00429046444277593,11.232435911187386,0.9793067226890757,,False,202412,5,0.0
E1,M02,101-0,A,202408,7.0,2662.0,0.004245763009228394,11.302221130565984,0.6193472875052003,,False,202412,4,0.0
E1,M02,101-0,A,202409,11.0,2706.0,0.0042026938578662715,11.37248957938613,0.9672464347594296,,False,202412,3,0.0
E1,M02,101-0,A,202411,4.0,2795.0,0.004054503157195082,11.332336324360254,0.3529722279245725,,False,202412,1,0.0
E1,M02,101-0,A,202412,8.0,2839.0,0.0037229352405212107,10.569413147839716,0.7569010585639867,,False,202412,0,0.0
E1,M02,101-0,B,202406,3.0,1817.0,0.0034076827757125155,6.191759603469641,0.4845149347075599,,False,202412,6,0.0
E1,M02,101-0,C,202404,4.0,1462.0,0.004898169631348285,7.161124001031193,0.5585715314277486,,False,202412,8,0.0
E1,M02,101-0,C,202405,4.0,1488.0,0.004548900682335102,6.768764215314632,0.5909498207885305,,False,202412,7,0.0
E1,M02,101-0,C,202410,6.0,1618.0,0.004600874166091558,7.44421440073614,0.8059950556242275,,False,202412,2,0.0
E1,M02,101-0,C,202411,4.0,1644.0,0.004406779661016949,7.244745762711864,0.552124274752012,,False,202412,1,0.0
E1,M02,101-0,D,202404,4.0,1096.0,0.004210707226948526,4.614935120735584,0.8667510799940416,,False,202412,8,0.0
E1,M02,101-0,D,202407,2.0,1155.0,0.004295323770159657,4.961098954534403,0.4031364861553541,,False,202412,5,0.0
E1,M02,101-0,D,202408,3.0,1174.0,0.0038972401177125586,4.575359898194544,0.6556861245349929,,False,202412,4,0.0
E1,M02,101-0,E,202405,2.0,521.0,0.005233712326294893,2.726764121999639,0.7334701171487193,,False,202412,7,0.0
E1,M02,101-0,E,202406,2.0,530.0,0.00495575221238938,2.6265486725663716,0.761455525606469,,False,202412,6,0.0
E1,M02,101-0,E,202410,2.0,566.0,0.006243838317449885,3.534012487676635,0.5659289566672866,,False,202412,2,0.0
E1,M02,101-0,E,202411,1.0,575.0,0.005972558514931396,3.434221146085553,0.29118683901292597,,False,202412,1,0.0
E1,M02,101-0,E,202412,1.0,584.0,0.005869289340101523,3.4276649746192893,0.29174379859311367,,False,202412,0,0.0
E1,M02,102-0,A,202404,2.0,2485.0,0.0008340599764946734,2.0726390415892633,0.9649533565026523,,False,202412,8,0.0
E1,M02,102-0,A,202405,2.0,2530.0,0.0007061359497528524,1.7865239528747165,1.1194924069065946,,False,202412,7,0.0
E1,M02,102-0,A,202406,0.0,2574.0,0.0006924702966688534,1.7824185436256286,0.0,,False,202412,6,0.0
E1,M02,102-0,A,202407,2.0,2618.0,0.0006435696664163896,1.684865386678108,1.187038451744334,,False,202412,5,0.0
E1,M02,102-0,B,202404,0.0,1754.0,0.0010204629679359794,1.7898920457597078,0.0,,False,202412,8,0.0
E1,M02,102-0,B,202406,2.0,1817.0,0.0010326311441553077,1.876290788930194,1.065932856356632,,False,202412,6,0.0
E1,M02,102-0,B,202408,2.0,1879.0,0.0011930208281552915,2.2416861361037927,0.8921855596948732,,False,202412,4,0.0
E1,M02,102-0,B,202409,1.0,1910.0,0.0012200478258747743,2.330291347420819,0.429130890052356,,False,202412,3,0.0
E1,M02,102-0,B,202411,1.0,1973.0,0.0010828625235404896,2.136487758945386,0.4680579122501598,,False,202412,1,0.0
E1,M02,102-0,C,202405,2.0,1488.0,0.001326762699014405,1.9742228961334345,1.0130568356374807,,False,202412,7,0.0
E1,M02,102-0,C,202406,2.0,1514.0,0.0014250309789343248,2.1574969021065677,0.9270001723048646,,False,202412,6,0.0
E1,M02,102-0,C,202407,1.0,1540.0,0.0013980063214198881,2.152929734986628,0.46448334274421227,,False,202412,5,0.0
E1,M02,102-0,C,202408,0.0,1566.0,0.0012526843235504653,1.9617036506800287,0.0,,False,202412,4,0.0
E1,M02,102-0,C,202409,0.0,1592.0,0.0010541110330288123,1.678144764581869,0.0,,False,202412,3,0.0
E1,M02,102-0,C,202411,1.0,1644.0,0.0009604519774011299,1.5789830508474576,0.6333190210390726,,False,202412,1,0.0
E1,M02,102-0,D,202404,0.0,1096.0,0.0009452608060496691,1.0360058434304373,0.0,,False,202412,8,0.0
E1,M02,102-0,D,202405,2.0,1116.0,0.000758150113722517,0.846095526914329,2.363799283154122,,False,202412,7,0.0
E1,M02,102-0,D,202406,1.0,1136.0,0.0009087154068566708,1.0323007021891781,0.9687099871959026,,False,202412,6,0.0
E1,M02,102-0,D,202407,1.0,1155.0,0.0009725261366399222,1.1232676878191101,0.8902597402597403,,False,202412,5,0.0
E1,M02,102-0,D,202408,0.0,1174.0,0.000954426151276545,1.1204963015986638,0.0,,False,202412,4,0.0
E1,M02,102-0,D,202409,1.0,1194.0,0.0008589052861716249,1.02553291168892,0.9751027866605757,,False,202412,3,0.0
E1,M02,102-0,E,202404,0.0,512.0,0.0014727540500736377,0.7540500736377025,0.0,,False,202412,8,0.0
E1,M02,102-0,E,202405,0.0,521.0,0.0014437827107020393,0.7522107922757625,0.0,,False,202412,7,0.0
E1,M02,102-0,E,202406,1.0,530.0,0.001238938053097345,0.6566371681415929,1.522911051212938,,False,202412,6,0.0
E1,M02,102-0,E,202407,0.0,539.0,0.0013891300573016148,0.7487411008855703,0.0,,False,202412,5,0.0
E1,M02,102-0,E,202409,0.0,557.0,0.0015057721264848587,0.8387150744520663,0.0,,False,202412,3,0.0
E1,M02,102-0,E,202410,0.0,566.0,0.0014788038120276043,0.837002957607624,0.0,,False,202412,2,0.0
E1,M02,102-0,E,202411,0.0,575.0,0.00129136400322841,0.7425343018563358,0.0,,False,202412,1,0.0
E1,M02,102-0,E,202412,0.0,584.0,0.0012690355329949238,0.7411167512690354,0.0,,False,202412,0,0.0
E1,M02,103-0,A,202404,0.0,2485.0,0.0003412063540205482,0.8478977897410623,0.0,,False,202412,8,0.0
E1,M02,103-0,A,202405,0.0,2530.0,0.0002973203998959379,0.7522206117367228,0.0,,False,202412,7,0.0
E1,M02,103-0,A,202406,1.0,2574.0,0.0002551206356148407,0.6566805160726,1.5228105228105229,,False,202412,6,0.0
E1,M02,103-0,A,202407,2.0,2618.0,0.0002502770924952626,0.6552254281525975,3.052384590199716,,False,202412,5,0.0
E1,M02,103-0,A,202409,1.0,2706.0,0.0003444831031037928,0.9321712769988633,1.0727642276422764,,False,202412,3,0.0
E1,M02,103-0,A,202410,2.0,2751.0,0.00037213708176866603,1.0237491119456004,1.9536036482601367,,False,202412,2,0.0
E1,M02,103-0,A,202411,0.0,2795.0,0.00043203722166832836,1.2075440345629778,0.0,,False,202412,1,0.0
E1,M02,103-0,A,202412,2.0,2839.0,0.00035923059338362564,1.0198556546161133,1.9610618335521468,,False,202412,0,0.0
E1,M02,103-0,B,202405,1.0,1786.0,0.0005791607434317906,1.0343810877691781,0.9667616817672808,,False,202412,7,0.0
E1,M02,103-0,B,202406,2.0,1817.0,0.0006195786864931846,1.1257744733581165,1.7765547605943863,,False,202412,6,0.0
E1,M02,103-0,B,202407,2.0,1848.0,0.0006584612267639163,1.2168363470597172,1.6436063936063938,,False,202412,5,0.0
E1,M02,103-0,B,202408,0.0,1879.0,0.0006959288164239201,1.307650246060546,0.0,,False,202412,4,0.0
E1,M02,103-0,B,202409,1.0,1910.0,0.0006344248694548826,1.2117515006588258,0.8252517116391462,,False,202412,3,0.0
E1,M02,103-0,B,202410,1.0,1942.0,0.0006230529595015577,1.209968847352025,0.8264675592173018,,False,202412,2,0.0
E1,M02,103-0,B,202411,2.0,1973.0,0.0006120527306967985,1.2075800376647834,1.6562049202697962,,False,202412,1,0.0
E1,M02,103-0,C,202404,0.0,1462.0,0.0006444960041247745,0.9422531580304203,0.0,,False,202412,8,0.0
E1,M02,103-0,C,202406,1.0,1514.0,0.0007434944237918215,1.1256505576208178,0.8883751651254954,,False,202412,6,0.0
E1,M02,103-0,C,202407,1.0,1540.0,0.0006686117189399465,1.0296620471675175,0.9711924439197167,,False,202412,5,0.0
E1,M02,103-0,C,202408,0.0,1566.0,0.0007158196134574087,1.120973514674302,0.0,,False,202412,4,0.0
E1,M02,103-0,C,202409,0.0,1592.0,0.0005856172405715624,0.9323026469899274,0.0,,False,202412,3,0.0
E1,M02,103-0,C,202411,0.0,1644.0,0.0007344632768361581,1.207457627118644,0.0,,False,202412,1,0.0
E1,M02,103-0,D,202404,2.0,1096.0,0.0003437312021998797,0.3767293976110681,5.308850364963504,,False,202412,8,0.0
E1,M02,103-0,D,202405,1.0,1116.0,0.0004211945076236206,0.4700530705079606,2.1274193548387097,,False,202412,7,0.0
E1,M02,103-0,D,202406,0.0,1136.0,0.0004956629491945477,0.5630731102850062,0.0,,False,202412,6,0.0
E1,M02,103-0,D,202407,0.0,1155.0,0.0004862630683199611,0.5616338439095551,0.0,,False,202412,5,0.0
E1,M02,103-0,D,202408,1.0,1174.0,0.0004772130756382725,0.5602481507993319,1.784923339011925,,False,202412,4,0.0
E1,M02,103-0,D,202409,1.0,1194.0,0.0005465760912001249,0.6526118528929492,1.5323043790380473,,False,202412,3,0.0
E1,M02,103-0,E,202404,0.0,512.0,,,,,False,202412,8,0.0
E1,M02,103-0,E,202405,1.0,521.0,,,,,False,202412,7,0.0
E1,M02,103-0,E,202406,0.0,530.0,0.0005309734513274337,0.28141592920353986,0.0,,False,202412,6,0.0
E1,M02,103-0,E,202407,0.0,539.0,0.0005209237714881056,0.2807779128320889,0.0,,False,202412,5,0.0
E1,M02,103-0,E,202408,0.0,548.0,0.0005112474437627812,0.2801635991820041,0.0,,False,202412,4,0.0
E1,M02,103-0,E,202409,0.0,557.0,0.0005019240421616195,0.27957169148402206,0.0,,False,202412,3,0.0
E1,M02,103-0,E,202410,1.0,566.0,,,,,False,202412,2,0.0
E1,M02,103-0,E,202411,0.0,575.0,,,,,False,202412,1,0.0
E1,M02,103-0,E,202412,0.0,584.0,,,,,False,202412,0,0.0
E1,M02,103-1,A,202404,1.0,2485.0,0.0006824127080410964,1.6957955794821247,0.589693717862732,,False,202412,8,0.0
E1,M02,103-1,A,202405,0.0,2530.0,0.0006689708997658602,1.6924963764076262,0.0,,False,202412,7,0.0
E1,M02,103-1,A,202406,2.0,2574.0,0.000656024491581019,1.6886070413295429,1.1844081844081844,,False,202412,6,0.0
E1,M02,103-1,A,202410,1.0,2751.0,0.0007781048073344836,2.1405663249771645,0.467166089801337,,False,202412,2,0.0
E1,M02,103-1,A,202411,1.0,2795.0,0.0007311399135925557,2.0435360584911932,0.48934786144088466,,False,202412,1,0.0
E1,M02,103-1,A,202412,0.0,2839.0,0.0007184611867672513,2.0397113092322265,0.0,,False,202412,0,0.0
E1,M02,103-1,B,202404,1.0,1754.0,0.0006445029271174606,1.1304581341640259,0.8845971113645003,,False,202412,8,0.0
E1,M02,103-1,B,202405,1.0,1786.0,0.0006844626967830253,1.2224503764544832,0.8180291153415454,,False,202412,7,0.0
E1,M02,103-1,B,202406,1.0,1817.0,0.0006195786864931846,1.1257744733581165,0.8882773802971932,,False,202412,6,0.0
E1,M02,103-1,B,202407,0.0,1848.0,0.0006584612267639163,1.2168363470597172,0.0,,False,202412,5,0.0
E1,M02,103-1,B,202408,0.0,1879.0,0.0005965104140776457,1.1208430680518964,0.0,,False,202412,4,0.0
E1,M02,103-1,B,202409,0.0,1910.0,0.0004880191303499097,0.9321165389683276,0.0,,False,202412,3,0.0
E1,M02,103-1,B,202410,1.0,1942.0,0.0004792715073088905,0.9307452671938654,1.0744078269824922,,False,202412,2,0.0
E1,M02,103-1,B,202411,0.0,1973.0,0.0003766478342749529,0.7431261770244821,0.0,,False,202412,1,0.0
E1,M02,103-1,C,202404,1.0,1462.0,0.0007733952049497294,1.1307037896365044,0.8844049247606018,,False,202412,8,0.0
E1,M02,103-1,C,202405,1.0,1488.0,0.0006949709375789739,1.0341167551175132,0.967008797653959,,False,202412,7,0.0
E1,M02,103-1,C,202406,0.0,1514.0,0.0006815365551425031,1.0318463444857497,0.0,,False,202412,6,0.0
E1,M02,103-1,C,202407,2.0,1540.0,0.0006686117189399465,1.0296620471675175,1.9423848878394334,,False,202412,5,0.0
E1,M02,103-1,C,202408,1.0,1566.0,0.0007158196134574087,1.120973514674302,0.8920817369093231,,False,202412,4,0.0
E1,M02,103-1,C,202411,2.0,1644.0,0.000847457627118644,1.3932203389830509,1.4355231143552312,,False,202412,1,0.0
E1,M02,103-1,D,202404,0.0,1096.0,0.0004296640027498496,0.4709117470138352,0.0,,False,202412,8,0.0
E1,M02,103-1,D,202405,1.0,1116.0,0.0004211945076236206,0.4700530705079606,2.1274193548387097,,False,202412,7,0.0
E1,M02,103-1,D,202406,0.0,1136.0,0.0004956629491945477,0.5630731102850062,0.0,,False,202412,6,0.0
E1,M02,103-1,D,202407,1.0,1155.0,0.0004862630683199611,0.5616338439095551,1.7805194805194806,,False,202412,5,0.0
E1,M02,103-1,D,202408,1.0,1174.0,0.0005567485882446513,0.6536228425992205,1.52993429058165,,False,202412,4,0.0
E1,M02,103-1,D,202409,0.0,1194.0,0.0005465760912001249,0.6526118528929492,0.0,,False,202412,3,0.0
E1,M02,103-1,E,202404,1.0,512.0,0.0009204712812960235,0.47128129602356406,2.121875,,False,202412,8,0.0
E1,M02,103-1,E,202405,0.0,521.0,0.0009023641941887746,0.47013174517235157,0.0,,False,202412,7,0.0
E1,M02,103-1,E,202406,0.0,530.0,0.0007079646017699115,0.3752212389380531,0.0,,False,202412,6,0.0
E1,M02,103-1,E,202407,0.0,539.0,0.0006945650286508074,0.37437055044278517,0.0,,False,202412,5,0.0
E1,M02,103-1,E,202408,0.0,548.0,0.0006816632583503749,0.3735514655760055,0.0,,False,202412,4,0.0
E1,M02,103-1,E,202409,0.0,557.0,0.0006692320562154927,0.37276225531202944,0.0,,False,202412,3,0.0
E1,M02,103-1,E,202410,0.0,566.0,0.0006572461386789353,0.37200131449227736,0.0,,False,202412,2,0.0
E1,M02,103-1,E,202411,1.0,575.0,0.000645682001614205,0.3712671509281679,2.693478260869565,,False,202412,1,0.0
E1,M02,103-1,E,202412,1.0,584.0,0.0006345177664974619,0.3705583756345177,2.698630136986302,,False,202412,0,0.0
E1,M02,104-0,A,202404,2.0,2485.0,0.0010994426962884331,2.732115100276756,0.7320335807951156,,False,202412,8,0.0
E1,M02,104-0,A,202406,2.0,2574.0,0.001129819957722866,2.9081565711786572,0.6877208812692684,,False,202412,6,0.0
E1,M02,104-0,A,202407,1.0,2618.0,0.0011441238514069147,2.9953162429833027,0.333854564553094,,False,202412,5,0.0
E1,M02,104-0,A,202408,0.0,2662.0,0.0009824906137057441,2.615390013684691,0.0,,False,202412,4,0.0
E1,M02,104-0,A,202409,2.0,2706.0,0.0009301043783802404,2.5168624478969304,0.7946401686239085,,False,202412,3,0.0
E1,M02,104-0,A,202410,2.0,2751.0,0.000811935451131635,2.233634426063128,0.8954016721192295,,False,202412,2,0.0
E1,M02,104-0,A,202412,1.0,2839.0,0.0007511185134384899,2.132425459651873,0.4689495688929047,,False,202412,0,0.0
E1,M02,104-0,B,202404,2.0,1754.0,0.0009130458134164026,1.6014823567323702,1.2488429807498826,,False,202412,8,0.0
E1,M02,104-0,B,202405,2.0,1786.0,0.000947717580161112,1.692623598167746,1.1815976110488988,,False,202412,7,0.0
E1,M02,104-0,B,202406,1.0,1817.0,0.0009809995869475424,1.7824762494836845,0.5610172928192798,,False,202412,6,0.0
E1,M02,104-0,B,202408,2.0,1879.0,0.0009444748222896058,1.7746681910821693,1.1269712332987871,,False,202412,4,0.0
E1,M02,104-0,B,202409,2.0,1910.0,0.0009760382606998194,1.8642330779366552,1.0728272251308901,,False,202412,3,0.0
E1,M02,104-0,B,202410,1.0,1942.0,0.00100647016534867,1.9545650611071173,0.5116227747535678,,False,202412,2,0.0
E1,M02,104-0,B,202411,2.0,1973.0,0.0009887005649717514,1.9507062146892655,1.025269712547969,,False,202412,1,0.0
E1,M02,104-0,C,202404,2.0,1462.0,0.001288992008249549,1.8845063160608406,1.061285909712722,,False,202412,8,0.0
E1,M02,104-0,C,202405,2.0,1488.0,0.0010740459944402325,1.5981804397270658,1.2514231499051234,,False,202412,7,0.0
E1,M02,104-0,C,202406,0.0,1514.0,0.0010532837670384138,1.5946716232961584,0.0,,False,202412,6,0.0
E1,M02,104-0,C,202407,2.0,1540.0,0.0009117432530999271,1.4040846097738877,1.4244155844155844,,False,202412,5,0.0
E1,M02,104-0,C,202408,2.0,1566.0,0.0010140777857313291,1.5880458124552614,1.259409510930809,,False,202412,4,0.0
E1,M02,104-0,C,202409,0.0,1592.0,0.0009369875849144999,1.4916842351838837,0.0,,False,202412,3,0.0
E1,M02,104-0,C,202411,0.0,1644.0,0.000903954802259887,1.4861016949152541,0.0,,False,202412,1,0.0
E1,M02,104-0,D,202404,0.0,1096.0,0.0013749248087995187,1.5069175904442724,0.0,,False,202412,8,0.0
E1,M02,104-0,D,202405,2.0,1116.0,0.0012635835228708618,1.4101592115238817,1.418279569892473,,False,202412,7,0.0
E1,M02,104-0,D,202407,0.0,1155.0,0.0014587892049598833,1.6849015317286653,0.0,,False,202412,5,0.0
E1,M02,104-0,D,202408,0.0,1174.0,0.0011930326890956812,1.4006203769983299,0.0,,False,202412,4,0.0
E1,M02,104-0,D,202409,0.0,1194.0,0.0010931521824002499,1.3052237057858984,0.0,,False,202412,3,0.0
E1,M02,104-0,E,202404,0.0,512.0,0.0007363770250368188,0.37702503681885124,0.0,,False,202412,8,0.0
E1,M02,104-0,E,202405,0.0,521.0,0.0007218913553510197,0.37610539613788124,0.0,,False,202412,7,0.0
E1,M02,104-0,E,202406,1.0,530.0,0.0005309734513274337,0.28141592920353986,3.553459119496855,,False,202412,6,0.0
E1,M02,104-0,E,202407,0.0,539.0,0.0005209237714881056,0.2807779128320889,0.0,,False,202412,5,0.0
E1,M02,104-0,E,202408,0.0,548.0,,,,,False,202412,4,0.0
E1,M02,104-0,E,202409,1.0,557.0,,,,,False,202412,3,0.0
E1,M02,104-0,E,202410,1.0,566.0,0.0004929346040092015,0.279000985869208,3.584216725559482,,False,202412,2,0.0
E1,M02,104-0,E,202411,0.0,575.0,0.000645682001614205,0.3712671509281679,0.0,,False,202412,1,0.0
E1,M02,104-0,E,202412,0.0,584.0,0.0006345177664974619,0.3705583756345177,0.0,,False,202412,0,0.0
E1,M02,104-1,A,202404,1.0,2485.0,0.001061530879175039,2.6379042347499717,0.37908881862604193,,False,202412,8,0.0
E1,M02,104-1,A,202405,0.0,2530.0,0.0010034563496487902,2.5387445646114393,0.0,,False,202412,7,0.0
E1,M02,104-1,A,202407,2.0,2618.0,0.0010726161106939826,2.8081089777968464,0.7122230710466004,,False,202412,5,0.0
E1,M02,104-1,A,202408,2.0,2662.0,0.001017579564195235,2.7087967998877156,0.7383351900308297,,False,202412,4,0.0
E1,M02,104-1,A,202410,2.0,2751.0,0.0009810886701173923,2.698974931492946,0.741022073477983,,False,202412,2,0.0
E1,M02,104-1,A,202411,1.0,2795.0,0.0009637753406447325,2.6937520771020274,0.37122941212756766,,False,202412,1,0.0
E1,M02,104-1,B,202404,2.0,1754.0,0.001127880122455556,1.9783017347870453,1.0109681272737145,,False,202412,8,0.0
E1,M02,104-1,B,202407,0.0,1848.0,0.001215620726333384,2.2464671022640936,0.0,,False,202412,5,0.0
E1,M02,104-1,B,202408,1.0,1879.0,0.0011930208281552915,2.2416861361037927,0.4460927798474366,,False,202412,4,0.0
E1,M02,104-1,B,202409,2.0,1910.0,0.0011224439998047924,2.1438680396271534,0.9328932392442522,,False,202412,3,0.0
E1,M02,104-1,B,202410,1.0,1942.0,0.0011023244668104482,2.1407141145458906,0.46713383781847484,,False,202412,2,0.0
E1,M02,104-1,B,202411,0.0,1973.0,0.0009887005649717514,1.9507062146892655,0.0,,False,202412,1,0.0
E1,M02,104-1,C,202405,1.0,1488.0,0.0012004043467273187,1.7862016679302501,0.5598471986417657,,False,202412,7,0.0
E1,M02,104-1,C,202406,1.0,1514.0,0.0011771995043370507,1.7822800495662947,0.5610790516582077,,False,202412,6,0.0
E1,M02,104-1,C,202407,1.0,1540.0,0.0010333090201799172,1.5912958910770725,0.6284186401833461,,False,202412,5,0.0
E1,M02,104-1,C,202408,1.0,1566.0,0.0010140777857313291,1.5880458124552614,0.6297047554654045,,False,202412,4,0.0
E1,M02,104-1,C,202409,1.0,1592.0,0.000995549308971656,1.5849144998828764,0.6309488619568431,,False,202412,3,0.0
E1,M02,104-1,C,202411,0.0,1644.0,0.0010734463276836157,1.7647457627118643,0.0,,False,202412,1,0.0
E1,M02,104-1,D,202405,1.0,1116.0,0.0010951057198214135,1.2221379833206976,0.8182382133995036,,False,202412,7,0.0
E1,M02,104-1,D,202406,0.0,1136.0,0.0009913258983890955,1.1261462205700123,0.0,,False,202412,6,0.0
E1,M02,104-1,D,202407,1.0,1155.0,0.0008914822919199286,1.0296620471675175,0.9711924439197167,,False,202412,5,0.0
E1,M02,104-1,D,202408,1.0,1174.0,0.000954426151276545,1.1204963015986638,0.8924616695059625,,False,202412,4,0.0
E1,M02,104-1,D,202409,0.0,1194.0,0.0008589052861716249,1.02553291168892,0.0,,False,202412,3,0.0
E1,M02,104-1,E,202404,1.0,512.0,0.0007363770250368188,0.37702503681885124,2.65234375,,False,202412,8,0.0
E1,M02,104-1,E,202405,0.0,521.0,0.0007218913553510197,0.37610539613788124,0.0,,False,202412,7,0.0
E1,M02,104-1,E,202406,0.0,530.0,0.0005309734513274337,0.28141592920353986,0.0,,False,202412,6,0.0
E1,M02,104-1,E,202407,0.0,539.0,0.0005209237714881056,0.2807779128320889,0.0,,False,202412,5,0.0
E1,M02,104-1,E,202408,0.0,548.0,0.0005112474437627812,0.2801635991820041,0.0,,False,202412,4,0.0
E1,M02,104-1,E,202409,0.0,557.0,0.0005019240421616195,0.27957169148402206,0.0,,False,202412,3,0.0
E1,M02,104-1,E,202410,1.0,566.0,0.0004929346040092015,0.279000985869208,3.584216725559482,,False,202412,2,0.0
E1,M02,104-1,E,202411,0.0,575.0,0.000645682001614205,0.3712671509281679,0.0,,False,202412,1,0.0
E1,M02,104-1,E,202412,1.0,584.0,0.00047588832487309646,0.27791878172588835,3.5981735159817347,,False,202412,0,0.0
E1,M02,105-0,A,202404,0.0,2485.0,0.0001895590855669712,0.47105432763392346,0.0,,False,202412,8,0.0
E1,M02,105-0,A,202405,2.0,2530.0,0.00018582524993496116,0.47013788233545173,4.254071146245059,,False,202412,7,0.0
E1,M02,105-0,A,202406,1.0,2574.0,0.0002551206356148407,0.6566805160726,1.5228105228105229,,False,202412,6,0.0
E1,M02,105-0,A,202407,0.0,2618.0,0.0002860309628517287,0.7488290607458257,0.0,,False,202412,5,0.0
E1,M02,105-0,A,202408,0.0,2662.0,0.00028071160391592687,0.7472542896241974,0.0,,False,202412,4,0.0
E1,M02,105-0,A,202409,0.0,2706.0,0.0002755864824830342,0.7457370215990905,0.0,,False,202412,3,0.0
E1,M02,105-0,A,202410,1.0,2751.0,0.00023681450658006022,0.6514767076017457,1.534974295061536,,False,202412,2,0.0
E1,M02,105-0,A,202411,0.0,2795.0,0.0002658690594882021,0.7431040212695248,0.0,,False,202412,1,0.0
E1,M02,105-0,A,202412,1.0,2839.0,0.00022860128669867084,0.6489990529375265,1.5408342977909728,,False,202412,0,0.0
E1,M02,105-0,B,202404,0.0,1754.0,0.00021483430903915354,0.3768193780546753,0.0,,False,202412,8,0.0
E1,M02,105-0,B,202405,0.0,1786.0,0.00021060390670246933,0.37613857737061024,0.0,,False,202412,7,0.0
E1,M02,105-0,B,202406,1.0,1817.0,0.00020652622883106156,0.3752581577860388,2.6648321408915794,,False,202412,6,0.0
E1,M02,105-0,B,202407,0.0,1848.0,0.00020260345438889734,0.37441118371068227,0.0,,False,202412,5,0.0
E1,M02,105-0,B,202408,0.0,1879.0,0.0001988368046925486,0.3736143560172988,0.0,,False,202412,4,0.0
E1,M02,105-0,B,202409,0.0,1910.0,0.0001952076521399639,0.372846615587331,0.0,,False,202412,3,0.0
E1,M02,105-0,B,202410,0.0,1942.0,0.0001917086029235562,0.37229810687754616,0.0,,False,202412,2,0.0
E1,M02,105-0,B,202411,0.0,1973.0,0.00018832391713747646,0.37156308851224107,0.0,,False,202412,1,0.0
E1,M02,105-0,C,202404,0.0,1462.0,0.00019334880123743234,0.2826759474091261,0.0,,False,202412,8,0.0
E1,M02,105-0,C,202405,0.0,1488.0,0.00018953752843062926,0.28203184230477635,0.0,,False,202412,7,0.0
E1,M02,105-0,C,202406,0.0,1514.0,0.0001858736059479554,0.28141263940520445,0.0,,False,202412,6,0.0
E1,M02,105-0,C,202407,1.0,1540.0,,,,,False,202412,5,0.0
E1,M02,105-0,C,202408,0.0,1566.0,0.00017895490336435218,0.2802433786685755,0.0,,False,202412,4,0.0
E1,M02,105-0,C,202409,1.0,1592.0,0.00017568517217146873,0.2796907940969782,3.5753768844221105,,False,202412,3,0.0
E1,M02,105-0,C,202410,1.0,1618.0,0.00023004370830457787,0.372210720036807,2.6866501854140914,,False,202412,2,0.0
E1,M02,105-0,C,202411,1.0,1644.0,0.00022598870056497175,0.37152542372881353,2.6916058394160585,,False,202412,1,0.0
E1,M02,105-0,D,202404,0.0,1096.0,,,,,False,202412,8,0.0
E1,M02,105-0,D,202405,0.0,1116.0,,,,,False,202412,7,0.0
E1,M02,105-0,D,202406,0.0,1136.0,,,,,False,202412,6,0.0
E1,M02,105-0,D,202407,0.0,1155.0,,,,,False,202412,5,0.0
E1,M02,105-0,D,202408,0.0,1174.0,,,,,False,202412,4,0.0
E1,M02,105-0,D,202409,0.0,1194.0,,,,,False,202412,3,0.0
E1,M02,105-0,E,202404,0.0,512.0,0.0009204712812960235,0.47128129602356406,0.0,,False,202412,8,0.0
E1,M02,105-0,E,202405,0.0,521.0,0.0007218913553510197,0.37610539613788124,0.0,,False,202412,7,0.0
E1,M02,105-0,E,202406,0.0,530.0,0.0007079646017699115,0.3752212389380531,0.0,,False,202412,6,0.0
E1,M02,105-0,E,202407,0.0,539.0,0.0006945650286508074,0.37437055044278517,0.0,,False,202412,5,0.0
E1,M02,105-0,E,202408,0.0,548.0,0.0005112474437627812,0.2801635991820041,0.0,,False,202412,4,0.0
E1,M02,105-0,E,202409,0.0,557.0,0.0005019240421616195,0.27957169148402206,0.0,,False,202412,3,0.0
E1,M02,105-0,E,202410,0.0,566.0,0.0004929346040092015,0.279000985869208,0.0,,False,202412,2,0.0
E1,M02,105-0,E,202411,1.0,575.0,0.00048426150121065375,0.2784503631961259,3.5913043478260867,,False,202412,1,0.0
E1,M02,105-0,E,202412,0.0,584.0,0.0006345177664974619,0.3705583756345177,0.0,,False,202412,0,0.0
E1,M03,100-0,A,202409,3.0,2662.0,0.0011930243166426893,3.175830730902839,0.9446347284217969,,False,202412,3,0.0
E1,M03,100-0,A,202410,1.0,2706.0,0.0011712425505528954,3.169382341796135,0.31551889048302245,,False,202412,2,0.0
E1,M03,100-0,A,202412,3.0,2795.0,0.0011299435028248588,3.1581920903954805,0.9499105545617172,,False,202412,0,0.0
E1,M03,100-0,B,202404,2.0,1723.0,0.001205809810907098,2.07761030419293,0.9626444362370071,,False,202412,8,0.0
E1,M03,100-0,B,202405,2.0,1754.0,0.001127880122455556,1.9783017347870453,1.0109681272737145,,False,202412,7,0.0
E1,M03,100-0,B,202409,1.0,1879.0,0.0014415668340209773,2.708704081125416,0.36918023159787855,,False,202412,3,0.0
E1,M03,100-0,C,202404,1.0,1436.0,0.001775848460931334,2.5501183898973956,0.39213865676261217,,False,202412,8,0.0
E1,M03,100-0,C,202405,2.0,1462.0,0.0018045888115493685,2.6383088424851766,0.7580613640805159,,False,202412,7,0.0
E1,M03,100-0,C,202406,2.0,1488.0,0.0018953752843062926,2.8203184230477634,0.7091397849462365,,False,202412,6,0.0
E1,M03,100-0,C,202407,0.0,1514.0,0.0017967781908302355,2.7203221809169764,0.0,,False,202412,5,0.0
E1,M03,100-0,C,202408,2.0,1540.0,0.0015803549720398735,2.433746656941405,0.8217782217782219,,False,202412,4,0.0
E1,M03,100-0,C,202409,1.0,1566.0,0.0015509424958243855,2.428775948460988,0.4117300324196876,,False,202412,3,0.0
E1,M03,100-0,C,202410,1.0,1592.0,0.0015226048254860622,2.423986882173811,0.4125434866640897,,False,202412,2,0.0
E1,M03,100-0,C,202411,1.0,1618.0,0.0013802622498274672,2.233264320220842,0.44777503090234855,,False,202412,1,0.0
E1,M03,100-0,D,202404,1.0,1077.0,0.0007892659826361484,0.8500394632991318,1.1764159702878365,,False,202412,8,0.0
E1,M03,100-0,D,202405,2.0,1096.0,0.0008593280054996992,0.9418234940276704,2.1235401459854013,,False,202412,7,0.0
E1,M03,100-0,D,202406,0.0,1116.0,0.0009266279167719653,1.0341167551175132,0.0,,False,202412,6,0.0
E1,M03,100-0,D,202407,1.0,1136.0,0.0009087154068566708,1.0323007021891781,0.9687099871959026,,False,202412,5,0.0
E1,M03,100-0,D,202408,1.0,1155.0,0.0008104384471999352,0.9360564065159251,1.0683116883116883,,False,202412,4,0.0
E1,M03,100-0,D,202409,0.0,1174.0,0.0008748906386701663,1.0271216097987752,0.0,,False,202412,3,0.0
E1,M03,100-0,E,202404,1.0,503.0,0.002066892145809846,1.0396467493423525,0.9618651726007591,,False,202412,8,0.0
E1,M03,100-0,E,202405,0.0,512.0,0.002025036818851252,1.036818851251841,0.0,,False,202412,7,0.0
E1,M03,100-0,E,202406,0.0,521.0,0.001804728388377549,0.9402634903447031,0.0,,False,202412,6,0.0
E1,M03,100-0,E,202407,0.0,530.0,0.0017699115044247787,0.9380530973451328,0.0,,False,202412,5,0.0
E1,M03,100-0,E,202408,0.0,539.0,0.0017364125716270186,0.935926376106963,0.0,,False,202412,4,0.0
E1,M03,100-0,E,202409,0.0,548.0,0.0015337423312883436,0.8404907975460123,0.0,,False,202412,3,0.0
E1,M03,100-0,E,202410,0.0,557.0,0.0013384641124309855,0.7455245106240589,0.0,,False,202412,2,0.0
E1,M03,100-0,E,202411,0.0,566.0,0.0013144922773578706,0.7440026289845547,0.0,,False,202412,1,0.0
E1,M03,100-0,E,202412,1.0,575.0,0.0011299435028248588,0.6497175141242938,1.5391304347826087,,False,202412,0,0.0
E1,M03,101-0,A,202405,2.0,2485.0,0.0009477954278348562,2.3552716381696177,0.849158953722334,,False,202412,7,0.0
E1,M03,101-0,A,202411,2.0,2751.0,0.0010487499577116952,2.8851111336648736,0.6932141977697259,,False,202412,1,0.0
E1,M03,101-0,A,202412,3.0,2795.0,0.0010967098703888335,3.0653040877367896,0.9786957228817694,,False,202412,0,0.0
E1,M03,101-0,B,202404,0.0,1723.0,0.0009865716634694438,1.6998629761578516,0.0,,False,202412,8,0.0
E1,M03,101-0,B,202405,1.0,1754.0,0.0009130458134164026,1.6014823567323702,0.6244214903749413,,False,202412,7,0.0
E1,M03,101-0,B,202408,0.0,1848.0,0.001063668135541711,1.9656587144810818,0.0,,False,202412,4,0.0
E1,M03,101-0,B,202410,2.0,1910.0,0.0010248401737348103,1.9574447318334878,1.0217402144103716,,False,202412,2,0.0
E1,M03,101-0,B,202411,2.0,1942.0,0.0011023244668104482,2.1407141145458906,0.9342676756369497,,False,202412,1,0.0
E1,M03,101-0,C,202404,2.0,1436.0,0.0011838989739542227,1.7000789265982639,1.1764159702878365,,False,202412,8,0.0
E1,M03,101-0,C,202405,2.0,1462.0,0.0012245424078370713,1.7902810002577982,1.1171430628554972,,False,202412,7,0.0
E1,M03,101-0,C,202406,0.0,1488.0,0.0012004043467273187,1.7862016679302501,0.0,,False,202412,6,0.0
E1,M03,101-0,C,202407,1.0,1514.0,0.0011152416356877324,1.688475836431227,0.5922501100836636,,False,202412,5,0.0
E1,M03,101-0,C,202408,0.0,1540.0,0.0009117432530999271,1.4040846097738877,0.0,,False,202412,4,0.0
E1,M03,101-0,C,202410,0.0,1592.0,0.0008784258608573436,1.398453970484891,0.0,,False,202412,2,0.0
E1,M03,101-0,D,202404,2.0,1077.0,0.0016662281855652022,1.7945277558537227,1.1144993402726873,,False,202412,8,0.0
E1,M03,101-0,D,202405,1.0,1096.0,0.0017186560109993985,1.8836469880553408,0.5308850364963503,,False,202412,7,0.0
E1,M03,101-0,D,202406,2.0,1116.0,0.0016005391289697583,1.7862016679302501,1.1196943972835314,,False,202412,6,0.0
E1,M03,101-0,D,202407,0.0,1136.0,0.0016522098306484924,1.8769103676166874,0.0,,False,202412,5,0.0
E1,M03,101-0,D,202409,2.0,1174.0,0.0014316392269148174,1.6807444523979955,1.189948892674617,,False,202412,3,0.0
E1,M03,101-0,E,202404,0.0,503.0,0.000751597143930853,0.37805336339721907,0.0,,False,202412,8,0.0
E1,M03,101-0,E,202405,0.0,512.0,0.0005522827687776141,0.28276877761413843,0.0,,False,202412,7,0.0
E1,M03,101-0,E,202406,0.0,521.0,0.0005414185165132648,0.282079047103411,0.0,,False,202412,6,0.0
E1,M03,101-0,E,202407,1.0,530.0,0.0005309734513274337,0.28141592920353986,3.553459119496855,,False,202412,5,0.0
E1,M03,101-0,E,202408,0.0,539.0,0.0006945650286508074,0.37437055044278517,0.0,,False,202412,4,0.0
E1,M03,101-0,E,202409,1.0,548.0,0.0006816632583503749,0.3735514655760055,2.677007299270073,,False,202412,3,0.0
E1,M03,101-0,E,202410,1.0,557.0,0.0008365400702693659,0.46595281914003683,2.1461400359066425,,False,202412,2,0.0
E1,M03,101-0,E,202411,0.0,566.0,0.000985869208018403,0.558001971738416,0.0,,False,202412,1,0.0
E1,M03,101-0,E,202412,0.0,575.0,0.0008071025020177562,0.4640839386602098,0.0,,False,202412,0,0.0
E1,M03,102-0,A,202405,2.0,2485.0,0.0009098836107214619,2.261060772642833,0.8845405767940979,,False,202412,7,0.0
E1,M03,102-0,A,202409,2.0,2662.0,0.0009123127127267623,2.4285764412786413,0.8235277119574641,,False,202412,3,0.0
E1,M03,102-0,A,202411,2.0,2751.0,0.0010149193139145439,2.7920430325789103,0.7163213376953834,,False,202412,1,0.0
E1,M03,102-0,B,202404,1.0,1723.0,0.0011510002740476844,1.9831734721841603,0.5042423237431942,,False,202412,8,0.0
E1,M03,102-0,B,202409,1.0,1879.0,0.0012427300293284286,2.3350897251081175,0.4282490686535391,,False,202412,3,0.0
E1,M03,102-0,B,202410,2.0,1910.0,0.0012200478258747743,2.330291347420819,0.858261780104712,,False,202412,2,0.0
E1,M03,102-0,C,202405,1.0,1462.0,0.0010956432070121165,1.6018303686517144,0.6242858292427779,,False,202412,7,0.0
E1,M03,102-0,C,202407,2.0,1514.0,0.0011771995043370507,1.7822800495662947,1.1221581033164154,,False,202412,5,0.0
E1,M03,102-0,C,202408,2.0,1540.0,0.0012156576707999028,1.8721128130318503,1.0683116883116883,,False,202412,4,0.0
E1,M03,102-0,C,202410,2.0,1592.0,0.001464043101428906,2.3307566174748184,0.8580904522613065,,False,202412,2,0.0
E1,M03,102-0,C,202411,2.0,1618.0,0.0014377731769036116,2.3263170002300435,0.8597280593325094,,False,202412,1,0.0
E1,M03,102-0,D,202404,2.0,1077.0,0.000701569762343243,0.7555906340436727,2.6469359331476325,,False,202412,8,0.0
E1,M03,102-0,D,202405,0.0,1096.0,0.0006874624043997594,0.7534587952221362,0.0,,False,202412,7,0.0
E1,M03,102-0,D,202406,1.0,1116.0,0.0005054334091483447,0.5640636846095527,1.7728494623655915,,False,202412,6,0.0
E1,M03,102-0,D,202407,0.0,1136.0,0.0005782734407269723,0.6569186286658405,0.0,,False,202412,5,0.0
E1,M03,102-0,D,202408,1.0,1155.0,0.0005673069130399546,0.6552394845611476,1.5261595547309834,,False,202412,4,0.0
E1,M03,102-0,D,202409,0.0,1174.0,0.00063628410085103,0.7469975343991092,0.0,,False,202412,3,0.0
E1,M03,102-0,E,202404,0.0,503.0,0.0005636978579481398,0.2835400225479143,0.0,,False,202412,8,0.0
E1,M03,102-0,E,202405,2.0,512.0,0.0005522827687776141,0.28276877761413843,7.072916666666667,,False,202412,7,0.0
E1,M03,102-0,E,202406,0.0,521.0,0.0009023641941887746,0.47013174517235157,0.0,,False,202412,6,0.0
E1,M03,102-0,E,202407,0.0,530.0,0.0008849557522123894,0.4690265486725664,0.0,,False,202412,5,0.0
E1,M03,102-0,E,202408,0.0,539.0,0.0008682062858135093,0.4679631880534815,0.0,,False,202412,4,0.0
E1,M03,102-0,E,202409,0.0,548.0,0.0008520790729379687,0.4669393319700068,0.0,,False,202412,3,0.0
E1,M03,102-0,E,202410,1.0,557.0,0.0006692320562154927,0.37276225531202944,2.6826750448833034,,False,202412,2,0.0
E1,M03,102-0,E,202411,0.0,566.0,0.000821557673348669,0.46500164311534664,0.0,,False,202412,1,0.0
E1,M03,102-0,E,202412,0.0,575.0,0.0008071025020177562,0.4640839386602098,0.0,,False,202412,0,0.0
E1,M03,103-0,A,202404,2.0,2441.0,0.0008511626107478625,2.0776879328355324,0.9626084689583254,,False,202412,8,0.0
E1,M03,103-0,A,202405,2.0,2485.0,0.0008719717936080676,2.166849907116048,0.9229988627416674,,False,202412,7,0.0
E1,M03,103-0,A,202406,1.0,2530.0,0.0009291262496748058,2.350689411677259,0.42540711462450587,,False,202412,6,0.0
E1,M03,103-0,A,202408,2.0,2618.0,0.0009296006292681182,2.4336944474239335,0.821795851207616,,False,202412,4,0.0
E1,M03,103-0,A,202410,1.0,2706.0,0.0009645526886906198,2.610079575596817,0.383130081300813,,False,202412,2,0.0
E1,M03,103-0,A,202411,2.0,2751.0,0.0009134273825230895,2.512838729321019,0.795912597439315,,False,202412,1,0.0
E1,M03,103-0,B,202404,2.0,1723.0,0.000822143052891203,1.4165524801315428,1.4118785064809443,,False,202412,8,0.0
E1,M03,103-0,B,202407,1.0,1817.0,0.0008777364725320115,1.5948471705906648,0.627019327268607,,False,202412,5,0.0
E1,M03,103-0,B,202408,2.0,1848.0,0.000911715544750038,1.68485032669807,1.1870490620490621,,False,202412,4,0.0
E1,M03,103-0,B,202409,0.0,1879.0,0.0009444748222896058,1.7746681910821693,0.0,,False,202412,3,0.0
E1,M03,103-0,B,202410,1.0,1910.0,0.0006832267824898736,1.3049631545556586,0.7663051608077786,,False,202412,2,0.0
E1,M03,103-0,B,202411,0.0,1942.0,0.0006709801102324467,1.3030433740714116,0.0,,False,202412,1,0.0
E1,M03,103-0,C,202404,1.0,1436.0,0.0007234938174164693,1.03893712181005,0.9625221575082299,,False,202412,8,0.0
E1,M03,103-0,C,202405,1.0,1462.0,0.0007089456045372519,1.0364784738334623,0.9648053724661112,,False,202412,7,0.0
E1,M03,103-0,C,202406,0.0,1488.0,0.0006949709375789739,1.0341167551175132,0.0,,False,202412,6,0.0
E1,M03,103-0,C,202407,0.0,1514.0,0.0006195786864931846,0.9380421313506816,0.0,,False,202412,5,0.0
E1,M03,103-0,C,202408,0.0,1540.0,0.0005470459518599562,0.8424507658643325,0.0,,False,202412,4,0.0
E1,M03,103-0,C,202409,2.0,1566.0,0.0004772130756382725,0.7473156764495347,2.6762452107279695,,False,202412,3,0.0
E1,M03,103-0,C,202410,1.0,1592.0,0.0005856172405715624,0.9323026469899274,1.0726130653266333,,False,202412,2,0.0
E1,M03,103-0,C,202411,0.0,1618.0,0.0006326201978375892,1.0235794801012192,0.0,,False,202412,1,0.0
E1,M03,103-0,D,202404,0.0,1077.0,0.0007892659826361484,0.8500394632991318,0.0,,False,202412,8,0.0
E1,M03,103-0,D,202405,2.0,1096.0,0.0007733952049497294,0.8476411446249034,2.3594890510948905,,False,202412,7,0.0
E1,M03,103-0,D,202406,0.0,1116.0,0.0008423890152472412,0.9401061410159212,0.0,,False,202412,6,0.0
E1,M03,103-0,D,202407,1.0,1136.0,0.0008261049153242462,0.9384551838083437,1.065580985915493,,False,202412,5,0.0
E1,M03,103-0,D,202408,2.0,1155.0,0.0008104384471999352,0.9360564065159251,2.1366233766233766,,False,202412,4,0.0
E1,M03,103-0,D,202409,0.0,1174.0,0.000954426151276545,1.1204963015986638,0.0,,False,202412,3,0.0
E1,M03,103-0,E,202404,0.0,503.0,0.000751597143930853,0.37805336339721907,0.0,,False,202412,8,0.0
E1,M03,103-0,E,202405,0.0,512.0,0.0005522827687776141,0.28276877761413843,0.0,,False,202412,7,0.0
E1,M03,103-0,E,202406,0.0,521.0,0.0005414185165132648,0.282079047103411,0.0,,False,202412,6,0.0
E1,M03,103-0,E,202407,0.0,530.0,0.0005309734513274337,0.28141592920353986,0.0,,False,202412,5,0.0
E1,M03,103-0,E,202408,1.0,539.0,,,,,False,202412,4,0.0
E1,M03,103-0,E,202409,0.0,548.0,0.0005112474437627812,0.2801635991820041,0.0,,False,202412,3,0.0
E1,M03,103-0,E,202410,1.0,557.0,0.0005019240421616195,0.27957169148402206,3.5769000598444047,,False,202412,2,0.0
E1,M03,103-0,E,202411,0.0,566.0,0.0004929346040092015,0.279000985869208,0.0,,False,202412,1,0.0
E1,M03,103-0,E,202412,0.0,575.0,0.00048426150121065375,0.2784503631961259,0.0,,False,202412,0,0.0
E1,M03,103-1,A,202407,1.0,2574.0,0.0010204825424593629,2.6267220642904,0.3807026307026307,,False,202412,5,0.0
E1,M03,103-1,A,202408,1.0,2618.0,0.0010011083699810505,2.62090171261039,0.3815480737749645,,False,202412,4,0.0
E1,M03,103-1,A,202411,0.0,2751.0,0.0010825806015088467,2.9781792347508373,0.0,,False,202412,1,0.0
E1,M03,103-1,A,202412,1.0,2795.0,0.0009970089730807576,2.786640079760718,0.35885509838998214,,False,202412,0,0.0
E1,M03,103-1,B,202405,1.0,1754.0,0.000966754390676191,1.6956872012460389,0.5897314075763335,,False,202412,7,0.0
E1,M03,103-1,B,202406,0.0,1786.0,0.0008950666034854947,1.5985889538250935,0.0,,False,202412,6,0.0
E1,M03,103-1,B,202407,1.0,1817.0,0.0008261049153242462,1.5010326311441553,0.6662080352228948,,False,202412,5,0.0
E1,M03,103-1,B,202408,2.0,1848.0,0.0008104138175555894,1.497644734842729,1.3354301948051948,,False,202412,4,0.0
E1,M03,103-1,B,202409,2.0,1879.0,0.0008947656211164686,1.6812646020778446,1.189580746259831,,False,202412,3,0.0
E1,M03,103-1,B,202410,2.0,1910.0,0.0008784344346298375,1.6778097701429897,1.1920302501454334,,False,202412,2,0.0
E1,M03,103-1,B,202411,1.0,1942.0,0.000958543014617781,1.8614905343877308,0.5372039134912461,,False,202412,1,0.0
E1,M03,103-1,C,202404,2.0,1436.0,0.0006577216521967903,0.9444882925545909,2.1175487465181058,,False,202412,8,0.0
E1,M03,103-1,C,202405,0.0,1462.0,0.0007733952049497294,1.1307037896365044,0.0,,False,202412,7,0.0
E1,M03,103-1,C,202406,0.0,1488.0,0.000758150113722517,1.1281273692191054,0.0,,False,202412,6,0.0
E1,M03,103-1,C,202407,1.0,1514.0,0.0007434944237918215,1.1256505576208178,0.8883751651254954,,False,202412,5,0.0
E1,M03,103-1,C,202408,2.0,1540.0,0.0007293946024799417,1.1232676878191101,1.7805194805194806,,False,202412,4,0.0
E1,M03,103-1,C,202409,1.0,1566.0,0.0008351228823669769,1.3078024337866858,0.7646414887794197,,False,202412,3,0.0
E1,M03,103-1,C,202410,1.0,1592.0,0.0008784258608573436,1.398453970484891,0.7150753768844221,,False,202412,2,0.0
E1,M03,103-1,C,202411,1.0,1618.0,0.000862663906142167,1.3957902001380262,0.7164400494437577,,False,202412,1,0.0
E1,M03,103-1,D,202404,0.0,1077.0,0.0005261773217574323,0.5666929755327546,0.0,,False,202412,8,0.0
E1,M03,103-1,D,202405,0.0,1096.0,0.0005155968032998196,0.5650940964166022,0.0,,False,202412,7,0.0
E1,M03,103-1,D,202406,2.0,1116.0,0.0004211945076236206,0.4700530705079606,4.254838709677419,,False,202412,6,0.0
E1,M03,103-1,D,202407,1.0,1136.0,0.0004956629491945477,0.5630731102850062,1.775968309859155,,False,202412,5,0.0
E1,M03,103-1,D,202408,0.0,1155.0,0.0004862630683199611,0.5616338439095551,0.0,,False,202412,4,0.0
E1,M03,103-1,D,202409,1.0,1174.0,0.0004772130756382725,0.5602481507993319,1.784923339011925,,False,202412,3,0.0
E1,M03,103-1,E,202404,0.0,503.0,,,,,False,202412,8,0.0
E1,M03,103-1,E,202405,1.0,512.0,,,,,False,202412,7,0.0
E1,M03,103-1,E,202406,0.0,521.0,,,,,False,202412,6,0.0
E1,M03,103-1,E,202407,0.0,530.0,,,,,False,202412,5,0.0
E1,M03,103-1,E,202408,1.0,539.0,,,,,False,202412,4,0.0
E1,M03,103-1,E,202409,0.0,548.0,0.0005112474437627812,0.2801635991820041,0.0,,False,202412,3,0.0
E1,M03,103-1,E,202410,0.0,557.0,0.0005019240421616195,0.27957169148402206,0.0,,False,202412,2,0.0
E1,M03,103-1,E,202411,0.0,566.0,0.0004929346040092015,0.279000985869208,0.0,,False,202412,1,0.0
E1,M03,103-1,E,202412,1.0,575.0,0.00048426150121065375,0.2784503631961259,3.5913043478260867,,False,202412,0,0.0
E1,M03,104-0,A,202405,1.0,2485.0,0.0008719717936080676,2.166849907116048,0.4614994313708337,,False,202412,7,0.0
E1,M03,104-0,A,202406,2.0,2530.0,0.0008176310997138291,2.0686066822759877,0.9668343514193316,,False,202412,6,0.0
E1,M03,104-0,A,202407,2.0,2574.0,0.0007289161017566878,1.8762300459217145,1.0659673659673659,,False,202412,5,0.0
E1,M03,104-0,A,202408,2.0,2618.0,0.000786585147842254,2.059279917051021,0.9712132786999096,,False,202412,4,0.0
E1,M03,104-0,A,202409,2.0,2662.0,0.0007719569107687989,2.0549492964665426,0.9732600232224575,,False,202412,3,0.0
E1,M03,104-0,A,202411,1.0,2751.0,0.000811935451131635,2.233634426063128,0.44770083605961475,,False,202412,1,0.0
E1,M03,104-0,A,202412,2.0,2795.0,0.0007976071784646061,2.229312063808574,0.8971377459749553,,False,202412,0,0.0
E1,M03,104-0,B,202405,0.0,1754.0,0.0012890058542349213,2.2609162683280517,0.0,,False,202412,7,0.0
E1,M03,104-0,B,202406,1.0,1786.0,0.0012109724635391986,2.1627968198810086,0.46236428258435175,,False,202412,6,0.0
E1,M03,104-0,B,202407,1.0,1817.0,0.0011358942585708385,2.0639198678232136,0.4845149347075599,,False,202412,5,0.0
E1,M03,104-0,B,202409,2.0,1879.0,0.0011930208281552915,2.2416861361037927,0.8921855596948732,,False,202412,3,0.0
E1,M03,104-0,B,202411,1.0,1942.0,0.0012940330697340044,2.5130122214234363,0.3979288248083305,,False,202412,1,0.0
E1,M03,104-0,C,202404,2.0,1436.0,0.0015785319652722968,2.266771902131018,0.8823119777158774,,False,202412,8,0.0
E1,M03,104-0,C,202405,1.0,1462.0,0.001482340809486981,2.1671822634699662,0.46142865639683583,,False,202412,7,0.0
E1,M03,104-0,C,202406,1.0,1488.0,0.001326762699014405,1.9742228961334345,0.5065284178187404,,False,202412,6,0.0
E1,M03,104-0,C,202407,2.0,1514.0,0.0011771995043370507,1.7822800495662947,1.1221581033164154,,False,202412,5,0.0
E1,M03,104-0,C,202408,2.0,1540.0,0.0012156576707999028,1.8721128130318503,1.0683116883116883,,False,202412,4,0.0
E1,M03,104-0,C,202409,2.0,1566.0,0.0012526843235504653,1.9617036506800287,1.0195219850392263,,False,202412,3,0.0
E1,M03,104-0,C,202410,2.0,1592.0,0.0013469196533145936,2.144296088076833,0.932707013327507,,False,202412,2,0.0
E1,M03,104-0,C,202411,0.0,1618.0,0.0013802622498274672,2.233264320220842,0.0,,False,202412,1,0.0
E1,M03,104-0,D,202404,2.0,1077.0,0.000701569762343243,0.7555906340436727,2.6469359331476325,,False,202412,8,0.0
E1,M03,104-0,D,202406,1.0,1116.0,0.000758150113722517,0.846095526914329,1.181899641577061,,False,202412,6,0.0
E1,M03,104-0,D,202407,1.0,1136.0,0.0008261049153242462,0.9384551838083437,1.065580985915493,,False,202412,5,0.0
E1,M03,104-0,D,202409,2.0,1174.0,0.0010339616638829238,1.2138709933985525,1.6476215437033153,,False,202412,3,0.0
E1,M03,104-0,E,202404,0.0,503.0,0.0011273957158962795,0.5670800450958287,0.0,,False,202412,8,0.0
E1,M03,104-0,E,202405,0.0,512.0,0.0009204712812960235,0.47128129602356406,0.0,,False,202412,7,0.0
E1,M03,104-0,E,202406,1.0,521.0,0.0009023641941887746,0.47013174517235157,2.127063339731286,,False,202412,6,0.0
E1,M03,104-0,E,202408,1.0,539.0,0.001215488800138913,0.6551484632748741,1.5263715875960775,,False,202412,4,0.0
E1,M03,104-0,E,202409,0.0,548.0,0.0013633265167007499,0.747102931152011,0.0,,False,202412,3,0.0
E1,M03,104-0,E,202410,1.0,557.0,0.001003848084323239,0.5591433829680441,1.7884500299222024,,False,202412,2,0.0
E1,M03,104-0,E,202411,1.0,566.0,0.000985869208018403,0.558001971738416,1.792108362779741,,False,202412,1,0.0
E1,M03,104-0,E,202412,0.0,575.0,0.0011299435028248588,0.6497175141242938,0.0,,False,202412,0,0.0
E1,M03,105-0,A,202404,1.0,2441.0,0.00030951367663558635,0.7555228846674663,1.3235866448176976,,False,202412,8,0.0
E1,M03,105-0,A,202405,0.0,2485.0,0.0003412063540205482,0.8478977897410623,0.0,,False,202412,7,0.0
E1,M03,105-0,A,202406,0.0,2530.0,0.0002973203998959379,0.7522206117367228,0.0,,False,202412,6,0.0
E1,M03,105-0,A,202407,1.0,2574.0,0.0002551206356148407,0.6566805160726,1.5228105228105229,,False,202412,5,0.0
E1,M03,105-0,A,202408,0.0,2618.0,0.0002502770924952626,0.6552254281525975,0.0,,False,202412,4,0.0
E1,M03,105-0,A,202409,1.0,2662.0,0.00024562265342643603,0.6538475034211727,1.5294086079210045,,False,202412,3,0.0
E1,M03,105-0,A,202410,0.0,2706.0,0.0002755864824830342,0.7457370215990905,0.0,,False,202412,2,0.0
E1,M03,105-0,A,202411,1.0,2751.0,0.00023681450658006022,0.6514767076017457,1.534974295061536,,False,202412,1,0.0
E1,M03,105-0,A,202412,1.0,2795.0,0.0002658690594882021,0.7431040212695248,1.345706618962433,,False,202412,0,0.0
E1,M03,105-0,B,202404,0.0,1723.0,0.00038366675801589475,0.6610578240613867,0.0,,False,202412,8,0.0
E1,M03,105-0,B,202405,0.0,1754.0,0.0003759600408185187,0.6594339115956818,0.0,,False,202412,7,0.0
E1,M03,105-0,B,202406,0.0,1786.0,0.00036855683672932133,0.6582425103985678,0.0,,False,202412,6,0.0
E1,M03,105-0,B,202407,2.0,1817.0,0.0003614209004543577,0.656701776125568,3.0455224467332336,,False,202412,5,0.0
E1,M03,105-0,B,202408,0.0,1848.0,0.000455857772375019,0.842425163349035,0.0,,False,202412,4,0.0
E1,M03,105-0,B,202409,0.0,1879.0,0.0003976736093850972,0.7472287120345976,0.0,,False,202412,3,0.0
E1,M03,105-0,B,202410,0.0,1910.0,0.00029281147820994584,0.5592699233809966,0.0,,False,202412,2,0.0
E1,M03,105-0,B,202411,1.0,1942.0,0.00023963575365444525,0.4653726335969327,2.1488156539649843,,False,202412,1,0.0
E1,M03,105-0,C,202404,0.0,1436.0,0.00026308866087871614,0.3777953170218364,0.0,,False,202412,8,0.0
E1,M03,105-0,C,202405,0.0,1462.0,0.0002577984016499098,0.3769012632121681,0.0,,False,202412,7,0.0
E1,M03,105-0,C,202406,0.0,1488.0,,,,,False,202412,6,0.0
E1,M03,105-0,C,202407,1.0,1514.0,,,,,False,202412,5,0.0
E1,M03,105-0,C,202408,0.0,1540.0,,,,,False,202412,4,0.0
E1,M03,105-0,C,202409,0.0,1566.0,,,,,False,202412,3,0.0
E1,M03,105-0,C,202410,0.0,1592.0,,,,,False,202412,2,0.0
E1,M03,105-0,C,202411,1.0,1618.0,,,,,False,202412,1,0.0
E1,M03,105-0,D,202404,0.0,1077.0,0.0005261773217574323,0.5666929755327546,0.0,,False,202412,8,0.0
E1,M03,105-0,D,202405,0.0,1096.0,0.0004296640027498496,0.4709117470138352,0.0,,False,202412,7,0.0
E1,M03,105-0,D,202406,0.0,1116.0,0.0004211945076236206,0.4700530705079606,0.0,,False,202412,6,0.0
E1,M03,105-0,D,202407,0.0,1136.0,0.0004130524576621231,0.46922759190417185,0.0,,False,202412,5,0.0
E1,M03,105-0,D,202408,1.0,1155.0,0.00032417537887997406,0.37442256260637,2.670779220779221,,False,202412,4,0.0
E1,M03,105-0,D,202409,0.0,1174.0,0.00039767756303189377,0.46687345899944327,0.0,,False,202412,3,0.0
E1,M03,105-0,E,202404,0.0,503.0,,,,,False,202412,8,0.0
E1,M03,105-0,E,202405,1.0,512.0,,,,,False,202412,7,0.0
E1,M03,105-0,E,202406,2.0,521.0,,,,,False,202412,6,0.0
E1,M03,105-0,E,202407,0.0,530.0,0.0005309734513274337,0.28141592920353986,0.0,,False,202412,5,0.0
E1,M03,105-0,E,202408,1.0,539.0,0.0005209237714881056,0.2807779128320889,3.5615337043908473,,False,202412,4,0.0
E1,M03,105-0,E,202409,1.0,548.0,0.0006816632583503749,0.3735514655760055,2.677007299270073,,False,202412,3,0.0
E1,M03,105-0,E,202410,0.0,557.0,0.0008365400702693659,0.46595281914003683,0.0,,False,202412,2,0.0
E1,M03,105-0,E,202411,0.0,566.0,0.000821557673348669,0.46500164311534664,0.0,,False,202412,1,0.0
E1,M03,105-0,E,202412,0.0,575.0,0.0008071025020177562,0.4640839386602098,0.0,,False,202412,0,0.0
E1,M04,100-0,A,202405,2.0,2397.0,0.0015009677291938223,3.597819646877592,0.5558922337131942,,False,202412,7,0.0
E1,M04,100-0,A,202406,2.0,2441.0,0.0013541223352806903,3.305412620420165,0.6050681804880903,,False,202412,6,0.0
E1,M04,100-0,A,202407,2.0,2485.0,0.0012131781476286158,3.01474769685711,0.6634054325955735,,False,202412,5,0.0
E1,M04,100-0,A,202409,0.0,2574.0,0.0010933741526350316,2.8143450688825715,0.0,,False,202412,3,0.0
E1,M04,100-0,A,202410,2.0,2618.0,0.0010368622403375165,2.714505345203618,0.7367824872895867,,False,202412,2,0.0
E1,M04,100-0,A,202411,1.0,2662.0,0.001017579564195235,2.7087967998877156,0.36916759501541485,,False,202412,1,0.0
E1,M04,100-0,A,202412,2.0,2706.0,0.0008956560680698612,2.4236453201970445,0.8252032520325203,,False,202412,0,0.0
E1,M04,100-0,B,202404,2.0,1661.0,0.0014288980338363053,2.3733996342021033,0.8426730885009031,,False,202412,8,0.0
E1,M04,100-0,B,202405,2.0,1692.0,0.001287001287001287,2.1776061776061777,0.9184397163120567,,False,202412,7,0.0
E1,M04,100-0,B,202408,1.0,1786.0,0.0013162744168904333,2.350866108566314,0.42537513997760357,,False,202412,4,0.0
E1,M04,100-0,B,202409,2.0,1817.0,0.0011358942585708385,2.0639198678232136,0.9690298694151198,,False,202412,3,0.0
E1,M04,100-0,B,202410,1.0,1848.0,0.0011143189991389354,2.059261510408753,0.4856109799291617,,False,202412,2,0.0
E1,M04,100-0,B,202411,1.0,1879.0,0.0010438932246358802,1.9614753690908189,0.5098203198256418,,False,202412,1,0.0
E1,M04,100-0,C,202405,1.0,1410.0,0.00147730325006715,2.0829975825946816,0.4800773694390716,,False,202412,7,0.0
E1,M04,100-0,C,202406,2.0,1436.0,0.0013154433043935806,1.8889765851091818,1.0587743732590529,,False,202412,6,0.0
E1,M04,100-0,C,202407,1.0,1462.0,0.0014178912090745037,2.0729569476669245,0.4824026862330556,,False,202412,5,0.0
E1,M04,100-0,C,202408,1.0,1488.0,0.001453121051301491,2.1622441243366186,0.4624824684431978,,False,202412,4,0.0
E1,M04,100-0,C,202409,1.0,1514.0,0.0014250309789343248,2.1574969021065677,0.4635000861524323,,False,202412,3,0.0
E1,M04,100-0,C,202411,1.0,1566.0,0.0013719875924600334,2.1485325697924123,0.4654339496918208,,False,202412,1,0.0
E1,M04,100-0,D,202404,2.0,1038.0,0.0007315957933241884,0.7593964334705076,2.6336705202312136,,False,202412,8,0.0
E1,M04,100-0,D,202405,1.0,1058.0,0.0008953353030710001,0.9472647506491181,1.055671077504726,,False,202412,7,0.0
E1,M04,100-0,D,202406,1.0,1077.0,0.0009646584232219592,1.03893712181005,0.9625221575082299,,False,202412,6,0.0
E1,M04,100-0,D,202407,1.0,1096.0,0.0009452608060496691,1.0360058434304373,0.9652455209024553,,False,202412,5,0.0
E1,M04,100-0,D,202408,1.0,1116.0,0.0010108668182966893,1.1281273692191054,0.8864247311827957,,False,202412,4,0.0
E1,M04,100-0,D,202409,1.0,1136.0,0.00107393638992152,1.2199917389508466,0.8196776814734562,,False,202412,3,0.0
E1,M04,100-0,E,202404,0.0,484.0,0.0015677052714089751,0.758769351361944,0.0,,False,202412,8,0.0
E1,M04,100-0,E,202405,1.0,494.0,0.0011511895625479663,0.5686876438986953,1.7584345479082322,,False,202412,7,0.0
E1,M04,100-0,E,202406,1.0,503.0,0.0013152950018789928,0.6615933859451334,1.511502414086907,,False,202412,6,0.0
E1,M04,100-0,E,202407,1.0,512.0,0.0011045655375552283,0.5655375552282769,1.7682291666666667,,False,202412,5,0.0
E1,M04,100-0,E,202408,1.0,521.0,0.0012633098718642843,0.6581844432412921,1.5193309569509188,,False,202412,4,0.0
E1,M04,100-0,E,202410,1.0,539.0,0.0019100538287897205,1.0295190137176593,0.9713273739247765,,False,202412,2,0.0
E1,M04,100-0,E,202411,0.0,548.0,0.002044989775051125,1.1206543967280165,0.0,,False,202412,1,0.0
E1,M04,100-0,E,202412,0.0,557.0,0.002007696168646478,1.1182867659360882,0.0,,False,202412,0,0.0
E1,M04,101-0,A,202410,1.0,2618.0,0.000786585147842254,2.059279917051021,0.4856066393499548,,False,202412,2,0.0
E1,M04,101-0,A,202412,2.0,2706.0,0.0009301043783802404,2.5168624478969304,0.7946401686239085,,False,202412,0,0.0
E1,M04,101-0,B,202404,0.0,1661.0,0.00102880658436214,1.7088477366255146,0.0,,False,202412,8,0.0
E1,M04,101-0,B,202405,2.0,1692.0,0.0007833920877399138,1.325499412455934,1.5088652482269505,,False,202412,7,0.0
E1,M04,101-0,B,202408,1.0,1786.0,0.0010003685568367292,1.7866582425103985,0.5597041315494784,,False,202412,4,0.0
E1,M04,101-0,B,202409,0.0,1817.0,0.0009293680297397769,1.6886617100371746,0.0,,False,202412,3,0.0
E1,M04,101-0,B,202410,1.0,1848.0,0.0008610646811528137,1.5912475307703997,0.6284377387318564,,False,202412,2,0.0
E1,M04,101-0,B,202411,1.0,1879.0,0.0008947656211164686,1.6812646020778446,0.5947903731299155,,False,202412,1,0.0
E1,M04,101-0,C,202404,0.0,1384.0,0.0007544581618655693,1.044170096021948,0.0,,False,202412,8,0.0
E1,M04,101-0,C,202405,1.0,1410.0,0.000738651625033575,1.0414987912973408,0.9601547388781432,,False,202412,7,0.0
E1,M04,101-0,C,202406,1.0,1436.0,0.0007234938174164693,1.03893712181005,0.9625221575082299,,False,202412,6,0.0
E1,M04,101-0,C,202408,2.0,1488.0,0.0008213292898660602,1.2221379833206976,1.6364764267990073,,False,202412,4,0.0
E1,M04,101-0,C,202410,1.0,1540.0,0.0011548747872599076,1.7785071723802577,0.5622693096377307,,False,202412,2,0.0
E1,M04,101-0,C,202411,1.0,1566.0,0.0011333810546408972,1.774874731567645,0.563420044363783,,False,202412,1,0.0
E1,M04,101-0,D,202404,1.0,1038.0,0.0010973936899862826,1.1390946502057613,0.8778901734104047,,False,202412,8,0.0
E1,M04,101-0,D,202405,1.0,1058.0,0.0009848688333781,1.04199122571403,0.9597009795497508,,False,202412,7,0.0
E1,M04,101-0,D,202406,2.0,1077.0,0.0009646584232219592,1.03893712181005,1.9250443150164598,,False,202412,6,0.0
E1,M04,101-0,D,202407,2.0,1096.0,0.0010311936065996391,1.1301881928332045,1.7696167883211678,,False,202412,5,0.0
E1,M04,101-0,D,202408,0.0,1116.0,0.0011793446213461377,1.3161485974222897,0.0,,False,202412,4,0.0
E1,M04,101-0,D,202409,1.0,1136.0,0.0009913258983890955,1.1261462205700123,0.8879841549295775,,False,202412,3,0.0
E1,M04,101-0,E,202404,1.0,484.0,0.0007838526357044876,0.379384675680972,2.6358471074380163,,False,202412,8,0.0
E1,M04,101-0,E,202405,0.0,494.0,0.0007674597083653108,0.3791250959324635,0.0,,False,202412,7,0.0
E1,M04,101-0,E,202406,0.0,503.0,0.0005636978579481398,0.2835400225479143,0.0,,False,202412,6,0.0
E1,M04,101-0,E,202407,1.0,512.0,0.0005522827687776141,0.28276877761413843,3.5364583333333335,,False,202412,5,0.0
E1,M04,101-0,E,202408,0.0,521.0,0.0007218913553510197,0.37610539613788124,0.0,,False,202412,4,0.0
E1,M04,101-0,E,202409,1.0,530.0,0.0007079646017699115,0.3752212389380531,2.6650943396226414,,False,202412,3,0.0
E1,M04,101-0,E,202410,0.0,539.0,0.0008682062858135093,0.4679631880534815,0.0,,False,202412,2,0.0
E1,M04,101-0,E,202411,2.0,548.0,0.0008520790729379687,0.4669393319700068,4.283211678832117,,False,202412,1,0.0
E1,M04,101-0,E,202412,1.0,557.0,0.0011711560983771122,0.6523339467960515,1.532957168504745,,False,202412,0,0.0
E1,M04,102-0,A,202405,1.0,2397.0,0.0014219694276573053,3.408460718094561,0.2933875677930747,,False,202412,7,0.0
E1,M04,102-0,A,202406,3.0,2441.0,0.0013541223352806903,3.305412620420165,0.9076022707321355,,False,202412,6,0.0
E1,M04,102-0,A,202407,2.0,2485.0,0.001402737233195587,3.4858020244910337,0.5737560498123878,,False,202412,5,0.0
E1,M04,102-0,A,202408,3.0,2530.0,0.0013751068495187126,3.479020329282343,0.8623117188334579,,False,202412,4,0.0
E1,M04,102-0,A,202409,2.0,2574.0,0.0013484947882498725,3.471025584955172,0.5761985761985762,,False,202412,3,0.0
E1,M04,102-0,A,202411,2.0,2662.0,0.0011579353661531984,3.0824239446998143,0.6488400154816383,,False,202412,1,0.0
E1,M04,102-0,A,202412,2.0,2706.0,0.0011712425505528954,3.169382341796135,0.6310377809660449,,False,202412,0,0.0
E1,M04,102-0,B,202404,2.0,1661.0,0.0010859625057155922,1.8037837219935986,1.1087803796064513,,False,202412,8,0.0
E1,M04,102-0,B,202405,2.0,1692.0,0.0010072183985227463,1.7042135303004868,1.1735618597320725,,False,202412,7,0.0
E1,M04,102-0,B,202407,0.0,1754.0,0.0010204629679359794,1.7898920457597078,0.0,,False,202412,5,0.0
E1,M04,102-0,B,202408,2.0,1786.0,0.000947717580161112,1.692623598167746,1.1815976110488988,,False,202412,4,0.0
E1,M04,102-0,B,202409,0.0,1817.0,0.0009809995869475424,1.7824762494836845,0.0,,False,202412,3,0.0
E1,M04,102-0,B,202410,2.0,1848.0,0.0009623664083472623,1.7784531226257407,1.1245727956254272,,False,202412,2,0.0
E1,M04,102-0,B,202411,2.0,1879.0,0.000994184023462743,1.868071780086494,1.0706226716338478,,False,202412,1,0.0
E1,M04,102-0,C,202404,1.0,1384.0,0.0008230452674897119,1.1390946502057613,0.8778901734104047,,False,202412,8,0.0
E1,M04,102-0,C,202405,0.0,1410.0,0.0008729519204942251,1.2308622078968574,0.0,,False,202412,7,0.0
E1,M04,102-0,C,202406,1.0,1436.0,0.0008550381478558274,1.2278347803209682,0.8144418255838869,,False,202412,6,0.0
E1,M04,102-0,C,202408,0.0,1488.0,0.0008845084660096032,1.3161485974222895,0.0,,False,202412,4,0.0
E1,M04,102-0,C,202409,2.0,1514.0,0.0008674101610904585,1.313258983890954,1.5229288545008492,,False,202412,3,0.0
E1,M04,102-0,C,202410,2.0,1540.0,0.0009725261366399222,1.49769025042548,1.3353896103896106,,False,202412,2,0.0
E1,M04,102-0,C,202411,1.0,1566.0,0.0010140777857313291,1.5880458124552614,0.6297047554654045,,False,202412,1,0.0
E1,M04,102-0,D,202404,0.0,1038.0,0.001005944215820759,1.0441700960219478,0.0,,False,202412,8,0.0
E1,M04,102-0,D,202405,2.0,1058.0,0.0009848688333781,1.04199122571403,1.9194019590995015,,False,202412,7,0.0
E1,M04,102-0,D,202406,0.0,1077.0,0.0010523546435148646,1.133385951065509,0.0,,False,202412,6,0.0
E1,M04,102-0,D,202407,1.0,1096.0,0.0007733952049497294,0.8476411446249034,1.1797445255474452,,False,202412,5,0.0
E1,M04,102-0,D,202408,0.0,1116.0,0.0008423890152472412,0.9401061410159212,0.0,,False,202412,4,0.0
E1,M04,102-0,D,202409,2.0,1136.0,0.0008261049153242462,0.9384551838083437,2.131161971830986,,False,202412,3,0.0
E1,M04,102-0,E,202404,1.0,484.0,0.0011757789535567313,0.569077013521458,1.7572314049586775,,False,202412,8,0.0
E1,M04,102-0,E,202405,1.0,494.0,0.001343054489639294,0.6634689178818112,1.5072296124927704,,False,202412,7,0.0
E1,M04,102-0,E,202406,0.0,503.0,0.001503194287861706,0.7561067267944381,0.0,,False,202412,6,0.0
E1,M04,102-0,E,202407,0.0,512.0,0.0014727540500736377,0.7540500736377025,0.0,,False,202412,5,0.0
E1,M04,102-0,E,202408,1.0,521.0,0.0010828370330265296,0.564158094206822,1.7725527831094048,,False,202412,4,0.0
E1,M04,102-0,E,202409,0.0,530.0,0.0010619469026548673,0.5628318584070797,0.0,,False,202412,3,0.0
E1,M04,102-0,E,202410,1.0,539.0,0.0008682062858135093,0.4679631880534815,2.136920222634508,,False,202412,2,0.0
E1,M04,102-0,E,202411,0.0,548.0,0.0010224948875255625,0.5603271983640082,0.0,,False,202412,1,0.0
E1,M04,102-0,E,202412,1.0,557.0,0.001003848084323239,0.5591433829680441,1.7884500299222024,,False,202412,0,0.0
E1,M04,103-0,A,202404,1.0,2353.0,0.000766561768740418,1.8037198418462037,0.5544098239649271,,False,202412,8,0.0
E1,M04,103-0,A,202406,1.0,2441.0,0.0005416489341122761,1.3221650481680658,0.756335225610113,,False,202412,6,0.0
E1,M04,103-0,A,202407,2.0,2485.0,0.0005686772567009136,1.4131629829017704,1.4152649228705567,,False,202412,5,0.0
E1,M04,103-0,A,202408,0.0,2530.0,0.0005574757498048835,1.4104136470063553,0.0,,False,202412,4,0.0
E1,M04,103-0,A,202409,1.0,2574.0,0.00047379546614184707,1.2195495298491144,0.8199748968979739,,False,202412,3,0.0
E1,M04,103-0,A,202412,1.0,2706.0,0.0006889662062075856,1.8643425539977265,0.5363821138211382,,False,202412,0,0.0
E1,M04,103-0,B,202404,0.0,1661.0,0.0004572473708276177,0.7594878829446731,0.0,,False,202412,8,0.0
E1,M04,103-0,B,202406,2.0,1723.0,0.0005480953685941354,0.9443683200876953,2.117817759721416,,False,202412,6,0.0
E1,M04,103-0,B,202407,2.0,1754.0,0.0006445029271174606,1.1304581341640259,1.7691942227290005,,False,202412,5,0.0
E1,M04,103-0,B,202409,0.0,1817.0,0.0008261049153242462,1.5010326311441553,0.0,,False,202412,3,0.0
E1,M04,103-0,B,202411,2.0,1879.0,0.0008947656211164686,1.6812646020778446,1.189580746259831,,False,202412,1,0.0
E1,M04,103-0,C,202404,1.0,1384.0,0.0005486968449931413,0.7593964334705076,1.3168352601156068,,False,202412,8,0.0
E1,M04,103-0,C,202405,1.0,1410.0,0.0006043513295729251,0.8521353746978244,1.1735224586288415,,False,202412,7,0.0
E1,M04,103-0,C,202406,1.0,1436.0,0.0006577216521967903,0.9444882925545909,1.0587743732590529,,False,202412,6,0.0
E1,M04,103-0,C,202408,0.0,1488.0,0.000758150113722517,1.1281273692191054,0.0,,False,202412,4,0.0
E1,M04,103-0,C,202409,0.0,1514.0,0.0006195786864931846,0.9380421313506816,0.0,,False,202412,3,0.0
E1,M04,103-0,C,202410,2.0,1540.0,0.0005470459518599562,0.8424507658643325,2.374025974025974,,False,202412,2,0.0
E1,M04,103-0,C,202411,1.0,1566.0,0.0006561679790026247,1.0275590551181102,0.9731800766283525,,False,202412,1,0.0
E1,M04,103-0,D,202404,0.0,1038.0,0.0007315957933241884,0.7593964334705076,0.0,,False,202412,8,0.0
E1,M04,103-0,D,202405,2.0,1058.0,0.0007162682424568,0.7578118005192944,2.6391776937618148,,False,202412,7,0.0
E1,M04,103-0,D,202406,0.0,1077.0,0.0008769622029290538,0.9444882925545909,0.0,,False,202412,6,0.0
E1,M04,103-0,D,202407,1.0,1096.0,0.0007733952049497294,0.8476411446249034,1.1797445255474452,,False,202412,5,0.0
E1,M04,103-0,D,202408,1.0,1116.0,0.0008423890152472412,0.9401061410159212,1.0637096774193548,,False,202412,4,0.0
E1,M04,103-0,D,202409,1.0,1136.0,0.0008261049153242462,0.9384551838083437,1.065580985915493,,False,202412,3,0.0
E1,M04,103-0,E,202404,1.0,484.0,0.0013717421124828531,0.6639231824417009,1.506198347107438,,False,202412,8,0.0
E1,M04,103-0,E,202405,1.0,494.0,0.0015349194167306216,0.758250191864927,1.3188259109311742,,False,202412,7,0.0
E1,M04,103-0,E,202406,1.0,503.0,0.0016910935738444193,0.8506200676437429,1.1756129887342612,,False,202412,6,0.0
E1,M04,103-0,E,202407,1.0,512.0,0.0016568483063328424,0.8483063328424153,1.1788194444444444,,False,202412,5,0.0
E1,M04,103-0,E,202408,0.0,521.0,0.0016242555495397943,0.8462371413102329,0.0,,False,202412,4,0.0
E1,M04,103-0,E,202409,0.0,530.0,0.001238938053097345,0.6566371681415929,0.0,,False,202412,3,0.0
E1,M04,103-0,E,202410,0.0,539.0,0.001215488800138913,0.6551484632748741,0.0,,False,202412,2,0.0
E1,M04,103-0,E,202411,0.0,548.0,0.0011929107021131562,0.6537150647580096,0.0,,False,202412,1,0.0
E1,M04,103-0,E,202412,0.0,557.0,0.001003848084323239,0.5591433829680441,0.0,,False,202412,0,0.0
E1,M04,103-1,A,202404,0.0,2353.0,0.0006051803437424352,1.42398934882595,0.0,,False,202412,8,0.0
E1,M04,103-1,A,202405,1.0,2397.0,0.0004344906584508433,1.0414741083066714,0.9601774945955172,,False,202412,7,0.0
E1,M04,103-1,A,202406,1.0,2441.0,0.00042558130537393124,1.0388439664177662,0.9626084689583254,,False,202412,6,0.0
E1,M04,103-1,A,202407,0.0,2485.0,0.00045494180536073095,1.1305303863214164,0.0,,False,202412,5,0.0
E1,M04,103-1,A,202408,1.0,2530.0,0.00040881554985691454,1.0343033411379938,0.9668343514193316,,False,202412,4,0.0
E1,M04,103-1,A,202409,1.0,2574.0,0.0004009038559661783,1.031926525256943,0.9690612417885145,,False,202412,3,0.0
E1,M04,103-1,A,202410,1.0,2618.0,0.00042904644427759305,1.1232435911187386,0.8902788388082505,,False,202412,2,0.0
E1,M04,103-1,A,202411,2.0,2662.0,0.00042106740587389034,1.120881434436296,1.7843100425745053,,False,202412,1,0.0
E1,M04,103-1,B,202404,1.0,1661.0,0.0005715592135345222,0.9493598536808414,1.0533413606261288,,False,202412,8,0.0
E1,M04,103-1,B,202405,1.0,1692.0,0.0005595657769570813,0.9467852946113815,1.0562056737588654,,False,202412,7,0.0
E1,M04,103-1,B,202406,0.0,1723.0,0.0005480953685941354,0.9443683200876953,0.0,,False,202412,6,0.0
E1,M04,103-1,B,202407,1.0,1754.0,0.0005370857725978839,0.9420484451366883,1.0615165336374002,,False,202412,5,0.0
E1,M04,103-1,B,202408,1.0,1786.0,0.000473858790080556,0.846311799083873,1.1815976110488988,,False,202412,4,0.0
E1,M04,103-1,B,202410,1.0,1848.0,0.000607810363166692,1.1232335511320468,0.8902867965367965,,False,202412,2,0.0
E1,M04,103-1,B,202411,2.0,1879.0,0.0005468012129045087,1.0274394790475718,1.946586675697905,,False,202412,1,0.0
E1,M04,103-1,C,202404,0.0,1384.0,0.0006858710562414266,0.9492455418381344,0.0,,False,202412,8,0.0
E1,M04,103-1,C,202405,2.0,1410.0,0.0006043513295729251,0.8521353746978244,2.347044917257683,,False,202412,7,0.0
E1,M04,103-1,C,202406,0.0,1436.0,0.0006577216521967903,0.9444882925545909,0.0,,False,202412,6,0.0
E1,M04,103-1,C,202407,0.0,1462.0,0.0006444960041247745,0.9422531580304203,0.0,,False,202412,5,0.0
E1,M04,103-1,C,202408,2.0,1488.0,0.0006317917614354309,0.9401061410159212,2.1274193548387097,,False,202412,4,0.0
E1,M04,103-1,C,202409,0.0,1514.0,0.0007434944237918215,1.1256505576208178,0.0,,False,202412,3,0.0
E1,M04,103-1,C,202411,1.0,1566.0,0.0005965163445478406,0.9341445955619184,1.0704980842911878,,False,202412,1,0.0
E1,M04,103-1,D,202404,2.0,1038.0,0.0008230452674897119,0.854320987654321,2.341040462427746,,False,202412,8,0.0
E1,M04,103-1,D,202405,0.0,1058.0,0.0008953353030710001,0.9472647506491181,0.0,,False,202412,7,0.0
E1,M04,103-1,D,202406,0.0,1077.0,0.0008769622029290538,0.9444882925545909,0.0,,False,202412,6,0.0
E1,M04,103-1,D,202407,1.0,1096.0,0.0007733952049497294,0.8476411446249034,1.1797445255474452,,False,202412,5,0.0
E1,M04,103-1,D,202408,0.0,1116.0,0.0008423890152472412,0.9401061410159212,0.0,,False,202412,4,0.0
E1,M04,103-1,D,202409,1.0,1136.0,0.0004956629491945477,0.5630731102850062,1.775968309859155,,False,202412,3,0.0
E1,M04,103-1,E,202404,0.0,484.0,0.0013717421124828531,0.6639231824417009,0.0,,False,202412,8,0.0
E1,M04,103-1,E,202405,0.0,494.0,0.0011511895625479663,0.5686876438986953,0.0,,False,202412,7,0.0
E1,M04,103-1,E,202406,0.0,503.0,0.0009394964299135663,0.47256670424652386,0.0,,False,202412,6,0.0
E1,M04,103-1,E,202407,1.0,512.0,0.0009204712812960235,0.47128129602356406,2.121875,,False,202412,5,0.0
E1,M04,103-1,E,202408,0.0,521.0,0.0010828370330265296,0.564158094206822,0.0,,False,202412,4,0.0
E1,M04,103-1,E,202409,0.0,530.0,0.0010619469026548673,0.5628318584070797,0.0,,False,202412,3,0.0
E1,M04,103-1,E,202410,0.0,539.0,0.0008682062858135093,0.4679631880534815,0.0,,False,202412,2,0.0
E1,M04,103-1,E,202411,1.0,548.0,0.0006816632583503749,0.3735514655760055,2.677007299270073,,False,202412,1,0.0
E1,M04,103-1,E,202412,0.0,557.0,0.0008365400702693659,0.46595281914003683,0.0,,False,202412,0,0.0
E1,M04,104-0,A,202404,7.0,2353.0,0.0031872831437101587,7.499677237150004,0.9333735011055103,,False,202412,8,0.0
E1,M04,104-0,A,202405,7.0,2397.0,0.00312043291069242,7.4796776869297315,0.9358692035930989,,False,202412,7,0.0
E1,M04,104-0,A,202406,5.0,2441.0,0.00317251518551476,7.744109567841529,0.6456520218622915,,False,202412,6,0.0
E1,M04,104-0,A,202407,5.0,2485.0,0.003070857186184934,7.631080107669561,0.6552152420697022,,False,202412,5,0.0
E1,M04,104-0,A,202408,3.0,2530.0,0.0029732039989593785,7.522206117367228,0.39881916996047434,,False,202412,4,0.0
E1,M04,104-0,A,202409,5.0,2574.0,0.002696989576499745,6.942051169910344,0.7202482202482202,,False,202412,3,0.0
E1,M04,104-0,A,202412,7.0,2706.0,0.00285920975576148,7.737021599090565,0.9047409148790283,,False,202412,0,0.0
E1,M04,104-0,B,202407,3.0,1754.0,0.0028465545947687844,4.9928567592244475,0.600858415266453,,False,202412,5,0.0
E1,M04,104-0,B,202408,4.0,1786.0,0.002843152740483336,5.077870794503238,0.7877317406992659,,False,202412,4,0.0
E1,M04,104-0,C,202404,3.0,1384.0,0.003429355281207133,4.746227709190672,0.6320809248554914,,False,202412,8,0.0
E1,M04,104-0,C,202406,4.0,1436.0,0.0032886082609839516,4.722441462772955,0.8470194986072422,,False,202412,6,0.0
E1,M04,104-0,C,202407,4.0,1462.0,0.003351379221448827,4.8997164217581854,0.816373776702094,,False,202412,5,0.0
E1,M04,104-0,C,202408,3.0,1488.0,0.00347485468789487,5.170583775587566,0.5802052785923754,,False,202412,4,0.0
E1,M04,104-0,C,202410,4.0,1540.0,0.003221492827619742,4.961098954534402,0.8062729723107083,,False,202412,2,0.0
E1,M04,104-0,C,202411,4.0,1566.0,0.0031615366261035552,4.950966356478167,0.8079230824839153,,False,202412,1,0.0
E1,M04,104-0,D,202404,3.0,1038.0,0.0033836305441243713,3.5122085048010976,0.8541634119668802,,False,202412,8,0.0
E1,M04,104-0,D,202405,3.0,1058.0,0.0032232070910556,3.410153102336825,0.879725897920605,,False,202412,7,0.0
E1,M04,104-0,D,202406,2.0,1077.0,0.003244760150837499,3.494606682451986,0.5723104720319205,,False,202412,6,0.0
E1,M04,104-0,D,202408,3.0,1116.0,0.0032853171594642407,3.6664139499620925,0.8182382133995038,,False,202412,4,0.0
E1,M04,104-0,D,202409,3.0,1136.0,0.003304419661296985,3.753820735233375,0.7991857394366196,,False,202412,3,0.0
E1,M04,104-0,E,202404,1.0,484.0,0.0031354105428179502,1.517538702723888,0.6589617768595041,,False,202412,8,0.0
E1,M04,104-0,E,202406,2.0,503.0,0.003757985719654265,1.8902668169860954,1.058051689860835,,False,202412,6,0.0
E1,M04,104-0,E,202408,0.0,521.0,0.004150875293268363,2.162606027792817,0.0,,False,202412,4,0.0
E1,M04,104-0,E,202409,1.0,530.0,0.0038938053097345134,2.0637168141592923,0.4845626072041166,,False,202412,3,0.0
E1,M04,104-0,E,202411,2.0,548.0,0.004260395364689844,2.3346966598500343,0.8566423357664232,,False,202412,1,0.0
E1,M04,104-0,E,202412,1.0,557.0,0.004182700351346829,2.329764095700184,0.42922800718132853,,False,202412,0,0.0
E1,M04,104-1,A,202407,8.0,2485.0,0.0034120635402054822,8.478977897410623,0.9435099485803712,,False,202412,5,0.0
E1,M04,104-1,A,202408,6.0,2530.0,0.0033448544988293008,8.462481882038132,0.7090118577075099,,False,202412,4,0.0
E1,M04,104-1,A,202409,6.0,2574.0,0.003462351483344267,8.912092718128143,0.6732425469267574,,False,202412,3,0.0
E1,M04,104-1,A,202410,8.0,2618.0,0.0033608638135078123,8.798741463763452,0.9092209417616176,,False,202412,2,0.0
E1,M04,104-1,A,202412,6.0,2706.0,0.0032381411691756517,8.762410003789313,0.684743124026985,,False,202412,0,0.0
E1,M04,104-1,B,202406,2.0,1723.0,0.002685667306111263,4.627404768429707,0.4322077060655951,,False,202412,6,0.0
E1,M04,104-1,B,202407,1.0,1754.0,0.002631720285729631,4.616037381169773,0.21663602727293882,,False,202412,5,0.0
E1,M04,104-1,B,202408,2.0,1786.0,0.0024745959037540148,4.419628284104671,0.452526744657025,,False,202412,4,0.0
E1,M04,104-1,B,202409,3.0,1817.0,0.0023234200743494425,4.221654275092937,0.7106219042377545,,False,202412,3,0.0
E1,M04,104-1,C,202404,3.0,1384.0,0.0024005486968449933,3.322359396433471,0.9029727497935589,,False,202412,8,0.0
E1,M04,104-1,C,202405,3.0,1410.0,0.0024174053182917004,3.4085414987912976,0.8801418439716311,,False,202412,7,0.0
E1,M04,104-1,C,202406,3.0,1436.0,0.002565114443567482,3.6835043409629042,0.8144418255838869,,False,202412,6,0.0
E1,M04,104-1,C,202408,3.0,1488.0,0.002843062926459439,4.2304776345716455,0.7091397849462365,,False,202412,4,0.0
E1,M04,104-1,C,202409,4.0,1514.0,0.0027881040892193307,4.221189591078066,0.9476001761338618,,False,202412,3,0.0
E1,M04,104-1,C,202411,4.0,1566.0,0.002863278453829635,4.483894058697208,0.8920817369093231,,False,202412,1,0.0
E1,M04,104-1,D,202404,3.0,1038.0,0.0033836305441243713,3.5122085048010976,0.8541634119668802,,False,202412,8,0.0
E1,M04,104-1,D,202406,3.0,1077.0,0.0031570639305445935,3.4001578531965273,0.8823119777158774,,False,202412,6,0.0
E1,M04,104-1,D,202408,2.0,1116.0,0.003453794962513689,3.854435178165277,0.518882769472856,,False,202412,4,0.0
E1,M04,104-1,D,202409,2.0,1136.0,0.0031391986782321355,3.566129698471706,0.5608320978502594,,False,202412,3,0.0
E1,M04,104-1,E,202404,2.0,484.0,0.0029394473838918285,1.422692533803645,1.405785123966942,,False,202412,8,0.0
E1,M04,104-1,E,202405,0.0,494.0,0.0030698388334612432,1.516500383729854,0.0,,False,202412,7,0.0
E1,M04,104-1,E,202406,0.0,503.0,0.002818489289740699,1.4177001127395714,0.0,,False,202412,6,0.0
E1,M04,104-1,E,202407,2.0,512.0,0.002577319587628866,1.3195876288659794,1.515625,,False,202412,5,0.0
E1,M04,104-1,E,202410,1.0,539.0,0.0034728251432540372,1.871852752213926,0.534230055658627,,False,202412,2,0.0
E1,M04,104-2,A,202405,6.0,2397.0,0.0031599320614606784,7.574357151321246,0.7921464330413017,,False,202412,7,0.0
E1,M04,104-2,A,202406,6.0,2441.0,0.0030564475567764152,7.4607884860912295,0.8042045436867024,,False,202412,6,0.0
E1,M04,104-2,A,202409,7.0,2574.0,0.0031343392375537574,8.067789197463371,0.8676478560199491,,False,202412,3,0.0
E1,M04,104-2,A,202410,7.0,2618.0,0.0030390789802996173,7.956308770424398,0.8798049701163888,,False,202412,2,0.0
E1,M04,104-2,A,202412,6.0,2706.0,0.0030314513073133762,8.203107237589997,0.7314301552106429,,False,202412,0,0.0
E1,M04,104-2,B,202404,4.0,1661.0,0.003143575674439872,5.221479195244627,0.7660664440917301,,False,202412,8,0.0
E1,M04,104-2,B,202405,3.0,1692.0,0.003133568350959655,5.301997649823736,0.5658244680851064,,False,202412,7,0.0
E1,M04,104-2,B,202409,5.0,1817.0,0.0032527881040892194,5.9103159851301115,0.8459784574258983,,False,202412,3,0.0
E1,M04,104-2,B,202411,6.0,1879.0,0.0032310980762539146,6.071233285281106,0.9882670815081671,,False,202412,1,0.0
E1,M04,104-2,C,202405,4.0,1410.0,0.0032232070910556,4.544721998388396,0.8801418439716313,,False,202412,7,0.0
E1,M04,104-2,C,202406,2.0,1436.0,0.0031570639305445935,4.533543804262036,0.4411559888579387,,False,202412,6,0.0
E1,M04,104-2,C,202407,3.0,1462.0,0.003158030420211395,4.617040474349059,0.649766883497585,,False,202412,5,0.0
E1,M04,104-2,C,202409,5.0,1514.0,0.0036555142503097893,5.534448574969021,0.9034323713140631,,False,202412,3,0.0
E1,M04,104-2,C,202410,3.0,1540.0,0.003525407245319718,5.429127157792366,0.5525750111957008,,False,202412,2,0.0
E1,M04,104-2,C,202411,2.0,1566.0,0.0035194464328322595,5.511453113815318,0.3628807065393857,,False,202412,1,0.0
E1,M04,104-2,D,202406,2.0,1077.0,0.0028939752696658773,3.11681136543015,0.64168143833882,,False,202412,6,0.0
E1,M04,104-2,D,202408,2.0,1116.0,0.003032600454890068,3.384382107657316,0.5909498207885305,,False,202412,4,0.0
E1,M04,104-2,E,202404,0.0,484.0,0.0031354105428179502,1.517538702723888,0.0,,False,202412,8,0.0
E1,M04,104-2,E,202405,0.0,494.0,0.002686108979278588,1.3269378357636223,0.0,,False,202412,7,0.0
E1,M04,104-2,E,202407,2.0,512.0,0.002761413843888071,1.4138438880706923,1.4145833333333333,,False,202412,5,0.0
E1,M04,104-2,E,202408,1.0,521.0,0.0028875654214040787,1.504421584551525,0.6647072936660269,,False,202412,4,0.0
E1,M04,104-2,E,202409,0.0,530.0,0.002831858407079646,1.5008849557522124,0.0,,False,202412,3,0.0
E1,M04,104-2,E,202411,1.0,548.0,0.0027266530334014998,1.494205862304022,0.6692518248175182,,False,202412,1,0.0
E1,M04,104-2,E,202412,1.0,557.0,0.002676928224861971,1.4910490212481178,0.6706687612208259,,False,202412,0,0.0
E1,M04,105-0,A,202404,0.0,2353.0,0.0002420721374969741,0.56959573953038,0.0,,False,202412,8,0.0
E1,M04,105-0,A,202405,1.0,2397.0,0.0002369949046095509,0.5680767863490935,1.760325406758448,,False,202412,7,0.0
E1,M04,105-0,A,202406,2.0,2441.0,0.00027082446705613804,0.6610825240840329,3.025340902440452,,False,202412,6,0.0
E1,M04,105-0,A,202407,0.0,2485.0,0.0003412063540205482,0.8478977897410623,0.0,,False,202412,5,0.0
E1,M04,105-0,A,202408,2.0,2530.0,0.0003344854498829301,0.8462481882038131,2.363372859025033,,False,202412,4,0.0
E1,M04,105-0,A,202409,0.0,2574.0,0.0003280122457905095,0.8443035206647714,0.0,,False,202412,3,0.0
E1,M04,105-0,A,202410,0.0,2618.0,0.0003217848332081948,0.842432693339054,0.0,,False,202412,2,0.0
E1,M04,105-0,A,202411,0.0,2662.0,0.00028071160391592687,0.7472542896241974,0.0,,False,202412,1,0.0
E1,M04,105-0,A,202412,0.0,2706.0,0.0002755864824830342,0.7457370215990905,0.0,,False,202412,0,0.0
E1,M04,105-0,B,202404,0.0,1661.0,,,,,False,202412,8,0.0
E1,M04,105-0,B,202405,1.0,1692.0,,,,,False,202412,7,0.0
E1,M04,105-0,B,202406,0.0,1723.0,,,,,False,202412,6,0.0
E1,M04,105-0,B,202407,1.0,1754.0,,,,,False,202412,5,0.0
E1,M04,105-0,B,202408,1.0,1786.0,0.000157952930026852,0.28210393302795767,3.5447928331466967,,False,202412,4,0.0
E1,M04,105-0,B,202409,2.0,1817.0,0.00015489467162329616,0.28144361833952913,7.106219042377545,,False,202412,3,0.0
E1,M04,105-0,B,202410,0.0,1848.0,0.00025325431798612166,0.46801397963835284,0.0,,False,202412,2,0.0
E1,M04,105-0,B,202411,1.0,1879.0,0.00024854600586568575,0.4670179450216235,2.1412453432676957,,False,202412,1,0.0
E1,M04,105-0,C,202404,1.0,1384.0,,,,,False,202412,8,0.0
E1,M04,105-0,C,202405,0.0,1410.0,,,,,False,202412,7,0.0
E1,M04,105-0,C,202406,1.0,1436.0,,,,,False,202412,6,0.0
E1,M04,105-0,C,202407,0.0,1462.0,,,,,False,202412,5,0.0
E1,M04,105-0,C,202408,1.0,1488.0,,,,,False,202412,4,0.0
E1,M04,105-0,C,202409,0.0,1514.0,0.0001858736059479554,0.28141263940520445,0.0,,False,202412,3,0.0
E1,M04,105-0,C,202410,0.0,1540.0,0.00018234865061998541,0.28081692195477753,0.0,,False,202412,2,0.0
E1,M04,105-0,C,202411,0.0,1566.0,0.00017895490336435218,0.2802433786685755,0.0,,False,202412,1,0.0
E1,M04,105-0,D,202404,0.0,1038.0,0.0003657978966620942,0.3796982167352538,0.0,,False,202412,8,0.0
E1,M04,105-0,D,202405,0.0,1058.0,0.0003581341212284,0.3789059002596472,0.0,,False,202412,7,0.0
E1,M04,105-0,D,202406,0.0,1077.0,0.0003507848811716215,0.37779531702183633,0.0,,False,202412,6,0.0
E1,M04,105-0,D,202407,0.0,1096.0,0.0002577984016499098,0.2825470482083011,0.0,,False,202412,5,0.0
E1,M04,105-0,D,202408,0.0,1116.0,0.00025271670457417233,0.28203184230477635,0.0,,False,202412,4,0.0
E1,M04,105-0,D,202409,0.0,1136.0,0.00024783147459727387,0.2815365551425031,0.0,,False,202412,3,0.0
E1,M04,105-0,E,202404,0.0,484.0,0.0005878894767783657,0.284538506760729,0.0,,False,202412,8,0.0
E1,M04,105-0,E,202405,0.0,494.0,0.0005755947812739831,0.28434382194934765,0.0,,False,202412,7,0.0
E1,M04,105-0,E,202406,0.0,503.0,0.0005636978579481398,0.2835400225479143,0.0,,False,202412,6,0.0
E1,M04,105-0,E,202407,0.0,512.0,,,,,False,202412,5,0.0
E1,M04,105-0,E,202408,0.0,521.0,,,,,False,202412,4,0.0
E1,M04,105-0,E,202409,0.0,530.0,,,,,False,202412,3,0.0
E1,M04,105-0,E,202410,0.0,539.0,,,,,False,202412,2,0.0
E1,M04,105-0,E,202411,0.0,548.0,,,,,False,202412,1,0.0
E1,M04,105-0,E,202412,0.0,557.0,,,,,False,202412,0,0.0
E1,M05,100-0,A,202405,1.0,2353.0,0.0016138142499798273,3.7973049302025337,0.2633446663833404,,False,202412,7,0.0
E1,M05,100-0,A,202406,3.0,2397.0,0.0015404668799620807,3.6924991112691075,0.8124578800423607,,False,202412,6,0.0
E1,M05,100-0,A,202409,2.0,2530.0,0.0014122718995057048,3.573047905749433,0.5597462034532973,,False,202412,3,0.0
E1,M05,100-0,A,202410,1.0,2574.0,0.001312048983162038,3.3772140826590857,0.2961020461020461,,False,202412,2,0.0
E1,M05,100-0,A,202411,0.0,2618.0,0.0011798777217633808,3.088919875576531,0.0,,False,202412,1,0.0
E1,M05,100-0,B,202404,0.0,1630.0,0.0016354184919105193,2.6657321418141464,0.0,,False,202412,8,0.0
E1,M05,100-0,B,202405,0.0,1661.0,0.0014860539551897576,2.4683356195701873,0.0,,False,202412,7,0.0
E1,M05,100-0,B,202409,0.0,1786.0,0.00157952930026852,2.821039330279577,0.0,,False,202412,3,0.0
E1,M05,100-0,B,202410,2.0,1817.0,0.0014456836018174309,2.626807104502272,0.7613806116833084,,False,202412,2,0.0
E1,M05,100-0,C,202404,0.0,1358.0,0.0009812167087188113,1.3324922904401457,0.0,,False,202412,8,0.0
E1,M05,100-0,C,202405,1.0,1384.0,0.0008916323731138546,1.2340192043895748,0.8103601600711428,,False,202412,7,0.0
E1,M05,100-0,C,202406,0.0,1410.0,0.0006715014773032501,0.9468170829975826,0.0,,False,202412,6,0.0
E1,M05,100-0,C,202409,2.0,1488.0,0.0008845084660096032,1.3161485974222895,1.5195852534562213,,False,202412,3,0.0
E1,M05,100-0,C,202410,1.0,1514.0,0.0009913258983890955,1.5008674101610906,0.6662813738441214,,False,202412,2,0.0
E1,M05,100-0,C,202411,2.0,1540.0,0.0009117432530999271,1.4040846097738877,1.4244155844155844,,False,202412,1,0.0
E1,M05,100-0,D,202404,2.0,1018.0,0.0010279413138958977,1.0464442575460238,1.9112341489551705,,False,202412,8,0.0
E1,M05,100-0,D,202405,1.0,1038.0,0.001188843164151806,1.2340192043895746,0.8103601600711429,,False,202412,7,0.0
E1,M05,100-0,D,202406,0.0,1058.0,0.0012534694242994002,1.3261706509087654,0.0,,False,202412,6,0.0
E1,M05,100-0,D,202407,0.0,1077.0,0.0010523546435148646,1.133385951065509,0.0,,False,202412,5,0.0
E1,M05,100-0,D,202408,2.0,1096.0,0.0008593280054996992,0.9418234940276704,2.1235401459854013,,False,202412,4,0.0
E1,M05,100-0,D,202409,2.0,1116.0,0.0009266279167719653,1.0341167551175132,1.934017595307918,,False,202412,3,0.0
E1,M05,100-0,E,202404,0.0,475.0,0.0016019223067681217,0.7609130957148579,0.0,,False,202412,8,0.0
E1,M05,100-0,E,202405,0.0,484.0,0.0013717421124828531,0.6639231824417009,0.0,,False,202412,7,0.0
E1,M05,100-0,E,202406,1.0,494.0,0.001343054489639294,0.6634689178818112,1.5072296124927704,,False,202412,6,0.0
E1,M05,100-0,E,202407,1.0,503.0,0.0013152950018789928,0.6615933859451334,1.511502414086907,,False,202412,5,0.0
E1,M05,100-0,E,202408,0.0,512.0,0.0014727540500736377,0.7540500736377025,0.0,,False,202412,4,0.0
E1,M05,100-0,E,202409,1.0,521.0,0.0012633098718642843,0.6581844432412921,1.5193309569509188,,False,202412,3,0.0
E1,M05,100-0,E,202410,0.0,530.0,0.001238938053097345,0.6566371681415929,0.0,,False,202412,2,0.0
E1,M05,100-0,E,202411,1.0,539.0,0.0010418475429762111,0.5615558256641778,1.7807668521954236,,False,202412,1,0.0
E1,M05,100-0,E,202412,1.0,548.0,0.0008520790729379687,0.4669393319700068,2.1416058394160586,,False,202412,0,0.0
E1,M05,101-0,A,202404,0.0,2309.0,0.0006184291898577613,1.427952999381571,0.0,,False,202412,8,0.0
E1,M05,101-0,A,202406,0.0,2397.0,0.0007109847138286527,1.7042303590472805,0.0,,False,202412,6,0.0
E1,M05,101-0,A,202408,2.0,2485.0,0.0007582363422678848,1.8842173105356939,1.0614486921529176,,False,202412,4,0.0
E1,M05,101-0,A,202409,1.0,2530.0,0.0007433009997398446,1.880551529341807,0.5317588932806324,,False,202412,3,0.0
E1,M05,101-0,A,202412,2.0,2662.0,0.0008421348117477807,2.241762868872592,0.8921550212872527,,False,202412,0,0.0
E1,M05,101-0,B,202405,0.0,1661.0,0.000800182898948331,1.329103795153178,0.0,,False,202412,7,0.0
E1,M05,101-0,B,202406,2.0,1692.0,0.0006714789323484975,1.136142353533658,1.7603427895981087,,False,202412,6,0.0
E1,M05,101-0,B,202407,2.0,1723.0,0.000712523979172376,1.2276788161140038,1.6290905844010894,,False,202412,5,0.0
E1,M05,101-0,B,202408,0.0,1754.0,0.0007519200816370374,1.3188678231913635,0.0,,False,202412,4,0.0
E1,M05,101-0,B,202409,2.0,1786.0,0.0006844626967830253,1.2224503764544832,1.6360582306830909,,False,202412,3,0.0
E1,M05,101-0,B,202411,0.0,1848.0,0.0008104138175555894,1.497644734842729,0.0,,False,202412,1,0.0
E1,M05,101-0,C,202404,0.0,1358.0,0.0007709559854219231,1.0469582282029717,0.0,,False,202412,8,0.0
E1,M05,101-0,C,202405,0.0,1384.0,0.0006172839506172839,0.854320987654321,0.0,,False,202412,7,0.0
E1,M05,101-0,C,202406,2.0,1410.0,0.00047005103411227505,0.6627719580983078,3.017629179331307,,False,202412,6,0.0
E1,M05,101-0,C,202407,1.0,1436.0,0.00046040515653775324,0.6611418047882136,1.5125348189415042,,False,202412,5,0.0
E1,M05,101-0,C,202408,0.0,1462.0,0.0003866976024748647,0.5653518948182522,0.0,,False,202412,4,0.0
E1,M05,101-0,C,202409,1.0,1488.0,0.00031589588071771546,0.4700530705079606,2.1274193548387097,,False,202412,3,0.0
E1,M05,101-0,C,202410,0.0,1514.0,0.0003717472118959108,0.5628252788104089,0.0,,False,202412,2,0.0
E1,M05,101-0,C,202411,2.0,1540.0,0.00036469730123997083,0.5616338439095551,3.5610389610389612,,False,202412,1,0.0
E1,M05,101-0,D,202404,0.0,1018.0,0.0007475936828333801,0.761050369124381,0.0,,False,202412,8,0.0
E1,M05,101-0,D,202405,1.0,1038.0,0.0006401463191586648,0.6644718792866942,1.504954582989265,,False,202412,7,0.0
E1,M05,101-0,D,202406,1.0,1058.0,0.0005372011818426001,0.5683588503894709,1.7594517958412097,,False,202412,6,0.0
E1,M05,101-0,D,202407,1.0,1077.0,0.0005261773217574323,0.5666929755327546,1.7646239554317549,,False,202412,5,0.0
E1,M05,101-0,D,202408,1.0,1096.0,0.0006015296038497895,0.6592764458193693,1.5168143899895723,,False,202412,4,0.0
E1,M05,101-0,D,202409,0.0,1116.0,0.0005896723106730688,0.6580742987111449,0.0,,False,202412,3,0.0
E1,M05,101-0,E,202404,0.0,475.0,,,,,False,202412,8,0.0
E1,M05,101-0,E,202405,1.0,484.0,,,,,False,202412,7,0.0
E1,M05,101-0,E,202406,0.0,494.0,,,,,False,202412,6,0.0
E1,M05,101-0,E,202407,0.0,503.0,,,,,False,202412,5,0.0
E1,M05,101-0,E,202408,0.0,512.0,,,,,False,202412,4,0.0
E1,M05,101-0,E,202409,1.0,521.0,,,,,False,202412,3,0.0
E1,M05,101-0,E,202410,0.0,530.0,,,,,False,202412,2,0.0
E1,M05,101-0,E,202411,1.0,539.0,,,,,False,202412,1,0.0
E1,M05,101-0,E,202412,0.0,548.0,0.0005112474437627812,0.2801635991820041,0.0,,False,202412,0,0.0
E1,M05,102-0,A,202405,0.0,2353.0,0.0011296699749858792,2.658113451141774,0.0,,False,202412,7,0.0
E1,M05,102-0,A,202406,1.0,2397.0,0.001066477070742979,2.556345538570921,0.39118342372409953,,False,202412,6,0.0
E1,M05,102-0,A,202408,2.0,2485.0,0.0010236190620616446,2.543693369223187,0.7862582904836426,,False,202412,4,0.0
E1,M05,102-0,A,202410,2.0,2574.0,0.0010204825424593629,2.6267220642904,0.7614052614052614,,False,202412,2,0.0
E1,M05,102-0,A,202411,2.0,2618.0,0.0009653544996245844,2.527298080017162,0.7913589678295561,,False,202412,1,0.0
E1,M05,102-0,B,202404,2.0,1630.0,0.0012265638689328894,1.9992991063606096,1.0003505696757231,,False,202412,8,0.0
E1,M05,102-0,B,202405,1.0,1661.0,0.001257430269775949,2.0885916780978513,0.47879152755733123,,False,202412,7,0.0
E1,M05,102-0,B,202406,1.0,1692.0,0.0011750881316098707,1.9882491186839013,0.5029550827423168,,False,202412,6,0.0
E1,M05,102-0,B,202409,2.0,1786.0,0.0011583214868635813,2.0687621755383563,0.9667616817672808,,False,202412,3,0.0
E1,M05,102-0,B,202410,2.0,1817.0,0.0011875258157786038,2.157734407269723,0.9268981359622886,,False,202412,2,0.0
E1,M05,102-0,B,202411,1.0,1848.0,0.0011143189991389354,2.059261510408753,0.4856109799291617,,False,202412,1,0.0
E1,M05,102-0,C,202404,0.0,1358.0,0.00112139052425007,1.5228483319315953,0.0,,False,202412,8,0.0
E1,M05,102-0,C,202409,1.0,1488.0,0.001516300227445034,2.256254738438211,0.44321236559139787,,False,202412,3,0.0
E1,M05,102-0,C,202410,2.0,1514.0,0.001486988847583643,2.2513011152416356,0.8883751651254954,,False,202412,2,0.0
E1,M05,102-0,C,202411,1.0,1540.0,0.0014587892049598833,2.2465353756382203,0.44512987012987015,,False,202412,1,0.0
E1,M05,102-0,D,202404,0.0,1018.0,0.0008410428931875525,0.8561816652649284,0.0,,False,202412,8,0.0
E1,M05,102-0,D,202405,2.0,1038.0,0.0008230452674897119,0.854320987654321,2.341040462427746,,False,202412,7,0.0
E1,M05,102-0,D,202406,1.0,1058.0,0.0009848688333781,1.04199122571403,0.9597009795497508,,False,202412,6,0.0
E1,M05,102-0,D,202407,0.0,1077.0,0.0009646584232219592,1.03893712181005,0.0,,False,202412,5,0.0
E1,M05,102-0,D,202408,0.0,1096.0,0.0009452608060496691,1.0360058434304373,0.0,,False,202412,4,0.0
E1,M05,102-0,D,202409,2.0,1116.0,0.0008423890152472412,0.9401061410159212,2.1274193548387097,,False,202412,3,0.0
E1,M05,102-0,E,202404,1.0,475.0,0.0008009611533840609,0.38045654785742894,2.628421052631579,,False,202412,8,0.0
E1,M05,102-0,E,202405,0.0,484.0,0.0007838526357044876,0.379384675680972,0.0,,False,202412,7,0.0
E1,M05,102-0,E,202406,0.0,494.0,0.0005755947812739831,0.28434382194934765,0.0,,False,202412,6,0.0
E1,M05,102-0,E,202407,1.0,503.0,0.0005636978579481398,0.2835400225479143,3.5268389662027833,,False,202412,5,0.0
E1,M05,102-0,E,202408,1.0,512.0,0.0005522827687776141,0.28276877761413843,3.5364583333333335,,False,202412,4,0.0
E1,M05,102-0,E,202409,0.0,521.0,0.0007218913553510197,0.37610539613788124,0.0,,False,202412,3,0.0
E1,M05,102-0,E,202410,2.0,530.0,0.0007079646017699115,0.3752212389380531,5.330188679245283,,False,202412,2,0.0
E1,M05,102-0,E,202411,0.0,539.0,0.0010418475429762111,0.5615558256641778,0.0,,False,202412,1,0.0
E1,M05,102-0,E,202412,0.0,548.0,0.0010224948875255625,0.5603271983640082,0.0,,False,202412,0,0.0
E1,M05,103-0,A,202404,1.0,2309.0,0.0005772005772005772,1.3327561327561328,0.7503248159376353,,False,202412,8,0.0
E1,M05,103-0,A,202405,1.0,2353.0,0.0005244896312434439,1.2341241023158234,0.810291281179509,,False,202412,7,0.0
E1,M05,103-0,A,202406,1.0,2397.0,0.0005134889599873603,1.2308330370897027,0.8124578800423605,,False,202412,6,0.0
E1,M05,103-0,A,202407,1.0,2441.0,0.0005416489341122761,1.3221650481680658,0.756335225610113,,False,202412,5,0.0
E1,M05,103-0,A,202408,2.0,2485.0,0.0005307654395875195,1.3189521173749859,1.5163552745041677,,False,202412,4,0.0
E1,M05,103-0,A,202410,2.0,2574.0,0.000656024491581019,1.6886070413295429,1.1844081844081844,,False,202412,2,0.0
E1,M05,103-0,A,202411,0.0,2618.0,0.0007150774071293217,1.8720726518645643,0.0,,False,202412,1,0.0
E1,M05,103-0,A,202412,1.0,2662.0,0.0005965121583213446,1.5879153654514195,0.6297564856145312,,False,202412,0,0.0
E1,M05,103-0,B,202404,0.0,1630.0,0.0009345248525202967,1.5232755096080837,0.0,,False,202412,8,0.0
E1,M05,103-0,B,202405,1.0,1661.0,0.0009144947416552355,1.5189757658893461,0.6583383503913305,,False,202412,7,0.0
E1,M05,103-0,B,202406,2.0,1692.0,0.0008953052431313301,1.5148564713782104,1.3202570921985817,,False,202412,6,0.0
E1,M05,103-0,B,202407,1.0,1723.0,0.0009865716634694438,1.6998629761578516,0.5882827110337266,,False,202412,5,0.0
E1,M05,103-0,B,202408,0.0,1754.0,0.000966754390676191,1.6956872012460389,0.0,,False,202412,4,0.0
E1,M05,103-0,B,202409,1.0,1786.0,0.0008950666034854947,1.5985889538250935,0.6255516764376523,,False,202412,3,0.0
E1,M05,103-0,B,202410,2.0,1817.0,0.0007228418009087154,1.313403552251136,1.5227612233666168,,False,202412,2,0.0
E1,M05,103-0,B,202411,1.0,1848.0,0.0007091120903611407,1.310439142987388,0.7631029684601113,,False,202412,1,0.0
E1,M05,103-0,C,202404,1.0,1358.0,0.000560695262125035,0.7614241659657977,1.3133284241531664,,False,202412,8,0.0
E1,M05,103-0,C,202405,0.0,1384.0,0.0006172839506172839,0.854320987654321,0.0,,False,202412,7,0.0
E1,M05,103-0,C,202406,2.0,1410.0,0.0006043513295729251,0.8521353746978244,2.347044917257683,,False,202412,6,0.0
E1,M05,103-0,C,202407,0.0,1436.0,0.0006577216521967903,0.9444882925545909,0.0,,False,202412,5,0.0
E1,M05,103-0,C,202408,1.0,1462.0,0.0006444960041247745,0.9422531580304203,1.061285909712722,,False,202412,4,0.0
E1,M05,103-0,C,202409,0.0,1488.0,0.0005686125852918878,0.846095526914329,0.0,,False,202412,3,0.0
E1,M05,103-0,C,202410,1.0,1514.0,0.0005576208178438662,0.8442379182156134,1.1845002201673271,,False,202412,2,0.0
E1,M05,103-0,C,202411,0.0,1540.0,0.00042548018477996596,0.6552394845611476,0.0,,False,202412,1,0.0
E1,M05,103-0,D,202404,2.0,1018.0,0.00112139052425007,1.1415755536865713,1.7519646365422399,,False,202412,8,0.0
E1,M05,103-0,D,202405,0.0,1038.0,0.0012802926383173297,1.3289437585733883,0.0,,False,202412,7,0.0
E1,M05,103-0,D,202406,0.0,1058.0,0.0012534694242994002,1.3261706509087654,0.0,,False,202412,6,0.0
E1,M05,103-0,D,202407,0.0,1077.0,0.0010523546435148646,1.133385951065509,0.0,,False,202412,5,0.0
E1,M05,103-0,D,202408,1.0,1096.0,0.0010311936065996391,1.1301881928332045,0.8848083941605839,,False,202412,4,0.0
E1,M05,103-0,D,202409,2.0,1116.0,0.0010951057198214135,1.2221379833206976,1.6364764267990073,,False,202412,3,0.0
E1,M05,103-0,E,202404,0.0,475.0,0.0008009611533840609,0.38045654785742894,0.0,,False,202412,8,0.0
E1,M05,103-0,E,202405,1.0,484.0,0.0007838526357044876,0.379384675680972,2.6358471074380163,,False,202412,7,0.0
E1,M05,103-0,E,202406,1.0,494.0,0.0009593246354566385,0.47390636991557944,2.1101214574898783,,False,202412,6,0.0
E1,M05,103-0,E,202407,1.0,503.0,0.0011273957158962795,0.5670800450958287,1.7634194831013916,,False,202412,5,0.0
E1,M05,103-0,E,202408,2.0,512.0,0.0009204712812960235,0.47128129602356406,4.24375,,False,202412,4,0.0
E1,M05,103-0,E,202409,0.0,521.0,0.0010828370330265296,0.564158094206822,0.0,,False,202412,3,0.0
E1,M05,103-0,E,202410,0.0,530.0,0.0008849557522123894,0.4690265486725664,0.0,,False,202412,2,0.0
E1,M05,103-0,E,202411,0.0,539.0,0.0008682062858135093,0.4679631880534815,0.0,,False,202412,1,0.0
E1,M05,103-0,E,202412,1.0,548.0,0.0008520790729379687,0.4669393319700068,2.1416058394160586,,False,202412,0,0.0
E1,M05,103-1,A,202404,0.0,2309.0,0.000948258091115234,2.1895279323850754,0.0,,False,202412,8,0.0
E1,M05,103-1,A,202405,1.0,2353.0,0.0007262164124909223,1.7087872185911401,0.5852103697407565,,False,202412,7,0.0
E1,M05,103-1,A,202409,2.0,2530.0,0.0008919611996878136,2.2566618352101684,0.8862648221343873,,False,202412,3,0.0
E1,M05,103-1,A,202410,1.0,2574.0,0.0008382535170201909,2.1576645528099716,0.46346407215972435,,False,202412,2,0.0
E1,M05,103-1,A,202411,1.0,2618.0,0.0008580928885551861,2.2464871822374772,0.44513941940412527,,False,202412,1,0.0
E1,M05,103-1,A,202412,1.0,2662.0,0.0008421348117477807,2.241762868872592,0.44607751064362633,,False,202412,0,0.0
E1,M05,103-1,B,202404,0.0,1630.0,0.0009345248525202967,1.5232755096080837,0.0,,False,202412,8,0.0
E1,M05,103-1,B,202406,0.0,1692.0,0.0008953052431313301,1.5148564713782104,0.0,,False,202412,6,0.0
E1,M05,103-1,B,202407,0.0,1723.0,0.0007673335160317895,1.3221156481227734,0.0,,False,202412,5,0.0
E1,M05,103-1,B,202408,0.0,1754.0,0.0006982115043772491,1.2246629786776948,0.0,,False,202412,4,0.0
E1,M05,103-1,B,202409,1.0,1786.0,0.0005791607434317906,1.0343810877691781,0.9667616817672808,,False,202412,3,0.0
E1,M05,103-1,B,202410,0.0,1817.0,0.0006195786864931846,1.1257744733581165,0.0,,False,202412,2,0.0
E1,M05,103-1,B,202411,1.0,1848.0,0.0005065086359722433,0.9360279592767057,1.0683441558441558,,False,202412,1,0.0
E1,M05,103-1,C,202404,0.0,1358.0,0.0004906083543594057,0.6662461452200729,0.0,,False,202412,8,0.0
E1,M05,103-1,C,202405,0.0,1384.0,0.00048010973936899864,0.6644718792866942,0.0,,False,202412,7,0.0
E1,M05,103-1,C,202406,0.0,1410.0,0.00040290088638195,0.5680902497985495,0.0,,False,202412,6,0.0
E1,M05,103-1,C,202407,2.0,1436.0,0.0003946329913180742,0.5666929755327546,3.5292479108635098,,False,202412,5,0.0
E1,M05,103-1,C,202408,0.0,1462.0,0.0005155968032998196,0.7538025264243362,0.0,,False,202412,4,0.0
E1,M05,103-1,C,202409,2.0,1488.0,0.0004422542330048016,0.6580742987111448,3.0391705069124426,,False,202412,3,0.0
E1,M05,103-1,C,202410,2.0,1514.0,0.0005576208178438662,0.8442379182156134,2.3690004403346543,,False,202412,2,0.0
E1,M05,103-1,C,202411,0.0,1540.0,0.0005470459518599562,0.8424507658643325,0.0,,False,202412,1,0.0
E1,M05,103-1,D,202404,1.0,1018.0,0.0008410428931875525,0.8561816652649284,1.1679764243614932,,False,202412,8,0.0
E1,M05,103-1,D,202405,0.0,1038.0,0.0009144947416552355,0.9492455418381344,0.0,,False,202412,7,0.0
E1,M05,103-1,D,202406,0.0,1058.0,0.0008058017727639,0.8525382755842063,0.0,,False,202412,6,0.0
E1,M05,103-1,D,202407,0.0,1077.0,0.0006138735420503376,0.6611418047882136,0.0,,False,202412,5,0.0
E1,M05,103-1,D,202408,1.0,1096.0,0.0005155968032998196,0.5650940964166022,1.7696167883211678,,False,202412,4,0.0
E1,M05,103-1,D,202409,0.0,1116.0,0.0005896723106730688,0.6580742987111449,0.0,,False,202412,3,0.0
E1,M05,103-1,E,202404,0.0,475.0,0.001001201441730076,0.47557068482178616,0.0,,False,202412,8,0.0
E1,M05,103-1,E,202405,1.0,484.0,0.0009798157946306093,0.4742308446012149,2.1086776859504135,,False,202412,7,0.0
E1,M05,103-1,E,202406,0.0,494.0,0.0011511895625479663,0.5686876438986953,0.0,,False,202412,6,0.0
E1,M05,103-1,E,202407,1.0,503.0,0.0009394964299135663,0.47256670424652386,2.11610337972167,,False,202412,5,0.0
E1,M05,103-1,E,202408,0.0,512.0,0.0009204712812960235,0.47128129602356406,0.0,,False,202412,4,0.0
E1,M05,103-1,E,202409,0.0,521.0,0.0009023641941887746,0.47013174517235157,0.0,,False,202412,3,0.0
E1,M05,103-1,E,202410,2.0,530.0,0.0008849557522123894,0.4690265486725664,4.264150943396226,,False,202412,2,0.0
E1,M05,103-1,E,202411,0.0,539.0,0.001215488800138913,0.6551484632748741,0.0,,False,202412,1,0.0
E1,M05,103-1,E,202412,1.0,548.0,0.0011929107021131562,0.6537150647580096,1.529718456725756,,False,202412,0,0.0
E1,M05,104-0,A,202405,0.0,2353.0,0.000887597837488905,2.0885177116113933,0.0,,False,202412,7,0.0
E1,M05,104-0,A,202407,1.0,2441.0,0.0010832978682245521,2.6443300963361316,0.3781676128050565,,False,202412,5,0.0
E1,M05,104-0,A,202408,2.0,2485.0,0.0010236190620616446,2.543693369223187,0.7862582904836426,,False,202412,4,0.0
E1,M05,104-0,A,202409,2.0,2530.0,0.0010406213996357824,2.6327721410785294,0.759655561829475,,False,202412,3,0.0
E1,M05,104-0,A,202411,1.0,2618.0,0.0010726161106939826,2.8081089777968464,0.3561115355233002,,False,202412,1,0.0
E1,M05,104-0,B,202405,2.0,1661.0,0.0009144947416552355,1.5189757658893461,1.316676700782661,,False,202412,7,0.0
E1,M05,104-0,B,202406,2.0,1692.0,0.0010072183985227463,1.7042135303004868,1.1735618597320725,,False,202412,6,0.0
E1,M05,104-0,B,202407,0.0,1723.0,0.0010413812003288573,1.794299808166621,0.0,,False,202412,5,0.0
E1,M05,104-0,B,202410,1.0,1817.0,0.0013424204874019,2.4391780256092526,0.40997417552178145,,False,202412,2,0.0
E1,M05,104-0,B,202411,2.0,1848.0,0.0012662715899306083,2.3400698981917643,0.8546753246753247,,False,202412,1,0.0
E1,M05,104-0,C,202404,2.0,1358.0,0.00112139052425007,1.5228483319315953,1.3133284241531664,,False,202412,8,0.0
E1,M05,104-0,C,202405,2.0,1384.0,0.0011659807956104253,1.6137174211248286,1.2393743624617477,,False,202412,7,0.0
E1,M05,104-0,C,202406,2.0,1410.0,0.001141552511415525,1.6095890410958904,1.2425531914893617,,False,202412,6,0.0
E1,M05,104-0,C,202407,0.0,1436.0,0.0011181268087345436,1.6056300973428046,0.0,,False,202412,5,0.0
E1,M05,104-0,C,202408,2.0,1462.0,0.0010956432070121165,1.6018303686517144,1.2485716584855557,,False,202412,4,0.0
E1,M05,104-0,C,202409,1.0,1488.0,0.0011372251705837756,1.692191053828658,0.5909498207885305,,False,202412,3,0.0
E1,M05,104-0,C,202410,1.0,1514.0,0.0010532837670384138,1.5946716232961584,0.6270883518532909,,False,202412,2,0.0
E1,M05,104-0,C,202411,1.0,1540.0,0.0010333090201799172,1.5912958910770725,0.6284186401833461,,False,202412,1,0.0
E1,M05,104-0,D,202404,0.0,1018.0,0.0012148397346042426,1.236706849827119,0.0,,False,202412,8,0.0
E1,M05,104-0,D,202405,1.0,1038.0,0.0010973936899862826,1.1390946502057613,0.8778901734104047,,False,202412,7,0.0
E1,M05,104-0,D,202406,1.0,1058.0,0.0010744023636852001,1.1367177007789417,0.8797258979206048,,False,202412,6,0.0
E1,M05,104-0,D,202407,1.0,1077.0,0.00114005086380777,1.2278347803209684,0.8144418255838868,,False,202412,5,0.0
E1,M05,104-0,D,202408,1.0,1096.0,0.001203059207699579,1.3185528916387386,0.7584071949947861,,False,202412,4,0.0
E1,M05,104-0,D,202409,2.0,1116.0,0.0011793446213461377,1.3161485974222897,1.519585253456221,,False,202412,3,0.0
E1,M05,104-0,E,202404,0.0,475.0,0.0014016820184221065,0.6657989587505005,0.0,,False,202412,8,0.0
E1,M05,104-0,E,202405,0.0,484.0,0.0011757789535567313,0.569077013521458,0.0,,False,202412,7,0.0
E1,M05,104-0,E,202406,0.0,494.0,0.0011511895625479663,0.5686876438986953,0.0,,False,202412,6,0.0
E1,M05,104-0,E,202407,0.0,503.0,0.0011273957158962795,0.5670800450958287,0.0,,False,202412,5,0.0
E1,M05,104-0,E,202408,0.0,512.0,0.0011045655375552283,0.5655375552282769,0.0,,False,202412,4,0.0
E1,M05,104-0,E,202409,0.0,521.0,0.0009023641941887746,0.47013174517235157,0.0,,False,202412,3,0.0
E1,M05,104-0,E,202410,0.0,530.0,0.0008849557522123894,0.4690265486725664,0.0,,False,202412,2,0.0
E1,M05,104-0,E,202411,1.0,539.0,0.0006945650286508074,0.37437055044278517,2.6711502782931356,,False,202412,1,0.0
E1,M05,104-0,E,202412,0.0,548.0,0.0008520790729379687,0.4669393319700068,0.0,,False,202412,0,0.0
E1,M05,104-1,A,202405,0.0,2353.0,0.0010489792624868877,2.4682482046316467,0.0,,False,202412,7,0.0
E1,M05,104-1,A,202406,0.0,2397.0,0.0009479796184382036,2.272307145396374,0.0,,False,202412,6,0.0
E1,M05,104-1,A,202407,2.0,2441.0,0.0008511626107478625,2.0776879328355324,0.9626084689583254,,False,202412,5,0.0
E1,M05,104-1,A,202408,2.0,2485.0,0.0007582363422678848,1.8842173105356939,1.0614486921529176,,False,202412,4,0.0
E1,M05,104-1,A,202409,2.0,2530.0,0.0008176310997138291,2.0686066822759877,0.9668343514193316,,False,202412,3,0.0
E1,M05,104-1,A,202411,2.0,2618.0,0.0009296006292681182,2.4336944474239335,0.821795851207616,,False,202412,1,0.0
E1,M05,104-1,B,202404,2.0,1630.0,0.0010513404590853338,1.7136849483090941,1.167075664621677,,False,202412,8,0.0
E1,M05,104-1,B,202406,1.0,1692.0,0.0011191315539141626,1.893570589222763,0.5281028368794327,,False,202412,6,0.0
E1,M05,104-1,B,202407,1.0,1723.0,0.0010961907371882709,1.8887366401753907,0.529454439930354,,False,202412,5,0.0
E1,M05,104-1,B,202408,2.0,1754.0,0.0010741715451957677,1.8840968902733766,1.0615165336374002,,False,202412,4,0.0
E1,M05,104-1,B,202409,2.0,1786.0,0.0011583214868635813,2.0687621755383563,0.9667616817672808,,False,202412,3,0.0
E1,M05,104-1,B,202410,1.0,1817.0,0.0012391573729863693,2.251548946716233,0.4441386901485966,,False,202412,2,0.0
E1,M05,104-1,B,202411,1.0,1848.0,0.0011649698627361597,2.152864306336423,0.4644974590626765,,False,202412,1,0.0
E1,M05,104-1,C,202404,2.0,1358.0,0.000560695262125035,0.7614241659657977,2.626656848306333,,False,202412,8,0.0
E1,M05,104-1,C,202405,0.0,1384.0,0.0006858710562414266,0.9492455418381344,0.0,,False,202412,7,0.0
E1,M05,104-1,C,202406,2.0,1410.0,0.0006715014773032501,0.9468170829975826,2.1123404255319147,,False,202412,6,0.0
E1,M05,104-1,C,202407,2.0,1436.0,0.0007892659826361484,1.133385951065509,1.7646239554317549,,False,202412,5,0.0
E1,M05,104-1,C,202408,2.0,1462.0,0.0009022944057746842,1.3191544212425883,1.5161227281610319,,False,202412,4,0.0
E1,M05,104-1,C,202409,0.0,1488.0,0.0009476876421531463,1.4101592115238817,0.0,,False,202412,3,0.0
E1,M05,104-1,C,202410,0.0,1514.0,0.0008674101610904585,1.313258983890954,0.0,,False,202412,2,0.0
E1,M05,104-1,C,202411,1.0,1540.0,0.0008509603695599319,1.3104789691222951,0.7630797773654917,,False,202412,1,0.0
E1,M05,104-1,D,202404,0.0,1018.0,0.0012148397346042426,1.236706849827119,0.0,,False,202412,8,0.0
E1,M05,104-1,D,202405,1.0,1038.0,0.001188843164151806,1.2340192043895746,0.8103601600711429,,False,202412,7,0.0
E1,M05,104-1,D,202406,2.0,1058.0,0.0011639358939923002,1.2314441758438537,1.6241093500072703,,False,202412,6,0.0
E1,M05,104-1,D,202407,0.0,1077.0,0.0013154433043935806,1.4167324388318863,0.0,,False,202412,5,0.0
E1,M05,104-1,D,202408,0.0,1096.0,0.001288992008249549,1.4127352410415057,0.0,,False,202412,4,0.0
E1,M05,104-1,D,202409,0.0,1116.0,0.0010951057198214135,1.2221379833206976,0.0,,False,202412,3,0.0
E1,M05,104-1,E,202404,2.0,475.0,0.002002402883460152,0.9511413696435723,2.102736842105263,,False,202412,8,0.0
E1,M05,104-1,E,202405,0.0,484.0,0.0019596315892612187,0.9484616892024298,0.0,,False,202412,7,0.0
E1,M05,104-1,E,202406,0.0,494.0,0.001343054489639294,0.6634689178818112,0.0,,False,202412,6,0.0
E1,M05,104-1,E,202407,0.0,503.0,0.0013152950018789928,0.6615933859451334,0.0,,False,202412,5,0.0
E1,M05,104-1,E,202408,0.0,512.0,0.0011045655375552283,0.5655375552282769,0.0,,False,202412,4,0.0
E1,M05,104-1,E,202409,0.0,521.0,0.0009023641941887746,0.47013174517235157,0.0,,False,202412,3,0.0
E1,M05,104-1,E,202410,0.0,530.0,0.0008849557522123894,0.4690265486725664,0.0,,False,202412,2,0.0
E1,M05,104-1,E,202411,1.0,539.0,0.0008682062858135093,0.4679631880534815,2.136920222634508,,False,202412,1,0.0
E1,M05,104-1,E,202412,0.0,548.0,0.0006816632583503749,0.3735514655760055,0.0,,False,202412,0,0.0
E1,M05,105-0,A,202404,0.0,2309.0,0.0002473716759431045,0.5711811997526284,0.0,,False,202412,8,0.0
E1,M05,105-0,A,202405,0.0,2353.0,0.0002420721374969741,0.56959573953038,0.0,,False,202412,7,0.0
E1,M05,105-0,A,202406,2.0,2397.0,0.0002369949046095509,0.5680767863490935,3.520650813516896,,False,202412,6,0.0
E1,M05,105-0,A,202407,1.0,2441.0,0.00027082446705613804,0.6610825240840329,1.512670451220226,,False,202412,5,0.0
E1,M05,105-0,A,202408,2.0,2485.0,0.00026538271979375974,0.6594760586874929,3.0327105490083355,,False,202412,4,0.0
E1,M05,105-0,A,202409,0.0,2530.0,0.0003344854498829301,0.8462481882038131,0.0,,False,202412,3,0.0
E1,M05,105-0,A,202410,2.0,2574.0,0.00021867483052700635,0.5628690137765143,3.553224553224553,,False,202412,2,0.0
E1,M05,105-0,A,202411,0.0,2618.0,0.0002860309628517287,0.7488290607458257,0.0,,False,202412,1,0.0
E1,M05,105-0,A,202412,1.0,2662.0,0.00024562265342643603,0.6538475034211727,1.5294086079210045,,False,202412,0,0.0
E1,M05,105-0,B,202404,0.0,1630.0,0.00023363121313007418,0.3808188774020209,0.0,,False,202412,8,0.0
E1,M05,105-0,B,202405,0.0,1661.0,0.00022862368541380886,0.37974394147233653,0.0,,False,202412,7,0.0
E1,M05,105-0,B,202406,0.0,1692.0,0.00022382631078283251,0.3787141178445526,0.0,,False,202412,6,0.0
E1,M05,105-0,B,202407,0.0,1723.0,0.00021923814743765414,0.3777473280350781,0.0,,False,202412,5,0.0
E1,M05,105-0,B,202408,2.0,1754.0,0.00021483430903915354,0.3768193780546753,5.307582668187002,,False,202412,4,0.0
E1,M05,105-0,B,202409,1.0,1786.0,0.00026325488337808665,0.47017322171326276,2.126875699888018,,False,202412,3,0.0
E1,M05,105-0,B,202410,0.0,1817.0,0.0002581577860388269,0.4690726972325485,0.0,,False,202412,2,0.0
E1,M05,105-0,B,202411,0.0,1848.0,0.00025325431798612166,0.46801397963835284,0.0,,False,202412,1,0.0
E1,M05,105-0,C,202404,1.0,1358.0,0.0002803476310625175,0.3807120829828988,2.626656848306333,,False,202412,8,0.0
E1,M05,105-0,C,202405,0.0,1384.0,0.0003429355281207133,0.4746227709190672,0.0,,False,202412,7,0.0
E1,M05,105-0,C,202406,0.0,1410.0,0.00033575073865162506,0.4734085414987913,0.0,,False,202412,6,0.0
E1,M05,105-0,C,202407,0.0,1436.0,0.00032886082609839514,0.47224414627729544,0.0,,False,202412,5,0.0
E1,M05,105-0,C,202408,2.0,1462.0,0.00032224800206238723,0.47112657901521016,4.245143638850888,,False,202412,4,0.0
E1,M05,105-0,C,202409,0.0,1488.0,0.0004422542330048016,0.6580742987111448,0.0,,False,202412,3,0.0
E1,M05,105-0,C,202410,0.0,1514.0,0.0003717472118959108,0.5628252788104089,0.0,,False,202412,2,0.0
E1,M05,105-0,C,202411,0.0,1540.0,0.00036469730123997083,0.5616338439095551,0.0,,False,202412,1,0.0
E1,M05,105-0,D,202404,1.0,1018.0,,,,,False,202412,8,0.0
E1,M05,105-0,D,202405,0.0,1038.0,,,,,False,202412,7,0.0
E1,M05,105-0,D,202406,1.0,1058.0,,,,,False,202412,6,0.0
E1,M05,105-0,D,202407,0.0,1077.0,0.00026308866087871614,0.2833464877663773,0.0,,False,202412,5,0.0
E1,M05,105-0,D,202408,1.0,1096.0,0.0002577984016499098,0.2825470482083011,3.5392335766423355,,False,202412,4,0.0
E1,M05,105-0,D,202409,1.0,1116.0,0.0003369556060988965,0.37604245640636846,2.659274193548387,,False,202412,3,0.0
E1,M05,105-0,E,202404,0.0,475.0,0.0006007208650380457,0.28534241089307166,0.0,,False,202412,8,0.0
E1,M05,105-0,E,202405,0.0,484.0,0.0005878894767783657,0.284538506760729,0.0,,False,202412,7,0.0
E1,M05,105-0,E,202406,0.0,494.0,,,,,False,202412,6,0.0
E1,M05,105-0,E,202407,0.0,503.0,,,,,False,202412,5,0.0
E1,M05,105-0,E,202408,0.0,512.0,,,,,False,202412,4,0.0
E1,M05,105-0,E,202409,0.0,521.0,,,,,False,202412,3,0.0
E1,M05,105-0,E,202410,1.0,530.0,,,,,False,202412,2,0.0
E1,M05,105-0,E,202411,0.0,539.0,,,,,False,202412,1,0.0
E1,M05,105-0,E,202412,1.0,548.0,,,,,False,202412,0,0.0
E1,M06,100-0,A,202405,2.0,2309.0,0.000989486703772418,2.2847247990105135,0.8753789519272411,,False,202412,7,0.0
E1,M06,100-0,A,202406,2.0,2353.0,0.0010489792624868877,2.4682482046316467,0.810291281179509,,False,202412,6,0.0
E1,M06,100-0,A,202410,2.0,2530.0,0.0012264466495707437,3.1029100234139815,0.6445562342795544,,False,202412,2,0.0
E1,M06,100-0,A,202411,2.0,2574.0,0.0012391573729863693,3.1895910780669143,0.6270396270396271,,False,202412,1,0.0
E1,M06,100-0,A,202412,3.0,2618.0,0.0012513854624763131,3.2761271407629877,0.9157153770599148,,False,202412,0,0.0
E1,M06,100-0,B,202404,1.0,1598.0,0.0010151071833761271,1.6221412790350511,0.6164691158065229,,False,202412,8,0.0
E1,M06,100-0,B,202405,0.0,1630.0,0.0010513404590853338,1.7136849483090941,0.0,,False,202412,7,0.0
E1,M06,100-0,B,202406,2.0,1661.0,0.0009144947416552355,1.5189757658893461,1.316676700782661,,False,202412,6,0.0
E1,M06,100-0,B,202408,1.0,1723.0,0.0010413812003288573,1.794299808166621,0.5573204630845832,,False,202412,4,0.0
E1,M06,100-0,B,202410,2.0,1786.0,0.0010530195335123466,1.880692886853051,1.063437849944009,,False,202412,2,0.0
E1,M06,100-0,B,202411,1.0,1817.0,0.0011358942585708385,2.0639198678232136,0.4845149347075599,,False,202412,1,0.0
E1,M06,100-0,C,202405,2.0,1358.0,0.001261564339781329,1.7132043734230447,1.1674030436917033,,False,202412,7,0.0
E1,M06,100-0,C,202406,2.0,1384.0,0.0013717421124828531,1.8984910836762687,1.0534682080924855,,False,202412,6,0.0
E1,M06,100-0,C,202407,2.0,1410.0,0.0014101531023368251,1.9883158742949234,1.0058763931104358,,False,202412,5,0.0
E1,M06,100-0,C,202408,0.0,1436.0,0.0014469876348329387,2.0778742436201,0.0,,False,202412,4,0.0
E1,M06,100-0,C,202409,1.0,1462.0,0.0012245424078370713,1.7902810002577982,0.5585715314277486,,False,202412,3,0.0
E1,M06,100-0,C,202410,2.0,1488.0,0.0011372251705837756,1.692191053828658,1.181899641577061,,False,202412,2,0.0
E1,M06,100-0,C,202411,1.0,1514.0,0.0011771995043370507,1.7822800495662947,0.5610790516582077,,False,202412,1,0.0
E1,M06,100-0,D,202404,2.0,999.0,0.0008598452278589854,0.8589853826311264,2.328328328328328,,False,202412,8,0.0
E1,M06,100-0,D,202406,1.0,1038.0,0.0012802926383173297,1.3289437585733883,0.7524772914946325,,False,202412,6,0.0
E1,M06,100-0,D,202407,2.0,1058.0,0.0012534694242994002,1.3261706509087654,1.5081015392924655,,False,202412,5,0.0
E1,M06,100-0,D,202408,0.0,1077.0,0.0013154433043935806,1.4167324388318863,0.0,,False,202412,4,0.0
E1,M06,100-0,E,202404,0.0,466.0,0.0008188331627430911,0.3815762538382804,0.0,,False,202412,8,0.0
E1,M06,100-0,E,202405,0.0,475.0,0.0008009611533840609,0.38045654785742894,0.0,,False,202412,7,0.0
E1,M06,100-0,E,202406,0.0,484.0,0.0007838526357044876,0.379384675680972,0.0,,False,202412,6,0.0
E1,M06,100-0,E,202407,0.0,494.0,0.0005755947812739831,0.28434382194934765,0.0,,False,202412,5,0.0
E1,M06,100-0,E,202409,0.0,512.0,0.0009204712812960235,0.47128129602356406,0.0,,False,202412,3,0.0
E1,M06,100-0,E,202410,2.0,521.0,0.0007218913553510197,0.37610539613788124,5.317658349328215,,False,202412,2,0.0
E1,M06,100-0,E,202411,1.0,530.0,0.0010619469026548673,0.5628318584070797,1.7767295597484274,,False,202412,1,0.0
E1,M06,100-0,E,202412,1.0,539.0,0.0010418475429762111,0.5615558256641778,1.7807668521954236,,False,202412,0,0.0
E1,M06,101-0,A,202405,2.0,2309.0,0.000989486703772418,2.2847247990105135,0.8753789519272411,,False,202412,7,0.0
E1,M06,101-0,A,202407,1.0,2397.0,0.0011059762215112376,2.6510250029624363,0.3772125871625246,,False,202412,5,0.0
E1,M06,101-0,A,202409,1.0,2485.0,0.0010994426962884331,2.732115100276756,0.3660167903975578,,False,202412,3,0.0
E1,M06,101-0,A,202410,0.0,2530.0,0.0010406213996357824,2.6327721410785294,0.0,,False,202412,2,0.0
E1,M06,101-0,A,202411,2.0,2574.0,0.0009475909322836941,2.4390990596982287,0.8199748968979739,,False,202412,1,0.0
E1,M06,101-0,A,202412,1.0,2618.0,0.0009653544996245844,2.527298080017162,0.39567948391477803,,False,202412,0,0.0
E1,M06,101-0,B,202404,1.0,1598.0,0.0005971218725741924,0.9542007523735595,1.0479974968710888,,False,202412,8,0.0
E1,M06,101-0,B,202405,0.0,1630.0,0.0006424858361077039,1.0472519128555575,0.0,,False,202412,7,0.0
E1,M06,101-0,B,202406,1.0,1661.0,0.0005715592135345222,0.9493598536808414,1.0533413606261288,,False,202412,6,0.0
E1,M06,101-0,B,202407,0.0,1692.0,0.0006155223546527894,1.0414638240725196,0.0,,False,202412,5,0.0
E1,M06,101-0,B,202408,1.0,1723.0,0.0004932858317347219,0.8499314880789258,1.1765654220674533,,False,202412,4,0.0
E1,M06,101-0,B,202409,2.0,1754.0,0.0004833771953380955,0.8478436006230194,2.358925630305334,,False,202412,3,0.0
E1,M06,101-0,B,202410,1.0,1786.0,0.000473858790080556,0.846311799083873,1.1815976110488988,,False,202412,2,0.0
E1,M06,101-0,B,202411,0.0,1817.0,0.0005163155720776538,0.938145394465097,0.0,,False,202412,1,0.0
E1,M06,101-0,C,202404,0.0,1332.0,0.0008598452278589854,1.1453138435081684,0.0,,False,202412,8,0.0
E1,M06,101-0,C,202405,1.0,1358.0,0.0008410428931875525,1.1421362489486964,0.8755522827687776,,False,202412,7,0.0
E1,M06,101-0,C,202407,1.0,1410.0,0.0010744023636852001,1.5149073327961322,0.6601063829787234,,False,202412,5,0.0
E1,M06,101-0,C,202408,0.0,1436.0,0.0010523546435148646,1.5111812680873455,0.0,,False,202412,4,0.0
E1,M06,101-0,C,202409,1.0,1462.0,0.0010311936065996391,1.5076050528486724,0.6633036935704514,,False,202412,3,0.0
E1,M06,101-0,C,202411,0.0,1514.0,0.0009913258983890955,1.5008674101610906,0.0,,False,202412,1,0.0
E1,M06,101-0,D,202404,1.0,999.0,0.0012419986624629788,1.2407566638005159,0.805959805959806,,False,202412,8,0.0
E1,M06,101-0,D,202405,1.0,1018.0,0.00112139052425007,1.1415755536865713,0.8759823182711199,,False,202412,7,0.0
E1,M06,101-0,D,202407,0.0,1058.0,0.0012534694242994002,1.3261706509087654,0.0,,False,202412,5,0.0
E1,M06,101-0,D,202408,1.0,1077.0,0.0010523546435148646,1.133385951065509,0.8823119777158774,,False,202412,4,0.0
E1,M06,101-0,D,202409,2.0,1096.0,0.001117126407149609,1.2243705422359714,1.6334924199887704,,False,202412,3,0.0
E1,M06,101-0,E,202404,2.0,466.0,0.0010235414534288639,0.47697031729785055,4.1931330472103,,False,202412,8,0.0
E1,M06,101-0,E,202405,0.0,475.0,0.0014016820184221065,0.6657989587505005,0.0,,False,202412,7,0.0
E1,M06,101-0,E,202406,0.0,484.0,0.0013717421124828531,0.6639231824417009,0.0,,False,202412,6,0.0
E1,M06,101-0,E,202407,0.0,494.0,0.0011511895625479663,0.5686876438986953,0.0,,False,202412,5,0.0
E1,M06,101-0,E,202408,0.0,503.0,0.0011273957158962795,0.5670800450958287,0.0,,False,202412,4,0.0
E1,M06,101-0,E,202409,0.0,512.0,0.0011045655375552283,0.5655375552282769,0.0,,False,202412,3,0.0
E1,M06,101-0,E,202410,1.0,521.0,0.0009023641941887746,0.47013174517235157,2.127063339731286,,False,202412,2,0.0
E1,M06,101-0,E,202411,1.0,530.0,0.0008849557522123894,0.4690265486725664,2.132075471698113,,False,202412,1,0.0
E1,M06,101-0,E,202412,0.0,539.0,0.0010418475429762111,0.5615558256641778,0.0,,False,202412,0,0.0
E1,M06,102-0,A,202404,7.0,2264.0,0.003119072708113804,7.061580611169653,0.9912794861999809,,False,202412,8,0.0
E1,M06,102-0,A,202405,5.0,2309.0,0.0030921459492888066,7.1397649969078545,0.700303161541793,,False,202412,7,0.0
E1,M06,102-0,A,202407,3.0,2397.0,0.0030019354583876445,7.195639293755184,0.41691917528489564,,False,202412,5,0.0
E1,M06,102-0,A,202411,7.0,2574.0,0.0029156644070267514,7.504920183686858,0.9327214452214452,,False,202412,1,0.0
E1,M06,102-0,B,202405,5.0,1630.0,0.003095613573973483,5.045850125576777,0.9909133001504804,,False,202412,7,0.0
E1,M06,102-0,B,202407,1.0,1692.0,0.0029097420401768227,4.923283531979184,0.2031164757228587,,False,202412,5,0.0
E1,M06,102-0,B,202408,3.0,1723.0,0.0027404768429706767,4.721841600438476,0.6353453279164248,,False,202412,4,0.0
E1,M06,102-0,B,202410,4.0,1786.0,0.002790501763807719,4.9838361501605855,0.8025946037313275,,False,202412,2,0.0
E1,M06,102-0,B,202411,4.0,1817.0,0.0027364725320115657,4.972170590665015,0.8044776274389673,,False,202412,1,0.0
E1,M06,102-0,C,202404,2.0,1332.0,0.0033677271424476926,4.485812553740327,0.44585010542457354,,False,202412,8,0.0
E1,M06,102-0,C,202405,2.0,1358.0,0.0032239977572189513,4.378188954303336,0.456809886661971,,False,202412,7,0.0
E1,M06,102-0,C,202406,4.0,1384.0,0.0029492455418381343,4.081755829903978,0.9799704261325448,,False,202412,6,0.0
E1,M06,102-0,C,202407,3.0,1410.0,0.0028874563524039754,4.071313456889605,0.7368629391390401,,False,202412,5,0.0
E1,M06,102-0,C,202408,1.0,1436.0,0.002565114443567482,3.6835043409629042,0.2714806085279623,,False,202412,4,0.0
E1,M06,102-0,C,202409,3.0,1462.0,0.002320185614849188,3.3921113689095126,0.884404924760602,,False,202412,3,0.0
E1,M06,102-0,C,202410,3.0,1488.0,0.002274450341167551,3.384382107657316,0.8864247311827957,,False,202412,2,0.0
E1,M06,102-0,C,202411,1.0,1514.0,0.002292441140024783,3.4707558859975216,0.28812167517583637,,False,202412,1,0.0
E1,M06,102-0,D,202404,2.0,999.0,0.0025795356835769563,2.5769561478933793,0.7761094427761094,,False,202412,8,0.0
E1,M06,102-0,D,202405,2.0,1018.0,0.002523128679562658,2.5685449957947855,0.7786509495743288,,False,202412,7,0.0
E1,M06,102-0,D,202409,2.0,1096.0,0.0029217152186989774,3.202199879694079,0.6245706311721769,,False,202412,3,0.0
E1,M06,102-0,E,202404,2.0,466.0,0.0022517911975435006,1.0493346980552714,1.9059695669137726,,False,202412,8,0.0
E1,M06,102-0,E,202405,2.0,475.0,0.0024028834601521826,1.1413696435722867,1.7522807017543862,,False,202412,7,0.0
E1,M06,102-0,E,202406,0.0,484.0,0.0027434842249657062,1.3278463648834018,0.0,,False,202412,6,0.0
E1,M06,102-0,E,202407,1.0,494.0,0.001918649270913277,0.9478127398311589,1.0550607287449392,,False,202412,5,0.0
E1,M06,102-0,E,202408,0.0,503.0,0.002066892145809846,1.0396467493423525,0.0,,False,202412,4,0.0
E1,M06,102-0,E,202411,1.0,530.0,0.002300884955752212,1.2194690265486725,0.8200290275761974,,False,202412,1,0.0
E1,M06,102-0,E,202412,1.0,539.0,0.002430977600277826,1.3102969265497482,0.7631857937980387,,False,202412,0,0.0
E1,M06,103-0,A,202404,1.0,2264.0,0.0006743940990516333,1.5268282402528977,0.6549525176678446,,False,202412,8,0.0
E1,M06,103-0,A,202405,2.0,2309.0,0.0005359719645433931,1.2375592661306947,1.6160842189425992,,False,202412,7,0.0
E1,M06,103-0,A,202406,1.0,2353.0,0.0006051803437424352,1.42398934882595,0.7022524436889078,,False,202412,6,0.0
E1,M06,103-0,A,202407,2.0,2397.0,0.0006319864122921357,1.5148714302642494,1.320244055068836,,False,202412,5,0.0
E1,M06,103-0,A,202408,2.0,2441.0,0.000657716562850621,1.6054861299183658,1.2457286068872448,,False,202412,4,0.0
E1,M06,103-0,A,202409,1.0,2485.0,0.0006824127080410964,1.6957955794821247,0.589693717862732,,False,202412,3,0.0
E1,M06,103-0,A,202410,0.0,2530.0,0.0005946407997918758,1.5044412234734457,0.0,,False,202412,2,0.0
E1,M06,103-0,A,202411,2.0,2574.0,0.0005831328814053503,1.5009840367373717,1.3324592074592074,,False,202412,1,0.0
E1,M06,103-0,A,202412,1.0,2618.0,0.0006078157960599235,1.59126175408488,0.6284321215117062,,False,202412,0,0.0
E1,M06,103-0,B,202404,0.0,1598.0,0.0005971218725741924,0.9542007523735595,0.0,,False,202412,8,0.0
E1,M06,103-0,B,202405,2.0,1630.0,0.0005840780328251854,0.9520471935050522,2.1007361963190188,,False,202412,7,0.0
E1,M06,103-0,B,202406,2.0,1661.0,0.0006858710562414266,1.1392318244170094,1.7555689343768817,,False,202412,6,0.0
E1,M06,103-0,B,202407,2.0,1692.0,0.0007274355100442057,1.230820882994796,1.6249318057828697,,False,202412,5,0.0
E1,M06,103-0,B,202408,2.0,1723.0,0.000602904905453549,1.038805152096465,1.9252888724740143,,False,202412,4,0.0
E1,M06,103-0,B,202409,1.0,1754.0,0.0006982115043772491,1.2246629786776948,0.8165511797210772,,False,202412,3,0.0
E1,M06,103-0,B,202410,2.0,1786.0,0.0006844626967830253,1.2224503764544832,1.6360582306830909,,False,202412,2,0.0
E1,M06,103-0,B,202411,1.0,1817.0,0.0007228418009087154,1.313403552251136,0.7613806116833084,,False,202412,1,0.0
E1,M06,103-0,C,202404,0.0,1332.0,0.0007881914588707366,1.049871023215821,0.0,,False,202412,8,0.0
E1,M06,103-0,C,202405,1.0,1358.0,0.0006307821698906644,0.8566021867115223,1.1674030436917033,,False,202412,7,0.0
E1,M06,103-0,C,202406,2.0,1384.0,0.0005486968449931413,0.7593964334705076,2.6336705202312136,,False,202412,6,0.0
E1,M06,103-0,C,202407,0.0,1410.0,0.0006715014773032501,0.9468170829975826,0.0,,False,202412,5,0.0
E1,M06,103-0,C,202408,1.0,1436.0,0.00046040515653775324,0.6611418047882136,1.5125348189415042,,False,202412,4,0.0
E1,M06,103-0,C,202409,0.0,1462.0,0.0005155968032998196,0.7538025264243362,0.0,,False,202412,3,0.0
E1,M06,103-0,C,202410,0.0,1488.0,0.0004422542330048016,0.6580742987111448,0.0,,False,202412,2,0.0
E1,M06,103-0,C,202411,1.0,1514.0,0.00043370508054522923,0.656629491945477,1.5229288545008492,,False,202412,1,0.0
E1,M06,103-0,D,202404,0.0,999.0,0.0008598452278589854,0.8589853826311264,0.0,,False,202412,8,0.0
E1,M06,103-0,D,202406,0.0,1038.0,0.001005944215820759,1.0441700960219478,0.0,,False,202412,6,0.0
E1,M06,103-0,D,202407,0.0,1058.0,0.0008953353030710001,0.9472647506491181,0.0,,False,202412,5,0.0
E1,M06,103-0,D,202408,1.0,1077.0,0.0008769622029290538,0.9444882925545909,1.0587743732590529,,False,202412,4,0.0
E1,M06,103-0,D,202409,1.0,1096.0,0.0009452608060496691,1.0360058434304373,0.9652455209024553,,False,202412,3,0.0
E1,M06,103-0,E,202404,1.0,466.0,0.0008188331627430911,0.3815762538382804,2.620708154506438,,False,202412,8,0.0
E1,M06,103-0,E,202405,0.0,475.0,0.001001201441730076,0.47557068482178616,0.0,,False,202412,7,0.0
E1,M06,103-0,E,202406,0.0,484.0,0.0009798157946306093,0.4742308446012149,0.0,,False,202412,6,0.0
E1,M06,103-0,E,202407,1.0,494.0,0.0009593246354566385,0.47390636991557944,2.1101214574898783,,False,202412,5,0.0
E1,M06,103-0,E,202408,2.0,503.0,0.0011273957158962795,0.5670800450958287,3.5268389662027833,,False,202412,4,0.0
E1,M06,103-0,E,202409,0.0,512.0,0.0014727540500736377,0.7540500736377025,0.0,,False,202412,3,0.0
E1,M06,103-0,E,202410,2.0,521.0,0.0012633098718642843,0.6581844432412921,3.0386619139018376,,False,202412,2,0.0
E1,M06,103-0,E,202411,0.0,530.0,0.001415929203539823,0.7504424778761062,0.0,,False,202412,1,0.0
E1,M06,103-0,E,202412,1.0,539.0,0.0010418475429762111,0.5615558256641778,1.7807668521954236,,False,202412,0,0.0
E1,M06,103-1,A,202404,2.0,2264.0,0.0007165437302423603,1.6222550052687037,1.2328517979630016,,False,202412,8,0.0
E1,M06,103-1,A,202405,1.0,2309.0,0.0007833436404864976,1.808740465883323,0.5528709170066787,,False,202412,7,0.0
E1,M06,103-1,A,202406,0.0,2353.0,0.000766561768740418,1.8037198418462037,0.0,,False,202412,6,0.0
E1,M06,103-1,A,202407,0.0,2397.0,0.0007504838645969111,1.798909823438796,0.0,,False,202412,5,0.0
E1,M06,103-1,A,202410,0.0,2530.0,0.0008919611996878136,2.2566618352101684,0.0,,False,202412,2,0.0
E1,M06,103-1,A,202411,1.0,2574.0,0.0008018077119323566,2.063853050513886,0.48453062089425725,,False,202412,1,0.0
E1,M06,103-1,A,202412,2.0,2618.0,0.0007508312774857878,1.9656762844577924,1.0174615300665721,,False,202412,0,0.0
E1,M06,103-1,B,202404,2.0,1598.0,0.0007762584343464501,1.2404609780856273,1.6123038413401367,,False,202412,8,0.0
E1,M06,103-1,B,202406,1.0,1661.0,0.0009716506630086877,1.6139117512574301,0.6196125650741935,,False,202412,6,0.0
E1,M06,103-1,B,202408,2.0,1723.0,0.0010961907371882709,1.8887366401753907,1.058908879860708,,False,202412,4,0.0
E1,M06,103-1,B,202409,2.0,1754.0,0.0010741715451957677,1.8840968902733766,1.0615165336374002,,False,202412,3,0.0
E1,M06,103-1,B,202410,0.0,1786.0,0.0011583214868635813,2.0687621755383563,0.0,,False,202412,2,0.0
E1,M06,103-1,B,202411,2.0,1817.0,0.0010842627013630732,1.970105328376704,1.0151741489110777,,False,202412,1,0.0
E1,M06,103-1,C,202404,1.0,1332.0,0.0008598452278589854,1.1453138435081684,0.8731231231231232,,False,202412,8,0.0
E1,M06,103-1,C,202405,2.0,1358.0,0.0009111298009531819,1.237314269694421,1.6164042143423587,,False,202412,7,0.0
E1,M06,103-1,C,202406,1.0,1384.0,0.0009602194787379973,1.3289437585733883,0.7524772914946325,,False,202412,6,0.0
E1,M06,103-1,C,202407,0.0,1410.0,0.001007252215954875,1.4202256244963738,0.0,,False,202412,5,0.0
E1,M06,103-1,C,202408,0.0,1436.0,0.0008550381478558274,1.2278347803209682,0.0,,False,202412,4,0.0
E1,M06,103-1,C,202409,1.0,1462.0,0.0008378448053622067,1.2249291054395464,0.816373776702094,,False,202412,3,0.0
E1,M06,103-1,C,202410,2.0,1488.0,0.0008213292898660602,1.2221379833206976,1.6364764267990073,,False,202412,2,0.0
E1,M06,103-1,C,202411,1.0,1514.0,0.0009293680297397769,1.4070631970260223,0.7107001321003963,,False,202412,1,0.0
E1,M06,103-1,D,202404,0.0,999.0,0.00028661507595299513,0.2863284608770421,0.0,,False,202412,8,0.0
E1,M06,103-1,D,202405,1.0,1018.0,0.0002803476310625175,0.2853938884216428,3.5039292730844798,,False,202412,7,0.0
E1,M06,103-1,D,202406,0.0,1038.0,0.00027434842249657066,0.2847736625514403,0.0,,False,202412,6,0.0
E1,M06,103-1,D,202407,1.0,1058.0,,,,,False,202412,5,0.0
E1,M06,103-1,D,202408,0.0,1077.0,0.00026308866087871614,0.2833464877663773,0.0,,False,202412,4,0.0
E1,M06,103-1,D,202409,0.0,1096.0,0.0002577984016499098,0.2825470482083011,0.0,,False,202412,3,0.0
E1,M06,103-1,E,202404,0.0,466.0,0.0008188331627430911,0.3815762538382804,0.0,,False,202412,8,0.0
E1,M06,103-1,E,202405,0.0,475.0,0.0008009611533840609,0.38045654785742894,0.0,,False,202412,7,0.0
E1,M06,103-1,E,202406,0.0,484.0,0.0005878894767783657,0.284538506760729,0.0,,False,202412,6,0.0
E1,M06,103-1,E,202407,0.0,494.0,,,,,False,202412,5,0.0
E1,M06,103-1,E,202408,0.0,503.0,,,,,False,202412,4,0.0
E1,M06,103-1,E,202409,0.0,512.0,,,,,False,202412,3,0.0
E1,M06,103-1,E,202410,0.0,521.0,,,,,False,202412,2,0.0
E1,M06,103-1,E,202411,1.0,530.0,,,,,False,202412,1,0.0
E1,M06,103-1,E,202412,0.0,539.0,,,,,False,202412,0,0.0
E1,M06,104-0,A,202404,1.0,2264.0,0.0008851422550052687,2.0039620653319283,0.49901144203264347,,False,202412,8,0.0
E1,M06,104-0,A,202407,2.0,2397.0,0.0008689813169016866,2.082948216613343,0.9601774945955172,,False,202412,5,0.0
E1,M06,104-0,A,202408,1.0,2441.0,0.0008898518203273107,2.1721282934189654,0.4603779634148514,,False,202412,4,0.0
E1,M06,104-0,A,202409,2.0,2485.0,0.0008340599764946734,2.0726390415892633,0.9649533565026523,,False,202412,3,0.0
E1,M06,104-0,A,202410,2.0,2530.0,0.0008919611996878136,2.2566618352101684,0.8862648221343873,,False,202412,2,0.0
E1,M06,104-0,A,202411,2.0,2574.0,0.0008018077119323566,2.063853050513886,0.9690612417885145,,False,202412,1,0.0
E1,M06,104-0,A,202412,1.0,2618.0,0.00082233901819872,2.152883549644249,0.46449330720430465,,False,202412,0,0.0
E1,M06,104-0,B,202404,2.0,1598.0,0.0008359706216038693,1.3358810533229832,1.4971392812444126,,False,202412,8,0.0
E1,M06,104-0,B,202406,1.0,1661.0,0.0009716506630086877,1.6139117512574301,0.6196125650741935,,False,202412,6,0.0
E1,M06,104-0,B,202407,1.0,1692.0,0.0008393486654356219,1.4201779419170724,0.7041371158392435,,False,202412,5,0.0
E1,M06,104-0,B,202408,1.0,1723.0,0.0008769525897506166,1.5109893121403124,0.6618180499129426,,False,202412,4,0.0
E1,M06,104-0,B,202409,1.0,1754.0,0.0008593372361566142,1.5072775122187012,0.6634478335233752,,False,202412,3,0.0
E1,M06,104-0,B,202410,2.0,1786.0,0.0008424156268098773,1.504554309482441,1.3292973124300111,,False,202412,2,0.0
E1,M06,104-0,C,202405,2.0,1358.0,0.001261564339781329,1.7132043734230447,1.1674030436917033,,False,202412,7,0.0
E1,M06,104-0,C,202406,1.0,1384.0,0.0012345679012345679,1.708641975308642,0.5852601156069365,,False,202412,6,0.0
E1,M06,104-0,C,202407,2.0,1410.0,0.001275852806876175,1.7989524576954068,1.111758118701008,,False,202412,5,0.0
E1,M06,104-0,C,202408,1.0,1436.0,0.0013154433043935806,1.8889765851091818,0.5293871866295264,,False,202412,4,0.0
E1,M06,104-0,C,202409,0.0,1462.0,0.0012245424078370713,1.7902810002577982,0.0,,False,202412,3,0.0
E1,M06,104-0,C,202410,0.0,1488.0,0.0011372251705837756,1.692191053828658,0.0,,False,202412,2,0.0
E1,M06,104-0,C,202411,1.0,1514.0,0.0010532837670384138,1.5946716232961584,0.6270883518532909,,False,202412,1,0.0
E1,M06,104-0,D,202404,2.0,999.0,0.0012419986624629788,1.2407566638005159,1.611919611919612,,False,202412,8,0.0
E1,M06,104-0,D,202405,2.0,1018.0,0.0012148397346042426,1.236706849827119,1.6171981260389905,,False,202412,7,0.0
E1,M06,104-0,D,202406,1.0,1038.0,0.0012802926383173297,1.3289437585733883,0.7524772914946325,,False,202412,6,0.0
E1,M06,104-0,D,202408,2.0,1077.0,0.0014908357449793914,1.6056300973428046,1.2456169097165328,,False,202412,4,0.0
E1,M06,104-0,D,202409,1.0,1096.0,0.0015467904098994587,1.6952822892498067,0.5898722627737226,,False,202412,3,0.0
E1,M06,104-0,E,202404,0.0,466.0,0.0008188331627430911,0.3815762538382804,0.0,,False,202412,8,0.0
E1,M06,104-0,E,202405,2.0,475.0,0.0008009611533840609,0.38045654785742894,5.256842105263158,,False,202412,7,0.0
E1,M06,104-0,E,202406,0.0,484.0,0.0011757789535567313,0.569077013521458,0.0,,False,202412,6,0.0
E1,M06,104-0,E,202407,0.0,494.0,0.0011511895625479663,0.5686876438986953,0.0,,False,202412,5,0.0
E1,M06,104-0,E,202408,0.0,503.0,0.0011273957158962795,0.5670800450958287,0.0,,False,202412,4,0.0
E1,M06,104-0,E,202409,0.0,512.0,0.0011045655375552283,0.5655375552282769,0.0,,False,202412,3,0.0
E1,M06,104-0,E,202410,1.0,521.0,0.0009023641941887746,0.47013174517235157,2.127063339731286,,False,202412,2,0.0
E1,M06,104-0,E,202411,1.0,530.0,0.0010619469026548673,0.5628318584070797,1.7767295597484274,,False,202412,1,0.0
E1,M06,104-0,E,202412,0.0,539.0,0.001215488800138913,0.6551484632748741,0.0,,False,202412,0,0.0
E1,M06,105-0,A,202404,2.0,2264.0,0.00021074815595363542,0.47713382507903057,4.1916961130742045,,False,202412,8,0.0
E1,M06,105-0,A,202405,1.0,2309.0,0.0002886002886002886,0.6663780663780664,1.5006496318752707,,False,202412,7,0.0
E1,M06,105-0,A,202407,0.0,2397.0,0.00035549235691432633,0.8521151795236402,0.0,,False,202412,5,0.0
E1,M06,105-0,A,202408,1.0,2441.0,0.0003482028862150346,0.8499632452508995,1.1765214620601758,,False,202412,4,0.0
E1,M06,105-0,A,202409,1.0,2485.0,0.0003791181711339424,0.9421086552678469,1.0614486921529176,,False,202412,3,0.0
E1,M06,105-0,A,202410,0.0,2530.0,0.00040881554985691454,1.0343033411379938,0.0,,False,202412,2,0.0
E1,M06,105-0,A,202411,0.0,2574.0,0.0003644580508783439,0.9381150229608572,0.0,,False,202412,1,0.0
E1,M06,105-0,A,202412,0.0,2618.0,0.00035753870356466087,0.9360363259322821,0.0,,False,202412,0,0.0
E1,M06,105-0,B,202404,0.0,1598.0,0.0002985609362870962,0.47710037618677975,0.0,,False,202412,8,0.0
E1,M06,105-0,B,202405,1.0,1630.0,0.0002920390164125927,0.4760235967525261,2.1007361963190188,,False,202412,7,0.0
E1,M06,105-0,B,202406,0.0,1661.0,0.0003429355281207133,0.5696159122085047,0.0,,False,202412,6,0.0
E1,M06,105-0,B,202407,0.0,1692.0,0.00033573946617424877,0.568071176766829,0.0,,False,202412,5,0.0
E1,M06,105-0,B,202408,0.0,1723.0,0.0002740476842970677,0.47218416004384767,0.0,,False,202412,4,0.0
E1,M06,105-0,B,202409,0.0,1754.0,0.00021483430903915354,0.3768193780546753,0.0,,False,202412,3,0.0
E1,M06,105-0,B,202410,1.0,1786.0,0.00021060390670246933,0.37613857737061024,2.6585946248600223,,False,202412,2,0.0
E1,M06,105-0,B,202411,0.0,1817.0,0.00020652622883106156,0.3752581577860388,0.0,,False,202412,1,0.0
E1,M06,105-0,C,202404,0.0,1332.0,0.0003582688449412439,0.4772141014617369,0.0,,False,202412,8,0.0
E1,M06,105-0,C,202405,1.0,1358.0,0.0003504345388281469,0.4758901037286235,2.1013254786450664,,False,202412,7,0.0
E1,M06,105-0,C,202406,0.0,1384.0,0.00041152263374485596,0.5695473251028806,0.0,,False,202412,6,0.0
E1,M06,105-0,C,202407,1.0,1410.0,0.00040290088638195,0.5680902497985495,1.7602836879432626,,False,202412,5,0.0
E1,M06,105-0,C,202408,0.0,1436.0,0.00046040515653775324,0.6611418047882136,0.0,,False,202412,4,0.0
E1,M06,105-0,C,202409,1.0,1462.0,0.0004511472028873421,0.6595772106212942,1.5161227281610319,,False,202412,3,0.0
E1,M06,105-0,C,202410,0.0,1488.0,0.0004422542330048016,0.6580742987111448,0.0,,False,202412,2,0.0
E1,M06,105-0,C,202411,0.0,1514.0,0.00043370508054522923,0.656629491945477,0.0,,False,202412,1,0.0
E1,M06,105-0,D,202404,0.0,999.0,0.00028661507595299513,0.2863284608770421,0.0,,False,202412,8,0.0
E1,M06,105-0,D,202405,0.0,1018.0,0.0002803476310625175,0.2853938884216428,0.0,,False,202412,7,0.0
E1,M06,105-0,D,202406,0.0,1038.0,0.00027434842249657066,0.2847736625514403,0.0,,False,202412,6,0.0
E1,M06,105-0,D,202407,0.0,1058.0,0.00026860059092130003,0.28417942519473544,0.0,,False,202412,5,0.0
E1,M06,105-0,D,202408,0.0,1077.0,,,,,False,202412,4,0.0
E1,M06,105-0,D,202409,0.0,1096.0,,,,,False,202412,3,0.0
E1,M06,105-0,E,202404,0.0,466.0,,,,,False,202412,8,0.0
E1,M06,105-0,E,202405,0.0,475.0,,,,,False,202412,7,0.0
E1,M06,105-0,E,202406,0.0,484.0,,,,,False,202412,6,0.0
E1,M06,105-0,E,202407,1.0,494.0,,,,,False,202412,5,0.0
E1,M06,105-0,E,202408,1.0,503.0,,,,,False,202412,4,0.0
E1,M06,105-0,E,202409,0.0,512.0,0.0005522827687776141,0.28276877761413843,0.0,,False,202412,3,0.0
E1,M06,105-0,E,202410,0.0,521.0,,,,,False,202412,2,0.0
E1,M06,105-0,E,202411,0.0,530.0,,,,,False,202412,1,0.0
E1,M06,105-0,E,202412,0.0,539.0,,,,,False,202412,0,0.0
E1,M07,100-0,A,202404,0.0,2176.0,0.0011030222810500773,2.400176483564968,0.0,,False,202412,8,0.0
E1,M07,100-0,A,202405,2.0,2220.0,0.0009484802759215348,2.105626212545807,0.9498361998361999,,False,202412,7,0.0
E1,M07,100-0,A,202410,0.0,2441.0,0.0010832978682245521,2.6443300963361316,0.0,,False,202412,2,0.0
E1,M07,100-0,B,202404,2.0,1536.0,0.001125070316894806,1.7281080067504218,1.1573350694444446,,False,202412,8,0.0
E1,M07,100-0,B,202407,0.0,1630.0,0.0011681560656503708,1.9040943870101044,0.0,,False,202412,5,0.0
E1,M07,100-0,B,202408,1.0,1661.0,0.0009716506630086877,1.6139117512574301,0.6196125650741935,,False,202412,4,0.0
E1,M07,100-0,B,202410,2.0,1723.0,0.0011510002740476844,1.9831734721841603,1.0084846474863884,,False,202412,2,0.0
E1,M07,100-0,C,202404,0.0,1280.0,0.0011251125112511251,1.4401440144014401,0.0,,False,202412,8,0.0
E1,M07,100-0,C,202405,2.0,1306.0,0.0010993843447669306,1.4357959542656114,1.3929555895865235,,False,202412,7,0.0
E1,M07,100-0,C,202406,2.0,1332.0,0.0009314989968472342,1.240756663800516,1.6119196119196118,,False,202412,6,0.0
E1,M07,100-0,C,202407,2.0,1358.0,0.0010513036164844407,1.4276703111858704,1.4008836524300443,,False,202412,5,0.0
E1,M07,100-0,C,202409,2.0,1410.0,0.0013430029546065002,1.8936341659951652,1.0561702127659574,,False,202412,3,0.0
E1,M07,100-0,C,202410,2.0,1436.0,0.0014469876348329387,2.0778742436201,0.9625221575082299,,False,202412,2,0.0
E1,M07,100-0,C,202411,0.0,1462.0,0.0014178912090745037,2.0729569476669245,0.0,,False,202412,1,0.0
E1,M07,100-0,D,202404,1.0,960.0,0.0015001500150015,1.4401440144014401,0.694375,,False,202412,8,0.0
E1,M07,100-0,D,202406,1.0,999.0,0.001528613738415974,1.527085124677558,0.6548423423423423,,False,202412,6,0.0
E1,M07,100-0,D,202407,0.0,1018.0,0.0014951873656667601,1.522100738248762,0.0,,False,202412,5,0.0
E1,M07,100-0,D,202408,2.0,1038.0,0.0013717421124828531,1.4238683127572016,1.4046242774566475,,False,202412,4,0.0
E1,M07,100-0,D,202409,1.0,1058.0,0.0013430029546065002,1.4208971259736773,0.7037807183364838,,False,202412,3,0.0
E1,M07,100-0,E,202404,1.0,448.0,0.0010713520462824085,0.479965716734519,2.0834821428571426,,False,202412,8,0.0
E1,M07,100-0,E,202405,2.0,457.0,0.0010469011725293131,0.4784338358458961,4.180306345733042,,False,202412,7,0.0
E1,M07,100-0,E,202406,1.0,466.0,0.0014329580348004093,0.6677584442169907,1.4975475168608217,,False,202412,6,0.0
E1,M07,100-0,E,202407,0.0,475.0,0.0014016820184221065,0.6657989587505005,0.0,,False,202412,5,0.0
E1,M07,100-0,E,202408,2.0,484.0,0.0013717421124828531,0.6639231824417009,3.012396694214876,,False,202412,4,0.0
E1,M07,100-0,E,202409,1.0,494.0,0.0017267843438219493,0.8530314658480429,1.1722896986054883,,False,202412,3,0.0
E1,M07,100-0,E,202410,0.0,503.0,0.0018789928598271326,0.9451334084930477,0.0,,False,202412,2,0.0
E1,M07,100-0,E,202411,0.0,512.0,0.001840942562592047,0.9425625920471281,0.0,,False,202412,1,0.0
E1,M07,100-0,E,202412,1.0,521.0,0.001804728388377549,0.9402634903447031,1.063531669865643,,False,202412,0,0.0
E1,M07,101-0,A,202405,2.0,2220.0,0.0006898038370338435,1.5313645182151325,1.3060247747747749,,False,202412,7,0.0
E1,M07,101-0,A,202406,1.0,2264.0,0.0007586933614330874,1.71768177028451,0.5821800157047508,,False,202412,6,0.0
E1,M07,101-0,A,202407,1.0,2309.0,0.0007833436404864976,1.808740465883323,0.5528709170066787,,False,202412,5,0.0
E1,M07,101-0,A,202408,0.0,2353.0,0.0007262164124909223,1.7087872185911401,0.0,,False,202412,4,0.0
E1,M07,101-0,A,202409,2.0,2397.0,0.0006714855630603942,1.6095508946557648,1.2425826400647868,,False,202412,3,0.0
E1,M07,101-0,A,202411,2.0,2485.0,0.0008340599764946734,2.0726390415892633,0.9649533565026523,,False,202412,1,0.0
E1,M07,101-0,A,202412,2.0,2530.0,0.0007804660497268369,1.9745791058088973,1.0128740824392999,,False,202412,0,0.0
E1,M07,101-0,B,202404,0.0,1536.0,0.0010000625039064941,1.536096006000375,0.0,,False,202412,8,0.0
E1,M07,101-0,B,202406,0.0,1598.0,0.0009553949961187078,1.5267212037976952,0.0,,False,202412,6,0.0
E1,M07,101-0,B,202407,0.0,1630.0,0.0007593014426727411,1.237661351556568,0.0,,False,202412,5,0.0
E1,M07,101-0,B,202408,1.0,1661.0,0.0006858710562414266,1.1392318244170094,0.8777844671884408,,False,202412,4,0.0
E1,M07,101-0,B,202409,1.0,1692.0,0.0007274355100442057,1.230820882994796,0.8124659028914348,,False,202412,3,0.0
E1,M07,101-0,B,202410,1.0,1723.0,0.0006577144423129624,1.1332419841052341,0.8824240665505902,,False,202412,2,0.0
E1,M07,101-0,B,202411,1.0,1754.0,0.0006445029271174606,1.1304581341640259,0.8845971113645003,,False,202412,1,0.0
E1,M07,101-0,C,202404,2.0,1280.0,0.0006750675067506751,0.8640864086408641,2.314583333333333,,False,202412,8,0.0
E1,M07,101-0,C,202405,1.0,1306.0,0.0008062151861624157,1.0529170331281148,0.9497424474453572,,False,202412,7,0.0
E1,M07,101-0,C,202406,1.0,1332.0,0.0008598452278589854,1.1453138435081684,0.8731231231231232,,False,202412,6,0.0
E1,M07,101-0,C,202407,2.0,1358.0,0.0008410428931875525,1.1421362489486964,1.7511045655375552,,False,202412,5,0.0
E1,M07,101-0,C,202408,2.0,1384.0,0.0009602194787379973,1.3289437585733883,1.504954582989265,,False,202412,4,0.0
E1,M07,101-0,C,202409,1.0,1410.0,0.0010744023636852001,1.5149073327961322,0.6601063829787234,,False,202412,3,0.0
E1,M07,101-0,C,202410,1.0,1436.0,0.0009865824782951855,1.4167324388318865,0.7058495821727019,,False,202412,2,0.0
E1,M07,101-0,C,202411,0.0,1462.0,0.0010311936065996391,1.5076050528486724,0.0,,False,202412,1,0.0
E1,M07,101-0,D,202404,0.0,960.0,0.0005000500050005,0.48004800480048004,0.0,,False,202412,8,0.0
E1,M07,101-0,D,202405,2.0,980.0,0.0003908922114726864,0.3830743672432327,5.220918367346939,,False,202412,7,0.0
E1,M07,101-0,D,202406,1.0,999.0,0.0005732301519059903,0.5726569217540842,1.7462462462462465,,False,202412,6,0.0
E1,M07,101-0,D,202407,0.0,1018.0,0.0006541444724792075,0.6659190729838332,0.0,,False,202412,5,0.0
E1,M07,101-0,D,202408,2.0,1038.0,0.0005486968449931413,0.5695473251028806,3.5115606936416186,,False,202412,4,0.0
E1,M07,101-0,E,202404,0.0,448.0,0.0008570816370259267,0.38397257338761515,0.0,,False,202412,8,0.0
E1,M07,101-0,E,202405,0.0,457.0,0.0008375209380234506,0.38274706867671693,0.0,,False,202412,7,0.0
E1,M07,101-0,E,202406,0.0,466.0,0.0008188331627430911,0.3815762538382804,0.0,,False,202412,6,0.0
E1,M07,101-0,E,202407,1.0,475.0,0.0008009611533840609,0.38045654785742894,2.628421052631579,,False,202412,5,0.0
E1,M07,101-0,E,202408,0.0,484.0,0.0009798157946306093,0.4742308446012149,0.0,,False,202412,4,0.0
E1,M07,101-0,E,202409,0.0,494.0,0.0009593246354566385,0.47390636991557944,0.0,,False,202412,3,0.0
E1,M07,101-0,E,202410,0.0,503.0,0.0009394964299135663,0.47256670424652386,0.0,,False,202412,2,0.0
E1,M07,101-0,E,202411,0.0,512.0,0.0009204712812960235,0.47128129602356406,0.0,,False,202412,1,0.0
E1,M07,101-0,E,202412,0.0,521.0,0.0009023641941887746,0.47013174517235157,0.0,,False,202412,0,0.0
E1,M07,102-0,A,202404,2.0,2176.0,0.0012795058460180896,2.784204720935363,0.7183379817444219,,False,202412,8,0.0
E1,M07,102-0,A,202405,0.0,2220.0,0.0013364949342530717,2.967018754041819,0.0,,False,202412,7,0.0
E1,M07,102-0,A,202406,2.0,2264.0,0.0012223393045310853,2.767376185458377,0.7227062263921044,,False,202412,6,0.0
E1,M07,102-0,A,202408,2.0,2353.0,0.0011700153312353748,2.753046074396837,0.7264680451954219,,False,202412,4,0.0
E1,M07,102-0,A,202410,1.0,2441.0,0.0011606762873834487,2.833210817502998,0.35295643861805276,,False,202412,2,0.0
E1,M07,102-0,A,202411,1.0,2485.0,0.0010236190620616446,2.543693369223187,0.3931291452418213,,False,202412,1,0.0
E1,M07,102-0,A,202412,2.0,2530.0,0.0010034563496487902,2.5387445646114393,0.7877909530083443,,False,202412,0,0.0
E1,M07,102-0,B,202404,1.0,1536.0,0.001125070316894806,1.7281080067504218,0.5786675347222223,,False,202412,8,0.0
E1,M07,102-0,B,202405,2.0,1567.0,0.0011604470775056495,1.8184205704513527,1.0998555738420717,,False,202412,7,0.0
E1,M07,102-0,B,202407,1.0,1630.0,0.0012265638689328894,1.9992991063606096,0.5001752848378616,,False,202412,5,0.0
E1,M07,102-0,B,202409,2.0,1692.0,0.001342957864696995,2.272284707067316,0.8801713947990544,,False,202412,3,0.0
E1,M07,102-0,B,202411,1.0,1754.0,0.0015575487405338634,2.7319404908963962,0.3660401840128966,,False,202412,1,0.0
E1,M07,102-0,C,202404,2.0,1280.0,0.0018001800180018,2.3042304230423043,0.86796875,,False,202412,8,0.0
E1,M07,102-0,C,202405,1.0,1306.0,0.001759014951627089,2.297273526824978,0.43529862174578865,,False,202412,7,0.0
E1,M07,102-0,C,202406,0.0,1332.0,0.0017913442247062196,2.3860705073086845,0.0,,False,202412,6,0.0
E1,M07,102-0,C,202407,1.0,1358.0,0.0016119988786094757,2.189094477151668,0.456809886661971,,False,202412,5,0.0
E1,M07,102-0,C,202408,0.0,1384.0,0.0015089163237311386,2.088340192043896,0.0,,False,202412,4,0.0
E1,M07,102-0,C,202410,0.0,1436.0,0.0014469876348329387,2.0778742436201,0.0,,False,202412,2,0.0
E1,M07,102-0,C,202411,2.0,1462.0,0.001288992008249549,1.8845063160608406,1.061285909712722,,False,202412,1,0.0
E1,M07,102-0,D,202404,0.0,960.0,0.001000100010001,0.9600960096009601,0.0,,False,202412,8,0.0
E1,M07,102-0,D,202405,1.0,980.0,0.000977230528681716,0.9576859181080817,1.0441836734693877,,False,202412,7,0.0
E1,M07,102-0,D,202406,0.0,999.0,0.0009553835865099838,0.9544282029234737,0.0,,False,202412,6,0.0
E1,M07,102-0,D,202407,1.0,1018.0,0.0008410428931875525,0.8561816652649284,1.1679764243614932,,False,202412,5,0.0
E1,M07,102-0,D,202409,0.0,1058.0,0.0012534694242994002,1.3261706509087654,0.0,,False,202412,3,0.0
E1,M07,102-0,E,202404,0.0,448.0,0.0010713520462824085,0.479965716734519,0.0,,False,202412,8,0.0
E1,M07,102-0,E,202405,0.0,457.0,0.0010469011725293131,0.4784338358458961,0.0,,False,202412,7,0.0
E1,M07,102-0,E,202406,0.0,466.0,0.0010235414534288639,0.47697031729785055,0.0,,False,202412,6,0.0
E1,M07,102-0,E,202407,0.0,475.0,0.001001201441730076,0.47557068482178616,0.0,,False,202412,5,0.0
E1,M07,102-0,E,202408,0.0,484.0,0.0007838526357044876,0.379384675680972,0.0,,False,202412,4,0.0
E1,M07,102-0,E,202409,0.0,494.0,0.0005755947812739831,0.28434382194934765,0.0,,False,202412,3,0.0
E1,M07,102-0,E,202410,1.0,503.0,0.0005636978579481398,0.2835400225479143,3.5268389662027833,,False,202412,2,0.0
E1,M07,102-0,E,202411,2.0,512.0,0.0005522827687776141,0.28276877761413843,7.072916666666667,,False,202412,1,0.0
E1,M07,102-0,E,202412,0.0,521.0,0.0009023641941887746,0.47013174517235157,0.0,,False,202412,0,0.0
E1,M07,103-0,A,202404,2.0,2176.0,0.0011912640635340834,2.5921906022501657,0.771548202614379,,False,202412,8,0.0
E1,M07,103-0,A,202405,1.0,2220.0,0.001164043974994611,2.5841776244880363,0.38697030363697027,,False,202412,7,0.0
E1,M07,103-0,A,202406,1.0,2264.0,0.001095890410958904,2.4810958904109586,0.40304770318021205,,False,202412,6,0.0
E1,M07,103-0,A,202407,1.0,2309.0,0.0010719439290867861,2.4751185322613893,0.4040210547356498,,False,202412,5,0.0
E1,M07,103-0,A,202409,1.0,2397.0,0.0009874787692064622,2.3669866097878898,0.4224780976220275,,False,202412,3,0.0
E1,M07,103-0,A,202410,0.0,2441.0,0.0009672302394862073,2.361009014585832,0.0,,False,202412,2,0.0
E1,M07,103-0,A,202411,2.0,2485.0,0.0008340599764946734,2.0726390415892633,0.9649533565026523,,False,202412,1,0.0
E1,M07,103-0,A,202412,2.0,2530.0,0.0008547961497008213,2.162634258743078,0.9247980752706652,,False,202412,0,0.0
E1,M07,103-0,B,202404,0.0,1536.0,0.000562535158447403,0.8640540033752109,0.0,,False,202412,8,0.0
E1,M07,103-0,B,202405,2.0,1567.0,0.000549685457765834,0.8613571123190619,2.3219173225554846,,False,202412,7,0.0
E1,M07,103-0,B,202406,0.0,1598.0,0.0006568340598316116,1.0496208276109154,0.0,,False,202412,6,0.0
E1,M07,103-0,B,202407,1.0,1630.0,0.0005840780328251854,0.9520471935050522,1.0503680981595094,,False,202412,5,0.0
E1,M07,103-0,B,202408,0.0,1661.0,0.0005715592135345222,0.9493598536808414,0.0,,False,202412,4,0.0
E1,M07,103-0,B,202409,2.0,1692.0,0.0005036091992613732,0.8521067651502434,2.347123719464145,,False,202412,3,0.0
E1,M07,103-0,B,202411,1.0,1754.0,0.0005907943498576723,1.0362532896503571,0.9650150305794548,,False,202412,1,0.0
E1,M07,103-0,C,202404,1.0,1280.0,0.0006750675067506751,0.8640864086408641,1.1572916666666666,,False,202412,8,0.0
E1,M07,103-0,C,202405,1.0,1306.0,0.000732922896511287,0.9571973028437408,1.0447166921898927,,False,202412,7,0.0
E1,M07,103-0,C,202406,1.0,1332.0,0.0007165376898824878,0.9544282029234737,1.0477477477477477,,False,202412,6,0.0
E1,M07,103-0,C,202407,2.0,1358.0,0.0007008690776562938,0.951780207457247,2.1013254786450664,,False,202412,5,0.0
E1,M07,103-0,C,202408,0.0,1384.0,0.0008230452674897119,1.1390946502057613,0.0,,False,202412,4,0.0
E1,M07,103-0,C,202409,0.0,1410.0,0.0006043513295729251,0.8521353746978244,0.0,,False,202412,3,0.0
E1,M07,103-0,C,202410,1.0,1436.0,0.0005261773217574323,0.7555906340436728,1.323467966573816,,False,202412,2,0.0
E1,M07,103-0,C,202411,0.0,1462.0,0.000580046403712297,0.8480278422273781,0.0,,False,202412,1,0.0
E1,M07,103-0,D,202404,1.0,960.0,0.0006000600060006001,0.5760576057605761,1.7359375,,False,202412,8,0.0
E1,M07,103-0,D,202405,0.0,980.0,0.0005863383172090296,0.574611550864849,0.0,,False,202412,7,0.0
E1,M07,103-0,D,202406,0.0,999.0,0.0005732301519059903,0.5726569217540842,0.0,,False,202412,6,0.0
E1,M07,103-0,D,202407,0.0,1018.0,0.000560695262125035,0.5707877768432856,0.0,,False,202412,5,0.0
E1,M07,103-0,D,202408,0.0,1038.0,0.0004572473708276177,0.4746227709190672,0.0,,False,202412,4,0.0
E1,M07,103-0,D,202409,0.0,1058.0,0.0003581341212284,0.3789059002596472,0.0,,False,202412,3,0.0
E1,M07,103-0,E,202404,0.0,448.0,0.0008570816370259267,0.38397257338761515,0.0,,False,202412,8,0.0
E1,M07,103-0,E,202405,1.0,457.0,0.0008375209380234506,0.38274706867671693,2.612691466083151,,False,202412,7,0.0
E1,M07,103-0,E,202406,1.0,466.0,0.0010235414534288639,0.47697031729785055,2.09656652360515,,False,202412,6,0.0
E1,M07,103-0,E,202407,0.0,475.0,0.001001201441730076,0.47557068482178616,0.0,,False,202412,5,0.0
E1,M07,103-0,E,202408,0.0,484.0,0.0009798157946306093,0.4742308446012149,0.0,,False,202412,4,0.0
E1,M07,103-0,E,202409,0.0,494.0,0.0007674597083653108,0.3791250959324635,0.0,,False,202412,3,0.0
E1,M07,103-0,E,202410,0.0,503.0,0.0005636978579481398,0.2835400225479143,0.0,,False,202412,2,0.0
E1,M07,103-0,E,202411,0.0,512.0,,,,,False,202412,1,0.0
E1,M07,103-0,E,202412,0.0,521.0,,,,,False,202412,0,0.0
E1,M07,103-1,A,202404,2.0,2176.0,0.001014780498566071,2.2081623648797706,0.9057304987212276,,False,202412,8,0.0
E1,M07,103-1,A,202405,0.0,2220.0,0.00099159301573615,2.201336494934253,0.0,,False,202412,7,0.0
E1,M07,103-1,A,202406,0.0,2264.0,0.0009272918861959958,2.0993888303477344,0.0,,False,202412,6,0.0
E1,M07,103-1,A,202407,0.0,2309.0,0.0009070294784580499,2.0943310657596372,0.0,,False,202412,5,0.0
E1,M07,103-1,A,202408,1.0,2353.0,0.0008069071249899136,1.8986524651012668,0.5266893327666808,,False,202412,4,0.0
E1,M07,103-1,A,202410,0.0,2441.0,0.0008124734011684141,1.9832475722520988,0.0,,False,202412,2,0.0
E1,M07,103-1,A,202412,1.0,2530.0,0.0007061359497528524,1.7865239528747165,0.5597462034532973,,False,202412,0,0.0
E1,M07,103-1,B,202404,1.0,1536.0,0.0006875429714357147,1.0560660041252579,0.9469105113636364,,False,202412,8,0.0
E1,M07,103-1,B,202405,1.0,1567.0,0.0006718377817137971,1.05276980394552,0.9498752683181528,,False,202412,7,0.0
E1,M07,103-1,B,202406,1.0,1598.0,0.0007165462470890309,1.1450409028482713,0.8733312473925741,,False,202412,6,0.0
E1,M07,103-1,B,202407,1.0,1630.0,0.0007593014426727411,1.237661351556568,0.8079754601226994,,False,202412,5,0.0
E1,M07,103-1,B,202408,0.0,1661.0,0.0007430269775948788,1.2341678097850937,0.0,,False,202412,4,0.0
E1,M07,103-1,B,202409,1.0,1692.0,0.0007274355100442057,1.230820882994796,0.8124659028914348,,False,202412,3,0.0
E1,M07,103-1,B,202410,1.0,1723.0,0.000712523979172376,1.2276788161140038,0.8145452922005447,,False,202412,2,0.0
E1,M07,103-1,B,202411,1.0,1754.0,0.0006982115043772491,1.2246629786776948,0.8165511797210772,,False,202412,1,0.0
E1,M07,103-1,C,202404,2.0,1280.0,0.00105010501050105,1.3441344134413442,1.4879464285714286,,False,202412,8,0.0
E1,M07,103-1,C,202405,0.0,1306.0,0.0009527997654646731,1.2443564936968632,0.0,,False,202412,7,0.0
E1,M07,103-1,C,202406,0.0,1332.0,0.0009314989968472342,1.240756663800516,0.0,,False,202412,6,0.0
E1,M07,103-1,C,202407,2.0,1358.0,0.0009111298009531819,1.237314269694421,1.6164042143423587,,False,202412,5,0.0
E1,M07,103-1,C,202408,1.0,1384.0,0.0008916323731138546,1.2340192043895748,0.8103601600711428,,False,202412,4,0.0
E1,M07,103-1,C,202409,0.0,1410.0,0.0008058017727639,1.136180499597099,0.0,,False,202412,3,0.0
E1,M07,103-1,C,202410,0.0,1436.0,0.0007892659826361484,1.133385951065509,0.0,,False,202412,2,0.0
E1,M07,103-1,C,202411,2.0,1462.0,0.0007733952049497294,1.1307037896365044,1.7688098495212037,,False,202412,1,0.0
E1,M07,103-1,D,202404,0.0,960.0,,,,,False,202412,8,0.0
E1,M07,103-1,D,202405,1.0,980.0,,,,,False,202412,7,0.0
E1,M07,103-1,D,202406,0.0,999.0,0.00028661507595299513,0.2863284608770421,0.0,,False,202412,6,0.0
E1,M07,103-1,D,202407,1.0,1018.0,0.0002803476310625175,0.2853938884216428,3.5039292730844798,,False,202412,5,0.0
E1,M07,103-1,D,202408,0.0,1038.0,0.0003657978966620942,0.3796982167352538,0.0,,False,202412,4,0.0
E1,M07,103-1,D,202409,0.0,1058.0,0.00026860059092130003,0.28417942519473544,0.0,,False,202412,3,0.0
E1,M07,103-1,E,202404,0.0,448.0,0.0008570816370259267,0.38397257338761515,0.0,,False,202412,8,0.0
E1,M07,103-1,E,202405,1.0,457.0,0.0008375209380234506,0.38274706867671693,2.612691466083151,,False,202412,7,0.0
E1,M07,103-1,E,202406,0.0,466.0,0.0006141248720573184,0.28618219037871034,0.0,,False,202412,6,0.0
E1,M07,103-1,E,202407,0.0,475.0,0.0006007208650380457,0.28534241089307166,0.0,,False,202412,5,0.0
E1,M07,103-1,E,202408,0.0,484.0,0.0005878894767783657,0.284538506760729,0.0,,False,202412,4,0.0
E1,M07,103-1,E,202409,0.0,494.0,0.0005755947812739831,0.28434382194934765,0.0,,False,202412,3,0.0
E1,M07,103-1,E,202410,1.0,503.0,0.0005636978579481398,0.2835400225479143,3.5268389662027833,,False,202412,2,0.0
E1,M07,103-1,E,202411,0.0,512.0,0.0005522827687776141,0.28276877761413843,0.0,,False,202412,1,0.0
E1,M07,103-1,E,202412,0.0,521.0,0.0005414185165132648,0.282079047103411,0.0,,False,202412,0,0.0
E1,M07,104-0,A,202405,1.0,2220.0,0.0008622547962923044,1.9142056477689158,0.5224099099099099,,False,202412,7,0.0
E1,M07,104-0,A,202406,0.0,2264.0,0.0008851422550052687,2.0039620653319283,0.0,,False,202412,6,0.0
E1,M07,104-0,A,202409,2.0,2397.0,0.0009084804676699451,2.1776276810048585,0.9184306470044077,,False,202412,3,0.0
E1,M07,104-0,A,202410,2.0,2441.0,0.000928541029906759,2.266568654002399,0.8823910965451317,,False,202412,2,0.0
E1,M07,104-0,A,202411,2.0,2485.0,0.0009477954278348562,2.3552716381696177,0.849158953722334,,False,202412,1,0.0
E1,M07,104-0,B,202405,2.0,1567.0,0.001099370915531668,1.7227142246381237,1.1609586612777423,,False,202412,7,0.0
E1,M07,104-0,B,202407,1.0,1630.0,0.0012265638689328894,1.9992991063606096,0.5001752848378616,,False,202412,5,0.0
E1,M07,104-0,B,202408,2.0,1661.0,0.0012002743484224967,1.993655692729767,1.0031822482153607,,False,202412,4,0.0
E1,M07,104-0,B,202409,0.0,1692.0,0.001287001287001287,2.1776061776061777,0.0,,False,202412,3,0.0
E1,M07,104-0,B,202411,2.0,1754.0,0.001235297276975133,2.166711423814383,0.9230578553368698,,False,202412,1,0.0
E1,M07,104-0,C,202404,0.0,1280.0,0.0006000600060006001,0.7680768076807681,0.0,,False,202412,8,0.0
E1,M07,104-0,C,202405,1.0,1306.0,0.0005130460275579009,0.6700381119906186,1.4924524174141325,,False,202412,7,0.0
E1,M07,104-0,C,202406,1.0,1332.0,0.0005732301519059903,0.763542562338779,1.3096846846846846,,False,202412,6,0.0
E1,M07,104-0,C,202407,0.0,1358.0,0.0004906083543594057,0.6662461452200729,0.0,,False,202412,5,0.0
E1,M07,104-0,C,202408,2.0,1384.0,0.00048010973936899864,0.6644718792866942,3.00990916597853,,False,202412,4,0.0
E1,M07,104-0,C,202409,1.0,1410.0,0.0005372011818426001,0.7574536663980661,1.3202127659574467,,False,202412,3,0.0
E1,M07,104-0,C,202410,1.0,1436.0,0.0005919494869771113,0.8500394632991319,1.1764159702878365,,False,202412,2,0.0
E1,M07,104-0,C,202411,0.0,1462.0,0.0006444960041247745,0.9422531580304203,0.0,,False,202412,1,0.0
E1,M07,104-0,D,202405,0.0,980.0,0.0013681227401544024,1.3407602853513143,0.0,,False,202412,7,0.0
E1,M07,104-0,D,202406,1.0,999.0,0.0013375370211139773,1.3361994840928633,0.7483912483912484,,False,202412,6,0.0
E1,M07,104-0,D,202407,2.0,1018.0,0.00112139052425007,1.1415755536865713,1.7519646365422399,,False,202412,5,0.0
E1,M07,104-0,D,202408,0.0,1038.0,0.0010973936899862826,1.1390946502057613,0.0,,False,202412,4,0.0
E1,M07,104-0,D,202409,0.0,1058.0,0.0010744023636852001,1.1367177007789417,0.0,,False,202412,3,0.0
E1,M07,104-0,E,202404,0.0,448.0,0.0008570816370259267,0.38397257338761515,0.0,,False,202412,8,0.0
E1,M07,104-0,E,202405,0.0,457.0,0.0008375209380234506,0.38274706867671693,0.0,,False,202412,7,0.0
E1,M07,104-0,E,202406,0.0,466.0,0.0008188331627430911,0.3815762538382804,0.0,,False,202412,6,0.0
E1,M07,104-0,E,202407,0.0,475.0,0.0008009611533840609,0.38045654785742894,0.0,,False,202412,5,0.0
E1,M07,104-0,E,202408,1.0,484.0,0.0007838526357044876,0.379384675680972,2.6358471074380163,,False,202412,4,0.0
E1,M07,104-0,E,202409,0.0,494.0,0.0007674597083653108,0.3791250959324635,0.0,,False,202412,3,0.0
E1,M07,104-0,E,202410,0.0,503.0,0.000751597143930853,0.37805336339721907,0.0,,False,202412,2,0.0
E1,M07,104-0,E,202411,0.0,512.0,0.0005522827687776141,0.28276877761413843,0.0,,False,202412,1,0.0
E1,M07,104-0,E,202412,0.0,521.0,0.0005414185165132648,0.282079047103411,0.0,,False,202412,0,0.0
E1,M07,104-1,A,202405,2.0,2220.0,0.001164043974994611,2.5841776244880363,0.7739406072739405,,False,202412,7,0.0
E1,M07,104-1,A,202406,2.0,2264.0,0.0011380400421496311,2.5765226554267646,0.7762400209396677,,False,202412,6,0.0
E1,M07,104-1,A,202407,2.0,2309.0,0.0010719439290867861,2.4751185322613893,0.8080421094712996,,False,202412,5,0.0
E1,M07,104-1,A,202409,2.0,2397.0,0.0011059762215112376,2.6510250029624363,0.7544251743250492,,False,202412,3,0.0
E1,M07,104-1,A,202410,2.0,2441.0,0.0011219870778040005,2.7387704569195654,0.7302547005890745,,False,202412,2,0.0
E1,M07,104-1,A,202412,2.0,2530.0,0.0010406213996357824,2.6327721410785294,0.759655561829475,,False,202412,0,0.0
E1,M07,104-1,B,202404,2.0,1536.0,0.001187574223388962,1.8241140071254454,1.096422697368421,,False,202412,8,0.0
E1,M07,104-1,B,202405,1.0,1567.0,0.0012215232394796312,1.914126916264582,0.522431397574984,,False,202412,7,0.0
E1,M07,104-1,B,202406,0.0,1598.0,0.0010748193706335463,1.7175613542724069,0.0,,False,202412,6,0.0
E1,M07,104-1,B,202407,0.0,1630.0,0.0009345248525202967,1.5232755096080837,0.0,,False,202412,5,0.0
E1,M07,104-1,B,202408,2.0,1661.0,0.0009144947416552355,1.5189757658893461,1.316676700782661,,False,202412,4,0.0
E1,M07,104-1,B,202409,2.0,1692.0,0.0010072183985227463,1.7042135303004868,1.1735618597320725,,False,202412,3,0.0
E1,M07,104-1,B,202410,1.0,1723.0,0.0010413812003288573,1.794299808166621,0.5573204630845832,,False,202412,2,0.0
E1,M07,104-1,C,202404,1.0,1280.0,0.0015001500150015,1.9201920192019202,0.52078125,,False,202412,8,0.0
E1,M07,104-1,C,202405,0.0,1306.0,0.001465845793022574,1.9143946056874817,0.0,,False,202412,7,0.0
E1,M07,104-1,C,202407,0.0,1358.0,0.0016119988786094757,2.189094477151668,0.0,,False,202412,5,0.0
E1,M07,104-1,C,202409,0.0,1410.0,0.001141552511415525,1.6095890410958904,0.0,,False,202412,3,0.0
E1,M07,104-1,C,202410,1.0,1436.0,0.0009865824782951855,1.4167324388318865,0.7058495821727019,,False,202412,2,0.0
E1,M07,104-1,C,202411,1.0,1462.0,0.0010311936065996391,1.5076050528486724,0.6633036935704514,,False,202412,1,0.0
E1,M07,104-1,D,202404,0.0,960.0,0.001000100010001,0.9600960096009601,0.0,,False,202412,8,0.0
E1,M07,104-1,D,202406,0.0,999.0,0.0012419986624629788,1.2407566638005159,0.0,,False,202412,6,0.0
E1,M07,104-1,D,202407,1.0,1018.0,0.00112139052425007,1.1415755536865713,0.8759823182711199,,False,202412,5,0.0
E1,M07,104-1,D,202408,2.0,1038.0,0.0009144947416552355,0.9492455418381344,2.106936416184971,,False,202412,4,0.0
E1,M07,104-1,D,202409,2.0,1058.0,0.0010744023636852001,1.1367177007789417,1.7594517958412097,,False,202412,3,0.0
E1,M07,104-1,E,202404,0.0,448.0,,,,,False,202412,8,0.0
E1,M07,104-1,E,202405,1.0,457.0,,,,,False,202412,7,0.0
E1,M07,104-1,E,202406,0.0,466.0,0.0006141248720573184,0.28618219037871034,0.0,,False,202412,6,0.0
E1,M07,104-1,E,202407,0.0,475.0,,,,,False,202412,5,0.0
E1,M07,104-1,E,202408,0.0,484.0,,,,,False,202412,4,0.0
E1,M07,104-1,E,202409,0.0,494.0,,,,,False,202412,3,0.0
E1,M07,104-1,E,202410,1.0,503.0,,,,,False,202412,2,0.0
E1,M07,104-1,E,202411,0.0,512.0,,,,,False,202412,1,0.0
E1,M07,104-1,E,202412,1.0,521.0,,,,,False,202412,0,0.0
E1,M07,105-0,A,202404,1.0,2176.0,0.00017648356496801235,0.3840282373703949,2.6039751838235294,,False,202412,8,0.0
E1,M07,105-0,A,202405,0.0,2220.0,0.0002155636990730761,0.47855141194222894,0.0,,False,202412,7,0.0
E1,M07,105-0,A,202406,2.0,2264.0,0.00021074815595363542,0.47713382507903057,4.1916961130742045,,False,202412,6,0.0
E1,M07,105-0,A,202407,1.0,2309.0,0.0002473716759431045,0.5711811997526284,1.7507579038544823,,False,202412,5,0.0
E1,M07,105-0,A,202408,1.0,2353.0,0.0002824174937464698,0.6645283627854435,1.5048266650476594,,False,202412,4,0.0
E1,M07,105-0,A,202409,0.0,2397.0,0.0002369949046095509,0.5680767863490935,0.0,,False,202412,3,0.0
E1,M07,105-0,A,202410,1.0,2441.0,0.00023213525747668975,0.5666421635005997,1.7647821930902634,,False,202412,2,0.0
E1,M07,105-0,A,202411,1.0,2485.0,0.00022747090268036548,0.5652651931607082,1.7690811535881958,,False,202412,1,0.0
E1,M07,105-0,A,202412,0.0,2530.0,0.0002601553499089456,0.6581930352696324,0.0,,False,202412,0,0.0
E1,M07,105-0,B,202404,0.0,1536.0,0.00018751171948246765,0.2880180011250703,0.0,,False,202412,8,0.0
E1,M07,105-0,B,202405,0.0,1567.0,0.00018322848592194468,0.2871190374396873,0.0,,False,202412,7,0.0
E1,M07,105-0,B,202406,0.0,1598.0,0.00017913656177225771,0.28626022571206783,0.0,,False,202412,6,0.0
E1,M07,105-0,B,202407,1.0,1630.0,,,,,False,202412,5,0.0
E1,M07,105-0,B,202408,0.0,1661.0,0.00017146776406035664,0.28480795610425236,0.0,,False,202412,4,0.0
E1,M07,105-0,B,202409,0.0,1692.0,0.00016786973308712439,0.2840355883834145,0.0,,False,202412,3,0.0
E1,M07,105-0,B,202410,0.0,1723.0,0.0001644286105782406,0.28331049602630853,0.0,,False,202412,2,0.0
E1,M07,105-0,B,202411,1.0,1754.0,0.00016112573177936516,0.28261453354100646,3.538388445458001,,False,202412,1,0.0
E1,M07,105-0,C,202404,0.0,1280.0,0.00075007500750075,0.9600960096009601,0.0,,False,202412,8,0.0
E1,M07,105-0,C,202405,0.0,1306.0,0.000732922896511287,0.9571973028437408,0.0,,False,202412,7,0.0
E1,M07,105-0,C,202406,0.0,1332.0,0.0006448839208942391,0.8589853826311264,0.0,,False,202412,6,0.0
E1,M07,105-0,C,202407,1.0,1358.0,0.0006307821698906644,0.8566021867115223,1.1674030436917033,,False,202412,5,0.0
E1,M07,105-0,C,202408,1.0,1384.0,0.0006858710562414266,0.9492455418381344,1.0534682080924855,,False,202412,4,0.0
E1,M07,105-0,C,202409,0.0,1410.0,0.000738651625033575,1.0414987912973408,0.0,,False,202412,3,0.0
E1,M07,105-0,C,202410,0.0,1436.0,0.0005261773217574323,0.7555906340436728,0.0,,False,202412,2,0.0
E1,M07,105-0,C,202411,1.0,1462.0,0.00032224800206238723,0.47112657901521016,2.122571819425444,,False,202412,1,0.0
E1,M07,105-0,D,202404,1.0,960.0,0.00030003000300030005,0.28802880288028804,3.471875,,False,202412,8,0.0
E1,M07,105-0,D,202405,0.0,980.0,0.0003908922114726864,0.3830743672432327,0.0,,False,202412,7,0.0
E1,M07,105-0,D,202406,0.0,999.0,0.0003821534346039935,0.3817712811693895,0.0,,False,202412,6,0.0
E1,M07,105-0,D,202407,0.0,1018.0,0.00037379684141669004,0.3805251845621905,0.0,,False,202412,5,0.0
E1,M07,105-0,D,202408,1.0,1038.0,0.0003657978966620942,0.3796982167352538,2.6336705202312136,,False,202412,4,0.0
E1,M07,105-0,D,202409,0.0,1058.0,0.00044766765153550004,0.47363237532455904,0.0,,False,202412,3,0.0
E1,M07,105-0,E,202404,1.0,448.0,,,,,False,202412,8,0.0
E1,M07,105-0,E,202405,0.0,457.0,,,,,False,202412,7,0.0
E1,M07,105-0,E,202406,1.0,466.0,,,,,False,202412,6,0.0
E1,M07,105-0,E,202407,0.0,475.0,0.0006007208650380457,0.28534241089307166,0.0,,False,202412,5,0.0
E1,M07,105-0,E,202408,0.0,484.0,0.0005878894767783657,0.284538506760729,0.0,,False,202412,4,0.0
E1,M07,105-0,E,202409,0.0,494.0,0.0005755947812739831,0.28434382194934765,0.0,,False,202412,3,0.0
E1,M07,105-0,E,202410,1.0,503.0,0.0005636978579481398,0.2835400225479143,3.5268389662027833,,False,202412,2,0.0
E1,M07,105-0,E,202411,0.0,512.0,0.0007363770250368188,0.37702503681885124,0.0,,False,202412,1,0.0
E1,M07,105-0,E,202412,0.0,521.0,0.0007218913553510197,0.37610539613788124,0.0,,False,202412,0,0.0
E1,M08,100-0,A,202404,2.0,2132.0,0.0009939459654829674,2.1190927984096866,0.9438001023366877,,False,202412,8,0.0
E1,M08,100-0,A,202411,2.0,2441.0,0.00158625759275738,3.8720547839207646,0.5165216174898332,,False,202412,1,0.0
E1,M08,100-0,A,202412,3.0,2485.0,0.0014406490503089814,3.5800128900178185,0.8379858095944086,,False,202412,0,0.0
E1,M08,100-0,B,202404,0.0,1505.0,0.0012800819252432156,1.9265232974910393,0.0,,False,202412,8,0.0
E1,M08,100-0,B,202407,1.0,1598.0,0.0014330924941780617,2.2900818056965426,0.43666562369628703,,False,202412,5,0.0
E1,M08,100-0,B,202411,1.0,1723.0,0.001534667032063579,2.6442312962455468,0.37818174280739575,,False,202412,1,0.0
E1,M08,100-0,C,202406,1.0,1306.0,0.0010993843447669306,1.4357959542656114,0.6964777947932618,,False,202412,6,0.0
E1,M08,100-0,C,202408,1.0,1358.0,0.0011914774320156995,1.61802635267732,0.6180369054838429,,False,202412,4,0.0
E1,M08,100-0,C,202409,0.0,1384.0,0.0012345679012345679,1.708641975308642,0.0,,False,202412,3,0.0
E1,M08,100-0,C,202410,2.0,1410.0,0.0012087026591458502,1.7042707493956488,1.1735224586288415,,False,202412,2,0.0
E1,M08,100-0,C,202411,1.0,1436.0,0.0012496711391739015,1.7945277558537225,0.5572496701363437,,False,202412,1,0.0
E1,M08,100-0,D,202404,0.0,940.0,0.0015360983102918587,1.443932411674347,0.0,,False,202412,8,0.0
E1,M08,100-0,D,202405,1.0,960.0,0.0014001400140014,1.3441344134413442,0.7439732142857143,,False,202412,7,0.0
E1,M08,100-0,D,202407,0.0,999.0,0.0019107671730199676,1.9088564058469475,0.0,,False,202412,5,0.0
E1,M08,100-0,D,202408,0.0,1018.0,0.0014951873656667601,1.522100738248762,0.0,,False,202412,4,0.0
E1,M08,100-0,D,202409,0.0,1038.0,0.0013717421124828531,1.4238683127572016,0.0,,False,202412,3,0.0
E1,M08,100-0,E,202404,1.0,439.0,0.0010969723562966214,0.4815708644142168,2.076537585421412,,False,202412,8,0.0
E1,M08,100-0,E,202405,0.0,448.0,0.0012856224555388902,0.5759588600814228,0.0,,False,202412,7,0.0
E1,M08,100-0,E,202406,2.0,457.0,0.001256281407035176,0.5741206030150754,3.483588621444201,,False,202412,6,0.0
E1,M08,100-0,E,202407,0.0,466.0,0.0014329580348004093,0.6677584442169907,0.0,,False,202412,5,0.0
E1,M08,100-0,E,202408,1.0,475.0,0.0012014417300760913,0.5706848217861433,1.7522807017543862,,False,202412,4,0.0
E1,M08,100-0,E,202409,0.0,484.0,0.0013717421124828531,0.6639231824417009,0.0,,False,202412,3,0.0
E1,M08,100-0,E,202410,1.0,494.0,0.0011511895625479663,0.5686876438986953,1.7584345479082322,,False,202412,2,0.0
E1,M08,100-0,E,202411,1.0,503.0,0.0011273957158962795,0.5670800450958287,1.7634194831013916,,False,202412,1,0.0
E1,M08,100-0,E,202412,0.0,512.0,0.0011045655375552283,0.5655375552282769,0.0,,False,202412,0,0.0
E1,M08,101-0,A,202404,1.0,2132.0,0.0014457395861570434,3.0823167976868167,0.3244312851782364,,False,202412,8,0.0
E1,M08,101-0,A,202405,1.0,2176.0,0.0013677476285020957,2.9762188396205604,0.3359967979127135,,False,202412,7,0.0
E1,M08,101-0,A,202407,2.0,2264.0,0.0013487881981032665,3.0536564805057953,0.6549525176678446,,False,202412,5,0.0
E1,M08,101-0,A,202408,0.0,2309.0,0.0011956297670583384,2.7607091321377033,0.0,,False,202412,4,0.0
E1,M08,101-0,A,202409,2.0,2353.0,0.0010489792624868877,2.4682482046316467,0.810291281179509,,False,202412,3,0.0
E1,M08,101-0,A,202410,1.0,2397.0,0.0009084804676699451,2.1776276810048585,0.45921532350220384,,False,202412,2,0.0
E1,M08,101-0,A,202412,1.0,2485.0,0.0009098836107214619,2.261060772642833,0.44227028839704896,,False,202412,0,0.0
E1,M08,101-0,B,202404,1.0,1505.0,0.0009600614439324117,1.4448924731182795,0.692093023255814,,False,202412,8,0.0
E1,M08,101-0,B,202406,0.0,1567.0,0.001099370915531668,1.7227142246381237,0.0,,False,202412,6,0.0
E1,M08,101-0,B,202407,2.0,1598.0,0.0010151071833761271,1.6221412790350511,1.2329382316130457,,False,202412,5,0.0
E1,M08,101-0,B,202408,0.0,1630.0,0.0010513404590853338,1.7136849483090941,0.0,,False,202412,4,0.0
E1,M08,101-0,B,202409,2.0,1661.0,0.0009716506630086877,1.6139117512574301,1.239225130148387,,False,202412,3,0.0
E1,M08,101-0,B,202410,1.0,1692.0,0.0008953052431313301,1.5148564713782104,0.6601285460992908,,False,202412,2,0.0
E1,M08,101-0,B,202411,2.0,1723.0,0.0009317621266100301,1.6054261441490818,1.2457751527773038,,False,202412,1,0.0
E1,M08,101-0,C,202404,2.0,1254.0,0.001228878648233487,1.5410138248847927,1.2978468899521531,,False,202412,8,0.0
E1,M08,101-0,C,202405,0.0,1280.0,0.001275127512751275,1.632163216321632,0.0,,False,202412,7,0.0
E1,M08,101-0,C,202406,0.0,1306.0,0.0011726766344180592,1.5315156845499853,0.0,,False,202412,6,0.0
E1,M08,101-0,C,202408,2.0,1358.0,0.001261564339781329,1.7132043734230447,1.1674030436917033,,False,202412,4,0.0
E1,M08,101-0,C,202409,0.0,1384.0,0.0012345679012345679,1.708641975308642,0.0,,False,202412,3,0.0
E1,M08,101-0,C,202410,1.0,1410.0,0.001141552511415525,1.6095890410958904,0.6212765957446809,,False,202412,2,0.0
E1,M08,101-0,C,202411,1.0,1436.0,0.0010523546435148646,1.5111812680873455,0.661733983286908,,False,202412,1,0.0
E1,M08,101-0,D,202406,1.0,980.0,0.0008795074758135445,0.8619173262972736,1.160204081632653,,False,202412,6,0.0
E1,M08,101-0,D,202407,0.0,999.0,0.0009553835865099838,0.9544282029234737,0.0,,False,202412,5,0.0
E1,M08,101-0,D,202408,0.0,1018.0,0.0009344921035417251,0.9513129614054762,0.0,,False,202412,4,0.0
E1,M08,101-0,D,202409,2.0,1038.0,0.0009144947416552355,0.9492455418381344,2.106936416184971,,False,202412,3,0.0
E1,M08,101-0,E,202404,0.0,439.0,,,,,False,202412,8,0.0
E1,M08,101-0,E,202405,0.0,448.0,,,,,False,202412,7,0.0
E1,M08,101-0,E,202406,0.0,457.0,,,,,False,202412,6,0.0
E1,M08,101-0,E,202407,0.0,466.0,,,,,False,202412,5,0.0
E1,M08,101-0,E,202408,1.0,475.0,,,,,False,202412,4,0.0
E1,M08,101-0,E,202409,0.0,484.0,,,,,False,202412,3,0.0
E1,M08,101-0,E,202410,0.0,494.0,,,,,False,202412,2,0.0
E1,M08,101-0,E,202411,0.0,503.0,,,,,False,202412,1,0.0
E1,M08,101-0,E,202412,1.0,512.0,,,,,False,202412,0,0.0
E1,M08,102-0,A,202407,1.0,2264.0,0.0013487881981032665,3.0536564805057953,0.3274762588339223,,False,202412,5,0.0
E1,M08,102-0,A,202408,1.0,2309.0,0.0012780869923727067,2.9511028653885796,0.33885636848796435,,False,202412,4,0.0
E1,M08,102-0,A,202409,0.0,2353.0,0.0011700153312353748,2.753046074396837,0.0,,False,202412,3,0.0
E1,M08,102-0,A,202411,2.0,2441.0,0.0010832978682245521,2.6443300963361316,0.756335225610113,,False,202412,1,0.0
E1,M08,102-0,A,202412,0.0,2485.0,0.0010236190620616446,2.543693369223187,0.0,,False,202412,0,0.0
E1,M08,102-0,B,202405,2.0,1536.0,0.0012500781298831177,1.9201200075004687,1.0416015625,,False,202412,7,0.0
E1,M08,102-0,B,202406,0.0,1567.0,0.0012825994014536127,2.009833262077811,0.0,,False,202412,6,0.0
E1,M08,102-0,B,202407,1.0,1598.0,0.0011345315578909655,1.8129814295097628,0.5515776299321521,,False,202412,5,0.0
E1,M08,102-0,B,202409,1.0,1661.0,0.0012002743484224967,1.993655692729767,0.5015911241076804,,False,202412,3,0.0
E1,M08,102-0,B,202410,2.0,1692.0,0.0012310447093055788,2.082927648145039,0.960186976144423,,False,202412,2,0.0
E1,M08,102-0,B,202411,1.0,1723.0,0.0010961907371882709,1.8887366401753907,0.529454439930354,,False,202412,1,0.0
E1,M08,102-0,C,202404,1.0,1254.0,0.0009216589861751152,1.1557603686635944,0.8652312599681021,,False,202412,8,0.0
E1,M08,102-0,C,202405,0.0,1280.0,0.0009750975097509751,1.248124812481248,0.0,,False,202412,7,0.0
E1,M08,102-0,C,202406,1.0,1306.0,0.0009527997654646731,1.2443564936968632,0.8036282247614559,,False,202412,6,0.0
E1,M08,102-0,C,202407,1.0,1332.0,0.001003152765835483,1.3361994840928633,0.7483912483912484,,False,202412,5,0.0
E1,M08,102-0,C,202408,0.0,1358.0,0.0009812167087188113,1.3324922904401457,0.0,,False,202412,4,0.0
E1,M08,102-0,C,202409,2.0,1384.0,0.0008916323731138546,1.2340192043895748,1.6207203201422855,,False,202412,3,0.0
E1,M08,102-0,C,202410,1.0,1410.0,0.0008729519204942251,1.2308622078968574,0.8124386252045827,,False,202412,2,0.0
E1,M08,102-0,C,202411,0.0,1436.0,0.0009208103130755065,1.3222836095764272,0.0,,False,202412,1,0.0
E1,M08,102-0,D,202404,2.0,940.0,0.001228878648233487,1.1551459293394777,1.7313829787234043,,False,202412,8,0.0
E1,M08,102-0,D,202405,1.0,960.0,0.0013001300130013002,1.248124812481248,0.8012019230769231,,False,202412,7,0.0
E1,M08,102-0,D,202406,1.0,980.0,0.0011726766344180592,1.149223101729698,0.8701530612244898,,False,202412,6,0.0
E1,M08,102-0,D,202407,1.0,999.0,0.0011464603038119805,1.1453138435081684,0.8731231231231232,,False,202412,5,0.0
E1,M08,102-0,D,202408,0.0,1018.0,0.00112139052425007,1.1415755536865713,0.0,,False,202412,4,0.0
E1,M08,102-0,D,202409,1.0,1038.0,0.001005944215820759,1.0441700960219478,0.9576983709931688,,False,202412,3,0.0
E1,M08,102-0,E,202404,1.0,439.0,0.0006581834137779728,0.2889425186485301,3.4608959757023534,,False,202412,8,0.0
E1,M08,102-0,E,202405,1.0,448.0,0.0008570816370259267,0.38397257338761515,2.604352678571429,,False,202412,7,0.0
E1,M08,102-0,E,202406,1.0,457.0,0.0010469011725293131,0.4784338358458961,2.090153172866521,,False,202412,6,0.0
E1,M08,102-0,E,202407,0.0,466.0,0.0012282497441146367,0.5723643807574207,0.0,,False,202412,5,0.0
E1,M08,102-0,E,202408,1.0,475.0,0.0012014417300760913,0.5706848217861433,1.7522807017543862,,False,202412,4,0.0
E1,M08,102-0,E,202409,0.0,484.0,0.0013717421124828531,0.6639231824417009,0.0,,False,202412,3,0.0
E1,M08,102-0,E,202410,1.0,494.0,0.0011511895625479663,0.5686876438986953,1.7584345479082322,,False,202412,2,0.0
E1,M08,102-0,E,202411,0.0,503.0,0.0011273957158962795,0.5670800450958287,0.0,,False,202412,1,0.0
E1,M08,102-0,E,202412,1.0,512.0,0.0011045655375552283,0.5655375552282769,1.7682291666666667,,False,202412,0,0.0
E1,M08,103-0,A,202404,0.0,2132.0,0.0007680491551459293,1.6374807987711213,0.0,,False,202412,8,0.0
E1,M08,103-0,A,202405,2.0,2176.0,0.0007059342598720494,1.5361129494815795,1.3019875919117647,,False,202412,7,0.0
E1,M08,103-0,A,202406,1.0,2220.0,0.0007760293166630739,1.7227850829920242,0.5804554554554554,,False,202412,6,0.0
E1,M08,103-0,A,202408,1.0,2309.0,0.000948258091115234,2.1895279323850754,0.4567194531794302,,False,202412,4,0.0
E1,M08,103-0,A,202409,0.0,2353.0,0.0008472524812394094,1.9935850883563302,0.0,,False,202412,3,0.0
E1,M08,103-0,A,202410,0.0,2397.0,0.0007504838645969111,1.798909823438796,0.0,,False,202412,2,0.0
E1,M08,103-0,A,202411,1.0,2441.0,0.0007350949820095176,1.7943668510852324,0.557299639923241,,False,202412,1,0.0
E1,M08,103-0,A,202412,0.0,2485.0,0.0007203245251544907,1.7900064450089093,0.0,,False,202412,0,0.0
E1,M08,103-0,B,202404,0.0,1505.0,0.0008320532514080901,1.2522401433691757,0.0,,False,202412,8,0.0
E1,M08,103-0,B,202405,0.0,1536.0,0.0007500468779298706,1.1520720045002812,0.0,,False,202412,7,0.0
E1,M08,103-0,B,202406,0.0,1567.0,0.0006718377817137971,1.05276980394552,0.0,,False,202412,6,0.0
E1,M08,103-0,B,202407,1.0,1598.0,0.0006568340598316116,1.0496208276109154,0.9527249971555354,,False,202412,5,0.0
E1,M08,103-0,B,202408,2.0,1630.0,0.0006424858361077039,1.0472519128555575,1.909760178471835,,False,202412,4,0.0
E1,M08,103-0,B,202410,0.0,1692.0,0.0007833920877399138,1.325499412455934,0.0,,False,202412,2,0.0
E1,M08,103-0,B,202411,1.0,1723.0,0.000712523979172376,1.2276788161140038,0.8145452922005447,,False,202412,1,0.0
E1,M08,103-0,C,202404,0.0,1254.0,0.0008448540706605223,1.0594470046082949,0.0,,False,202412,8,0.0
E1,M08,103-0,C,202405,0.0,1280.0,0.0006750675067506751,0.8640864086408641,0.0,,False,202412,7,0.0
E1,M08,103-0,C,202406,1.0,1306.0,0.0005863383172090296,0.7657578422749927,1.305895865237366,,False,202412,6,0.0
E1,M08,103-0,C,202407,1.0,1332.0,0.0006448839208942391,0.8589853826311264,1.164164164164164,,False,202412,5,0.0
E1,M08,103-0,C,202409,2.0,1384.0,0.0008230452674897119,1.1390946502057613,1.7557803468208093,,False,202412,3,0.0
E1,M08,103-0,C,202410,0.0,1410.0,0.0009401020682245501,1.3255439161966156,0.0,,False,202412,2,0.0
E1,M08,103-0,C,202411,1.0,1436.0,0.0008550381478558274,1.2278347803209682,0.8144418255838869,,False,202412,1,0.0
E1,M08,103-0,D,202404,1.0,940.0,0.0005120327700972862,0.48131080389144903,2.0776595744680852,,False,202412,8,0.0
E1,M08,103-0,D,202405,0.0,960.0,0.0005000500050005,0.48004800480048004,0.0,,False,202412,7,0.0
E1,M08,103-0,D,202406,0.0,980.0,0.000488615264340858,0.47884295905404084,0.0,,False,202412,6,0.0
E1,M08,103-0,D,202407,0.0,999.0,0.0004776917932549919,0.4772141014617369,0.0,,False,202412,5,0.0
E1,M08,103-0,D,202408,1.0,1018.0,0.00046724605177086255,0.4756564807027381,2.1023575638506875,,False,202412,4,0.0
E1,M08,103-0,D,202409,1.0,1038.0,0.0005486968449931413,0.5695473251028806,1.7557803468208093,,False,202412,3,0.0
E1,M08,103-0,E,202404,0.0,439.0,0.0008775778850372971,0.38525669153137343,0.0,,False,202412,8,0.0
E1,M08,103-0,E,202405,0.0,448.0,0.0008570816370259267,0.38397257338761515,0.0,,False,202412,7,0.0
E1,M08,103-0,E,202406,0.0,457.0,0.000628140703517588,0.2870603015075377,0.0,,False,202412,6,0.0
E1,M08,103-0,E,202407,1.0,466.0,0.0006141248720573184,0.28618219037871034,3.4942775393419168,,False,202412,5,0.0
E1,M08,103-0,E,202408,2.0,475.0,0.0006007208650380457,0.28534241089307166,7.009122807017545,,False,202412,4,0.0
E1,M08,103-0,E,202409,0.0,484.0,0.0009798157946306093,0.4742308446012149,0.0,,False,202412,3,0.0
E1,M08,103-0,E,202410,0.0,494.0,0.0009593246354566385,0.47390636991557944,0.0,,False,202412,2,0.0
E1,M08,103-0,E,202411,0.0,503.0,0.000751597143930853,0.37805336339721907,0.0,,False,202412,1,0.0
E1,M08,103-0,E,202412,0.0,512.0,0.0007363770250368188,0.37702503681885124,0.0,,False,202412,0,0.0
E1,M08,103-1,A,202404,1.0,2132.0,0.0007228697930785217,1.5411583988434083,0.6488625703564728,,False,202412,8,0.0
E1,M08,103-1,A,202405,1.0,2176.0,0.0007059342598720494,1.5361129494815795,0.6509937959558824,,False,202412,7,0.0
E1,M08,103-1,A,202412,3.0,2485.0,0.0013269135989687985,3.297380293437464,0.9098131647025008,,False,202412,0,0.0
E1,M08,103-1,B,202404,0.0,1505.0,0.000576036866359447,0.8669354838709677,0.0,,False,202412,8,0.0
E1,M08,103-1,B,202406,2.0,1567.0,0.000549685457765834,0.8613571123190619,2.3219173225554846,,False,202412,6,0.0
E1,M08,103-1,B,202407,1.0,1598.0,0.0006568340598316116,1.0496208276109154,0.9527249971555354,,False,202412,5,0.0
E1,M08,103-1,B,202408,2.0,1630.0,0.0005256702295426669,0.8568424741545471,2.334151329243354,,False,202412,4,0.0
E1,M08,103-1,B,202410,1.0,1692.0,0.0007274355100442057,1.230820882994796,0.8124659028914348,,False,202412,2,0.0
E1,M08,103-1,B,202411,1.0,1723.0,0.000712523979172376,1.2276788161140038,0.8145452922005447,,False,202412,1,0.0
E1,M08,103-1,C,202404,1.0,1254.0,0.0006144393241167435,0.7705069124423963,1.2978468899521531,,False,202412,8,0.0
E1,M08,103-1,C,202405,1.0,1280.0,0.0006750675067506751,0.8640864086408641,1.1572916666666666,,False,202412,7,0.0
E1,M08,103-1,C,202406,1.0,1306.0,0.000732922896511287,0.9571973028437408,1.0447166921898927,,False,202412,6,0.0
E1,M08,103-1,C,202407,1.0,1332.0,0.0007881914588707366,1.049871023215821,0.9524979524979525,,False,202412,5,0.0
E1,M08,103-1,C,202408,0.0,1358.0,0.0008410428931875525,1.1421362489486964,0.0,,False,202412,4,0.0
E1,M08,103-1,C,202409,2.0,1384.0,0.0008230452674897119,1.1390946502057613,1.7557803468208093,,False,202412,3,0.0
E1,M08,103-1,C,202410,0.0,1410.0,0.0009401020682245501,1.3255439161966156,0.0,,False,202412,2,0.0
E1,M08,103-1,C,202411,1.0,1436.0,0.0008550381478558274,1.2278347803209682,0.8144418255838869,,False,202412,1,0.0
E1,M08,103-1,D,202404,0.0,940.0,0.00030721966205837174,0.2887864823348694,0.0,,False,202412,8,0.0
E1,M08,103-1,D,202405,1.0,960.0,0.00030003000300030005,0.28802880288028804,3.471875,,False,202412,7,0.0
E1,M08,103-1,D,202406,1.0,980.0,0.0003908922114726864,0.3830743672432327,2.6104591836734694,,False,202412,6,0.0
E1,M08,103-1,D,202407,2.0,999.0,0.0004776917932549919,0.4772141014617369,4.190990990990991,,False,202412,5,0.0
E1,M08,103-1,D,202408,2.0,1018.0,0.000560695262125035,0.5707877768432856,3.5039292730844798,,False,202412,4,0.0
E1,M08,103-1,D,202409,0.0,1038.0,0.0007315957933241884,0.7593964334705076,0.0,,False,202412,3,0.0
E1,M08,103-1,E,202404,1.0,439.0,0.0008775778850372971,0.38525669153137343,2.595671981776765,,False,202412,8,0.0
E1,M08,103-1,E,202405,0.0,448.0,0.0008570816370259267,0.38397257338761515,0.0,,False,202412,7,0.0
E1,M08,103-1,E,202406,0.0,457.0,0.0008375209380234506,0.38274706867671693,0.0,,False,202412,6,0.0
E1,M08,103-1,E,202407,0.0,466.0,0.0008188331627430911,0.3815762538382804,0.0,,False,202412,5,0.0
E1,M08,103-1,E,202408,0.0,475.0,0.0008009611533840609,0.38045654785742894,0.0,,False,202412,4,0.0
E1,M08,103-1,E,202409,0.0,484.0,0.0005878894767783657,0.284538506760729,0.0,,False,202412,3,0.0
E1,M08,103-1,E,202410,0.0,494.0,0.0005755947812739831,0.28434382194934765,0.0,,False,202412,2,0.0
E1,M08,103-1,E,202411,0.0,503.0,0.0005636978579481398,0.2835400225479143,0.0,,False,202412,1,0.0
E1,M08,103-1,E,202412,0.0,512.0,0.0005522827687776141,0.28276877761413843,0.0,,False,202412,0,0.0
E1,M08,104-0,A,202404,2.0,2132.0,0.0011746634137525978,2.5043823981205384,0.798600086592582,,False,202412,8,0.0
E1,M08,104-0,A,202406,1.0,2220.0,0.0012502694546238414,2.775598189264928,0.360282696489593,,False,202412,6,0.0
E1,M08,104-0,A,202409,0.0,2353.0,0.0012910513999838619,3.037843944162027,0.0,,False,202412,3,0.0
E1,M08,104-0,A,202411,2.0,2441.0,0.001199365496962897,2.927651178086432,0.6831414940994568,,False,202412,1,0.0
E1,M08,104-0,B,202404,0.0,1505.0,0.0009600614439324117,1.4448924731182795,0.0,,False,202412,8,0.0
E1,M08,104-0,B,202406,1.0,1567.0,0.001099370915531668,1.7227142246381237,0.5804793306388711,,False,202412,6,0.0
E1,M08,104-0,B,202407,1.0,1598.0,0.0011345315578909655,1.8129814295097628,0.5515776299321521,,False,202412,5,0.0
E1,M08,104-0,B,202408,0.0,1630.0,0.0009929326558028152,1.618480228958589,0.0,,False,202412,4,0.0
E1,M08,104-0,B,202409,2.0,1661.0,0.0009716506630086877,1.6139117512574301,1.239225130148387,,False,202412,3,0.0
E1,M08,104-0,B,202410,1.0,1692.0,0.0009512618208270382,1.6095350008393485,0.6212974551522737,,False,202412,2,0.0
E1,M08,104-0,C,202404,1.0,1254.0,0.001228878648233487,1.5410138248847927,0.6489234449760766,,False,202412,8,0.0
E1,M08,104-0,C,202405,1.0,1280.0,0.0011251125112511251,1.4401440144014401,0.694375,,False,202412,7,0.0
E1,M08,104-0,C,202406,1.0,1306.0,0.0010260920551158018,1.3400762239812372,0.7462262087070662,,False,202412,6,0.0
E1,M08,104-0,C,202407,0.0,1332.0,0.0010748065348237317,1.4316423043852107,0.0,,False,202412,5,0.0
E1,M08,104-0,C,202408,1.0,1358.0,0.0009111298009531819,1.237314269694421,0.8082021071711794,,False,202412,4,0.0
E1,M08,104-0,C,202409,0.0,1384.0,0.0008916323731138546,1.2340192043895748,0.0,,False,202412,3,0.0
E1,M08,104-0,C,202410,1.0,1410.0,0.0008058017727639,1.136180499597099,0.8801418439716313,,False,202412,2,0.0
E1,M08,104-0,C,202411,2.0,1436.0,0.0007892659826361484,1.133385951065509,1.7646239554317549,,False,202412,1,0.0
E1,M08,104-0,D,202404,0.0,940.0,0.001228878648233487,1.1551459293394777,0.0,,False,202412,8,0.0
E1,M08,104-0,D,202405,1.0,960.0,0.0007000700070007,0.6720672067206721,1.4879464285714286,,False,202412,7,0.0
E1,M08,104-0,D,202406,1.0,980.0,0.0007817844229453728,0.7661487344864654,1.3052295918367347,,False,202412,6,0.0
E1,M08,104-0,D,202407,0.0,999.0,0.0008598452278589854,0.8589853826311264,0.0,,False,202412,5,0.0
E1,M08,104-0,D,202408,2.0,1018.0,0.0008410428931875525,0.8561816652649284,2.3359528487229864,,False,202412,4,0.0
E1,M08,104-0,D,202409,1.0,1038.0,0.0009144947416552355,0.9492455418381344,1.0534682080924855,,False,202412,3,0.0
E1,M08,104-0,E,202404,1.0,439.0,0.0006581834137779728,0.2889425186485301,3.4608959757023534,,False,202412,8,0.0
E1,M08,104-0,E,202405,2.0,448.0,0.0006428112277694451,0.2879794300407114,6.944940476190475,,False,202412,7,0.0
E1,M08,104-0,E,202406,0.0,457.0,0.0008375209380234506,0.38274706867671693,0.0,,False,202412,6,0.0
E1,M08,104-0,E,202407,0.0,466.0,0.0008188331627430911,0.3815762538382804,0.0,,False,202412,5,0.0
E1,M08,104-0,E,202408,0.0,475.0,0.0008009611533840609,0.38045654785742894,0.0,,False,202412,4,0.0
E1,M08,104-0,E,202409,1.0,484.0,0.0007838526357044876,0.379384675680972,2.6358471074380163,,False,202412,3,0.0
E1,M08,104-0,E,202410,1.0,494.0,0.0007674597083653108,0.3791250959324635,2.6376518218623484,,False,202412,2,0.0
E1,M08,104-0,E,202411,0.0,503.0,0.0009394964299135663,0.47256670424652386,0.0,,False,202412,1,0.0
E1,M08,104-0,E,202412,0.0,512.0,0.0009204712812960235,0.47128129602356406,0.0,,False,202412,0,0.0
E1,M08,105-0,A,202404,0.0,2132.0,0.00018071744826963042,0.3852895997108521,0.0,,False,202412,8,0.0
E1,M08,105-0,A,202405,0.0,2176.0,0.00017648356496801235,0.3840282373703949,0.0,,False,202412,7,0.0
E1,M08,105-0,A,202406,0.0,2220.0,0.00017245095925846088,0.38284112955378313,0.0,,False,202412,6,0.0
E1,M08,105-0,A,202407,1.0,2264.0,0.00012644889357218123,0.2862802950474183,3.4930800942285045,,False,202412,5,0.0
E1,M08,105-0,A,202408,1.0,2309.0,0.00016491445062873634,0.3807874665017522,2.6261368557817235,,False,202412,4,0.0
E1,M08,105-0,A,202410,1.0,2397.0,0.00031599320614606786,0.7574357151321247,1.320244055068836,,False,202412,2,0.0
E1,M08,105-0,A,202411,0.0,2441.0,0.00030951367663558635,0.7555228846674663,0.0,,False,202412,1,0.0
E1,M08,105-0,A,202412,0.0,2485.0,0.00030329453690715395,0.7536869242142775,0.0,,False,202412,0,0.0
E1,M08,105-0,B,202404,0.0,1505.0,0.0003200204813108039,0.48163082437275984,0.0,,False,202412,8,0.0
E1,M08,105-0,B,202405,0.0,1536.0,0.00018751171948246765,0.2880180011250703,0.0,,False,202412,7,0.0
E1,M08,105-0,B,202406,0.0,1567.0,0.00018322848592194468,0.2871190374396873,0.0,,False,202412,6,0.0
E1,M08,105-0,B,202407,0.0,1598.0,0.00017913656177225771,0.28626022571206783,0.0,,False,202412,5,0.0
E1,M08,105-0,B,202408,0.0,1630.0,0.00017522340984755565,0.2856141580515157,0.0,,False,202412,4,0.0
E1,M08,105-0,B,202409,1.0,1661.0,,,,,False,202412,3,0.0
E1,M08,105-0,B,202410,0.0,1692.0,0.00016786973308712439,0.2840355883834145,0.0,,False,202412,2,0.0
E1,M08,105-0,B,202411,0.0,1723.0,0.0001644286105782406,0.28331049602630853,0.0,,False,202412,1,0.0
E1,M08,105-0,C,202404,0.0,1254.0,0.00038402457757296467,0.4815668202764977,0.0,,False,202412,8,0.0
E1,M08,105-0,C,202405,0.0,1280.0,0.000375037503750375,0.48004800480048004,0.0,,False,202412,7,0.0
E1,M08,105-0,C,202406,0.0,1306.0,0.0003664614482556435,0.4785986514218704,0.0,,False,202412,6,0.0
E1,M08,105-0,C,202407,0.0,1332.0,0.00028661507595299513,0.3817712811693895,0.0,,False,202412,5,0.0
E1,M08,105-0,C,202408,0.0,1358.0,0.0002803476310625175,0.3807120829828988,0.0,,False,202412,4,0.0
E1,M08,105-0,C,202409,0.0,1384.0,,,,,False,202412,3,0.0
E1,M08,105-0,C,202410,2.0,1410.0,,,,,False,202412,2,0.0
E1,M08,105-0,C,202411,1.0,1436.0,0.00026308866087871614,0.3777953170218364,2.646935933147632,,False,202412,1,0.0
E1,M08,105-0,D,202404,0.0,940.0,0.000409626216077829,0.38504864311315923,0.0,,False,202412,8,0.0
E1,M08,105-0,D,202405,1.0,960.0,0.00040004000400040005,0.38403840384038407,2.6039062499999996,,False,202412,7,0.0
E1,M08,105-0,D,202406,0.0,980.0,0.0002931691586045148,0.2873057754324245,0.0,,False,202412,6,0.0
E1,M08,105-0,D,202407,0.0,999.0,0.00028661507595299513,0.2863284608770421,0.0,,False,202412,5,0.0
E1,M08,105-0,D,202408,1.0,1018.0,0.0002803476310625175,0.2853938884216428,3.5039292730844798,,False,202412,4,0.0
E1,M08,105-0,D,202409,0.0,1038.0,0.0003657978966620942,0.3796982167352538,0.0,,False,202412,3,0.0
E1,M08,105-0,E,202404,0.0,439.0,,,,,False,202412,8,0.0
E1,M08,105-0,E,202405,0.0,448.0,,,,,False,202412,7,0.0
E1,M08,105-0,E,202406,0.0,457.0,,,,,False,202412,6,0.0
E1,M08,105-0,E,202407,0.0,466.0,,,,,False,202412,5,0.0
E1,M08,105-0,E,202408,0.0,475.0,,,,,False,202412,4,0.0
E1,M08,105-0,E,202409,0.0,484.0,,,,,False,202412,3,0.0
E1,M08,105-0,E,202410,0.0,494.0,,,,,False,202412,2,0.0
E1,M08,105-0,E,202411,0.0,503.0,,,,,False,202412,1,0.0
E1,M08,105-0,E,202412,0.0,512.0,,,,,False,202412,0,0.0
E1,M09,100-0,A,202406,1.0,2176.0,0.0012795058460180896,2.784204720935363,0.35916899087221094,,False,202412,6,0.0
E1,M09,100-0,A,202407,1.0,2220.0,0.0011209312351799956,2.4884673420995904,0.4018537768537769,,False,202412,5,0.0
E1,M09,100-0,A,202408,2.0,2264.0,0.001095890410958904,2.4810958904109586,0.8060954063604241,,False,202412,4,0.0
E1,M09,100-0,A,202409,2.0,2309.0,0.000948258091115234,2.1895279323850754,0.9134389063588604,,False,202412,3,0.0
E1,M09,100-0,A,202410,2.0,2353.0,0.0009279431937384007,2.183450334866457,0.9159814482898797,,False,202412,2,0.0
E1,M09,100-0,B,202405,0.0,1505.0,0.0009600614439324117,1.4448924731182795,0.0,,False,202412,7,0.0
E1,M09,100-0,B,202406,1.0,1536.0,0.0009375585974123383,1.4400900056253516,0.6944010416666666,,False,202412,6,0.0
E1,M09,100-0,B,202407,0.0,1567.0,0.0009161424296097233,1.4355951871984365,0.0,,False,202412,5,0.0
E1,M09,100-0,B,202409,1.0,1630.0,0.0009929326558028152,1.618480228958589,0.6178635871526524,,False,202412,3,0.0
E1,M09,100-0,C,202404,0.0,1228.0,0.0011803588290840415,1.4494806421152029,0.0,,False,202412,8,0.0
E1,M09,100-0,C,202405,1.0,1254.0,0.001075268817204301,1.3483870967741935,0.7416267942583732,,False,202412,7,0.0
E1,M09,100-0,C,202406,2.0,1280.0,0.00105010501050105,1.3441344134413442,1.4879464285714286,,False,202412,6,0.0
E1,M09,100-0,C,202407,2.0,1306.0,0.0008795074758135445,1.148636763412489,1.7411944869831546,,False,202412,5,0.0
E1,M09,100-0,C,202408,0.0,1332.0,0.0009314989968472342,1.240756663800516,0.0,,False,202412,4,0.0
E1,M09,100-0,C,202410,1.0,1384.0,0.0009602194787379973,1.3289437585733883,0.7524772914946325,,False,202412,2,0.0
E1,M09,100-0,C,202411,1.0,1410.0,0.0009401020682245501,1.3255439161966156,0.7544072948328268,,False,202412,1,0.0
E1,M09,100-0,D,202404,1.0,921.0,0.0012590494176896443,1.1595845136921623,0.8623778501628665,,False,202412,8,0.0
E1,M09,100-0,D,202405,2.0,940.0,0.0010240655401945725,0.9626216077828981,2.0776595744680852,,False,202412,7,0.0
E1,M09,100-0,D,202406,1.0,960.0,0.0012001200120012002,1.1521152115211521,0.86796875,,False,202412,6,0.0
E1,M09,100-0,D,202407,2.0,980.0,0.001270399687286231,1.2449916935405063,1.6064364207221349,,False,202412,5,0.0
E1,M09,100-0,D,202408,0.0,999.0,0.0013375370211139773,1.3361994840928633,0.0,,False,202412,4,0.0
E1,M09,100-0,D,202409,1.0,1018.0,0.0012148397346042426,1.236706849827119,0.8085990630194952,,False,202412,3,0.0
E1,M09,100-0,E,202404,0.0,430.0,0.0024724657226342997,1.0631602607327488,0.0,,False,202412,8,0.0
E1,M09,100-0,E,202405,1.0,439.0,0.002413339183852567,1.0594559017112768,0.9438807206460966,,False,202412,7,0.0
E1,M09,100-0,E,202406,1.0,448.0,0.001928433683308335,0.8639382901221341,1.1574900793650795,,False,202412,6,0.0
E1,M09,100-0,E,202407,0.0,457.0,0.0020938023450586263,0.9568676716917922,0.0,,False,202412,5,0.0
E1,M09,100-0,E,202408,0.0,466.0,0.0020470829068577278,0.9539406345957011,0.0,,False,202412,4,0.0
E1,M09,100-0,E,202409,1.0,475.0,0.0016019223067681217,0.7609130957148579,1.3142105263157895,,False,202412,3,0.0
E1,M09,100-0,E,202410,0.0,484.0,0.001763668430335097,0.8536155202821869,0.0,,False,202412,2,0.0
E1,M09,100-0,E,202411,0.0,494.0,0.0015349194167306216,0.758250191864927,0.0,,False,202412,1,0.0
E1,M09,100-0,E,202412,1.0,503.0,0.001503194287861706,0.7561067267944381,1.3225646123260437,,False,202412,0,0.0
E1,M09,101-0,A,202404,2.0,2088.0,0.0009257973429616257,1.9330648521038745,1.0346264367816091,,False,202412,8,0.0
E1,M09,101-0,A,202405,2.0,2132.0,0.0009035872413481522,1.9264479985542604,1.0381801125703565,,False,202412,7,0.0
E1,M09,101-0,A,202407,1.0,2220.0,0.0009053675361069196,2.0099159301573617,0.49753324753324746,,False,202412,5,0.0
E1,M09,101-0,A,202409,0.0,2309.0,0.000948258091115234,2.1895279323850754,0.0,,False,202412,3,0.0
E1,M09,101-0,A,202410,2.0,2353.0,0.0008069071249899136,1.8986524651012668,1.0533786655333617,,False,202412,2,0.0
E1,M09,101-0,A,202412,1.0,2441.0,0.0009672302394862073,2.361009014585832,0.42354772634166327,,False,202412,0,0.0
E1,M09,101-0,B,202404,1.0,1474.0,0.000918092989704243,1.3532690668240541,0.7389513471603023,,False,202412,8,0.0
E1,M09,101-0,B,202405,1.0,1505.0,0.0008960573476702509,1.3485663082437276,0.7415282392026579,,False,202412,7,0.0
E1,M09,101-0,B,202406,2.0,1536.0,0.0009375585974123383,1.4400900056253516,1.3888020833333332,,False,202412,6,0.0
E1,M09,101-0,B,202407,2.0,1567.0,0.0010382947535576865,1.6270078788248947,1.2292503472352565,,False,202412,5,0.0
E1,M09,101-0,B,202408,2.0,1598.0,0.0010748193706335463,1.7175613542724069,1.164441663190099,,False,202412,4,0.0
E1,M09,101-0,B,202409,1.0,1630.0,0.0011097482623678523,1.8088896676595994,0.5528253148207943,,False,202412,3,0.0
E1,M09,101-0,B,202410,1.0,1661.0,0.00102880658436214,1.7088477366255146,0.5851896447922937,,False,202412,2,0.0
E1,M09,101-0,B,202411,0.0,1692.0,0.0009512618208270382,1.6095350008393485,0.0,,False,202412,1,0.0
E1,M09,101-0,C,202404,0.0,1228.0,0.0007869058860560277,0.966320428076802,0.0,,False,202412,8,0.0
E1,M09,101-0,C,202405,1.0,1254.0,0.0006912442396313364,0.8668202764976959,1.1536416799574694,,False,202412,7,0.0
E1,M09,101-0,C,202406,0.0,1280.0,0.00075007500750075,0.9600960096009601,0.0,,False,202412,6,0.0
E1,M09,101-0,C,202407,1.0,1306.0,0.0006596306068601583,0.8614775725593667,1.1607963246554365,,False,202412,5,0.0
E1,M09,101-0,C,202408,2.0,1332.0,0.0007165376898824878,0.9544282029234737,2.0954954954954954,,False,202412,4,0.0
E1,M09,101-0,C,202409,1.0,1358.0,0.0007008690776562938,0.951780207457247,1.0506627393225332,,False,202412,3,0.0
E1,M09,101-0,C,202410,1.0,1384.0,0.0006858710562414266,0.9492455418381344,1.0534682080924855,,False,202412,2,0.0
E1,M09,101-0,C,202411,2.0,1410.0,0.0006715014773032501,0.9468170829975826,2.1123404255319147,,False,202412,1,0.0
E1,M09,101-0,D,202404,1.0,921.0,0.0006295247088448222,0.5797922568460812,1.724755700325733,,False,202412,8,0.0
E1,M09,101-0,D,202406,1.0,960.0,0.001000100010001,0.9600960096009601,1.0415625,,False,202412,6,0.0
E1,M09,101-0,D,202407,0.0,980.0,0.0010749535815498877,1.05345450991889,0.0,,False,202412,5,0.0
E1,M09,101-0,D,202408,1.0,999.0,0.001050921945160982,1.049871023215821,0.9524979524979525,,False,202412,4,0.0
E1,M09,101-0,D,202409,2.0,1018.0,0.00112139052425007,1.1415755536865713,1.7519646365422399,,False,202412,3,0.0
E1,M09,101-0,E,202404,1.0,430.0,,,,,False,202412,8,0.0
E1,M09,101-0,E,202405,0.0,439.0,0.0006581834137779728,0.2889425186485301,0.0,,False,202412,7,0.0
E1,M09,101-0,E,202406,0.0,448.0,0.0006428112277694451,0.2879794300407114,0.0,,False,202412,6,0.0
E1,M09,101-0,E,202407,0.0,457.0,0.000628140703517588,0.2870603015075377,0.0,,False,202412,5,0.0
E1,M09,101-0,E,202408,0.0,466.0,0.0006141248720573184,0.28618219037871034,0.0,,False,202412,4,0.0
E1,M09,101-0,E,202409,0.0,475.0,0.0006007208650380457,0.28534241089307166,0.0,,False,202412,3,0.0
E1,M09,101-0,E,202410,0.0,484.0,0.0005878894767783657,0.284538506760729,0.0,,False,202412,2,0.0
E1,M09,101-0,E,202411,0.0,494.0,,,,,False,202412,1,0.0
E1,M09,101-0,E,202412,0.0,503.0,,,,,False,202412,0,0.0
E1,M09,102-0,A,202404,2.0,2088.0,0.000972087210109707,2.0297180947090685,0.98535851122058,,False,202412,8,0.0
E1,M09,102-0,A,202405,2.0,2132.0,0.001039125327550375,2.2154151983373995,0.9027653152785708,,False,202412,7,0.0
E1,M09,102-0,A,202411,0.0,2397.0,0.00130347197535253,3.124422324920014,0.0,,False,202412,1,0.0
E1,M09,102-0,A,202412,3.0,2441.0,0.0012380547065423454,3.0220915386698652,0.9926899836132732,,False,202412,0,0.0
E1,M09,102-0,B,202405,1.0,1505.0,0.0014080901177675371,2.119175627240143,0.47188160676532775,,False,202412,7,0.0
E1,M09,102-0,B,202406,1.0,1536.0,0.0013125820363772737,2.016126007875492,0.49600074404761907,,False,202412,6,0.0
E1,M09,102-0,B,202408,2.0,1598.0,0.0013733803069206425,2.194661730459187,0.9113021711922511,,False,202412,4,0.0
E1,M09,102-0,B,202409,2.0,1630.0,0.0014017872787804452,2.2849132644121255,0.8753067484662577,,False,202412,3,0.0
E1,M09,102-0,B,202410,2.0,1661.0,0.001314586191129401,2.183527663465935,0.9159490092401121,,False,202412,2,0.0
E1,M09,102-0,C,202404,1.0,1228.0,0.0007869058860560277,0.966320428076802,1.0348534201954398,,False,202412,8,0.0
E1,M09,102-0,C,202405,1.0,1254.0,0.0007680491551459293,0.9631336405529954,1.0382775119617225,,False,202412,7,0.0
E1,M09,102-0,C,202406,1.0,1280.0,0.00075007500750075,0.9600960096009601,1.0415625,,False,202412,6,0.0
E1,M09,102-0,C,202407,0.0,1306.0,0.000732922896511287,0.9571973028437408,0.0,,False,202412,5,0.0
E1,M09,102-0,C,202408,0.0,1332.0,0.0007165376898824878,0.9544282029234737,0.0,,False,202412,4,0.0
E1,M09,102-0,C,202410,1.0,1384.0,0.0008230452674897119,1.1390946502057613,0.8778901734104047,,False,202412,2,0.0
E1,M09,102-0,C,202411,2.0,1410.0,0.0008729519204942251,1.2308622078968574,1.6248772504091653,,False,202412,1,0.0
E1,M09,102-0,D,202404,1.0,921.0,0.0007344454936522926,0.6764242996537615,1.478362028850628,,False,202412,8,0.0
E1,M09,102-0,D,202405,1.0,940.0,0.000819252432155658,0.7700972862263185,1.2985372340425532,,False,202412,7,0.0
E1,M09,102-0,D,202406,1.0,960.0,0.0008000800080008001,0.7680768076807681,1.3019531249999998,,False,202412,6,0.0
E1,M09,102-0,D,202407,1.0,980.0,0.0008795074758135445,0.8619173262972736,1.160204081632653,,False,202412,5,0.0
E1,M09,102-0,D,202408,0.0,999.0,0.0009553835865099838,0.9544282029234737,0.0,,False,202412,4,0.0
E1,M09,102-0,D,202409,1.0,1018.0,0.0009344921035417251,0.9513129614054762,1.0511787819253438,,False,202412,3,0.0
E1,M09,102-0,E,202404,0.0,430.0,0.0011238480557428637,0.4832546639694314,0.0,,False,202412,8,0.0
E1,M09,102-0,E,202405,0.0,439.0,0.0008775778850372971,0.38525669153137343,0.0,,False,202412,7,0.0
E1,M09,102-0,E,202406,2.0,448.0,0.0008570816370259267,0.38397257338761515,5.208705357142858,,False,202412,6,0.0
E1,M09,102-0,E,202407,1.0,457.0,0.001256281407035176,0.5741206030150754,1.7417943107221006,,False,202412,5,0.0
E1,M09,102-0,E,202408,1.0,466.0,0.0012282497441146367,0.5723643807574207,1.7471387696709584,,False,202412,4,0.0
E1,M09,102-0,E,202409,0.0,475.0,0.0014016820184221065,0.6657989587505005,0.0,,False,202412,3,0.0
E1,M09,102-0,E,202410,1.0,484.0,0.0013717421124828531,0.6639231824417009,1.506198347107438,,False,202412,2,0.0
E1,M09,102-0,E,202411,1.0,494.0,0.0011511895625479663,0.5686876438986953,1.7584345479082322,,False,202412,1,0.0
E1,M09,102-0,E,202412,0.0,503.0,0.0013152950018789928,0.6615933859451334,0.0,,False,202412,0,0.0
E1,M09,103-0,A,202404,1.0,2088.0,0.0006017682729250567,1.2564921538675184,0.795866489832007,,False,202412,8,0.0
E1,M09,103-0,A,202405,1.0,2132.0,0.0005421523448088912,1.1558687991325562,0.8651500938086304,,False,202412,7,0.0
E1,M09,103-0,A,202406,0.0,2176.0,0.0005735715861460402,1.2480917714537834,0.0,,False,202412,6,0.0
E1,M09,103-0,A,202408,2.0,2264.0,0.0006743940990516333,1.5268282402528977,1.3099050353356891,,False,202412,4,0.0
E1,M09,103-0,A,202409,2.0,2309.0,0.0007421150278293135,1.713543599257885,1.1671719359029884,,False,202412,3,0.0
E1,M09,103-0,A,202410,0.0,2353.0,0.000766561768740418,1.8037198418462037,0.0,,False,202412,2,0.0
E1,M09,103-0,A,202411,2.0,2397.0,0.0007109847138286527,1.7042303590472805,1.1735502711722987,,False,202412,1,0.0
E1,M09,103-0,B,202404,1.0,1474.0,0.0005246245655452816,0.7732966096137451,1.2931648575305292,,False,202412,8,0.0
E1,M09,103-0,B,202406,2.0,1536.0,0.0006875429714357147,1.0560660041252579,1.8938210227272727,,False,202412,6,0.0
E1,M09,103-0,B,202407,1.0,1567.0,0.0007329139436877787,1.1484761497587492,0.8707189959583067,,False,202412,5,0.0
E1,M09,103-0,B,202408,1.0,1598.0,0.0006568340598316116,1.0496208276109154,0.9527249971555354,,False,202412,4,0.0
E1,M09,103-0,B,202410,1.0,1661.0,0.000800182898948331,1.329103795153178,0.7523866861615206,,False,202412,2,0.0
E1,M09,103-0,B,202411,2.0,1692.0,0.0007833920877399138,1.325499412455934,1.5088652482269505,,False,202412,1,0.0
E1,M09,103-0,C,202404,0.0,1228.0,0.0011803588290840415,1.4494806421152029,0.0,,False,202412,8,0.0
E1,M09,103-0,C,202405,1.0,1254.0,0.0009216589861751152,1.1557603686635944,0.8652312599681021,,False,202412,7,0.0
E1,M09,103-0,C,202406,1.0,1280.0,0.0009750975097509751,1.248124812481248,0.8012019230769231,,False,202412,6,0.0
E1,M09,103-0,C,202407,1.0,1306.0,0.0009527997654646731,1.2443564936968632,0.8036282247614559,,False,202412,5,0.0
E1,M09,103-0,C,202408,1.0,1332.0,0.0008598452278589854,1.1453138435081684,0.8731231231231232,,False,202412,4,0.0
E1,M09,103-0,C,202409,2.0,1358.0,0.0008410428931875525,1.1421362489486964,1.7511045655375552,,False,202412,3,0.0
E1,M09,103-0,C,202411,0.0,1410.0,0.0008058017727639,1.136180499597099,0.0,,False,202412,1,0.0
E1,M09,103-0,D,202404,1.0,921.0,0.0009442870632672333,0.8696883852691218,1.1498371335504887,,False,202412,8,0.0
E1,M09,103-0,D,202405,0.0,940.0,0.0010240655401945725,0.9626216077828981,0.0,,False,202412,7,0.0
E1,M09,103-0,D,202406,1.0,960.0,0.001000100010001,0.9600960096009601,1.0415625,,False,202412,6,0.0
E1,M09,103-0,D,202407,1.0,980.0,0.0010749535815498877,1.05345450991889,0.9492578849721707,,False,202412,5,0.0
E1,M09,103-0,D,202408,0.0,999.0,0.001050921945160982,1.049871023215821,0.0,,False,202412,4,0.0
E1,M09,103-0,D,202409,1.0,1018.0,0.0009344921035417251,0.9513129614054762,1.0511787819253438,,False,202412,3,0.0
E1,M09,103-0,E,202404,0.0,430.0,,,,,False,202412,8,0.0
E1,M09,103-0,E,202405,0.0,439.0,,,,,False,202412,7,0.0
E1,M09,103-0,E,202406,0.0,448.0,,,,,False,202412,6,0.0
E1,M09,103-0,E,202407,0.0,457.0,,,,,False,202412,5,0.0
E1,M09,103-0,E,202408,1.0,466.0,,,,,False,202412,4,0.0
E1,M09,103-0,E,202409,0.0,475.0,0.0006007208650380457,0.28534241089307166,0.0,,False,202412,3,0.0
E1,M09,103-0,E,202410,0.0,484.0,,,,,False,202412,2,0.0
E1,M09,103-0,E,202411,0.0,494.0,,,,,False,202412,1,0.0
E1,M09,103-0,E,202412,1.0,503.0,,,,,False,202412,0,0.0
E1,M09,103-1,A,202404,0.0,2088.0,0.000648058140073138,1.353145396472712,0.0,,False,202412,8,0.0
E1,M09,103-1,A,202405,2.0,2132.0,0.0005873317068762989,1.2521911990602692,1.597200173185164,,False,202412,7,0.0
E1,M09,103-1,A,202406,1.0,2176.0,0.0006176924773880432,1.3440988307963821,0.7439929096638656,,False,202412,6,0.0
E1,M09,103-1,A,202407,2.0,2220.0,0.0005604656175899978,1.2442336710497952,1.6074151074151075,,False,202412,5,0.0
E1,M09,103-1,A,202408,1.0,2264.0,0.000547945205479452,1.2405479452054793,0.8060954063604241,,False,202412,4,0.0
E1,M09,103-1,A,202409,2.0,2309.0,0.0005359719645433931,1.2375592661306947,1.6160842189425992,,False,202412,3,0.0
E1,M09,103-1,A,202410,1.0,2353.0,0.0005648349874929396,1.329056725570887,0.7524133325238297,,False,202412,2,0.0
E1,M09,103-1,A,202411,2.0,2397.0,0.0005924872615238773,1.4201919658727338,1.4082603254067585,,False,202412,1,0.0
E1,M09,103-1,A,202412,0.0,2441.0,0.0006190273532711727,1.5110457693349326,0.0,,False,202412,0,0.0
E1,M09,103-1,B,202405,0.0,1505.0,0.0008960573476702509,1.3485663082437276,0.0,,False,202412,7,0.0
E1,M09,103-1,B,202406,1.0,1536.0,0.0008750546909181824,1.3440840052503282,0.7440011160714285,,False,202412,6,0.0
E1,M09,103-1,B,202407,0.0,1567.0,0.0007329139436877787,1.1484761497587492,0.0,,False,202412,5,0.0
E1,M09,103-1,B,202408,2.0,1598.0,0.0005971218725741924,0.9542007523735595,2.0959949937421776,,False,202412,4,0.0
E1,M09,103-1,B,202409,0.0,1630.0,0.0007008936393902226,1.1424566322060627,0.0,,False,202412,3,0.0
E1,M09,103-1,B,202410,2.0,1661.0,0.0006858710562414266,1.1392318244170094,1.7555689343768817,,False,202412,2,0.0
E1,M09,103-1,B,202411,1.0,1692.0,0.0007833920877399138,1.325499412455934,0.7544326241134752,,False,202412,1,0.0
E1,M09,103-1,C,202404,0.0,1228.0,0.001022977651872836,1.2562165564998427,0.0,,False,202412,8,0.0
E1,M09,103-1,C,202405,2.0,1254.0,0.0009216589861751152,1.1557603686635944,1.7304625199362043,,False,202412,7,0.0
E1,M09,103-1,C,202406,1.0,1280.0,0.00105010501050105,1.3441344134413442,0.7439732142857143,,False,202412,6,0.0
E1,M09,103-1,C,202407,2.0,1306.0,0.0008795074758135445,1.148636763412489,1.7411944869831546,,False,202412,5,0.0
E1,M09,103-1,C,202408,1.0,1332.0,0.001003152765835483,1.3361994840928633,0.7483912483912484,,False,202412,4,0.0
E1,M09,103-1,C,202409,2.0,1358.0,0.0009812167087188113,1.3324922904401457,1.5009467704607617,,False,202412,3,0.0
E1,M09,103-1,C,202410,0.0,1384.0,0.0009602194787379973,1.3289437585733883,0.0,,False,202412,2,0.0
E1,M09,103-1,C,202411,0.0,1410.0,0.0009401020682245501,1.3255439161966156,0.0,,False,202412,1,0.0
E1,M09,103-1,D,202404,1.0,921.0,0.0006295247088448222,0.5797922568460812,1.724755700325733,,False,202412,8,0.0
E1,M09,103-1,D,202405,0.0,940.0,0.0006144393241167435,0.5775729646697388,0.0,,False,202412,7,0.0
E1,M09,103-1,D,202406,0.0,960.0,0.0006000600060006001,0.5760576057605761,0.0,,False,202412,6,0.0
E1,M09,103-1,D,202407,0.0,980.0,0.0005863383172090296,0.574611550864849,0.0,,False,202412,5,0.0
E1,M09,103-1,D,202408,1.0,999.0,0.0004776917932549919,0.4772141014617369,2.0954954954954954,,False,202412,4,0.0
E1,M09,103-1,D,202409,1.0,1018.0,0.000560695262125035,0.5707877768432856,1.7519646365422399,,False,202412,3,0.0
E1,M09,103-1,E,202404,0.0,430.0,0.0011238480557428637,0.4832546639694314,0.0,,False,202412,8,0.0
E1,M09,103-1,E,202405,0.0,439.0,0.0008775778850372971,0.38525669153137343,0.0,,False,202412,7,0.0
E1,M09,103-1,E,202406,1.0,448.0,0.0006428112277694451,0.2879794300407114,3.4724702380952377,,False,202412,6,0.0
E1,M09,103-1,E,202407,0.0,457.0,0.0008375209380234506,0.38274706867671693,0.0,,False,202412,5,0.0
E1,M09,103-1,E,202408,1.0,466.0,0.0006141248720573184,0.28618219037871034,3.4942775393419168,,False,202412,4,0.0
E1,M09,103-1,E,202409,2.0,475.0,0.0008009611533840609,0.38045654785742894,5.256842105263158,,False,202412,3,0.0
E1,M09,103-1,E,202410,1.0,484.0,0.0011757789535567313,0.569077013521458,1.7572314049586775,,False,202412,2,0.0
E1,M09,103-1,E,202411,2.0,494.0,0.001343054489639294,0.6634689178818112,3.014459224985541,,False,202412,1,0.0
E1,M09,103-1,E,202412,1.0,503.0,0.001503194287861706,0.7561067267944381,1.3225646123260437,,False,202412,0,0.0
E1,M09,104-0,A,202404,1.0,2088.0,0.000972087210109707,2.0297180947090685,0.49267925561029,,False,202412,8,0.0
E1,M09,104-0,A,202405,1.0,2132.0,0.0009035872413481522,1.9264479985542604,0.5190900562851782,,False,202412,7,0.0
E1,M09,104-0,A,202406,0.0,2176.0,0.0007941760423560556,1.7281270681667769,0.0,,False,202412,6,0.0
E1,M09,104-0,A,202407,2.0,2220.0,0.0006466910972192282,1.4356542358266866,1.3930930930930934,,False,202412,5,0.0
E1,M09,104-0,A,202408,1.0,2264.0,0.0006322444678609062,1.4314014752370916,0.6986160188457009,,False,202412,4,0.0
E1,M09,104-0,A,202409,2.0,2309.0,0.0006184291898577613,1.427952999381571,1.400606323083586,,False,202412,3,0.0
E1,M09,104-0,A,202412,2.0,2441.0,0.0007737841915889658,1.8888072116686656,1.0588693158541582,,False,202412,0,0.0
E1,M09,104-0,B,202404,1.0,1474.0,0.001311561413863204,1.9332415240343628,0.5172659430122117,,False,202412,8,0.0
E1,M09,104-0,B,202405,1.0,1505.0,0.001216077828981055,1.8301971326164876,0.5463892288861688,,False,202412,7,0.0
E1,M09,104-0,B,202407,1.0,1567.0,0.0010382947535576865,1.6270078788248947,0.6146251736176283,,False,202412,5,0.0
E1,M09,104-0,B,202408,0.0,1598.0,0.0010748193706335463,1.7175613542724069,0.0,,False,202412,4,0.0
E1,M09,104-0,B,202409,1.0,1630.0,0.0008761170492377782,1.4280707902575784,0.7002453987730062,,False,202412,3,0.0
E1,M09,104-0,B,202410,1.0,1661.0,0.0008573388203017832,1.424039780521262,0.7022275737507526,,False,202412,2,0.0
E1,M09,104-0,C,202404,0.0,1228.0,0.0008655964746616305,1.0629524708844822,0.0,,False,202412,8,0.0
E1,M09,104-0,C,202405,2.0,1254.0,0.0006912442396313364,0.8668202764976959,2.3072833599149387,,False,202412,7,0.0
E1,M09,104-0,C,202406,0.0,1280.0,0.0008250825082508251,1.056105610561056,0.0,,False,202412,6,0.0
E1,M09,104-0,C,202409,2.0,1358.0,0.0009812167087188113,1.3324922904401457,1.5009467704607617,,False,202412,3,0.0
E1,M09,104-0,C,202410,1.0,1384.0,0.0010973936899862826,1.5187928669410151,0.6584176300578034,,False,202412,2,0.0
E1,M09,104-0,C,202411,0.0,1410.0,0.0008729519204942251,1.2308622078968574,0.0,,False,202412,1,0.0
E1,M09,104-0,D,202404,1.0,921.0,0.0008393662784597629,0.7730563424614416,1.2935667752442996,,False,202412,8,0.0
E1,M09,104-0,D,202405,0.0,940.0,0.0009216589861751152,0.8663594470046083,0.0,,False,202412,7,0.0
E1,M09,104-0,D,202406,0.0,960.0,0.0008000800080008001,0.7680768076807681,0.0,,False,202412,6,0.0
E1,M09,104-0,D,202407,2.0,980.0,0.0005863383172090296,0.574611550864849,3.480612244897959,,False,202412,5,0.0
E1,M09,104-0,D,202409,0.0,1018.0,0.0009344921035417251,0.9513129614054762,0.0,,False,202412,3,0.0
E1,M09,104-0,E,202404,0.0,430.0,,,,,False,202412,8,0.0
E1,M09,104-0,E,202405,1.0,439.0,,,,,False,202412,7,0.0
E1,M09,104-0,E,202406,0.0,448.0,,,,,False,202412,6,0.0
E1,M09,104-0,E,202407,0.0,457.0,,,,,False,202412,5,0.0
E1,M09,104-0,E,202408,1.0,466.0,,,,,False,202412,4,0.0
E1,M09,104-0,E,202409,0.0,475.0,,,,,False,202412,3,0.0
E1,M09,104-0,E,202410,0.0,484.0,,,,,False,202412,2,0.0
E1,M09,104-0,E,202411,0.0,494.0,,,,,False,202412,1,0.0
E1,M09,104-0,E,202412,0.0,503.0,,,,,False,202412,0,0.0
E1,M09,104-1,A,202404,1.0,2088.0,0.0008795074758135445,1.8364116094986809,0.5445402298850575,,False,202412,8,0.0
E1,M09,104-1,A,202406,1.0,2176.0,0.001014780498566071,2.2081623648797706,0.4528652493606138,,False,202412,6,0.0
E1,M09,104-1,A,202408,1.0,2264.0,0.001053740779768177,2.3856691253951525,0.41916961130742053,,False,202412,4,0.0
E1,M09,104-1,A,202409,2.0,2309.0,0.000948258091115234,2.1895279323850754,0.9134389063588604,,False,202412,3,0.0
E1,M09,104-1,A,202410,0.0,2353.0,0.001008633906237392,2.3733155813765836,0.0,,False,202412,2,0.0
E1,M09,104-1,A,202412,2.0,2441.0,0.0010832978682245521,2.6443300963361316,0.756335225610113,,False,202412,0,0.0
E1,M09,104-1,B,202404,1.0,1474.0,0.0011148272017837235,1.6432552954292083,0.6085481682496608,,False,202412,8,0.0
E1,M09,104-1,B,202406,2.0,1536.0,0.0010625664104006501,1.6321020063753986,1.2254136029411764,,False,202412,6,0.0
E1,M09,104-1,B,202407,0.0,1567.0,0.0011604470775056495,1.8184205704513527,0.0,,False,202412,5,0.0
E1,M09,104-1,B,202408,0.0,1598.0,0.0011345315578909655,1.8129814295097628,0.0,,False,202412,4,0.0
E1,M09,104-1,B,202409,0.0,1630.0,0.0009929326558028152,1.618480228958589,0.0,,False,202412,3,0.0
E1,M09,104-1,B,202410,0.0,1661.0,0.0008573388203017832,1.424039780521262,0.0,,False,202412,2,0.0
E1,M09,104-1,B,202411,2.0,1692.0,0.0008393486654356219,1.4201779419170724,1.408274231678487,,False,202412,1,0.0
E1,M09,104-1,C,202405,2.0,1254.0,0.0013824884792626728,1.7336405529953918,1.1536416799574694,,False,202412,7,0.0
E1,M09,104-1,C,202406,2.0,1280.0,0.0014251425142514252,1.8241824182418243,1.0963815789473683,,False,202412,6,0.0
E1,M09,104-1,C,202407,2.0,1306.0,0.0015391380826737027,2.010114335971856,0.9949682782760884,,False,202412,5,0.0
E1,M09,104-1,C,202408,0.0,1332.0,0.0014330753797649756,1.9088564058469475,0.0,,False,202412,4,0.0
E1,M09,104-1,C,202409,2.0,1358.0,0.0013316512475469583,1.8083823941687693,1.1059607782342453,,False,202412,3,0.0
E1,M09,104-1,C,202410,2.0,1384.0,0.0012345679012345679,1.708641975308642,1.170520231213873,,False,202412,2,0.0
E1,M09,104-1,C,202411,1.0,1410.0,0.001275852806876175,1.7989524576954068,0.555879059350504,,False,202412,1,0.0
E1,M09,104-1,D,202404,2.0,921.0,0.001993494911341937,1.836008813345924,1.0893193896794102,,False,202412,8,0.0
E1,M09,104-1,D,202405,0.0,940.0,0.002150537634408602,2.021505376344086,0.0,,False,202412,7,0.0
E1,M09,104-1,D,202406,2.0,960.0,0.0017001700170017002,1.6321632163216322,1.2253676470588235,,False,202412,6,0.0
E1,M09,104-1,D,202407,1.0,980.0,0.0015635688458907457,1.5322974689729307,0.6526147959183674,,False,202412,5,0.0
E1,M09,104-1,D,202408,1.0,999.0,0.001528613738415974,1.527085124677558,0.6548423423423423,,False,202412,4,0.0
E1,M09,104-1,D,202409,2.0,1018.0,0.0014951873656667601,1.522100738248762,1.3139734774066796,,False,202412,3,0.0
E1,M09,104-1,E,202404,1.0,430.0,0.0011238480557428637,0.4832546639694314,2.069302325581395,,False,202412,8,0.0
E1,M09,104-1,E,202405,0.0,439.0,0.0013163668275559457,0.5778850372970602,0.0,,False,202412,7,0.0
E1,M09,104-1,E,202406,1.0,448.0,0.0012856224555388902,0.5759588600814228,1.7362351190476188,,False,202412,6,0.0
E1,M09,104-1,E,202407,1.0,457.0,0.001256281407035176,0.5741206030150754,1.7417943107221006,,False,202412,5,0.0
E1,M09,104-1,E,202408,0.0,466.0,0.0012282497441146367,0.5723643807574207,0.0,,False,202412,4,0.0
E1,M09,104-1,E,202409,0.0,475.0,0.0012014417300760913,0.5706848217861433,0.0,,False,202412,3,0.0
E1,M09,104-1,E,202410,0.0,484.0,0.0009798157946306093,0.4742308446012149,0.0,,False,202412,2,0.0
E1,M09,104-1,E,202411,0.0,494.0,0.0009593246354566385,0.47390636991557944,0.0,,False,202412,1,0.0
E1,M09,104-1,E,202412,1.0,503.0,0.0009394964299135663,0.47256670424652386,2.11610337972167,,False,202412,0,0.0
E1,M09,105-0,A,202404,0.0,2088.0,0.0006017682729250567,1.2564921538675184,0.0,,False,202412,8,0.0
E1,M09,105-0,A,202405,2.0,2132.0,0.0004517936206740761,0.9632239992771302,2.076360225140713,,False,202412,7,0.0
E1,M09,105-0,A,202406,0.0,2176.0,0.0005294506949040371,1.1520847121111848,0.0,,False,202412,6,0.0
E1,M09,105-0,A,202407,1.0,2220.0,0.00038801465833153696,0.8613925414960121,1.1609109109109108,,False,202412,5,0.0
E1,M09,105-0,A,202408,0.0,2264.0,0.00042149631190727084,0.9542676501580611,0.0,,False,202412,4,0.0
E1,M09,105-0,A,202409,0.0,2309.0,0.00037105751391465676,0.8567717996289425,0.0,,False,202412,3,0.0
E1,M09,105-0,A,202410,0.0,2353.0,0.00032276284999596547,0.7594609860405067,0.0,,False,202412,2,0.0
E1,M09,105-0,A,202411,0.0,2397.0,0.0001974957538412924,0.4733973219575779,0.0,,False,202412,1,0.0
E1,M09,105-0,A,202412,0.0,2441.0,0.00019344604789724146,0.4722018029171664,0.0,,False,202412,0,0.0
E1,M09,105-0,B,202404,0.0,1474.0,0.0001967342120794806,0.28998622860515444,0.0,,False,202412,8,0.0
E1,M09,105-0,B,202405,0.0,1505.0,0.00019201228878648233,0.28897849462365593,0.0,,False,202412,7,0.0
E1,M09,105-0,B,202406,0.0,1536.0,0.00018751171948246765,0.2880180011250703,0.0,,False,202412,6,0.0
E1,M09,105-0,B,202407,1.0,1567.0,0.00018322848592194468,0.2871190374396873,3.482875983833227,,False,202412,5,0.0
E1,M09,105-0,B,202408,0.0,1598.0,0.00017913656177225771,0.28626022571206783,0.0,,False,202412,4,0.0
E1,M09,105-0,B,202409,0.0,1630.0,0.00017522340984755565,0.2856141580515157,0.0,,False,202412,3,0.0
E1,M09,105-0,B,202410,1.0,1661.0,0.00017146776406035664,0.28480795610425236,3.5111378687537633,,False,202412,2,0.0
E1,M09,105-0,B,202411,1.0,1692.0,0.00022382631078283251,0.3787141178445526,2.6405141843971633,,False,202412,1,0.0
E1,M09,105-0,C,202404,0.0,1228.0,0.0003147623544224111,0.3865281712307208,0.0,,False,202412,8,0.0
E1,M09,105-0,C,202405,0.0,1254.0,0.00030721966205837174,0.38525345622119817,0.0,,False,202412,7,0.0
E1,M09,105-0,C,202406,2.0,1280.0,0.000225022502250225,0.28802880288028804,6.94375,,False,202412,6,0.0
E1,M09,105-0,C,202407,0.0,1306.0,0.0002931691586045148,0.38287892113749633,0.0,,False,202412,5,0.0
E1,M09,105-0,C,202408,0.0,1332.0,0.00028661507595299513,0.3817712811693895,0.0,,False,202412,4,0.0
E1,M09,105-0,C,202409,1.0,1358.0,0.0002803476310625175,0.3807120829828988,2.626656848306333,,False,202412,3,0.0
E1,M09,105-0,C,202410,0.0,1384.0,0.00027434842249657066,0.3796982167352538,0.0,,False,202412,2,0.0
E1,M09,105-0,C,202411,0.0,1410.0,0.00026860059092130003,0.37872683319903305,0.0,,False,202412,1,0.0
E1,M09,105-0,D,202404,0.0,921.0,0.00041968313922988144,0.3865281712307208,0.0,,False,202412,8,0.0
E1,M09,105-0,D,202405,0.0,940.0,0.00030721966205837174,0.2887864823348694,0.0,,False,202412,7,0.0
E1,M09,105-0,D,202406,0.0,960.0,0.00030003000300030005,0.28802880288028804,0.0,,False,202412,6,0.0
E1,M09,105-0,D,202407,0.0,980.0,,,,,False,202412,5,0.0
E1,M09,105-0,D,202408,0.0,999.0,,,,,False,202412,4,0.0
E1,M09,105-0,D,202409,0.0,1018.0,,,,,False,202412,3,0.0
E1,M09,105-0,E,202404,0.0,430.0,,,,,False,202412,8,0.0
E1,M09,105-0,E,202405,1.0,439.0,,,,,False,202412,7,0.0
E1,M09,105-0,E,202406,1.0,448.0,0.0006428112277694451,0.2879794300407114,3.4724702380952377,,False,202412,6,0.0
E1,M09,105-0,E,202407,0.0,457.0,0.0008375209380234506,0.38274706867671693,0.0,,False,202412,5,0.0
E1,M09,105-0,E,202408,0.0,466.0,0.0008188331627430911,0.3815762538382804,0.0,,False,202412,4,0.0
E1,M09,105-0,E,202409,0.0,475.0,0.0008009611533840609,0.38045654785742894,0.0,,False,202412,3,0.0
E1,M09,105-0,E,202410,0.0,484.0,0.0007838526357044876,0.379384675680972,0.0,,False,202412,2,0.0
E1,M09,105-0,E,202411,0.0,494.0,0.0007674597083653108,0.3791250959324635,0.0,,False,202412,1,0.0
E1,M09,105-0,E,202412,0.0,503.0,0.000751597143930853,0.37805336339721907,0.0,,False,202412,0,0.0
E1,M10,100-0,A,202405,0.0,2088.0,0.0007406378743693005,1.5464518816830994,0.0,,False,202412,7,0.0
E1,M10,100-0,A,202406,1.0,2132.0,0.0006776904310111142,1.4448359989156954,0.6921200750469043,,False,202412,6,0.0
E1,M10,100-0,A,202407,1.0,2176.0,0.00044120891242003087,0.9600705934259872,1.0415900735294117,,False,202412,5,0.0
E1,M10,100-0,A,202408,1.0,2220.0,0.0004311273981461522,0.9571028238844579,1.0448198198198198,,False,202412,4,0.0
E1,M10,100-0,A,202409,1.0,2264.0,0.00042149631190727084,0.9542676501580611,1.0479240282685511,,False,202412,3,0.0
E1,M10,100-0,A,202411,2.0,2353.0,0.0005244896312434439,1.2341241023158234,1.620582562359018,,False,202412,1,0.0
E1,M10,100-0,B,202404,1.0,1442.0,0.0016134453781512605,2.3265882352941176,0.4298139158576052,,False,202412,8,0.0
E1,M10,100-0,B,202405,0.0,1474.0,0.0015082956259426848,2.2232277526395174,0.0,,False,202412,7,0.0
E1,M10,100-0,B,202408,2.0,1567.0,0.0012215232394796312,1.914126916264582,1.044862795149968,,False,202412,4,0.0
E1,M10,100-0,B,202409,2.0,1598.0,0.0013136681196632232,2.0992416552218307,0.9527249971555354,,False,202412,3,0.0
E1,M10,100-0,B,202410,1.0,1630.0,0.0012849716722154079,2.094503825711115,0.47744004461795875,,False,202412,2,0.0
E1,M10,100-0,B,202411,2.0,1661.0,0.0012002743484224967,1.993655692729767,1.0031822482153607,,False,202412,1,0.0
E1,M10,100-0,C,202404,1.0,1202.0,0.001452081316553727,1.7454017424975798,0.5729339988907377,,False,202412,8,0.0
E1,M10,100-0,C,202405,1.0,1228.0,0.0012590494176896443,1.5461126849228832,0.6467833876221498,,False,202412,7,0.0
E1,M10,100-0,C,202406,0.0,1254.0,0.001228878648233487,1.5410138248847927,0.0,,False,202412,6,0.0
E1,M10,100-0,C,202407,0.0,1280.0,0.0012001200120012002,1.5361536153615363,0.0,,False,202412,5,0.0
E1,M10,100-0,C,202409,1.0,1332.0,0.0010748065348237317,1.4316423043852107,0.6984984984984985,,False,202412,3,0.0
E1,M10,100-0,C,202411,2.0,1384.0,0.0010973936899862826,1.5187928669410151,1.3168352601156068,,False,202412,1,0.0
E1,M10,100-0,D,202404,0.0,902.0,0.000968054211035818,0.8731848983543079,0.0,,False,202412,8,0.0
E1,M10,100-0,D,202406,1.0,940.0,0.0013312852022529442,1.2514080901177675,0.7990998363338789,,False,202412,6,0.0
E1,M10,100-0,D,202407,1.0,960.0,0.0014001400140014,1.3441344134413442,0.7439732142857143,,False,202412,5,0.0
E1,M10,100-0,D,202409,1.0,999.0,0.001815228814368969,1.8134135855546,0.5514461830251304,,False,202412,3,0.0
E1,M10,100-0,E,202404,0.0,421.0,0.0006912442396313364,0.2910138248847926,0.0,,False,202412,8,0.0
E1,M10,100-0,E,202405,0.0,430.0,0.0006743088334457181,0.28995279838165877,0.0,,False,202412,7,0.0
E1,M10,100-0,E,202406,1.0,439.0,,,,,False,202412,6,0.0
E1,M10,100-0,E,202407,0.0,448.0,0.0006428112277694451,0.2879794300407114,0.0,,False,202412,5,0.0
E1,M10,100-0,E,202408,0.0,457.0,0.000628140703517588,0.2870603015075377,0.0,,False,202412,4,0.0
E1,M10,100-0,E,202409,1.0,466.0,,,,,False,202412,3,0.0
E1,M10,100-0,E,202410,1.0,475.0,0.0006007208650380457,0.28534241089307166,3.5045614035087724,,False,202412,2,0.0
E1,M10,100-0,E,202411,0.0,484.0,0.0005878894767783657,0.284538506760729,0.0,,False,202412,1,0.0
E1,M10,100-0,E,202412,0.0,494.0,0.0005755947812739831,0.28434382194934765,0.0,,False,202412,0,0.0
E1,M10,101-0,A,202406,1.0,2132.0,0.0011294840516851902,2.4080599981928255,0.4152720450281426,,False,202412,6,0.0
E1,M10,101-0,A,202409,0.0,2264.0,0.0012223393045310853,2.767376185458377,0.0,,False,202412,3,0.0
E1,M10,101-0,A,202410,1.0,2309.0,0.0011544011544011544,2.6655122655122656,0.37516240796881767,,False,202412,2,0.0
E1,M10,101-0,A,202411,0.0,2353.0,0.001008633906237392,2.3733155813765836,0.0,,False,202412,1,0.0
E1,M10,101-0,B,202405,0.0,1474.0,0.0009836710603974032,1.4499311430257724,0.0,,False,202412,7,0.0
E1,M10,101-0,B,202407,0.0,1536.0,0.001125070316894806,1.7281080067504218,0.0,,False,202412,5,0.0
E1,M10,101-0,B,202408,2.0,1567.0,0.000977218591583705,1.5313015330116657,1.30607849393746,,False,202412,4,0.0
E1,M10,101-0,B,202409,1.0,1598.0,0.0010151071833761271,1.6221412790350511,0.6164691158065229,,False,202412,3,0.0
E1,M10,101-0,B,202410,1.0,1630.0,0.0009345248525202967,1.5232755096080837,0.6564800613496933,,False,202412,2,0.0
E1,M10,101-0,C,202404,0.0,1202.0,0.0006453694740238787,0.7757341077767022,0.0,,False,202412,8,0.0
E1,M10,101-0,C,202405,1.0,1228.0,0.0006295247088448222,0.7730563424614416,1.2935667752442996,,False,202412,7,0.0
E1,M10,101-0,C,202406,2.0,1254.0,0.0006912442396313364,0.8668202764976959,2.3072833599149387,,False,202412,6,0.0
E1,M10,101-0,C,202407,1.0,1280.0,0.0006000600060006001,0.7680768076807681,1.3019531249999998,,False,202412,5,0.0
E1,M10,101-0,C,202408,0.0,1306.0,0.0006596306068601583,0.8614775725593667,0.0,,False,202412,4,0.0
E1,M10,101-0,C,202409,1.0,1332.0,0.0005732301519059903,0.763542562338779,1.3096846846846846,,False,202412,3,0.0
E1,M10,101-0,C,202411,1.0,1384.0,0.0006858710562414266,0.9492455418381344,1.0534682080924855,,False,202412,1,0.0
E1,M10,101-0,D,202404,0.0,902.0,0.0004302463160159191,0.38808217704635906,0.0,,False,202412,8,0.0
E1,M10,101-0,D,202405,0.0,921.0,0.00041968313922988144,0.3865281712307208,0.0,,False,202412,7,0.0
E1,M10,101-0,D,202406,1.0,940.0,0.000409626216077829,0.38504864311315923,2.5970744680851063,,False,202412,6,0.0
E1,M10,101-0,D,202407,1.0,960.0,0.00030003000300030005,0.28802880288028804,3.471875,,False,202412,5,0.0
E1,M10,101-0,D,202408,0.0,980.0,0.0003908922114726864,0.3830743672432327,0.0,,False,202412,4,0.0
E1,M10,101-0,D,202409,2.0,999.0,0.0003821534346039935,0.3817712811693895,5.238738738738738,,False,202412,3,0.0
E1,M10,101-0,E,202404,1.0,421.0,,,,,False,202412,8,0.0
E1,M10,101-0,E,202405,0.0,430.0,,,,,False,202412,7,0.0
E1,M10,101-0,E,202406,1.0,439.0,,,,,False,202412,6,0.0
E1,M10,101-0,E,202407,0.0,448.0,0.0006428112277694451,0.2879794300407114,0.0,,False,202412,5,0.0
E1,M10,101-0,E,202408,2.0,457.0,0.000628140703517588,0.2870603015075377,6.967177242888402,,False,202412,4,0.0
E1,M10,101-0,E,202409,0.0,466.0,0.0010235414534288639,0.47697031729785055,0.0,,False,202412,3,0.0
E1,M10,101-0,E,202410,1.0,475.0,0.0008009611533840609,0.38045654785742894,2.628421052631579,,False,202412,2,0.0
E1,M10,101-0,E,202411,1.0,484.0,0.0009798157946306093,0.4742308446012149,2.1086776859504135,,False,202412,1,0.0
E1,M10,101-0,E,202412,1.0,494.0,0.0011511895625479663,0.5686876438986953,1.7584345479082322,,False,202412,0,0.0
E1,M10,102-0,A,202404,1.0,2043.0,0.0009490817633939164,1.9389740426137712,0.515736661771904,,False,202412,8,0.0
E1,M10,102-0,A,202405,0.0,2088.0,0.000972087210109707,2.0297180947090685,0.0,,False,202412,7,0.0
E1,M10,102-0,A,202406,2.0,2132.0,0.0009035872413481522,1.9264479985542604,1.0381801125703565,,False,202412,6,0.0
E1,M10,102-0,A,202407,2.0,2176.0,0.0008824178248400617,1.9201411868519744,1.0415900735294117,,False,202412,5,0.0
E1,M10,102-0,A,202408,2.0,2220.0,0.0009053675361069196,2.0099159301573617,0.9950664950664949,,False,202412,4,0.0
E1,M10,102-0,A,202409,1.0,2264.0,0.0009694415173867229,2.194815595363541,0.455619142725457,,False,202412,3,0.0
E1,M10,102-0,A,202410,2.0,2309.0,0.0009070294784580499,2.0943310657596372,0.9549588566478995,,False,202412,2,0.0
E1,M10,102-0,A,202412,1.0,2397.0,0.0010269779199747206,2.4616660741794054,0.40622894002118026,,False,202412,0,0.0
E1,M10,102-0,B,202404,2.0,1442.0,0.0008739495798319327,1.2602352941176471,1.5870052277819267,,False,202412,8,0.0
E1,M10,102-0,B,202405,1.0,1474.0,0.0009836710603974032,1.4499311430257724,0.6896879240162821,,False,202412,7,0.0
E1,M10,102-0,B,202406,1.0,1505.0,0.0009600614439324117,1.4448924731182795,0.692093023255814,,False,202412,6,0.0
E1,M10,102-0,B,202407,1.0,1536.0,0.0010000625039064941,1.536096006000375,0.6510009765625,,False,202412,5,0.0
E1,M10,102-0,B,202408,1.0,1567.0,0.000977218591583705,1.5313015330116657,0.65303924696873,,False,202412,4,0.0
E1,M10,102-0,B,202411,2.0,1661.0,0.0011431184270690445,1.8987197073616828,1.0533413606261288,,False,202412,1,0.0
E1,M10,102-0,C,202404,1.0,1202.0,0.001452081316553727,1.7454017424975798,0.5729339988907377,,False,202412,8,0.0
E1,M10,102-0,C,202405,0.0,1228.0,0.00141643059490085,1.7393767705382437,0.0,,False,202412,7,0.0
E1,M10,102-0,C,202406,2.0,1254.0,0.0013824884792626728,1.7336405529953918,1.1536416799574694,,False,202412,6,0.0
E1,M10,102-0,C,202407,0.0,1280.0,0.001275127512751275,1.632163216321632,0.0,,False,202412,5,0.0
E1,M10,102-0,C,202409,0.0,1332.0,0.0012897678417884782,1.717970765262253,0.0,,False,202412,3,0.0
E1,M10,102-0,C,202410,0.0,1358.0,0.0009812167087188113,1.3324922904401457,0.0,,False,202412,2,0.0
E1,M10,102-0,C,202411,1.0,1384.0,0.0008916323731138546,1.2340192043895748,0.8103601600711428,,False,202412,1,0.0
E1,M10,102-0,D,202404,2.0,902.0,0.0012907389480477573,1.164246531139077,1.717849223946785,,False,202412,8,0.0
E1,M10,102-0,D,202405,0.0,921.0,0.0013639702024971147,1.2562165564998427,0.0,,False,202412,7,0.0
E1,M10,102-0,D,202406,1.0,940.0,0.0011264720942140297,1.0588837685611878,0.9443907156673115,,False,202412,6,0.0
E1,M10,102-0,D,202407,2.0,960.0,0.0011001100110011,1.056105610561056,1.8937500000000003,,False,202412,5,0.0
E1,M10,102-0,D,202408,2.0,980.0,0.0010749535815498877,1.05345450991889,1.8985157699443413,,False,202412,4,0.0
E1,M10,102-0,D,202409,2.0,999.0,0.0011464603038119805,1.1453138435081684,1.7462462462462465,,False,202412,3,0.0
E1,M10,102-0,E,202404,0.0,421.0,,,,,False,202412,8,0.0
E1,M10,102-0,E,202405,0.0,430.0,,,,,False,202412,7,0.0
E1,M10,102-0,E,202406,0.0,439.0,,,,,False,202412,6,0.0
E1,M10,102-0,E,202407,0.0,448.0,,,,,False,202412,5,0.0
E1,M10,102-0,E,202408,0.0,457.0,,,,,False,202412,4,0.0
E1,M10,102-0,E,202409,0.0,466.0,,,,,False,202412,3,0.0
E1,M10,102-0,E,202410,0.0,475.0,,,,,False,202412,2,0.0
E1,M10,102-0,E,202411,1.0,484.0,,,,,False,202412,1,0.0
E1,M10,102-0,E,202412,1.0,494.0,,,,,False,202412,0,0.0
E1,M10,103-0,A,202404,1.0,2043.0,0.0004745408816969582,0.9694870213068856,1.031473323543808,,False,202412,8,0.0
E1,M10,103-0,A,202405,1.0,2088.0,0.00046289867148081285,0.9665324260519372,1.0346264367816091,,False,202412,7,0.0
E1,M10,103-0,A,202406,2.0,2132.0,0.0004969729827414837,1.0595463992048433,1.8876002046733753,,False,202412,6,0.0
E1,M10,103-0,A,202407,2.0,2176.0,0.0005735715861460402,1.2480917714537834,1.6024462669683257,,False,202412,5,0.0
E1,M10,103-0,A,202408,0.0,2220.0,0.0006035783574046131,1.3399439534382411,0.0,,False,202412,4,0.0
E1,M10,103-0,A,202409,1.0,2264.0,0.000547945205479452,1.2405479452054793,0.8060954063604241,,False,202412,3,0.0
E1,M10,103-0,A,202410,1.0,2309.0,0.0005359719645433931,1.2375592661306947,0.8080421094712996,,False,202412,2,0.0
E1,M10,103-0,A,202411,2.0,2353.0,0.0005244896312434439,1.2341241023158234,1.620582562359018,,False,202412,1,0.0
E1,M10,103-0,A,202412,1.0,2397.0,0.0005924872615238773,1.4201919658727338,0.7041301627033792,,False,202412,0,0.0
E1,M10,103-0,B,202404,0.0,1442.0,0.0006722689075630252,0.9694117647058824,0.0,,False,202412,8,0.0
E1,M10,103-0,B,202405,2.0,1474.0,0.0005246245655452816,0.7732966096137451,2.5863297150610585,,False,202412,7,0.0
E1,M10,103-0,B,202406,1.0,1505.0,0.0006400409626216078,0.9632616487455197,1.038139534883721,,False,202412,6,0.0
E1,M10,103-0,B,202407,2.0,1536.0,0.000562535158447403,0.8640540033752109,2.3146701388888893,,False,202412,5,0.0
E1,M10,103-0,B,202408,0.0,1567.0,0.000549685457765834,0.8613571123190619,0.0,,False,202412,4,0.0
E1,M10,103-0,B,202409,0.0,1598.0,0.0005374096853167731,0.8587806771362034,0.0,,False,202412,3,0.0
E1,M10,103-0,B,202410,1.0,1630.0,0.00046726242626014835,0.7616377548040418,1.3129601226993866,,False,202412,2,0.0
E1,M10,103-0,B,202411,1.0,1661.0,0.00051440329218107,0.8544238683127573,1.1703792895845875,,False,202412,1,0.0
E1,M10,103-0,C,202404,2.0,1202.0,0.0005646982897708938,0.6787673443046143,2.946517708580937,,False,202412,8,0.0
E1,M10,103-0,C,202405,1.0,1228.0,0.000708215297450425,0.8696883852691218,1.1498371335504887,,False,202412,7,0.0
E1,M10,103-0,C,202406,0.0,1254.0,0.0007680491551459293,0.9631336405529954,0.0,,False,202412,6,0.0
E1,M10,103-0,C,202407,1.0,1280.0,0.0006000600060006001,0.7680768076807681,1.3019531249999998,,False,202412,5,0.0
E1,M10,103-0,C,202408,0.0,1306.0,0.0006596306068601583,0.8614775725593667,0.0,,False,202412,4,0.0
E1,M10,103-0,C,202409,0.0,1332.0,0.0006448839208942391,0.8589853826311264,0.0,,False,202412,3,0.0
E1,M10,103-0,C,202410,0.0,1358.0,0.000560695262125035,0.7614241659657977,0.0,,False,202412,2,0.0
E1,M10,103-0,C,202411,0.0,1384.0,0.0005486968449931413,0.7593964334705076,0.0,,False,202412,1,0.0
E1,M10,103-0,D,202404,1.0,902.0,0.0005378078950198989,0.4851027213079488,2.061419068736142,,False,202412,8,0.0
E1,M10,103-0,D,202405,1.0,921.0,0.00041968313922988144,0.3865281712307208,2.5871335504885993,,False,202412,7,0.0
E1,M10,103-0,D,202406,0.0,940.0,0.0005120327700972862,0.48131080389144903,0.0,,False,202412,6,0.0
E1,M10,103-0,D,202407,0.0,960.0,0.0005000500050005,0.48004800480048004,0.0,,False,202412,5,0.0
E1,M10,103-0,D,202408,0.0,980.0,0.000488615264340858,0.47884295905404084,0.0,,False,202412,4,0.0
E1,M10,103-0,D,202409,2.0,999.0,0.0004776917932549919,0.4772141014617369,4.190990990990991,,False,202412,3,0.0
E1,M10,103-0,E,202404,0.0,421.0,,,,,False,202412,8,0.0
E1,M10,103-0,E,202405,0.0,430.0,,,,,False,202412,7,0.0
E1,M10,103-0,E,202406,0.0,439.0,,,,,False,202412,6,0.0
E1,M10,103-0,E,202407,0.0,448.0,,,,,False,202412,5,0.0
E1,M10,103-0,E,202408,0.0,457.0,,,,,False,202412,4,0.0
E1,M10,103-0,E,202409,0.0,466.0,,,,,False,202412,3,0.0
E1,M10,103-0,E,202410,0.0,475.0,,,,,False,202412,2,0.0
E1,M10,103-0,E,202411,0.0,484.0,,,,,False,202412,1,0.0
E1,M10,103-0,E,202412,1.0,494.0,,,,,False,202412,0,0.0
E1,M10,103-1,A,202404,1.0,2043.0,0.0007118113225454373,1.4542305319603284,0.6876488823625387,,False,202412,8,0.0
E1,M10,103-1,A,202405,0.0,2088.0,0.000648058140073138,1.353145396472712,0.0,,False,202412,7,0.0
E1,M10,103-1,A,202406,1.0,2132.0,0.0005421523448088912,1.1558687991325562,0.8651500938086304,,False,202412,6,0.0
E1,M10,103-1,A,202408,1.0,2220.0,0.0005173528777753827,1.1485233886613495,0.8706831831831832,,False,202412,4,0.0
E1,M10,103-1,A,202409,2.0,2264.0,0.0005057955742887249,1.1451211801896732,1.7465400471142523,,False,202412,3,0.0
E1,M10,103-1,A,202410,1.0,2309.0,0.0005359719645433931,1.2375592661306947,0.8080421094712996,,False,202412,2,0.0
E1,M10,103-1,A,202411,0.0,2353.0,0.0005648349874929396,1.329056725570887,0.0,,False,202412,1,0.0
E1,M10,103-1,A,202412,1.0,2397.0,0.0005134889599873603,1.2308330370897027,0.8124578800423605,,False,202412,0,0.0
E1,M10,103-1,B,202404,0.0,1442.0,0.0006722689075630252,0.9694117647058824,0.0,,False,202412,8,0.0
E1,M10,103-1,B,202405,0.0,1474.0,0.0005902026362384419,0.8699586858154633,0.0,,False,202412,7,0.0
E1,M10,103-1,B,202406,1.0,1505.0,0.000576036866359447,0.8669354838709677,1.1534883720930234,,False,202412,6,0.0
E1,M10,103-1,B,202407,2.0,1536.0,0.0006250390649415588,0.9600600037502344,2.083203125,,False,202412,5,0.0
E1,M10,103-1,B,202408,1.0,1567.0,0.0006718377817137971,1.05276980394552,0.9498752683181528,,False,202412,4,0.0
E1,M10,103-1,B,202409,0.0,1598.0,0.0006568340598316116,1.0496208276109154,0.0,,False,202412,3,0.0
E1,M10,103-1,B,202410,1.0,1630.0,0.0005840780328251854,0.9520471935050522,1.0503680981595094,,False,202412,2,0.0
E1,M10,103-1,B,202411,2.0,1661.0,0.00051440329218107,0.8544238683127573,2.340758579169175,,False,202412,1,0.0
E1,M10,103-1,C,202404,0.0,1202.0,0.0008067118425298483,0.9696676347208777,0.0,,False,202412,8,0.0
E1,M10,103-1,C,202405,1.0,1228.0,0.0007869058860560277,0.966320428076802,1.0348534201954398,,False,202412,7,0.0
E1,M10,103-1,C,202406,1.0,1254.0,0.0006912442396313364,0.8668202764976959,1.1536416799574694,,False,202412,6,0.0
E1,M10,103-1,C,202407,1.0,1280.0,0.0006750675067506751,0.8640864086408641,1.1572916666666666,,False,202412,5,0.0
E1,M10,103-1,C,202408,2.0,1306.0,0.000732922896511287,0.9571973028437408,2.0894333843797854,,False,202412,4,0.0
E1,M10,103-1,C,202409,2.0,1332.0,0.0007881914588707366,1.049871023215821,1.904995904995905,,False,202412,3,0.0
E1,M10,103-1,C,202410,1.0,1358.0,0.0009111298009531819,1.237314269694421,0.8082021071711794,,False,202412,2,0.0
E1,M10,103-1,C,202411,0.0,1384.0,0.0006858710562414266,0.9492455418381344,0.0,,False,202412,1,0.0
E1,M10,103-1,D,202404,2.0,902.0,0.0010756157900397977,0.9702054426158976,2.061419068736142,,False,202412,8,0.0
E1,M10,103-1,D,202405,2.0,921.0,0.001154128632882174,1.0629524708844822,1.8815516730826178,,False,202412,7,0.0
E1,M10,103-1,D,202406,0.0,940.0,0.0013312852022529442,1.2514080901177675,0.0,,False,202412,6,0.0
E1,M10,103-1,D,202407,0.0,960.0,0.0011001100110011,1.056105610561056,0.0,,False,202412,5,0.0
E1,M10,103-1,D,202408,0.0,980.0,0.0010749535815498877,1.05345450991889,0.0,,False,202412,4,0.0
E1,M10,103-1,D,202409,0.0,999.0,0.0009553835865099838,0.9544282029234737,0.0,,False,202412,3,0.0
E1,M10,103-1,E,202404,0.0,421.0,,,,,False,202412,8,0.0
E1,M10,103-1,E,202405,0.0,430.0,,,,,False,202412,7,0.0
E1,M10,103-1,E,202406,0.0,439.0,,,,,False,202412,6,0.0
E1,M10,103-1,E,202407,3.0,448.0,,,,,False,202412,5,0.0
E1,M10,103-1,E,202408,1.0,457.0,0.000628140703517588,0.2870603015075377,3.483588621444201,,False,202412,4,0.0
E1,M10,103-1,E,202409,0.0,466.0,0.0008188331627430911,0.3815762538382804,0.0,,False,202412,3,0.0
E1,M10,103-1,E,202410,1.0,475.0,0.0008009611533840609,0.38045654785742894,2.628421052631579,,False,202412,2,0.0
E1,M10,103-1,E,202411,0.0,484.0,0.0009798157946306093,0.4742308446012149,0.0,,False,202412,1,0.0
E1,M10,103-1,E,202412,0.0,494.0,0.0009593246354566385,0.47390636991557944,0.0,,False,202412,0,0.0
E1,M10,104-0,A,202407,2.0,2176.0,0.0009265387160820648,2.016148246194573,0.9919905462184875,,False,202412,5,0.0
E1,M10,104-0,A,202408,2.0,2220.0,0.0009053675361069196,2.0099159301573617,0.9950664950664949,,False,202412,4,0.0
E1,M10,104-0,A,202410,0.0,2309.0,0.0009070294784580499,2.0943310657596372,0.0,,False,202412,2,0.0
E1,M10,104-0,A,202411,1.0,2353.0,0.000887597837488905,2.0885177116113933,0.4788084843333463,,False,202412,1,0.0
E1,M10,104-0,A,202412,0.0,2397.0,0.0009084804676699451,2.1776276810048585,0.0,,False,202412,0,0.0
E1,M10,104-0,B,202404,1.0,1442.0,0.0009411764705882353,1.3571764705882354,0.7368238557558945,,False,202412,8,0.0
E1,M10,104-0,B,202405,0.0,1474.0,0.0008525149190110827,1.2566069906223358,0.0,,False,202412,7,0.0
E1,M10,104-0,B,202406,0.0,1505.0,0.0007680491551459293,1.1559139784946237,0.0,,False,202412,6,0.0
E1,M10,104-0,B,202407,2.0,1536.0,0.0006875429714357147,1.0560660041252579,1.8938210227272727,,False,202412,5,0.0
E1,M10,104-0,B,202408,1.0,1567.0,0.0007329139436877787,1.1484761497587492,0.8707189959583067,,False,202412,4,0.0
E1,M10,104-0,B,202409,2.0,1598.0,0.0005971218725741924,0.9542007523735595,2.0959949937421776,,False,202412,3,0.0
E1,M10,104-0,B,202410,0.0,1630.0,0.0007008936393902226,1.1424566322060627,0.0,,False,202412,2,0.0
E1,M10,104-0,B,202411,1.0,1661.0,0.0006287151348879744,1.0442958390489256,0.9575830551146625,,False,202412,1,0.0
E1,M10,104-0,C,202404,2.0,1202.0,0.0013714101323007422,1.6484349790254922,1.2132719976509738,,False,202412,8,0.0
E1,M10,104-0,C,202407,1.0,1280.0,0.0018751875187518752,2.4002400240024,0.416625,,False,202412,5,0.0
E1,M10,104-0,C,202408,1.0,1306.0,0.0018323072412782175,2.392993257109352,0.4178866768759571,,False,202412,4,0.0
E1,M10,104-0,C,202410,0.0,1358.0,0.0018923465096719932,2.569806560134567,0.0,,False,202412,2,0.0
E1,M10,104-0,C,202411,1.0,1384.0,0.0017832647462277093,2.4680384087791496,0.4051800800355714,,False,202412,1,0.0
E1,M10,104-0,D,202404,0.0,902.0,0.0008604926320318382,0.7761643540927181,0.0,,False,202412,8,0.0
E1,M10,104-0,D,202405,0.0,921.0,0.0006295247088448222,0.5797922568460812,0.0,,False,202412,7,0.0
E1,M10,104-0,D,202406,2.0,940.0,0.0005120327700972862,0.48131080389144903,4.1553191489361705,,False,202412,6,0.0
E1,M10,104-0,D,202407,0.0,960.0,0.0006000600060006001,0.5760576057605761,0.0,,False,202412,5,0.0
E1,M10,104-0,D,202408,0.0,980.0,0.0005863383172090296,0.574611550864849,0.0,,False,202412,4,0.0
E1,M10,104-0,D,202409,0.0,999.0,0.0004776917932549919,0.4772141014617369,0.0,,False,202412,3,0.0
E1,M10,104-0,E,202404,1.0,421.0,0.0013824884792626728,0.5820276497695852,1.7181314330958037,,False,202412,8,0.0
E1,M10,104-0,E,202405,1.0,430.0,0.0013486176668914363,0.5799055967633175,1.724418604651163,,False,202412,7,0.0
E1,M10,104-0,E,202406,0.0,439.0,0.0013163668275559457,0.5778850372970602,0.0,,False,202412,6,0.0
E1,M10,104-0,E,202407,0.0,448.0,0.0012856224555388902,0.5759588600814228,0.0,,False,202412,5,0.0
E1,M10,104-0,E,202408,2.0,457.0,0.0010469011725293131,0.4784338358458961,4.180306345733042,,False,202412,4,0.0
E1,M10,104-0,E,202409,0.0,466.0,0.0014329580348004093,0.6677584442169907,0.0,,False,202412,3,0.0
E1,M10,104-0,E,202410,0.0,475.0,0.001001201441730076,0.47557068482178616,0.0,,False,202412,2,0.0
E1,M10,104-0,E,202411,0.0,484.0,0.0009798157946306093,0.4742308446012149,0.0,,False,202412,1,0.0
E1,M10,104-0,E,202412,0.0,494.0,0.0009593246354566385,0.47390636991557944,0.0,,False,202412,0,0.0
E1,M10,105-0,A,202404,0.0,2043.0,0.0002847245290181749,0.5816922127841313,0.0,,False,202412,8,0.0
E1,M10,105-0,A,202405,1.0,2088.0,0.0002777392028884877,0.5799194556311623,1.7243773946360155,,False,202412,7,0.0
E1,M10,105-0,A,202406,1.0,2132.0,0.0002710761724044456,0.5779343995662781,1.7303001876172608,,False,202412,6,0.0
E1,M10,105-0,A,202407,2.0,2176.0,0.0003088462386940216,0.6720494153981911,2.975971638655462,,False,202412,5,0.0
E1,M10,105-0,A,202408,0.0,2220.0,0.00034490191851692175,0.7656822591075663,0.0,,False,202412,4,0.0
E1,M10,105-0,A,202409,2.0,2264.0,0.0003371970495258166,0.7634141201264488,2.6198100706713783,,False,202412,3,0.0
E1,M10,105-0,A,202410,0.0,2309.0,0.00041228612657184083,0.9519686662543805,0.0,,False,202412,2,0.0
E1,M10,105-0,A,202411,0.0,2353.0,0.0004034535624949568,0.9493262325506334,0.0,,False,202412,1,0.0
E1,M10,105-0,A,202412,2.0,2397.0,0.00035549235691432633,0.8521151795236402,2.3471005423445974,,False,202412,0,0.0
E1,M10,105-0,B,202404,0.0,1442.0,0.00020168067226890757,0.2908235294117647,0.0,,False,202412,8,0.0
E1,M10,105-0,B,202405,2.0,1474.0,0.0001967342120794806,0.28998622860515444,6.896879240162822,,False,202412,7,0.0
E1,M10,105-0,B,202406,0.0,1505.0,0.0003200204813108039,0.48163082437275984,0.0,,False,202412,6,0.0
E1,M10,105-0,B,202407,0.0,1536.0,0.0003125195324707794,0.4800300018751172,0.0,,False,202412,5,0.0
E1,M10,105-0,B,202408,0.0,1567.0,0.0003053808098699078,0.4785317290661455,0.0,,False,202412,4,0.0
E1,M10,105-0,B,202409,0.0,1598.0,0.0002985609362870962,0.47710037618677975,0.0,,False,202412,3,0.0
E1,M10,105-0,B,202410,1.0,1630.0,0.0002920390164125927,0.4760235967525261,2.1007361963190188,,False,202412,2,0.0
E1,M10,105-0,B,202411,0.0,1661.0,0.0003429355281207133,0.5696159122085047,0.0,,False,202412,1,0.0
E1,M10,105-0,C,202404,0.0,1202.0,,,,,False,202412,8,0.0
E1,M10,105-0,C,202405,1.0,1228.0,,,,,False,202412,7,0.0
E1,M10,105-0,C,202406,0.0,1254.0,,,,,False,202412,6,0.0
E1,M10,105-0,C,202407,1.0,1280.0,,,,,False,202412,5,0.0
E1,M10,105-0,C,202408,0.0,1306.0,,,,,False,202412,4,0.0
E1,M10,105-0,C,202409,2.0,1332.0,,,,,False,202412,3,0.0
E1,M10,105-0,C,202410,2.0,1358.0,0.0002803476310625175,0.3807120829828988,5.253313696612666,,False,202412,2,0.0
E1,M10,105-0,C,202411,0.0,1384.0,0.00041152263374485596,0.5695473251028806,0.0,,False,202412,1,0.0
E1,M10,105-0,D,202404,0.0,902.0,0.00032268473701193933,0.29106163278476926,0.0,,False,202412,8,0.0
E1,M10,105-0,D,202405,0.0,921.0,0.0003147623544224111,0.2898961284230406,0.0,,False,202412,7,0.0
E1,M10,105-0,D,202406,1.0,940.0,0.00030721966205837174,0.2887864823348694,3.4627659574468086,,False,202412,6,0.0
E1,M10,105-0,D,202407,1.0,960.0,0.00040004000400040005,0.38403840384038407,2.6039062499999996,,False,202412,5,0.0
E1,M10,105-0,D,202408,1.0,980.0,0.0003908922114726864,0.3830743672432327,2.6104591836734694,,False,202412,4,0.0
E1,M10,105-0,D,202409,1.0,999.0,0.0003821534346039935,0.3817712811693895,2.619369369369369,,False,202412,3,0.0
E1,M10,105-0,E,202404,0.0,421.0,,,,,False,202412,8,0.0
E1,M10,105-0,E,202405,0.0,430.0,,,,,False,202412,7,0.0
E1,M10,105-0,E,202406,0.0,439.0,,,,,False,202412,6,0.0
E1,M10,105-0,E,202407,0.0,448.0,,,,,False,202412,5,0.0
E1,M10,105-0,E,202408,0.0,457.0,,,,,False,202412,4,0.0
E1,M10,105-0,E,202409,0.0,466.0,,,,,False,202412,3,0.0
E1,M10,105-0,E,202410,0.0,475.0,,,,,False,202412,2,0.0
E1,M10,105-0,E,202411,0.0,484.0,,,,,False,202412,1,0.0
E1,M10,105-0,E,202412,1.0,494.0,,,,,False,202412,0,0.0
E1,M11,100-0,A,202404,1.0,1955.0,0.00149902563333833,2.930595113176435,0.341227621483376,,False,202412,8,0.0
E1,M11,100-0,A,202405,2.0,1999.0,0.0013629946940563696,2.7246263934186827,0.7340455942256843,,False,202412,7,0.0
E1,M11,100-0,A,202408,1.0,2132.0,0.0014909189482244511,3.1786391976145296,0.31460003411222925,,False,202412,4,0.0
E1,M11,100-0,A,202411,2.0,2264.0,0.001559536354056902,3.5307903055848264,0.5664454206857034,,False,202412,1,0.0
E1,M11,100-0,A,202412,3.0,2309.0,0.0015666872809729953,3.617480931766646,0.829306375510018,,False,202412,0,0.0
E1,M11,100-0,B,202404,0.0,1380.0,0.0017696609329652438,2.4421320874920367,0.0,,False,202412,8,0.0
E1,M11,100-0,B,202406,2.0,1442.0,0.0014789915966386554,2.132705882352941,0.9377758164165932,,False,202412,6,0.0
E1,M11,100-0,B,202409,2.0,1536.0,0.0018751171948246765,2.880180011250703,0.6944010416666666,,False,202412,3,0.0
E1,M11,100-0,B,202410,3.0,1567.0,0.00195443718316741,3.0626030660233314,0.979558870453095,,False,202412,2,0.0
E1,M11,100-0,B,202411,3.0,1598.0,0.0020302143667522542,3.2442825580701022,0.9247036737097842,,False,202412,1,0.0
E1,M11,100-0,C,202404,0.0,1150.0,0.0005096839959225281,0.5861365953109073,0.0,,False,202412,8,0.0
E1,M11,100-0,C,202405,1.0,1176.0,0.00041377027474346245,0.48659384309831183,2.0551020408163265,,False,202412,7,0.0
E1,M11,100-0,C,202406,0.0,1202.0,0.000484027105517909,0.5818005808325266,0.0,,False,202412,6,0.0
E1,M11,100-0,C,202407,0.0,1228.0,0.00047214353163361664,0.5797922568460813,0.0,,False,202412,5,0.0
E1,M11,100-0,C,202408,1.0,1254.0,0.0004608294930875576,0.5778801843317972,1.7304625199362043,,False,202412,4,0.0
E1,M11,100-0,C,202409,1.0,1280.0,0.00045004500450045,0.5760576057605761,1.7359375,,False,202412,3,0.0
E1,M11,100-0,C,202411,1.0,1332.0,0.0005732301519059903,0.763542562338779,1.3096846846846846,,False,202412,1,0.0
E1,M11,100-0,D,202404,1.0,862.0,0.0009061048816400498,0.781062407973723,1.2803074245939676,,False,202412,8,0.0
E1,M11,100-0,D,202406,0.0,902.0,0.0011831773690437776,1.0672259868774874,0.0,,False,202412,6,0.0
E1,M11,100-0,D,202407,1.0,921.0,0.0010492078480747037,0.9663204280768021,1.0348534201954396,,False,202412,5,0.0
E1,M11,100-0,D,202409,1.0,960.0,0.0014001400140014,1.3441344134413442,0.7439732142857143,,False,202412,3,0.0
E1,M11,100-0,E,202404,0.0,403.0,0.0012135922330097086,0.48907766990291257,0.0,,False,202412,8,0.0
E1,M11,100-0,E,202405,2.0,412.0,0.0009456264775413711,0.3895981087470449,5.133495145631068,,False,202412,7,0.0
E1,M11,100-0,E,202406,2.0,421.0,0.0013824884792626728,0.5820276497695852,3.4362628661916075,,False,202412,6,0.0
E1,M11,100-0,E,202407,1.0,430.0,0.001573387278040009,0.6765565295572039,1.4780730897009966,,False,202412,5,0.0
E1,M11,100-0,E,202408,0.0,439.0,0.0017551557700745941,0.7705133830627469,0.0,,False,202412,4,0.0
E1,M11,100-0,E,202409,2.0,448.0,0.0014998928647953717,0.6719520034283265,2.97640306122449,,False,202412,3,0.0
E1,M11,100-0,E,202410,0.0,457.0,0.0018844221105527637,0.861180904522613,0.0,,False,202412,2,0.0
E1,M11,100-0,E,202412,1.0,475.0,0.0024028834601521826,1.1413696435722867,0.8761403508771931,,False,202412,0,0.0
E1,M11,101-0,A,202404,1.0,1955.0,0.0005996102533353321,1.1722380452705743,0.8530690537084398,,False,202412,8,0.0
E1,M11,101-0,A,202405,0.0,1999.0,0.0005841405831670156,1.167697025750864,0.0,,False,202412,7,0.0
E1,M11,101-0,A,202406,1.0,2043.0,0.0005694490580363498,1.1633844255682626,0.8595611029531736,,False,202412,6,0.0
E1,M11,101-0,A,202408,1.0,2132.0,0.0006325110689437065,1.3485135989879824,0.7415572232645403,,False,202412,4,0.0
E1,M11,101-0,A,202409,0.0,2176.0,0.0006618133686300463,1.4401058901389807,0.0,,False,202412,3,0.0
E1,M11,101-0,A,202412,0.0,2309.0,0.0009070294784580499,2.0943310657596372,0.0,,False,202412,0,0.0
E1,M11,101-0,B,202404,2.0,1380.0,0.0008494372478233171,1.1722234019961775,1.7061594202898551,,False,202412,8,0.0
E1,M11,101-0,B,202405,2.0,1411.0,0.0009654506585752707,1.362250879249707,1.46815834767642,,False,202412,7,0.0
E1,M11,101-0,B,202406,1.0,1442.0,0.0010084033613445378,1.4541176470588235,0.6877022653721683,,False,202412,6,0.0
E1,M11,101-0,B,202407,0.0,1474.0,0.0010492491310905632,1.5465932192274903,0.0,,False,202412,5,0.0
E1,M11,101-0,B,202408,1.0,1505.0,0.0010240655401945725,1.5412186379928314,0.6488372093023256,,False,202412,4,0.0
E1,M11,101-0,B,202409,0.0,1536.0,0.0010000625039064941,1.536096006000375,0.0,,False,202412,3,0.0
E1,M11,101-0,B,202410,2.0,1567.0,0.000977218591583705,1.5313015330116657,1.30607849393746,,False,202412,2,0.0
E1,M11,101-0,B,202411,0.0,1598.0,0.0008956828088612886,1.4313011285603392,0.0,,False,202412,1,0.0
E1,M11,101-0,C,202404,2.0,1150.0,0.0005946313285762827,0.6838260278627251,2.9247204968944103,,False,202412,8,0.0
E1,M11,101-0,C,202405,1.0,1176.0,0.0006620324395895399,0.7785501489572989,1.284438775510204,,False,202412,7,0.0
E1,M11,101-0,C,202406,1.0,1202.0,0.0007260406582768635,0.8727008712487899,1.1458679977814754,,False,202412,6,0.0
E1,M11,101-0,C,202407,0.0,1228.0,0.0006295247088448222,0.7730563424614416,0.0,,False,202412,5,0.0
E1,M11,101-0,C,202408,1.0,1254.0,0.0006144393241167435,0.7705069124423963,1.2978468899521531,,False,202412,4,0.0
E1,M11,101-0,C,202409,2.0,1280.0,0.0006750675067506751,0.8640864086408641,2.314583333333333,,False,202412,3,0.0
E1,M11,101-0,C,202410,1.0,1306.0,0.0008062151861624157,1.0529170331281148,0.9497424474453572,,False,202412,2,0.0
E1,M11,101-0,C,202411,2.0,1332.0,0.0008598452278589854,1.1453138435081684,1.7462462462462465,,False,202412,1,0.0
E1,M11,101-0,D,202404,2.0,862.0,0.0009061048816400498,0.781062407973723,2.5606148491879352,,False,202412,8,0.0
E1,M11,101-0,D,202405,1.0,882.0,0.0011033873993158997,0.9731876861966235,1.0275510204081633,,False,202412,7,0.0
E1,M11,101-0,D,202406,1.0,902.0,0.0010756157900397977,0.9702054426158976,1.030709534368071,,False,202412,6,0.0
E1,M11,101-0,D,202407,2.0,921.0,0.001154128632882174,1.0629524708844822,1.8815516730826178,,False,202412,5,0.0
E1,M11,101-0,D,202408,0.0,940.0,0.001228878648233487,1.1551459293394777,0.0,,False,202412,4,0.0
E1,M11,101-0,D,202409,0.0,960.0,0.0012001200120012002,1.1521152115211521,0.0,,False,202412,3,0.0
E1,M11,101-0,E,202404,0.0,403.0,0.0014563106796116505,0.5868932038834952,0.0,,False,202412,8,0.0
E1,M11,101-0,E,202405,2.0,412.0,0.0014184397163120568,0.5843971631205674,3.4223300970873782,,False,202412,7,0.0
E1,M11,101-0,E,202406,0.0,421.0,0.0018433179723502304,0.776036866359447,0.0,,False,202412,6,0.0
E1,M11,101-0,E,202407,0.0,430.0,0.001573387278040009,0.6765565295572039,0.0,,False,202412,5,0.0
E1,M11,101-0,E,202408,0.0,439.0,0.00153576129881527,0.6741992101799035,0.0,,False,202412,4,0.0
E1,M11,101-0,E,202409,1.0,448.0,0.0012856224555388902,0.5759588600814228,1.7362351190476188,,False,202412,3,0.0
E1,M11,101-0,E,202410,0.0,457.0,0.0014656616415410384,0.6698073701842545,0.0,,False,202412,2,0.0
E1,M11,101-0,E,202412,1.0,475.0,0.0014016820184221065,0.6657989587505005,1.5019548872180453,,False,202412,0,0.0
E1,M11,102-0,A,202405,2.0,1999.0,0.001070924402472862,2.140777880543251,0.9342398471963252,,False,202412,7,0.0
E1,M11,102-0,A,202406,0.0,2043.0,0.001043989939733308,2.132871446875148,0.0,,False,202412,6,0.0
E1,M11,102-0,A,202407,1.0,2088.0,0.0009257973429616257,1.9330648521038745,0.5173132183908046,,False,202412,5,0.0
E1,M11,102-0,A,202408,0.0,2132.0,0.0009035872413481522,1.9264479985542604,0.0,,False,202412,4,0.0
E1,M11,102-0,A,202409,0.0,2176.0,0.0008382969335980587,1.8241341275093756,0.0,,False,202412,3,0.0
E1,M11,102-0,A,202410,2.0,2220.0,0.0007329165768484588,1.6270748006035785,1.2291997880233174,,False,202412,2,0.0
E1,M11,102-0,B,202404,0.0,1380.0,0.0012033694344163659,1.660649819494585,0.0,,False,202412,8,0.0
E1,M11,102-0,B,202405,1.0,1411.0,0.0011033721812288807,1.5568581477139507,0.6423192771084337,,False,202412,7,0.0
E1,M11,102-0,B,202406,2.0,1442.0,0.001142857142857143,1.6480000000000001,1.2135922330097086,,False,202412,6,0.0
E1,M11,102-0,B,202407,0.0,1474.0,0.0011148272017837235,1.6432552954292083,0.0,,False,202412,5,0.0
E1,M11,102-0,B,202409,2.0,1536.0,0.0010625664104006501,1.6321020063753986,1.2254136029411764,,False,202412,3,0.0
E1,M11,102-0,B,202410,1.0,1567.0,0.001099370915531668,1.7227142246381237,0.5804793306388711,,False,202412,2,0.0
E1,M11,102-0,C,202405,0.0,1176.0,0.0015723270440251573,1.849056603773585,0.0,,False,202412,7,0.0
E1,M11,102-0,C,202406,0.0,1202.0,0.001532752500806712,1.8423685059696677,0.0,,False,202412,6,0.0
E1,M11,102-0,C,202408,1.0,1254.0,0.0016129032258064516,2.02258064516129,0.4944178628389155,,False,202412,4,0.0
E1,M11,102-0,C,202409,2.0,1280.0,0.0015001500150015,1.9201920192019202,1.0415625,,False,202412,3,0.0
E1,M11,102-0,C,202410,1.0,1306.0,0.001465845793022574,1.9143946056874817,0.5223583460949464,,False,202412,2,0.0
E1,M11,102-0,C,202411,1.0,1332.0,0.0013614216107767267,1.8134135855546,0.5514461830251304,,False,202412,1,0.0
E1,M11,102-0,D,202404,0.0,862.0,0.0010193679918450561,0.8786952089704384,0.0,,False,202412,8,0.0
E1,M11,102-0,D,202405,0.0,882.0,0.0009930486593843098,0.8758689175769613,0.0,,False,202412,7,0.0
E1,M11,102-0,D,202406,1.0,902.0,0.0008604926320318382,0.7761643540927181,1.2883869179600886,,False,202412,6,0.0
E1,M11,102-0,D,202407,0.0,921.0,0.0007344454936522926,0.6764242996537615,0.0,,False,202412,5,0.0
E1,M11,102-0,D,202408,1.0,940.0,0.0006144393241167435,0.5775729646697388,1.7313829787234043,,False,202412,4,0.0
E1,M11,102-0,D,202409,1.0,960.0,0.0006000600060006001,0.5760576057605761,1.7359375,,False,202412,3,0.0
E1,M11,102-0,E,202404,0.0,403.0,0.002184466019417476,0.8803398058252427,0.0,,False,202412,8,0.0
E1,M11,102-0,E,202405,2.0,412.0,0.002127659574468085,0.8765957446808511,2.2815533980582523,,False,202412,7,0.0
E1,M11,102-0,E,202406,0.0,421.0,0.0020737327188940094,0.873041474654378,0.0,,False,202412,6,0.0
E1,M11,102-0,E,202407,0.0,430.0,0.0017981568891885817,0.7732074623510902,0.0,,False,202412,5,0.0
E1,M11,102-0,E,202408,0.0,439.0,0.0017551557700745941,0.7705133830627469,0.0,,False,202412,4,0.0
E1,M11,102-0,E,202409,0.0,448.0,0.0014998928647953717,0.6719520034283265,0.0,,False,202412,3,0.0
E1,M11,102-0,E,202410,0.0,457.0,0.0014656616415410384,0.6698073701842545,0.0,,False,202412,2,0.0
E1,M11,102-0,E,202411,0.0,466.0,0.0012282497441146367,0.5723643807574207,0.0,,False,202412,1,0.0
E1,M11,102-0,E,202412,0.0,475.0,0.001001201441730076,0.47557068482178616,0.0,,False,202412,0,0.0
E1,M11,103-0,A,202404,1.0,1955.0,0.000749512816669165,1.4652975565882176,0.682455242966752,,False,202412,8,0.0
E1,M11,103-0,A,202405,1.0,1999.0,0.0006328189650976002,1.2650051112301028,0.7905106399353522,,False,202412,7,0.0
E1,M11,103-0,A,202406,2.0,2043.0,0.0005694490580363498,1.1633844255682626,1.7191222059063471,,False,202412,6,0.0
E1,M11,103-0,A,202407,1.0,2088.0,0.000648058140073138,1.353145396472712,0.7390188834154352,,False,202412,5,0.0
E1,M11,103-0,A,202408,2.0,2132.0,0.0006325110689437065,1.3485135989879824,1.4831144465290806,,False,202412,4,0.0
E1,M11,103-0,A,202409,2.0,2176.0,0.0007059342598720494,1.5361129494815795,1.3019875919117647,,False,202412,3,0.0
E1,M11,103-0,A,202410,1.0,2220.0,0.0006466910972192282,1.4356542358266866,0.6965465465465467,,False,202412,2,0.0
E1,M11,103-0,A,202411,1.0,2264.0,0.0006743940990516333,1.5268282402528977,0.6549525176678446,,False,202412,1,0.0
E1,M11,103-0,A,202412,2.0,2309.0,0.0006184291898577613,1.427952999381571,1.400606323083586,,False,202412,0,0.0
E1,M11,103-0,B,202404,2.0,1380.0,0.0004955050612302683,0.6837969844977703,2.9248447204968944,,False,202412,8,0.0
E1,M11,103-0,B,202405,0.0,1411.0,0.0006206468519412454,0.8757327080890972,0.0,,False,202412,7,0.0
E1,M11,103-0,B,202406,1.0,1442.0,0.0006050420168067227,0.8724705882352941,1.1461704422869472,,False,202412,6,0.0
E1,M11,103-0,B,202407,1.0,1474.0,0.0005246245655452816,0.7732966096137451,1.2931648575305292,,False,202412,5,0.0
E1,M11,103-0,B,202408,2.0,1505.0,0.0005120327700972862,0.7706093189964157,2.5953488372093023,,False,202412,4,0.0
E1,M11,103-0,B,202409,2.0,1536.0,0.000562535158447403,0.8640540033752109,2.3146701388888893,,False,202412,3,0.0
E1,M11,103-0,B,202410,0.0,1567.0,0.0006107616197398156,0.957063458132291,0.0,,False,202412,2,0.0
E1,M11,103-0,B,202411,1.0,1598.0,0.0005374096853167731,0.8587806771362034,1.164441663190099,,False,202412,1,0.0
E1,M11,103-0,C,202404,1.0,1150.0,0.0005946313285762827,0.6838260278627251,1.4623602484472051,,False,202412,8,0.0
E1,M11,103-0,C,202405,0.0,1176.0,0.0006620324395895399,0.7785501489572989,0.0,,False,202412,7,0.0
E1,M11,103-0,C,202406,1.0,1202.0,0.0006453694740238787,0.7757341077767022,1.2891014975041597,,False,202412,6,0.0
E1,M11,103-0,C,202407,2.0,1228.0,0.000708215297450425,0.8696883852691218,2.2996742671009773,,False,202412,5,0.0
E1,M11,103-0,C,202408,0.0,1254.0,0.0008448540706605223,1.0594470046082949,0.0,,False,202412,4,0.0
E1,M11,103-0,C,202409,0.0,1280.0,0.00075007500750075,0.9600960096009601,0.0,,False,202412,3,0.0
E1,M11,103-0,C,202410,1.0,1306.0,0.0005863383172090296,0.7657578422749927,1.305895865237366,,False,202412,2,0.0
E1,M11,103-0,C,202411,1.0,1332.0,0.0005732301519059903,0.763542562338779,1.3096846846846846,,False,202412,1,0.0
E1,M11,103-0,D,202404,2.0,862.0,0.0005663155510250311,0.4881640049835768,4.096983758700697,,False,202412,8,0.0
E1,M11,103-0,D,202405,1.0,882.0,0.0006620324395895399,0.5839126117179742,1.7125850340136055,,False,202412,7,0.0
E1,M11,103-0,D,202406,0.0,902.0,0.0006453694740238787,0.5821232655695385,0.0,,False,202412,6,0.0
E1,M11,103-0,D,202407,0.0,921.0,0.0005246039240373518,0.48316021403840104,0.0,,False,202412,5,0.0
E1,M11,103-0,D,202408,1.0,940.0,0.0005120327700972862,0.48131080389144903,2.0776595744680852,,False,202412,4,0.0
E1,M11,103-0,D,202409,0.0,960.0,0.0006000600060006001,0.5760576057605761,0.0,,False,202412,3,0.0
E1,M11,103-0,E,202404,0.0,403.0,0.000970873786407767,0.39126213592233006,0.0,,False,202412,8,0.0
E1,M11,103-0,E,202405,0.0,412.0,0.0009456264775413711,0.3895981087470449,0.0,,False,202412,7,0.0
E1,M11,103-0,E,202406,0.0,421.0,0.0009216589861751152,0.3880184331797235,0.0,,False,202412,6,0.0
E1,M11,103-0,E,202407,0.0,430.0,0.0008990784445942908,0.3866037311755451,0.0,,False,202412,5,0.0
E1,M11,103-0,E,202408,0.0,439.0,0.0006581834137779728,0.2889425186485301,0.0,,False,202412,4,0.0
E1,M11,103-0,E,202409,0.0,448.0,0.0006428112277694451,0.2879794300407114,0.0,,False,202412,3,0.0
E1,M11,103-0,E,202410,1.0,457.0,,,,,False,202412,2,0.0
E1,M11,103-0,E,202411,0.0,466.0,0.0006141248720573184,0.28618219037871034,0.0,,False,202412,1,0.0
E1,M11,103-0,E,202412,1.0,475.0,0.0006007208650380457,0.28534241089307166,3.5045614035087724,,False,202412,0,0.0
E1,M11,103-1,A,202404,0.0,1955.0,0.0011992205066706642,2.3444760905411486,0.0,,False,202412,8,0.0
E1,M11,103-1,A,202405,2.0,1999.0,0.001070924402472862,2.140777880543251,0.9342398471963252,,False,202412,7,0.0
E1,M11,103-1,A,202406,1.0,2043.0,0.001043989939733308,2.132871446875148,0.468851510701731,,False,202412,6,0.0
E1,M11,103-1,A,202407,0.0,2088.0,0.0010183770772577883,2.126371337314262,0.0,,False,202412,5,0.0
E1,M11,103-1,A,202408,1.0,2132.0,0.0009035872413481522,1.9264479985542604,0.5190900562851782,,False,202412,4,0.0
E1,M11,103-1,A,202409,0.0,2176.0,0.0008382969335980587,1.8241341275093756,0.0,,False,202412,3,0.0
E1,M11,103-1,A,202410,0.0,2220.0,0.0007329165768484588,1.6270748006035785,0.0,,False,202412,2,0.0
E1,M11,103-1,A,202411,2.0,2264.0,0.0006322444678609062,1.4314014752370916,1.3972320376914018,,False,202412,1,0.0
E1,M11,103-1,B,202404,0.0,1380.0,0.0006370779358674878,0.8791675514971331,0.0,,False,202412,8,0.0
E1,M11,103-1,B,202406,0.0,1442.0,0.0006722689075630252,0.9694117647058824,0.0,,False,202412,6,0.0
E1,M11,103-1,B,202407,0.0,1474.0,0.000655780706931602,0.9666207620171814,0.0,,False,202412,5,0.0
E1,M11,103-1,B,202408,0.0,1505.0,0.000576036866359447,0.8669354838709677,0.0,,False,202412,4,0.0
E1,M11,103-1,B,202409,0.0,1536.0,0.0004375273454590912,0.6720420026251641,0.0,,False,202412,3,0.0
E1,M11,103-1,B,202410,0.0,1567.0,0.00042753313381787086,0.6699444206926036,0.0,,False,202412,2,0.0
E1,M11,103-1,C,202404,0.0,1150.0,0.0005096839959225281,0.5861365953109073,0.0,,False,202412,8,0.0
E1,M11,103-1,C,202405,1.0,1176.0,0.0004965243296921549,0.5839126117179742,1.7125850340136055,,False,202412,7,0.0
E1,M11,103-1,C,202406,1.0,1202.0,0.0005646982897708938,0.6787673443046143,1.4732588542904685,,False,202412,6,0.0
E1,M11,103-1,C,202407,1.0,1228.0,0.0006295247088448222,0.7730563424614416,1.2935667752442996,,False,202412,5,0.0
E1,M11,103-1,C,202408,1.0,1254.0,0.0006912442396313364,0.8668202764976959,1.1536416799574694,,False,202412,4,0.0
E1,M11,103-1,C,202409,2.0,1280.0,0.00075007500750075,0.9600960096009601,2.083125,,False,202412,3,0.0
E1,M11,103-1,C,202410,2.0,1306.0,0.0008062151861624157,1.0529170331281148,1.8994848948907144,,False,202412,2,0.0
E1,M11,103-1,C,202411,1.0,1332.0,0.0008598452278589854,1.1453138435081684,0.8731231231231232,,False,202412,1,0.0
E1,M11,103-1,D,202404,0.0,862.0,0.0005663155510250311,0.4881640049835768,0.0,,False,202412,8,0.0
E1,M11,103-1,D,202405,1.0,882.0,0.0005516936996579499,0.4865938430983118,2.0551020408163265,,False,202412,7,0.0
E1,M11,103-1,D,202406,2.0,902.0,0.0005378078950198989,0.4851027213079488,4.122838137472284,,False,202412,6,0.0
E1,M11,103-1,D,202407,2.0,921.0,0.0007344454936522926,0.6764242996537615,2.956724057701256,,False,202412,5,0.0
E1,M11,103-1,D,202408,0.0,940.0,0.0009216589861751152,0.8663594470046083,0.0,,False,202412,4,0.0
E1,M11,103-1,D,202409,2.0,960.0,0.0008000800080008001,0.7680768076807681,2.6039062499999996,,False,202412,3,0.0
E1,M11,103-1,E,202404,0.0,403.0,,,,,False,202412,8,0.0
E1,M11,103-1,E,202405,1.0,412.0,,,,,False,202412,7,0.0
E1,M11,103-1,E,202406,0.0,421.0,0.0006912442396313364,0.2910138248847926,0.0,,False,202412,6,0.0
E1,M11,103-1,E,202407,0.0,430.0,0.0006743088334457181,0.28995279838165877,0.0,,False,202412,5,0.0
E1,M11,103-1,E,202408,0.0,439.0,0.0006581834137779728,0.2889425186485301,0.0,,False,202412,4,0.0
E1,M11,103-1,E,202409,0.0,448.0,0.0006428112277694451,0.2879794300407114,0.0,,False,202412,3,0.0
E1,M11,103-1,E,202410,0.0,457.0,,,,,False,202412,2,0.0
E1,M11,103-1,E,202411,0.0,466.0,,,,,False,202412,1,0.0
E1,M11,103-1,E,202412,0.0,475.0,,,,,False,202412,0,0.0
E1,M11,104-0,A,202404,0.0,1955.0,0.0011992205066706642,2.3444760905411486,0.0,,False,202412,8,0.0
E1,M11,104-0,A,202405,1.0,1999.0,0.0010222460205422772,2.043469795064012,0.48936372948378953,,False,202412,7,0.0
E1,M11,104-0,A,202406,2.0,2043.0,0.0009965358515636122,2.0359227447444597,0.9823555462321982,,False,202412,6,0.0
E1,M11,104-0,A,202407,2.0,2088.0,0.000972087210109707,2.0297180947090685,0.98535851122058,,False,202412,5,0.0
E1,M11,104-0,A,202408,1.0,2132.0,0.0009939459654829674,2.1190927984096866,0.4719000511683438,,False,202412,4,0.0
E1,M11,104-0,A,202409,1.0,2176.0,0.0007941760423560556,1.7281270681667769,0.5786611519607844,,False,202412,3,0.0
E1,M11,104-0,A,202411,1.0,2264.0,0.0008851422550052687,2.0039620653319283,0.49901144203264347,,False,202412,1,0.0
E1,M11,104-0,B,202404,2.0,1380.0,0.0012033694344163659,1.660649819494585,1.2043478260869565,,False,202412,8,0.0
E1,M11,104-0,B,202405,1.0,1411.0,0.0011033721812288807,1.5568581477139507,0.6423192771084337,,False,202412,7,0.0
E1,M11,104-0,B,202406,1.0,1442.0,0.001142857142857143,1.6480000000000001,0.6067961165048543,,False,202412,6,0.0
E1,M11,104-0,B,202407,0.0,1474.0,0.000918092989704243,1.3532690668240541,0.0,,False,202412,5,0.0
E1,M11,104-0,B,202408,0.0,1505.0,0.0007680491551459293,1.1559139784946237,0.0,,False,202412,4,0.0
E1,M11,104-0,B,202409,1.0,1536.0,0.0007500468779298706,1.1520720045002812,0.8680013020833334,,False,202412,3,0.0
E1,M11,104-0,B,202410,2.0,1567.0,0.0007939901056617602,1.2441824955719782,1.6074812233076432,,False,202412,2,0.0
E1,M11,104-0,B,202411,1.0,1598.0,0.0008359706216038693,1.3358810533229832,0.7485696406222063,,False,202412,1,0.0
E1,M11,104-0,C,202405,1.0,1176.0,0.0009930486593843098,1.1678252234359483,0.8562925170068028,,False,202412,7,0.0
E1,M11,104-0,C,202406,0.0,1202.0,0.001048725395288803,1.260567925137141,0.0,,False,202412,6,0.0
E1,M11,104-0,C,202407,1.0,1228.0,0.0009442870632672333,1.1595845136921625,0.8623778501628664,,False,202412,5,0.0
E1,M11,104-0,C,202408,2.0,1254.0,0.0009216589861751152,1.1557603686635944,1.7304625199362043,,False,202412,4,0.0
E1,M11,104-0,C,202410,1.0,1306.0,0.0010260920551158018,1.3400762239812372,0.7462262087070662,,False,202412,2,0.0
E1,M11,104-0,C,202411,0.0,1332.0,0.0010748065348237317,1.4316423043852107,0.0,,False,202412,1,0.0
E1,M11,104-0,D,202404,0.0,862.0,0.0007928417714350436,0.6834296069770076,0.0,,False,202412,8,0.0
E1,M11,104-0,D,202405,0.0,882.0,0.0006620324395895399,0.5839126117179742,0.0,,False,202412,7,0.0
E1,M11,104-0,D,202406,1.0,902.0,0.0006453694740238787,0.5821232655695385,1.717849223946785,,False,202412,6,0.0
E1,M11,104-0,D,202407,0.0,921.0,0.0007344454936522926,0.6764242996537615,0.0,,False,202412,5,0.0
E1,M11,104-0,D,202408,2.0,940.0,0.0005120327700972862,0.48131080389144903,4.1553191489361705,,False,202412,4,0.0
E1,M11,104-0,D,202409,0.0,960.0,0.0007000700070007,0.6720672067206721,0.0,,False,202412,3,0.0
E1,M11,104-0,E,202404,0.0,403.0,0.0012135922330097086,0.48907766990291257,0.0,,False,202412,8,0.0
E1,M11,104-0,E,202405,0.0,412.0,0.0009456264775413711,0.3895981087470449,0.0,,False,202412,7,0.0
E1,M11,104-0,E,202406,0.0,421.0,0.0006912442396313364,0.2910138248847926,0.0,,False,202412,6,0.0
E1,M11,104-0,E,202407,0.0,430.0,0.0006743088334457181,0.28995279838165877,0.0,,False,202412,5,0.0
E1,M11,104-0,E,202408,0.0,439.0,,,,,False,202412,4,0.0
E1,M11,104-0,E,202409,0.0,448.0,,,,,False,202412,3,0.0
E1,M11,104-0,E,202410,0.0,457.0,,,,,False,202412,2,0.0
E1,M11,104-0,E,202411,0.0,466.0,,,,,False,202412,1,0.0
E1,M11,104-0,E,202412,0.0,475.0,,,,,False,202412,0,0.0
E1,M11,104-1,A,202406,1.0,2043.0,0.0009016276752242206,1.8420253404830826,0.5428806966020042,,False,202412,6,0.0
E1,M11,104-1,A,202407,1.0,2088.0,0.0008332176086654631,1.739758366893487,0.5747924648786717,,False,202412,5,0.0
E1,M11,104-1,A,202408,1.0,2132.0,0.0008584078792807445,1.8301255986265472,0.5464105855633455,,False,202412,4,0.0
E1,M11,104-1,A,202411,2.0,2264.0,0.001053740779768177,2.3856691253951525,0.8383392226148411,,False,202412,1,0.0
E1,M11,104-1,A,202412,1.0,2309.0,0.0010307153164296021,2.379921665635951,0.4201818969250758,,False,202412,0,0.0
E1,M11,104-1,B,202404,1.0,1380.0,0.0006370779358674878,0.8791675514971331,1.13743961352657,,False,202412,8,0.0
E1,M11,104-1,B,202405,2.0,1411.0,0.0006206468519412454,0.8757327080890972,2.2838018741633204,,False,202412,7,0.0
E1,M11,104-1,B,202406,1.0,1442.0,0.0006722689075630252,0.9694117647058824,1.0315533980582523,,False,202412,6,0.0
E1,M11,104-1,B,202409,1.0,1536.0,0.0009375585974123383,1.4400900056253516,0.6944010416666666,,False,202412,3,0.0
E1,M11,104-1,B,202411,2.0,1598.0,0.0010748193706335463,1.7175613542724069,1.164441663190099,,False,202412,1,0.0
E1,M11,104-1,C,202404,0.0,1150.0,0.0012742099898063201,1.4653414882772682,0.0,,False,202412,8,0.0
E1,M11,104-1,C,202405,2.0,1176.0,0.0012413108242303873,1.4597815292949354,1.3700680272108843,,False,202412,7,0.0
E1,M11,104-1,C,202406,1.0,1202.0,0.0011293965795417876,1.3575346886092285,0.7366294271452343,,False,202412,6,0.0
E1,M11,104-1,C,202407,2.0,1228.0,0.0011016682404784387,1.3528485993075228,1.4783620288506283,,False,202412,5,0.0
E1,M11,104-1,C,202408,2.0,1254.0,0.001152073732718894,1.444700460829493,1.3843700159489634,,False,202412,4,0.0
E1,M11,104-1,C,202409,1.0,1280.0,0.0011251125112511251,1.4401440144014401,0.694375,,False,202412,3,0.0
E1,M11,104-1,C,202410,0.0,1306.0,0.0010993843447669306,1.4357959542656114,0.0,,False,202412,2,0.0
E1,M11,104-1,C,202411,1.0,1332.0,0.001003152765835483,1.3361994840928633,0.7483912483912484,,False,202412,1,0.0
E1,M11,104-1,D,202404,1.0,862.0,0.0010193679918450561,0.8786952089704384,1.1380510440835265,,False,202412,8,0.0
E1,M11,104-1,D,202405,1.0,882.0,0.0009930486593843098,0.8758689175769613,1.1417233560090703,,False,202412,7,0.0
E1,M11,104-1,D,202406,1.0,902.0,0.000968054211035818,0.8731848983543079,1.1452328159645233,,False,202412,6,0.0
E1,M11,104-1,D,202408,1.0,940.0,0.0011264720942140297,1.0588837685611878,0.9443907156673115,,False,202412,4,0.0
E1,M11,104-1,D,202409,2.0,960.0,0.0011001100110011,1.056105610561056,1.8937500000000003,,False,202412,3,0.0
E1,M11,104-1,E,202404,1.0,403.0,0.0012135922330097086,0.48907766990291257,2.044665012406948,,False,202412,8,0.0
E1,M11,104-1,E,202405,0.0,412.0,0.0014184397163120568,0.5843971631205674,0.0,,False,202412,7,0.0
E1,M11,104-1,E,202406,0.0,421.0,0.0013824884792626728,0.5820276497695852,0.0,,False,202412,6,0.0
E1,M11,104-1,E,202407,1.0,430.0,0.0013486176668914363,0.5799055967633175,1.724418604651163,,False,202412,5,0.0
E1,M11,104-1,E,202408,1.0,439.0,0.00153576129881527,0.6741992101799035,1.483241132443866,,False,202412,4,0.0
E1,M11,104-1,E,202409,0.0,448.0,0.0017141632740518534,0.7679451467752303,0.0,,False,202412,3,0.0
E1,M11,104-1,E,202410,1.0,457.0,0.0016750418760469012,0.7654941373534339,1.3063457330415755,,False,202412,2,0.0
E1,M11,104-1,E,202411,0.0,466.0,0.001842374616171955,0.858546571136131,0.0,,False,202412,1,0.0
E1,M11,104-1,E,202412,1.0,475.0,0.0016019223067681217,0.7609130957148579,1.3142105263157895,,False,202412,0,0.0
E1,M11,104-2,A,202404,1.0,1955.0,0.001049317943336831,2.051416579223505,0.48746803069053707,,False,202412,8,0.0
E1,M11,104-2,A,202405,0.0,1999.0,0.0009735676386116926,1.9461617095847734,0.0,,False,202412,7,0.0
E1,M11,104-2,A,202406,0.0,2043.0,0.0007592654107151331,1.5511792340910169,0.0,,False,202412,6,0.0
E1,M11,104-2,A,202407,0.0,2088.0,0.0006943480072212193,1.4497986390779058,0.0,,False,202412,5,0.0
E1,M11,104-2,A,202408,2.0,2132.0,0.0005873317068762989,1.2521911990602692,1.597200173185164,,False,202412,4,0.0
E1,M11,104-2,A,202409,1.0,2176.0,0.0006176924773880432,1.3440988307963821,0.7439929096638656,,False,202412,3,0.0
E1,M11,104-2,A,202411,1.0,2264.0,0.0007165437302423603,1.6222550052687037,0.6164258989815008,,False,202412,1,0.0
E1,M11,104-2,A,202412,1.0,2309.0,0.0006596578025149454,1.5231498660070089,0.6565342139454309,,False,202412,0,0.0
E1,M11,104-2,B,202404,0.0,1380.0,0.0014157287463721952,1.9537056699936293,0.0,,False,202412,8,0.0
E1,M11,104-2,B,202405,1.0,1411.0,0.001379215226536101,1.9460726846424383,0.513855421686747,,False,202412,7,0.0
E1,M11,104-2,B,202406,1.0,1442.0,0.001411764705882353,2.035764705882353,0.49121590383726305,,False,202412,6,0.0
E1,M11,104-2,B,202407,1.0,1474.0,0.001245983343170044,1.836579447832645,0.5444904663286438,,False,202412,5,0.0
E1,M11,104-2,B,202408,0.0,1505.0,0.001216077828981055,1.8301971326164876,0.0,,False,202412,4,0.0
E1,M11,104-2,B,202410,2.0,1567.0,0.0012215232394796312,1.914126916264582,1.044862795149968,,False,202412,2,0.0
E1,M11,104-2,C,202404,2.0,1150.0,0.0011892626571525654,1.3676520557254501,1.4623602484472051,,False,202412,8,0.0
E1,M11,104-2,C,202405,1.0,1176.0,0.0013240648791790798,1.5571002979145978,0.642219387755102,,False,202412,7,0.0
E1,M11,104-2,C,202406,1.0,1202.0,0.001048725395288803,1.260567925137141,0.793293229233329,,False,202412,6,0.0
E1,M11,104-2,C,202407,1.0,1228.0,0.001022977651872836,1.2562165564998427,0.7960410924580306,,False,202412,5,0.0
E1,M11,104-2,C,202409,2.0,1280.0,0.0012001200120012002,1.5361536153615363,1.3019531249999998,,False,202412,3,0.0
E1,M11,104-2,C,202410,1.0,1306.0,0.0013192612137203166,1.7229551451187335,0.5803981623277182,,False,202412,2,0.0
E1,M11,104-2,C,202411,1.0,1332.0,0.0012897678417884782,1.717970765262253,0.582082082082082,,False,202412,1,0.0
E1,M11,104-2,D,202404,1.0,862.0,0.0006795786612300374,0.5857968059802923,1.7070765661252898,,False,202412,8,0.0
E1,M11,104-2,D,202405,0.0,882.0,0.0007723711795211298,0.6812313803376365,0.0,,False,202412,7,0.0
E1,M11,104-2,D,202406,1.0,902.0,0.0006453694740238787,0.5821232655695385,1.717849223946785,,False,202412,6,0.0
E1,M11,104-2,D,202407,0.0,921.0,0.0007344454936522926,0.6764242996537615,0.0,,False,202412,5,0.0
E1,M11,104-2,D,202408,1.0,940.0,0.0007168458781362007,0.6738351254480287,1.4840425531914894,,False,202412,4,0.0
E1,M11,104-2,D,202409,1.0,960.0,0.0008000800080008001,0.7680768076807681,1.3019531249999998,,False,202412,3,0.0
E1,M11,104-2,E,202404,0.0,403.0,,,,,False,202412,8,0.0
E1,M11,104-2,E,202405,0.0,412.0,,,,,False,202412,7,0.0
E1,M11,104-2,E,202406,0.0,421.0,,,,,False,202412,6,0.0
E1,M11,104-2,E,202407,0.0,430.0,,,,,False,202412,5,0.0
E1,M11,104-2,E,202408,0.0,439.0,,,,,False,202412,4,0.0
E1,M11,104-2,E,202409,3.0,448.0,,,,,False,202412,3,0.0
E1,M11,104-2,E,202410,0.0,457.0,0.0008375209380234506,0.38274706867671693,0.0,,False,202412,2,0.0
E1,M11,104-2,E,202411,0.0,466.0,0.0008188331627430911,0.3815762538382804,0.0,,False,202412,1,0.0
E1,M11,104-2,E,202412,0.0,475.0,0.0008009611533840609,0.38045654785742894,0.0,,False,202412,0,0.0
E1,M11,105-0,A,202404,0.0,1955.0,,,,,False,202412,8,0.0
E1,M11,105-0,A,202405,1.0,1999.0,,,,,False,202412,7,0.0
E1,M11,105-0,A,202406,1.0,2043.0,0.00014236226450908745,0.29084610639206565,3.4382444118126942,,False,202412,6,0.0
E1,M11,105-0,A,202407,0.0,2088.0,0.00018515946859232513,0.38661297042077486,0.0,,False,202412,5,0.0
E1,M11,105-0,A,202409,0.0,2176.0,0.00026472534745201854,0.5760423560555924,0.0,,False,202412,3,0.0
E1,M11,105-0,A,202410,0.0,2220.0,0.0002155636990730761,0.47855141194222894,0.0,,False,202412,2,0.0
E1,M11,105-0,A,202411,1.0,2264.0,0.00021074815595363542,0.47713382507903057,2.0958480565371023,,False,202412,1,0.0
E1,M11,105-0,A,202412,1.0,2309.0,0.0002473716759431045,0.5711811997526284,1.7507579038544823,,False,202412,0,0.0
E1,M11,105-0,B,202404,0.0,1380.0,0.00021235931195582927,0.29305585049904437,0.0,,False,202412,8,0.0
E1,M11,105-0,B,202405,0.0,1411.0,0.00020688228398041514,0.29191090269636577,0.0,,False,202412,7,0.0
E1,M11,105-0,B,202406,0.0,1442.0,0.00020168067226890757,0.2908235294117647,0.0,,False,202412,6,0.0
E1,M11,105-0,B,202407,1.0,1474.0,0.0001967342120794806,0.28998622860515444,3.448439620081411,,False,202412,5,0.0
E1,M11,105-0,B,202408,0.0,1505.0,0.0002560163850486431,0.38530465949820786,0.0,,False,202412,4,0.0
E1,M11,105-0,B,202409,0.0,1536.0,,,,,False,202412,3,0.0
E1,M11,105-0,B,202410,0.0,1567.0,,,,,False,202412,2,0.0
E1,M11,105-0,B,202411,0.0,1598.0,,,,,False,202412,1,0.0
E1,M11,105-0,C,202404,1.0,1150.0,0.0005946313285762827,0.6838260278627251,1.4623602484472051,,False,202412,8,0.0
E1,M11,105-0,C,202405,0.0,1176.0,0.0005792783846408474,0.6812313803376365,0.0,,False,202412,7,0.0
E1,M11,105-0,C,202406,0.0,1202.0,0.0005646982897708938,0.6787673443046143,0.0,,False,202412,6,0.0
E1,M11,105-0,C,202407,1.0,1228.0,0.0005508341202392193,0.6764242996537614,1.4783620288506283,,False,202412,5,0.0
E1,M11,105-0,C,202408,0.0,1254.0,0.0006144393241167435,0.7705069124423963,0.0,,False,202412,4,0.0
E1,M11,105-0,C,202409,0.0,1280.0,0.000525052505250525,0.6720672067206721,0.0,,False,202412,3,0.0
E1,M11,105-0,C,202410,0.0,1306.0,0.00043975373790677223,0.5743183817062445,0.0,,False,202412,2,0.0
E1,M11,105-0,C,202411,1.0,1332.0,0.0003582688449412439,0.4772141014617369,2.0954954954954954,,False,202412,1,0.0
E1,M11,105-0,D,202404,0.0,862.0,,,,,False,202412,8,0.0
E1,M11,105-0,D,202405,0.0,882.0,,,,,False,202412,7,0.0
E1,M11,105-0,D,202406,1.0,902.0,,,,,False,202412,6,0.0
E1,M11,105-0,D,202407,0.0,921.0,0.0003147623544224111,0.2898961284230406,0.0,,False,202412,5,0.0
E1,M11,105-0,D,202408,0.0,940.0,0.00030721966205837174,0.2887864823348694,0.0,,False,202412,4,0.0
E1,M11,105-0,D,202409,0.0,960.0,0.00030003000300030005,0.28802880288028804,0.0,,False,202412,3,0.0
E1,M11,105-0,E,202404,0.0,403.0,,,,,False,202412,8,0.0
E1,M11,105-0,E,202405,0.0,412.0,,,,,False,202412,7,0.0
E1,M11,105-0,E,202406,0.0,421.0,,,,,False,202412,6,0.0
E1,M11,105-0,E,202407,0.0,430.0,,,,,False,202412,5,0.0
E1,M11,105-0,E,202408,1.0,439.0,,,,,False,202412,4,0.0
E1,M11,105-0,E,202409,0.0,448.0,,,,,False,202412,3,0.0
E1,M11,105-0,E,202410,0.0,457.0,,,,,False,202412,2,0.0
E1,M11,105-0,E,202411,0.0,466.0,,,,,False,202412,1,0.0
E1,M11,105-0,E,202412,0.0,475.0,,,,,False,202412,0,0.0
E1,M12,100-0,A,202404,2.0,1867.0,0.0016357975832409898,3.054034087910928,0.6548715379166163,,False,202412,8,0.0
E1,M12,100-0,A,202406,2.0,1955.0,0.0016489281966721632,3.223654624494079,0.6204138572425018,,False,202412,6,0.0
E1,M12,100-0,A,202408,3.0,2043.0,0.0017083471741090495,3.4901532767047883,0.8595611029531735,,False,202412,4,0.0
E1,M12,100-0,A,202409,2.0,2088.0,0.0017127250844790076,3.5761699763921677,0.5592575333954645,,False,202412,3,0.0
E1,M12,100-0,A,202411,3.0,2176.0,0.0016324729759541142,3.5522611956761527,0.8445324920508744,,False,202412,1,0.0
E1,M12,100-0,A,202412,2.0,2220.0,0.0016382841129553784,3.63699073076094,0.5499051683262209,,False,202412,0,0.0
E1,M12,100-0,B,202405,1.0,1349.0,0.0012361838278068644,1.66761198371146,0.5996598787773079,,False,202412,7,0.0
E1,M12,100-0,B,202406,2.0,1380.0,0.0012741558717349756,1.7583351029942662,1.13743961352657,,False,202412,6,0.0
E1,M12,100-0,B,202407,0.0,1411.0,0.001379215226536101,1.9460726846424383,0.0,,False,202412,5,0.0
E1,M12,100-0,B,202408,0.0,1442.0,0.0013445378151260505,1.9388235294117648,0.0,,False,202412,4,0.0
E1,M12,100-0,B,202409,2.0,1474.0,0.001311561413863204,1.9332415240343628,1.0345318860244235,,False,202412,3,0.0
E1,M12,100-0,B,202411,1.0,1536.0,0.0013750859428714294,2.1121320082505157,0.4734552556818182,,False,202412,1,0.0
E1,M12,100-0,C,202404,0.0,1098.0,0.0011661284535342661,1.2804090419806242,0.0,,False,202412,8,0.0
E1,M12,100-0,C,202405,1.0,1124.0,0.0009598603839441536,1.0788830715532287,0.9268845033969588,,False,202412,7,0.0
E1,M12,100-0,C,202406,1.0,1150.0,0.0010193679918450561,1.1722731906218147,0.8530434782608695,,False,202412,6,0.0
E1,M12,100-0,C,202407,0.0,1176.0,0.0009102946044356173,1.070506454816286,0.0,,False,202412,5,0.0
E1,M12,100-0,C,202408,2.0,1202.0,0.0008067118425298483,0.9696676347208777,2.0625623960066557,,False,202412,4,0.0
E1,M12,100-0,C,202409,2.0,1228.0,0.0007869058860560277,0.966320428076802,2.0697068403908796,,False,202412,3,0.0
E1,M12,100-0,C,202411,1.0,1280.0,0.00105010501050105,1.3441344134413442,0.7439732142857143,,False,202412,1,0.0
E1,M12,100-0,D,202404,0.0,824.0,0.0008372204281784475,0.6898696328190408,0.0,,False,202412,8,0.0
E1,M12,100-0,D,202405,0.0,843.0,0.0006980802792321117,0.5884816753926702,0.0,,False,202412,7,0.0
E1,M12,100-0,D,202406,1.0,862.0,0.0006795786612300374,0.5857968059802923,1.7070765661252898,,False,202412,6,0.0
E1,M12,100-0,D,202408,1.0,902.0,0.0008604926320318382,0.7761643540927181,1.2883869179600886,,False,202412,4,0.0
E1,M12,100-0,D,202409,2.0,921.0,0.0009442870632672333,0.8696883852691218,2.2996742671009773,,False,202412,3,0.0
E1,M12,100-0,E,202404,0.0,384.0,0.0010251153254741158,0.3936442849820605,0.0,,False,202412,8,0.0
E1,M12,100-0,E,202405,0.0,393.0,0.0007479431563201197,0.29394166043380704,0.0,,False,202412,7,0.0
E1,M12,100-0,E,202406,1.0,403.0,0.0007281553398058253,0.2934466019417476,3.4077750206782462,,False,202412,6,0.0
E1,M12,100-0,E,202407,0.0,412.0,0.0009456264775413711,0.3895981087470449,0.0,,False,202412,5,0.0
E1,M12,100-0,E,202408,1.0,421.0,0.0009216589861751152,0.3880184331797235,2.5771971496437054,,False,202412,4,0.0
E1,M12,100-0,E,202409,0.0,430.0,0.0008990784445942908,0.3866037311755451,0.0,,False,202412,3,0.0
E1,M12,100-0,E,202410,0.0,439.0,0.0008775778850372971,0.38525669153137343,0.0,,False,202412,2,0.0
E1,M12,100-0,E,202411,0.0,448.0,0.0006428112277694451,0.2879794300407114,0.0,,False,202412,1,0.0
E1,M12,100-0,E,202412,0.0,457.0,,,,,False,202412,0,0.0
E1,M12,101-0,A,202405,0.0,1911.0,0.0009752592136330972,1.863720357252849,0.0,,False,202412,7,0.0
E1,M12,101-0,A,202407,1.0,1999.0,0.0008762108747505233,1.7515455386262961,0.5709243510644211,,False,202412,5,0.0
E1,M12,101-0,A,202408,2.0,2043.0,0.0008541735870545247,1.7450766383523941,1.1460814706042313,,False,202412,4,0.0
E1,M12,101-0,A,202409,0.0,2088.0,0.0009257973429616257,1.9330648521038745,0.0,,False,202412,3,0.0
E1,M12,101-0,A,202410,2.0,2132.0,0.000813228517213337,1.7338031986988345,1.1535334584115071,,False,202412,2,0.0
E1,M12,101-0,A,202411,2.0,2176.0,0.0007500551511140525,1.6321200088241783,1.2254000865051904,,False,202412,1,0.0
E1,M12,101-0,A,202412,1.0,2220.0,0.0008191420564776892,1.81849536538047,0.5499051683262209,,False,202412,0,0.0
E1,M12,101-0,B,202404,1.0,1318.0,0.0008223069447559244,1.0838005531883084,0.9226789902055456,,False,202412,8,0.0
E1,M12,101-0,B,202405,1.0,1349.0,0.0008726003490401396,1.1771378708551483,0.8495181616011861,,False,202412,7,0.0
E1,M12,101-0,B,202406,1.0,1380.0,0.0009202236851419268,1.269908685495859,0.7874581939799331,,False,202412,6,0.0
E1,M12,101-0,B,202407,2.0,1411.0,0.0008275291359216606,1.167643610785463,1.71285140562249,,False,202412,5,0.0
E1,M12,101-0,B,202408,0.0,1442.0,0.0008739495798319327,1.2602352941176471,0.0,,False,202412,4,0.0
E1,M12,101-0,B,202409,2.0,1474.0,0.0008525149190110827,1.2566069906223358,1.5915875169606513,,False,202412,3,0.0
E1,M12,101-0,B,202410,0.0,1505.0,0.0008960573476702509,1.3485663082437276,0.0,,False,202412,2,0.0
E1,M12,101-0,B,202411,2.0,1536.0,0.0008125507844240265,1.2480780048753046,1.6024639423076925,,False,202412,1,0.0
E1,M12,101-0,C,202404,0.0,1098.0,0.001076426264800861,1.1819160387513454,0.0,,False,202412,8,0.0
E1,M12,101-0,C,202405,1.0,1124.0,0.0010471204188481676,1.1769633507853405,0.8496441281138788,,False,202412,7,0.0
E1,M12,101-0,C,202406,1.0,1150.0,0.0011043153244988107,1.2699626231736323,0.7874247491638796,,False,202412,6,0.0
E1,M12,101-0,C,202407,0.0,1176.0,0.0011585567692816948,1.362462760675273,0.0,,False,202412,5,0.0
E1,M12,101-0,C,202408,0.0,1202.0,0.0011293965795417876,1.3575346886092285,0.0,,False,202412,4,0.0
E1,M12,101-0,C,202409,2.0,1228.0,0.001022977651872836,1.2562165564998427,1.5920821849160611,,False,202412,3,0.0
E1,M12,101-0,C,202410,1.0,1254.0,0.001075268817204301,1.3483870967741935,0.7416267942583732,,False,202412,2,0.0
E1,M12,101-0,C,202411,1.0,1280.0,0.0008250825082508251,1.056105610561056,0.9468750000000001,,False,202412,1,0.0
E1,M12,101-0,D,202404,0.0,824.0,0.00047841167324482717,0.3942112187537376,0.0,,False,202412,8,0.0
E1,M12,101-0,D,202405,2.0,843.0,0.00034904013961605586,0.2942408376963351,6.797153024911032,,False,202412,7,0.0
E1,M12,101-0,D,202406,0.0,862.0,0.0004530524408200249,0.3905312039868615,0.0,,False,202412,6,0.0
E1,M12,101-0,D,202407,1.0,882.0,0.00033101621979476995,0.2919563058589871,3.425170068027211,,False,202412,5,0.0
E1,M12,101-0,D,202408,0.0,902.0,0.0004302463160159191,0.38808217704635906,0.0,,False,202412,4,0.0
E1,M12,101-0,D,202409,2.0,921.0,0.00041968313922988144,0.3865281712307208,5.1742671009771986,,False,202412,3,0.0
E1,M12,101-0,E,202404,0.0,384.0,,,,,False,202412,8,0.0
E1,M12,101-0,E,202405,0.0,393.0,,,,,False,202412,7,0.0
E1,M12,101-0,E,202406,1.0,403.0,,,,,False,202412,6,0.0
E1,M12,101-0,E,202407,0.0,412.0,0.0007092198581560284,0.2921985815602837,0.0,,False,202412,5,0.0
E1,M12,101-0,E,202408,0.0,421.0,,,,,False,202412,4,0.0
E1,M12,101-0,E,202409,0.0,430.0,,,,,False,202412,3,0.0
E1,M12,101-0,E,202410,2.0,439.0,,,,,False,202412,2,0.0
E1,M12,101-0,E,202412,0.0,457.0,0.001256281407035176,0.5741206030150754,0.0,,False,202412,0,0.0
E1,M12,102-0,A,202404,1.0,1867.0,0.0012136562714368635,2.265896258772624,0.4413264712046762,,False,202412,8,0.0
E1,M12,102-0,A,202405,1.0,1911.0,0.0012319063751154912,2.354173082845704,0.42477760334903186,,False,202412,7,0.0
E1,M12,102-0,A,202406,2.0,1955.0,0.001049317943336831,2.051416579223505,0.9749360613810741,,False,202412,6,0.0
E1,M12,102-0,A,202407,0.0,1999.0,0.0011196027844034464,2.2380859660224894,0.0,,False,202412,5,0.0
E1,M12,102-0,A,202409,0.0,2088.0,0.0010646669444058696,2.2230245799194557,0.0,,False,202412,3,0.0
E1,M12,102-0,A,202410,2.0,2132.0,0.0009939459654829674,2.1190927984096866,0.9438001023366877,,False,202412,2,0.0
E1,M12,102-0,B,202404,2.0,1318.0,0.0009718172983479105,1.280855199222546,1.5614567526555387,,False,202412,8,0.0
E1,M12,102-0,B,202405,2.0,1349.0,0.0009453170447934846,1.2752326934264107,1.5683412214175743,,False,202412,7,0.0
E1,M12,102-0,B,202406,1.0,1380.0,0.0009910101224605366,1.3675939689955405,0.7312111801242236,,False,202412,6,0.0
E1,M12,102-0,B,202407,1.0,1411.0,0.0010344114199020756,1.4595545134818286,0.6851405622489961,,False,202412,5,0.0
E1,M12,102-0,B,202408,1.0,1442.0,0.0010756302521008404,1.5510588235294118,0.6447208737864077,,False,202412,4,0.0
E1,M12,102-0,B,202409,1.0,1474.0,0.0010492491310905632,1.5465932192274903,0.6465824287652646,,False,202412,3,0.0
E1,M12,102-0,B,202410,0.0,1505.0,0.0010240655401945725,1.5412186379928314,0.0,,False,202412,2,0.0
E1,M12,102-0,B,202411,1.0,1536.0,0.0009375585974123383,1.4400900056253516,0.6944010416666666,,False,202412,1,0.0
E1,M12,102-0,C,202405,0.0,1124.0,0.0017452006980802793,1.961605584642234,0.0,,False,202412,7,0.0
E1,M12,102-0,C,202406,2.0,1150.0,0.0015290519877675841,1.7584097859327217,1.137391304347826,,False,202412,6,0.0
E1,M12,102-0,C,202407,0.0,1176.0,0.0014895729890764648,1.7517378351539226,0.0,,False,202412,5,0.0
E1,M12,102-0,C,202408,1.0,1202.0,0.0013714101323007422,1.6484349790254922,0.6066359988254869,,False,202412,4,0.0
E1,M12,102-0,C,202409,2.0,1228.0,0.0012590494176896443,1.5461126849228832,1.2935667752442996,,False,202412,3,0.0
E1,M12,102-0,C,202410,1.0,1254.0,0.0013824884792626728,1.7336405529953918,0.5768208399787347,,False,202412,2,0.0
E1,M12,102-0,C,202411,2.0,1280.0,0.0013501350135013501,1.7281728172817281,1.1572916666666666,,False,202412,1,0.0
E1,M12,102-0,D,202404,0.0,824.0,,,,,False,202412,8,0.0
E1,M12,102-0,D,202405,0.0,843.0,,,,,False,202412,7,0.0
E1,M12,102-0,D,202406,1.0,862.0,,,,,False,202412,6,0.0
E1,M12,102-0,D,202407,2.0,882.0,,,,,False,202412,5,0.0
E1,M12,102-0,D,202408,0.0,902.0,0.0004302463160159191,0.38808217704635906,0.0,,False,202412,4,0.0
E1,M12,102-0,D,202409,0.0,921.0,0.00041968313922988144,0.3865281712307208,0.0,,False,202412,3,0.0
E1,M12,102-0,E,202404,1.0,384.0,,,,,False,202412,8,0.0
E1,M12,102-0,E,202405,0.0,393.0,,,,,False,202412,7,0.0
E1,M12,102-0,E,202406,0.0,403.0,,,,,False,202412,6,0.0
E1,M12,102-0,E,202407,0.0,412.0,,,,,False,202412,5,0.0
E1,M12,102-0,E,202408,0.0,421.0,,,,,False,202412,4,0.0
E1,M12,102-0,E,202409,0.0,430.0,,,,,False,202412,3,0.0
E1,M12,102-0,E,202410,1.0,439.0,,,,,False,202412,2,0.0
E1,M12,102-0,E,202411,0.0,448.0,,,,,False,202412,1,0.0
E1,M12,102-0,E,202412,0.0,457.0,,,,,False,202412,0,0.0
E1,M12,103-0,A,202404,2.0,1867.0,0.0010025856155348003,1.871827344203472,1.068474614495532,,False,202412,8,0.0
E1,M12,103-0,A,202405,1.0,1911.0,0.001026588645929576,1.9618109023714199,0.5097331240188383,,False,202412,7,0.0
E1,M12,103-0,A,202406,1.0,1955.0,0.000899415380002998,1.758357067905861,0.5687127024722933,,False,202412,6,0.0
E1,M12,103-0,A,202407,0.0,1999.0,0.0008275324928199387,1.6542374531470574,0.0,,False,202412,5,0.0
E1,M12,103-0,A,202408,2.0,2043.0,0.0007592654107151331,1.5511792340910169,1.2893416544297602,,False,202412,4,0.0
E1,M12,103-0,A,202409,0.0,2088.0,0.0008332176086654631,1.739758366893487,0.0,,False,202412,3,0.0
E1,M12,103-0,A,202410,1.0,2132.0,0.0006776904310111142,1.4448359989156954,0.6921200750469043,,False,202412,2,0.0
E1,M12,103-0,A,202411,2.0,2176.0,0.0006618133686300463,1.4401058901389807,1.3887867647058825,,False,202412,1,0.0
E1,M12,103-0,A,202412,2.0,2220.0,0.0006898038370338435,1.5313645182151325,1.3060247747747749,,False,202412,0,0.0
E1,M12,103-0,B,202404,0.0,1318.0,0.00044853106077595876,0.5911639381027136,0.0,,False,202412,8,0.0
E1,M12,103-0,B,202405,2.0,1349.0,0.00036358347876672484,0.4904741128563118,4.077687175685693,,False,202412,7,0.0
E1,M12,103-0,B,202406,1.0,1380.0,0.0004955050612302683,0.6837969844977703,1.4624223602484472,,False,202412,6,0.0
E1,M12,103-0,B,202407,0.0,1411.0,0.0005516860906144403,0.7784290738569754,0.0,,False,202412,5,0.0
E1,M12,103-0,B,202408,2.0,1442.0,0.0005378151260504202,0.7755294117647059,2.578883495145631,,False,202412,4,0.0
E1,M12,103-0,B,202409,0.0,1474.0,0.0005246245655452816,0.7732966096137451,0.0,,False,202412,3,0.0
E1,M12,103-0,B,202410,2.0,1505.0,0.0005120327700972862,0.7706093189964157,2.5953488372093023,,False,202412,2,0.0
E1,M12,103-0,C,202404,1.0,1098.0,0.000897021887334051,0.984930032292788,1.0153005464480873,,False,202412,8,0.0
E1,M12,103-0,C,202405,2.0,1124.0,0.0009598603839441536,1.0788830715532287,1.8537690067939177,,False,202412,7,0.0
E1,M12,103-0,C,202406,0.0,1150.0,0.0010193679918450561,1.1722731906218147,0.0,,False,202412,6,0.0
E1,M12,103-0,C,202407,1.0,1176.0,0.0008275405494869249,0.9731876861966237,1.0275510204081633,,False,202412,5,0.0
E1,M12,103-0,C,202408,1.0,1202.0,0.0008067118425298483,0.9696676347208777,1.0312811980033278,,False,202412,4,0.0
E1,M12,103-0,C,202409,1.0,1228.0,0.0008655964746616305,1.0629524708844822,0.9407758365413089,,False,202412,3,0.0
E1,M12,103-0,C,202410,0.0,1254.0,0.0006912442396313364,0.8668202764976959,0.0,,False,202412,2,0.0
E1,M12,103-0,C,202411,0.0,1280.0,0.000525052505250525,0.6720672067206721,0.0,,False,202412,1,0.0
E1,M12,103-0,D,202404,2.0,824.0,0.001076426264800861,0.8869752421959095,2.254854368932039,,False,202412,8,0.0
E1,M12,103-0,D,202405,0.0,843.0,0.0010471204188481676,0.8827225130890053,0.0,,False,202412,7,0.0
E1,M12,103-0,D,202406,0.0,862.0,0.0009061048816400498,0.781062407973723,0.0,,False,202412,6,0.0
E1,M12,103-0,D,202407,0.0,882.0,0.0007723711795211298,0.6812313803376365,0.0,,False,202412,5,0.0
E1,M12,103-0,D,202408,1.0,902.0,0.0007529310530278584,0.6791438098311283,1.472442191954387,,False,202412,4,0.0
E1,M12,103-0,D,202409,0.0,921.0,0.0007344454936522926,0.6764242996537615,0.0,,False,202412,3,0.0
E1,M12,103-0,E,202404,0.0,384.0,0.0010251153254741158,0.3936442849820605,0.0,,False,202412,8,0.0
E1,M12,103-0,E,202405,0.0,393.0,0.0009972575417601596,0.3919222139117427,0.0,,False,202412,7,0.0
E1,M12,103-0,E,202406,0.0,403.0,0.000970873786407767,0.39126213592233006,0.0,,False,202412,6,0.0
E1,M12,103-0,E,202407,0.0,412.0,0.0009456264775413711,0.3895981087470449,0.0,,False,202412,5,0.0
E1,M12,103-0,E,202408,0.0,421.0,0.0009216589861751152,0.3880184331797235,0.0,,False,202412,4,0.0
E1,M12,103-0,E,202409,1.0,430.0,0.0008990784445942908,0.3866037311755451,2.586627906976744,,False,202412,3,0.0
E1,M12,103-0,E,202410,0.0,439.0,0.0010969723562966214,0.4815708644142168,0.0,,False,202412,2,0.0
E1,M12,103-0,E,202411,0.0,448.0,,,,,False,202412,1,0.0
E1,M12,103-0,E,202412,0.0,457.0,,,,,False,202412,0,0.0
E1,M12,103-1,A,202404,1.0,1867.0,0.0004749089757796422,0.8866550577805921,1.1278343153008392,,False,202412,8,0.0
E1,M12,103-1,A,202405,1.0,1911.0,0.0004619648906683092,0.8828149060671389,1.1327402755974185,,False,202412,7,0.0
E1,M12,103-1,A,202406,2.0,1955.0,0.000449707690001499,0.8791785339529306,2.2748508098891733,,False,202412,6,0.0
E1,M12,103-1,A,202407,1.0,1999.0,0.0004867838193058463,0.9730808547923867,1.027663831915958,,False,202412,5,0.0
E1,M12,103-1,A,202409,0.0,2088.0,0.0006017682729250567,1.2564921538675184,0.0,,False,202412,3,0.0
E1,M12,103-1,A,202411,1.0,2176.0,0.0007059342598720494,1.5361129494815795,0.6509937959558824,,False,202412,1,0.0
E1,M12,103-1,A,202412,1.0,2220.0,0.0007329165768484588,1.6270748006035785,0.6145998940116587,,False,202412,0,0.0
E1,M12,103-1,B,202404,0.0,1318.0,0.0009718172983479105,1.280855199222546,0.0,,False,202412,8,0.0
E1,M12,103-1,B,202405,0.0,1349.0,0.0007998836532867946,1.079043048283886,0.0,,False,202412,7,0.0
E1,M12,103-1,B,202408,1.0,1442.0,0.0010084033613445378,1.4541176470588235,0.6877022653721683,,False,202412,4,0.0
E1,M12,103-1,B,202409,0.0,1474.0,0.0009836710603974032,1.4499311430257724,0.0,,False,202412,3,0.0
E1,M12,103-1,B,202410,2.0,1505.0,0.0008960573476702509,1.3485663082437276,1.4830564784053157,,False,202412,2,0.0
E1,M12,103-1,C,202404,2.0,1098.0,0.0008073196986006459,0.8864370290635092,2.256223436551305,,False,202412,8,0.0
E1,M12,103-1,C,202405,1.0,1124.0,0.0009598603839441536,1.0788830715532287,0.9268845033969588,,False,202412,7,0.0
E1,M12,103-1,C,202406,0.0,1150.0,0.0008494733265375467,0.9768943255181787,0.0,,False,202412,6,0.0
E1,M12,103-1,C,202407,1.0,1176.0,0.0007447864945382324,0.8758689175769613,1.1417233560090703,,False,202412,5,0.0
E1,M12,103-1,C,202408,1.0,1202.0,0.0007260406582768635,0.8727008712487899,1.1458679977814754,,False,202412,4,0.0
E1,M12,103-1,C,202409,1.0,1228.0,0.0007869058860560277,0.966320428076802,1.0348534201954398,,False,202412,3,0.0
E1,M12,103-1,C,202410,0.0,1254.0,0.0007680491551459293,0.9631336405529954,0.0,,False,202412,2,0.0
E1,M12,103-1,C,202411,1.0,1280.0,0.0006750675067506751,0.8640864086408641,1.1572916666666666,,False,202412,1,0.0
E1,M12,103-1,D,202404,0.0,824.0,0.0008372204281784475,0.6898696328190408,0.0,,False,202412,8,0.0
E1,M12,103-1,D,202405,0.0,843.0,0.0008144269924374636,0.6865619546247819,0.0,,False,202412,7,0.0
E1,M12,103-1,D,202406,0.0,862.0,0.0007928417714350436,0.6834296069770076,0.0,,False,202412,6,0.0
E1,M12,103-1,D,202407,0.0,882.0,0.0007723711795211298,0.6812313803376365,0.0,,False,202412,5,0.0
E1,M12,103-1,D,202408,1.0,902.0,0.0006453694740238787,0.5821232655695385,1.717849223946785,,False,202412,4,0.0
E1,M12,103-1,D,202409,0.0,921.0,0.0007344454936522926,0.6764242996537615,0.0,,False,202412,3,0.0
E1,M12,103-1,E,202404,0.0,384.0,,,,,False,202412,8,0.0
E1,M12,103-1,E,202405,1.0,393.0,,,,,False,202412,7,0.0
E1,M12,103-1,E,202406,0.0,403.0,,,,,False,202412,6,0.0
E1,M12,103-1,E,202407,0.0,412.0,,,,,False,202412,5,0.0
E1,M12,103-1,E,202408,1.0,421.0,,,,,False,202412,4,0.0
E1,M12,103-1,E,202409,1.0,430.0,0.0006743088334457181,0.28995279838165877,3.448837209302326,,False,202412,3,0.0
E1,M12,103-1,E,202410,0.0,439.0,0.0008775778850372971,0.38525669153137343,0.0,,False,202412,2,0.0
E1,M12,103-1,E,202411,1.0,448.0,0.0008570816370259267,0.38397257338761515,2.604352678571429,,False,202412,1,0.0
E1,M12,103-1,E,202412,1.0,457.0,0.0010469011725293131,0.4784338358458961,2.090153172866521,,False,202412,0,0.0
E1,M12,104-0,A,202404,1.0,1867.0,0.0010025856155348003,1.871827344203472,0.534237307247766,,False,202412,8,0.0
E1,M12,104-0,A,202405,1.0,1911.0,0.0009752592136330972,1.863720357252849,0.5365611831777245,,False,202412,7,0.0
E1,M12,104-0,A,202406,2.0,1955.0,0.0009493829011142757,1.856043571678409,1.077560909947503,,False,202412,6,0.0
E1,M12,104-0,A,202407,1.0,1999.0,0.0009735676386116926,1.9461617095847734,0.513831915957979,,False,202412,5,0.0
E1,M12,104-0,A,202411,0.0,2176.0,0.0010589013898080742,2.3041694242223696,0.0,,False,202412,1,0.0
E1,M12,104-0,B,202404,0.0,1318.0,0.0008970621215519175,1.1823278762054272,0.0,,False,202412,8,0.0
E1,M12,104-0,B,202405,2.0,1349.0,0.0007998836532867946,1.079043048283886,1.8534941707662242,,False,202412,7,0.0
E1,M12,104-0,B,202406,1.0,1380.0,0.0007078643731860976,0.9768528349968146,1.0236956521739131,,False,202412,6,0.0
E1,M12,104-0,B,202407,1.0,1411.0,0.0007585683745948555,1.070339976553341,0.9342825848849946,,False,202412,5,0.0
E1,M12,104-0,B,202408,1.0,1442.0,0.0007394957983193277,1.0663529411764705,0.9377758164165932,,False,202412,4,0.0
E1,M12,104-0,B,202409,1.0,1474.0,0.0007869368483179224,1.1599449144206178,0.8621099050203528,,False,202412,3,0.0
E1,M12,104-0,B,202410,2.0,1505.0,0.0008320532514080901,1.2522401433691757,1.5971377459749552,,False,202412,2,0.0
E1,M12,104-0,B,202411,2.0,1536.0,0.0008125507844240265,1.2480780048753046,1.6024639423076925,,False,202412,1,0.0
E1,M12,104-0,C,202404,1.0,1098.0,0.0007176175098672408,0.7879440258342304,1.2691256830601092,,False,202412,8,0.0
E1,M12,104-0,C,202405,2.0,1124.0,0.0007853403141361257,0.8827225130890053,2.265717674970344,,False,202412,7,0.0
E1,M12,104-0,C,202407,2.0,1176.0,0.0011585567692816948,1.362462760675273,1.467930029154519,,False,202412,5,0.0
E1,M12,104-0,C,202408,0.0,1202.0,0.001048725395288803,1.260567925137141,0.0,,False,202412,4,0.0
E1,M12,104-0,C,202409,2.0,1228.0,0.0009442870632672333,1.1595845136921625,1.7247557003257328,,False,202412,3,0.0
E1,M12,104-0,C,202410,0.0,1254.0,0.001075268817204301,1.3483870967741935,0.0,,False,202412,2,0.0
E1,M12,104-0,C,202411,1.0,1280.0,0.0009000900090009,1.1521152115211521,0.86796875,,False,202412,1,0.0
E1,M12,104-0,D,202404,1.0,824.0,0.001196029183112068,0.985528046884344,1.0146844660194174,,False,202412,8,0.0
E1,M12,104-0,D,202405,0.0,843.0,0.0012798138452588714,1.0788830715532287,0.0,,False,202412,7,0.0
E1,M12,104-0,D,202406,1.0,862.0,0.0012458942122550686,1.0739608109638692,0.9311326724319763,,False,202412,6,0.0
E1,M12,104-0,D,202407,1.0,882.0,0.0013240648791790798,1.1678252234359483,0.8562925170068028,,False,202412,5,0.0
E1,M12,104-0,D,202408,1.0,902.0,0.0010756157900397977,0.9702054426158976,1.030709534368071,,False,202412,4,0.0
E1,M12,104-0,D,202409,2.0,921.0,0.001154128632882174,1.0629524708844822,1.8815516730826178,,False,202412,3,0.0
E1,M12,104-0,E,202404,0.0,384.0,0.0007688364941055869,0.2952332137365454,0.0,,False,202412,8,0.0
E1,M12,104-0,E,202406,1.0,403.0,0.0014563106796116505,0.5868932038834952,1.7038875103391231,,False,202412,6,0.0
E1,M12,104-0,E,202407,1.0,412.0,0.0016548463356973995,0.6817966903073286,1.4667128987517337,,False,202412,5,0.0
E1,M12,104-0,E,202408,0.0,421.0,0.0018433179723502304,0.776036866359447,0.0,,False,202412,4,0.0
E1,M12,104-0,E,202409,0.0,430.0,0.0017981568891885817,0.7732074623510902,0.0,,False,202412,3,0.0
E1,M12,104-0,E,202410,1.0,439.0,0.0017551557700745941,0.7705133830627469,1.2978359908883825,,False,202412,2,0.0
E1,M12,104-0,E,202411,1.0,448.0,0.001928433683308335,0.8639382901221341,1.1574900793650795,,False,202412,1,0.0
E1,M12,104-0,E,202412,0.0,457.0,0.0020938023450586263,0.9568676716917922,0.0,,False,202412,0,0.0
E1,M12,105-0,A,202404,0.0,1867.0,0.0004749089757796422,0.8866550577805921,0.0,,False,202412,8,0.0
E1,M12,105-0,A,202405,0.0,1911.0,0.0004619648906683092,0.8828149060671389,0.0,,False,202412,7,0.0
E1,M12,105-0,A,202406,1.0,1955.0,0.00039974016889022135,0.7814920301803827,1.27960358056266,,False,202412,6,0.0
E1,M12,105-0,A,202407,1.0,1999.0,0.00043810543737526165,0.8757727693131481,1.1418487021288422,,False,202412,5,0.0
E1,M12,105-0,A,202409,1.0,2088.0,0.0005554784057769754,1.1598389112623246,0.8621886973180077,,False,202412,3,0.0
E1,M12,105-0,A,202410,0.0,2132.0,0.0005421523448088912,1.1558687991325562,0.0,,False,202412,2,0.0
E1,M12,105-0,A,202411,0.0,2176.0,0.00048532980366203395,1.0560776527685858,0.0,,False,202412,1,0.0
E1,M12,105-0,A,202412,2.0,2220.0,0.0004742401379607674,1.0528131062729036,1.8996723996723999,,False,202412,0,0.0
E1,M12,105-0,B,202404,1.0,1318.0,0.00022426553038797938,0.2955819690513568,3.3831562974203337,,False,202412,8,0.0
E1,M12,105-0,B,202405,0.0,1349.0,0.00029086678301337986,0.3923792902850494,0.0,,False,202412,7,0.0
E1,M12,105-0,B,202406,0.0,1380.0,0.00028314574927443904,0.3907411339987259,0.0,,False,202412,6,0.0
E1,M12,105-0,B,202407,0.0,1411.0,0.00027584304530722017,0.3892145369284877,0.0,,False,202412,5,0.0
E1,M12,105-0,B,202408,2.0,1442.0,0.00020168067226890757,0.2908235294117647,6.877022653721683,,False,202412,4,0.0
E1,M12,105-0,B,202409,2.0,1474.0,0.0002623122827726408,0.38664830480687257,5.172659430122117,,False,202412,3,0.0
E1,M12,105-0,B,202410,2.0,1505.0,0.00038402457757296467,0.5779569892473119,3.4604651162790696,,False,202412,2,0.0
E1,M12,105-0,B,202411,0.0,1536.0,0.0005000312519532471,0.7680480030001875,0.0,,False,202412,1,0.0
E1,M12,105-0,C,202404,1.0,1098.0,0.0003588087549336204,0.3939720129171152,2.5382513661202184,,False,202412,8,0.0
E1,M12,105-0,C,202405,0.0,1124.0,0.0004363001745200698,0.4904013961605585,0.0,,False,202412,7,0.0
E1,M12,105-0,C,202406,1.0,1150.0,0.00042473666326877334,0.48844716275908934,2.047304347826087,,False,202412,6,0.0
E1,M12,105-0,C,202407,0.0,1176.0,0.00041377027474346245,0.48659384309831183,0.0,,False,202412,5,0.0
E1,M12,105-0,C,202408,0.0,1202.0,0.00040335592126492415,0.48483381736043885,0.0,,False,202412,4,0.0
E1,M12,105-0,C,202409,0.0,1228.0,0.00039345294302801383,0.483160214038401,0.0,,False,202412,3,0.0
E1,M12,105-0,C,202410,0.0,1254.0,0.00038402457757296467,0.4815668202764977,0.0,,False,202412,2,0.0
E1,M12,105-0,C,202411,1.0,1280.0,0.000375037503750375,0.48004800480048004,2.083125,,False,202412,1,0.0
E1,M12,105-0,D,202404,1.0,824.0,0.00047841167324482717,0.3942112187537376,2.5367111650485437,,False,202412,8,0.0
E1,M12,105-0,D,202405,0.0,843.0,0.0005817335660267597,0.49040139616055844,0.0,,False,202412,7,0.0
E1,M12,105-0,D,202406,1.0,862.0,0.0005663155510250311,0.4881640049835768,2.0484918793503484,,False,202412,6,0.0
E1,M12,105-0,D,202407,2.0,882.0,0.0006620324395895399,0.5839126117179742,3.425170068027211,,False,202412,5,0.0
E1,M12,105-0,D,202408,0.0,902.0,0.0008604926320318382,0.7761643540927181,0.0,,False,202412,4,0.0
E1,M12,105-0,D,202409,0.0,921.0,0.0008393662784597629,0.7730563424614416,0.0,,False,202412,3,0.0
E1,M12,105-0,E,202404,1.0,384.0,,,,,False,202412,8,0.0
E1,M12,105-0,E,202405,0.0,393.0,,,,,False,202412,7,0.0
E1,M12,105-0,E,202406,0.0,403.0,,,,,False,202412,6,0.0
E1,M12,105-0,E,202407,0.0,412.0,,,,,False,202412,5,0.0
E1,M12,105-0,E,202408,0.0,421.0,,,,,False,202412,4,0.0
E1,M12,105-0,E,202409,0.0,430.0,,,,,False,202412,3,0.0
E1,M12,105-0,E,202410,0.0,439.0,,,,,False,202412,2,0.0
E1,M12,105-0,E,202411,0.0,448.0,,,,,False,202412,1,0.0
E1,M12,105-0,E,202412,0.0,457.0,,,,,False,202412,0,0.0
E1,M13,100-0,A,202405,1.0,1822.0,0.0012485749959285598,2.274903642581836,0.4395790578914714,,False,202412,7,0.0
E1,M13,100-0,A,202406,2.0,1867.0,0.0011608886074613476,2.167379030130336,0.9227735307006867,,False,202412,6,0.0
E1,M13,100-0,A,202407,0.0,1911.0,0.0011805769428190123,2.2560825377271327,0.0,,False,202412,5,0.0
E1,M13,100-0,A,202409,1.0,1999.0,0.0012656379301952004,2.5300102224602057,0.3952553199676761,,False,202412,3,0.0
E1,M13,100-0,A,202410,1.0,2043.0,0.0012812603805817872,2.617614957528591,0.3820271568680771,,False,202412,2,0.0
E1,M13,100-0,A,202412,2.0,2132.0,0.0013102014999548206,2.7933495979036773,0.7159862845312804,,False,202412,0,0.0
E1,M13,100-0,B,202404,2.0,1255.0,0.0009501939979412464,1.1924934674162642,1.6771580345285524,,False,202412,8,0.0
E1,M13,100-0,B,202405,1.0,1286.0,0.001076674613550719,1.3846035530262246,0.7222283936902911,,False,202412,7,0.0
E1,M13,100-0,B,202406,1.0,1318.0,0.0010465724751439038,1.3793825222396652,0.7249620637329286,,False,202412,6,0.0
E1,M13,100-0,B,202407,2.0,1349.0,0.0007998836532867946,1.079043048283886,1.8534941707662242,,False,202412,5,0.0
E1,M13,100-0,B,202408,1.0,1380.0,0.0008494372478233171,1.1722234019961775,0.8530797101449276,,False,202412,4,0.0
E1,M13,100-0,B,202410,1.0,1442.0,0.0009411764705882353,1.3571764705882354,0.7368238557558945,,False,202412,2,0.0
E1,M13,100-0,B,202411,2.0,1474.0,0.0009836710603974032,1.4499311430257724,1.3793758480325642,,False,202412,1,0.0
E1,M13,100-0,C,202404,2.0,1046.0,0.0019954389965792475,2.0872291904218927,0.9582081398524994,,False,202412,8,0.0
E1,M13,100-0,C,202405,0.0,1072.0,0.002030269472129937,2.1764488741232926,0.0,,False,202412,7,0.0
E1,M13,100-0,C,202406,0.0,1098.0,0.0017043415859346969,1.8713670613562972,0.0,,False,202412,6,0.0
E1,M13,100-0,C,202407,1.0,1124.0,0.0013089005235602095,1.4712041884816756,0.6797153024911031,,False,202412,5,0.0
E1,M13,100-0,C,202408,0.0,1150.0,0.0011043153244988107,1.2699626231736323,0.0,,False,202412,4,0.0
E1,M13,100-0,C,202409,1.0,1176.0,0.0009102946044356173,1.070506454816286,0.9341372912801484,,False,202412,3,0.0
E1,M13,100-0,C,202410,0.0,1202.0,0.000968054211035818,1.1636011616650532,0.0,,False,202412,2,0.0
E1,M13,100-0,C,202411,0.0,1228.0,0.0008655964746616305,1.0629524708844822,0.0,,False,202412,1,0.0
E1,M13,100-0,D,202404,1.0,784.0,0.0015203344735841885,1.1919422272900038,0.8389668367346939,,False,202412,8,0.0
E1,M13,100-0,D,202405,1.0,804.0,0.0015996062507690415,1.2860834256183094,0.7775545350172216,,False,202412,7,0.0
E1,M13,100-0,D,202406,0.0,824.0,0.001674440856356895,1.3797392656380816,0.0,,False,202412,6,0.0
E1,M13,100-0,D,202407,1.0,843.0,0.0015125072716695752,1.275043630017452,0.7842868874897345,,False,202412,5,0.0
E1,M13,100-0,D,202409,2.0,882.0,0.0018757585788370297,1.6544190665342602,1.2088835534213684,,False,202412,3,0.0
E1,M13,100-0,E,202404,0.0,366.0,,,,,False,202412,8,0.0
E1,M13,100-0,E,202405,0.0,375.0,,,,,False,202412,7,0.0
E1,M13,100-0,E,202406,1.0,384.0,,,,,False,202412,6,0.0
E1,M13,100-0,E,202407,1.0,393.0,,,,,False,202412,5,0.0
E1,M13,100-0,E,202408,2.0,403.0,0.0007281553398058253,0.2934466019417476,6.8155500413564925,,False,202412,4,0.0
E1,M13,100-0,E,202409,0.0,412.0,0.0009456264775413711,0.3895981087470449,0.0,,False,202412,3,0.0
E1,M13,100-0,E,202410,2.0,421.0,0.0009216589861751152,0.3880184331797235,5.154394299287411,,False,202412,2,0.0
E1,M13,100-0,E,202411,0.0,430.0,0.0013486176668914363,0.5799055967633175,0.0,,False,202412,1,0.0
E1,M13,100-0,E,202412,1.0,439.0,0.0013163668275559457,0.5778850372970602,1.7304479878511767,,False,202412,0,0.0
E1,M13,101-0,A,202405,1.0,1822.0,0.0005428586938819825,0.9890885402529721,1.0110318331503843,,False,202412,7,0.0
E1,M13,101-0,A,202407,0.0,1911.0,0.0006672826198542244,1.275177086541423,0.0,,False,202412,5,0.0
E1,M13,101-0,A,202409,2.0,1999.0,0.0007788541108893541,1.5569293676678189,1.2845797898949474,,False,202412,3,0.0
E1,M13,101-0,A,202410,1.0,2043.0,0.0008541735870545247,1.7450766383523941,0.5730407353021156,,False,202412,2,0.0
E1,M13,101-0,A,202412,2.0,2132.0,0.0009035872413481522,1.9264479985542604,1.0381801125703565,,False,202412,0,0.0
E1,M13,101-0,B,202404,0.0,1255.0,0.001346108163750099,1.6893657455063742,0.0,,False,202412,8,0.0
E1,M13,101-0,B,202405,1.0,1286.0,0.0012304852726293931,1.5824040606013996,0.6319498444790047,,False,202412,7,0.0
E1,M13,101-0,B,202406,1.0,1318.0,0.0010465724751439038,1.3793825222396652,0.7249620637329286,,False,202412,6,0.0
E1,M13,101-0,B,202407,0.0,1349.0,0.0010907504363001745,1.4714223385689353,0.0,,False,202412,5,0.0
E1,M13,101-0,B,202408,1.0,1380.0,0.0009910101224605366,1.3675939689955405,0.7312111801242236,,False,202412,4,0.0
E1,M13,101-0,B,202409,1.0,1411.0,0.0009654506585752707,1.362250879249707,0.73407917383821,,False,202412,3,0.0
E1,M13,101-0,B,202410,1.0,1442.0,0.0009411764705882353,1.3571764705882354,0.7368238557558945,,False,202412,2,0.0
E1,M13,101-0,B,202411,1.0,1474.0,0.000918092989704243,1.3532690668240541,0.7389513471603023,,False,202412,1,0.0
E1,M13,101-0,C,202404,2.0,1046.0,0.0006651463321930824,0.6957430634739642,2.8746244195574984,,False,202412,8,0.0
E1,M13,101-0,C,202405,0.0,1072.0,0.0007382798080472499,0.7914359542266519,0.0,,False,202412,7,0.0
E1,M13,101-0,C,202406,2.0,1098.0,0.0007176175098672408,0.7879440258342304,2.5382513661202184,,False,202412,6,0.0
E1,M13,101-0,C,202407,2.0,1124.0,0.0008726003490401396,0.980802792321117,2.0391459074733094,,False,202412,5,0.0
E1,M13,101-0,C,202409,0.0,1176.0,0.0010758027143330023,1.2651439920556107,0.0,,False,202412,3,0.0
E1,M13,101-0,C,202410,0.0,1202.0,0.001048725395288803,1.260567925137141,0.0,,False,202412,2,0.0
E1,M13,101-0,C,202411,1.0,1228.0,0.0009442870632672333,1.1595845136921625,0.8623778501628664,,False,202412,1,0.0
E1,M13,101-0,D,202404,1.0,784.0,0.0011402508551881414,0.8939566704675028,1.118622448979592,,False,202412,8,0.0
E1,M13,101-0,D,202405,2.0,804.0,0.0011074197120708748,0.8903654485049833,2.246268656716418,,False,202412,7,0.0
E1,M13,101-0,D,202406,1.0,824.0,0.0013156321014232747,1.0840808515727784,0.9224404236540158,,False,202412,6,0.0
E1,M13,101-0,D,202407,1.0,843.0,0.0013961605584642235,1.1769633507853403,0.849644128113879,,False,202412,5,0.0
E1,M13,101-0,D,202408,1.0,862.0,0.0013591573224600749,1.1715936119605845,0.8535382830626449,,False,202412,4,0.0
E1,M13,101-0,D,202409,0.0,882.0,0.0012137261392474899,1.0705064548162861,0.0,,False,202412,3,0.0
E1,M13,101-0,E,202404,0.0,366.0,,,,,False,202412,8,0.0
E1,M13,101-0,E,202405,0.0,375.0,,,,,False,202412,7,0.0
E1,M13,101-0,E,202406,2.0,384.0,,,,,False,202412,6,0.0
E1,M13,101-0,E,202407,0.0,393.0,0.0009972575417601596,0.3919222139117427,0.0,,False,202412,5,0.0
E1,M13,101-0,E,202408,0.0,403.0,0.000970873786407767,0.39126213592233006,0.0,,False,202412,4,0.0
E1,M13,101-0,E,202409,0.0,412.0,0.0009456264775413711,0.3895981087470449,0.0,,False,202412,3,0.0
E1,M13,101-0,E,202410,0.0,421.0,0.0006912442396313364,0.2910138248847926,0.0,,False,202412,2,0.0
E1,M13,101-0,E,202411,1.0,430.0,0.0006743088334457181,0.28995279838165877,3.448837209302326,,False,202412,1,0.0
E1,M13,101-0,E,202412,1.0,439.0,0.0008775778850372971,0.38525669153137343,2.595671981776765,,False,202412,0,0.0
E1,M13,102-0,A,202404,1.0,1778.0,0.001006092448717232,1.7888323738192387,0.559023872015998,,False,202412,8,0.0
E1,M13,102-0,A,202405,0.0,1822.0,0.0009228597795993702,1.6814505184300526,0.0,,False,202412,7,0.0
E1,M13,102-0,A,202407,2.0,1911.0,0.001026588645929576,1.9618109023714199,1.0194662480376766,,False,202412,5,0.0
E1,M13,102-0,A,202408,2.0,1955.0,0.0010992854644481086,2.1491030829960525,0.9306207858637526,,False,202412,4,0.0
E1,M13,102-0,A,202409,2.0,1999.0,0.0011682811663340311,2.335394051501728,0.8563865265966316,,False,202412,3,0.0
E1,M13,102-0,A,202410,1.0,2043.0,0.0011388981160726996,2.326768851136525,0.4297805514765868,,False,202412,2,0.0
E1,M13,102-0,A,202411,0.0,2088.0,0.0010646669444058696,2.2230245799194557,0.0,,False,202412,1,0.0
E1,M13,102-0,A,202412,1.0,2132.0,0.0009035872413481522,1.9264479985542604,0.5190900562851782,,False,202412,0,0.0
E1,M13,102-0,B,202404,2.0,1255.0,0.0011085596642647873,1.391242378652308,1.4375640295959022,,False,202412,8,0.0
E1,M13,102-0,B,202405,2.0,1286.0,0.0011535799430900562,1.4835038068138122,1.3481596682218766,,False,202412,7,0.0
E1,M13,102-0,B,202408,0.0,1380.0,0.0014157287463721952,1.9537056699936293,0.0,,False,202412,4,0.0
E1,M13,102-0,B,202410,1.0,1442.0,0.0012100840336134453,1.7449411764705882,0.5730852211434736,,False,202412,2,0.0
E1,M13,102-0,B,202411,1.0,1474.0,0.0010492491310905632,1.5465932192274903,0.6465824287652646,,False,202412,1,0.0
E1,M13,102-0,C,202404,1.0,1046.0,0.0013302926643861649,1.3914861269479284,0.7186561048893746,,False,202412,8,0.0
E1,M13,102-0,C,202405,0.0,1072.0,0.0013842746400885937,1.4839424141749724,0.0,,False,202412,7,0.0
E1,M13,102-0,C,202406,1.0,1098.0,0.0012558306422676714,1.3789020452099032,0.7252146760343481,,False,202412,6,0.0
E1,M13,102-0,C,202407,2.0,1124.0,0.0012216404886561956,1.3731239092495637,1.456532791052364,,False,202412,5,0.0
E1,M13,102-0,C,202408,0.0,1150.0,0.0011892626571525654,1.3676520557254501,0.0,,False,202412,4,0.0
E1,M13,102-0,C,202409,0.0,1176.0,0.0009102946044356173,1.070506454816286,0.0,,False,202412,3,0.0
E1,M13,102-0,C,202410,0.0,1202.0,0.0008873830267828332,1.0666343981929656,0.0,,False,202412,2,0.0
E1,M13,102-0,C,202411,1.0,1228.0,0.00047214353163361664,0.5797922568460813,1.7247557003257328,,False,202412,1,0.0
E1,M13,102-0,D,202404,0.0,784.0,0.0008868617762574433,0.6952996325858355,0.0,,False,202412,8,0.0
E1,M13,102-0,D,202405,1.0,804.0,0.0008613264427217916,0.6925064599483204,1.4440298507462688,,False,202412,7,0.0
E1,M13,102-0,D,202406,1.0,824.0,0.0009568233464896543,0.7884224375074752,1.2683555825242718,,False,202412,6,0.0
E1,M13,102-0,D,202407,0.0,843.0,0.0009307737056428156,0.7846422338568936,0.0,,False,202412,5,0.0
E1,M13,102-0,D,202408,1.0,862.0,0.0007928417714350436,0.6834296069770076,1.4632084852502485,,False,202412,4,0.0
E1,M13,102-0,E,202404,0.0,366.0,0.0010857763300760044,0.3973941368078176,0.0,,False,202412,8,0.0
E1,M13,102-0,E,202405,0.0,375.0,0.0010545742156604272,0.3954653308726602,0.0,,False,202412,7,0.0
E1,M13,102-0,E,202406,1.0,384.0,0.0010251153254741158,0.3936442849820605,2.540364583333333,,False,202412,6,0.0
E1,M13,102-0,E,202407,2.0,393.0,0.0012465719272001994,0.48990276738967836,4.082442748091603,,False,202412,5,0.0
E1,M13,102-0,E,202408,2.0,403.0,0.0016990291262135922,0.6847087378640777,2.920950017724211,,False,202412,4,0.0
E1,M13,102-0,E,202409,1.0,412.0,0.0018912529550827422,0.7791962174940898,1.283373786407767,,False,202412,3,0.0
E1,M13,102-0,E,202410,1.0,421.0,0.0016129032258064516,0.6790322580645162,1.4726840855106889,,False,202412,2,0.0
E1,M13,102-0,E,202411,0.0,430.0,0.0017981568891885817,0.7732074623510902,0.0,,False,202412,1,0.0
E1,M13,102-0,E,202412,0.0,439.0,0.0017551557700745941,0.7705133830627469,0.0,,False,202412,0,0.0
E1,M13,103-0,A,202404,2.0,1778.0,0.000503046224358616,0.8944161869096193,2.236095488063992,,False,202412,8,0.0
E1,M13,103-0,A,202405,0.0,1822.0,0.0005971445632701808,1.0879973942782695,0.0,,False,202412,7,0.0
E1,M13,103-0,A,202407,0.0,1911.0,0.0006159531875577456,1.177086541422852,0.0,,False,202412,5,0.0
E1,M13,103-0,A,202408,1.0,1955.0,0.0005996102533353321,1.1722380452705743,0.8530690537084398,,False,202412,4,0.0
E1,M13,103-0,A,202410,2.0,2043.0,0.0007592654107151331,1.5511792340910169,1.2893416544297602,,False,202412,2,0.0
E1,M13,103-0,A,202411,1.0,2088.0,0.0007869277415173819,1.6431051242882933,0.6086037863421231,,False,202412,1,0.0
E1,M13,103-0,A,202412,1.0,2132.0,0.0007680491551459293,1.6374807987711213,0.6106941838649156,,False,202412,0,0.0
E1,M13,103-0,B,202404,0.0,1255.0,0.0007918283316177053,0.9937445561802201,0.0,,False,202412,8,0.0
E1,M13,103-0,B,202405,1.0,1286.0,0.0006921479658540336,0.8901022840882873,1.1234663901848971,,False,202412,7,0.0
E1,M13,103-0,B,202406,0.0,1318.0,0.0007475517679599313,0.9852732301711894,0.0,,False,202412,6,0.0
E1,M13,103-0,B,202407,0.0,1349.0,0.0006544502617801048,0.8828534031413613,0.0,,False,202412,5,0.0
E1,M13,103-0,B,202408,2.0,1380.0,0.0005662914985488781,0.7814822679974518,2.5592391304347823,,False,202412,4,0.0
E1,M13,103-0,B,202409,1.0,1411.0,0.0005516860906144403,0.7784290738569754,1.2846385542168675,,False,202412,3,0.0
E1,M13,103-0,B,202410,1.0,1442.0,0.0006050420168067227,0.8724705882352941,1.1461704422869472,,False,202412,2,0.0
E1,M13,103-0,B,202411,1.0,1474.0,0.000655780706931602,0.9666207620171814,1.0345318860244235,,False,202412,1,0.0
E1,M13,103-0,C,202404,1.0,1046.0,0.0013302926643861649,1.3914861269479284,0.7186561048893746,,False,202412,8,0.0
E1,M13,103-0,C,202405,1.0,1072.0,0.0012919896640826874,1.385012919896641,0.7220149253731343,,False,202412,7,0.0
E1,M13,103-0,C,202406,0.0,1098.0,0.0013455328310010765,1.477395048439182,0.0,,False,202412,6,0.0
E1,M13,103-0,C,202407,1.0,1124.0,0.0012216404886561956,1.3731239092495637,0.728266395526182,,False,202412,5,0.0
E1,M13,103-0,C,202408,1.0,1150.0,0.0011892626571525654,1.3676520557254501,0.7311801242236026,,False,202412,4,0.0
E1,M13,103-0,C,202409,1.0,1176.0,0.0011585567692816948,1.362462760675273,0.7339650145772595,,False,202412,3,0.0
E1,M13,103-0,C,202410,1.0,1202.0,0.000968054211035818,1.1636011616650532,0.8594009983361065,,False,202412,2,0.0
E1,M13,103-0,C,202411,0.0,1228.0,0.001022977651872836,1.2562165564998427,0.0,,False,202412,1,0.0
E1,M13,103-0,D,202404,1.0,784.0,0.0006334726973267452,0.49664259470416827,2.013520408163265,,False,202412,8,0.0
E1,M13,103-0,D,202405,0.0,804.0,0.0007382798080472499,0.5935769656699889,0.0,,False,202412,7,0.0
E1,M13,103-0,D,202406,0.0,824.0,0.0007176175098672408,0.5913168281306064,0.0,,False,202412,6,0.0
E1,M13,103-0,D,202407,0.0,843.0,0.0006980802792321117,0.5884816753926702,0.0,,False,202412,5,0.0
E1,M13,103-0,D,202408,2.0,862.0,0.0006795786612300374,0.5857968059802923,3.4141531322505796,,False,202412,4,0.0
E1,M13,103-0,D,202409,0.0,882.0,0.0008827099194527199,0.7785501489572989,0.0,,False,202412,3,0.0
E1,M13,103-0,E,202404,2.0,366.0,0.0010857763300760044,0.3973941368078176,5.032786885245901,,False,202412,8,0.0
E1,M13,103-0,E,202405,1.0,375.0,0.0015818613234906407,0.5931979963089903,1.6857777777777776,,False,202412,7,0.0
E1,M13,103-0,E,202406,1.0,384.0,0.0015376729882111738,0.5904664274730907,1.6935763888888888,,False,202412,6,0.0
E1,M13,103-0,E,202407,0.0,393.0,0.0017452006980802793,0.6858638743455497,0.0,,False,202412,5,0.0
E1,M13,103-0,E,202408,0.0,403.0,0.0016990291262135922,0.6847087378640777,0.0,,False,202412,4,0.0
E1,M13,103-0,E,202409,0.0,412.0,0.0014184397163120568,0.5843971631205674,0.0,,False,202412,3,0.0
E1,M13,103-0,E,202410,1.0,421.0,0.0013824884792626728,0.5820276497695852,1.7181314330958037,,False,202412,2,0.0
E1,M13,103-0,E,202411,0.0,430.0,0.001573387278040009,0.6765565295572039,0.0,,False,202412,1,0.0
E1,M13,103-0,E,202412,0.0,439.0,0.00153576129881527,0.6741992101799035,0.0,,False,202412,0,0.0
E1,M13,103-1,A,202404,1.0,1778.0,0.0006707282991448214,1.1925549158794926,0.838535808023997,,False,202412,8,0.0
E1,M13,103-1,A,202405,0.0,1822.0,0.0005428586938819825,0.9890885402529721,0.0,,False,202412,7,0.0
E1,M13,103-1,A,202406,2.0,1867.0,0.0004749089757796422,0.8866550577805921,2.2556686306016784,,False,202412,6,0.0
E1,M13,103-1,A,202407,2.0,1911.0,0.000513294322964788,0.9809054511857099,2.038932496075353,,False,202412,5,0.0
E1,M13,103-1,A,202408,0.0,1955.0,0.0004996752111127767,0.9768650377254784,0.0,,False,202412,4,0.0
E1,M13,103-1,A,202409,2.0,1999.0,0.0004867838193058463,0.9730808547923867,2.055327663831916,,False,202412,3,0.0
E1,M13,103-1,A,202410,1.0,2043.0,0.0005694490580363498,1.1633844255682626,0.8595611029531736,,False,202412,2,0.0
E1,M13,103-1,A,202411,2.0,2088.0,0.0005554784057769754,1.1598389112623246,1.7243773946360155,,False,202412,1,0.0
E1,M13,103-1,A,202412,1.0,2132.0,0.0005873317068762989,1.2521911990602692,0.798600086592582,,False,202412,0,0.0
E1,M13,103-1,B,202404,0.0,1255.0,0.0006334626652941643,0.7949956449441762,0.0,,False,202412,8,0.0
E1,M13,103-1,B,202405,2.0,1286.0,0.0006152426363146966,0.7912020303006998,2.527799377916019,,False,202412,7,0.0
E1,M13,103-1,B,202406,2.0,1318.0,0.000598041414367945,0.7882185841369516,2.53736722306525,,False,202412,6,0.0
E1,M13,103-1,B,202407,1.0,1349.0,0.0006544502617801048,0.8828534031413613,1.1326908821349146,,False,202412,5,0.0
E1,M13,103-1,B,202408,0.0,1380.0,0.0007078643731860976,0.9768528349968146,0.0,,False,202412,4,0.0
E1,M13,103-1,B,202409,0.0,1411.0,0.0005516860906144403,0.7784290738569754,0.0,,False,202412,3,0.0
E1,M13,103-1,B,202410,0.0,1442.0,0.00047058823529411766,0.6785882352941177,0.0,,False,202412,2,0.0
E1,M13,103-1,C,202404,1.0,1046.0,0.0007601672367920942,0.7951349296845306,1.2576481835564053,,False,202412,8,0.0
E1,M13,103-1,C,202405,0.0,1072.0,0.0007382798080472499,0.7914359542266519,0.0,,False,202412,7,0.0
E1,M13,103-1,C,202406,0.0,1098.0,0.0007176175098672408,0.7879440258342304,0.0,,False,202412,6,0.0
E1,M13,103-1,C,202407,1.0,1124.0,0.0004363001745200698,0.4904013961605585,2.0391459074733094,,False,202412,5,0.0
E1,M13,103-1,C,202408,1.0,1150.0,0.0005096839959225281,0.5861365953109073,1.706086956521739,,False,202412,4,0.0
E1,M13,103-1,C,202409,1.0,1176.0,0.0005792783846408474,0.6812313803376365,1.467930029154519,,False,202412,3,0.0
E1,M13,103-1,C,202410,1.0,1202.0,0.0006453694740238787,0.7757341077767022,1.2891014975041597,,False,202412,2,0.0
E1,M13,103-1,C,202411,1.0,1228.0,0.0005508341202392193,0.6764242996537614,1.4783620288506283,,False,202412,1,0.0
E1,M13,103-1,D,202404,0.0,784.0,0.0003800836183960471,0.29798555682250094,0.0,,False,202412,8,0.0
E1,M13,103-1,D,202405,0.0,804.0,0.00036913990402362494,0.2967884828349944,0.0,,False,202412,7,0.0
E1,M13,103-1,D,202406,0.0,824.0,0.0003588087549336204,0.2956584140653032,0.0,,False,202412,6,0.0
E1,M13,103-1,D,202407,2.0,843.0,0.00034904013961605586,0.2942408376963351,6.797153024911032,,False,202412,5,0.0
E1,M13,103-1,D,202408,2.0,862.0,0.0005663155510250311,0.4881640049835768,4.096983758700697,,False,202412,4,0.0
E1,M13,103-1,D,202409,0.0,882.0,0.0007723711795211298,0.6812313803376365,0.0,,False,202412,3,0.0
E1,M13,103-1,E,202404,0.0,366.0,0.0010857763300760044,0.3973941368078176,0.0,,False,202412,8,0.0
E1,M13,103-1,E,202405,0.0,375.0,0.0010545742156604272,0.3954653308726602,0.0,,False,202412,7,0.0
E1,M13,103-1,E,202406,0.0,384.0,0.0007688364941055869,0.2952332137365454,0.0,,False,202412,6,0.0
E1,M13,103-1,E,202407,1.0,393.0,0.0007479431563201197,0.29394166043380704,3.402035623409669,,False,202412,5,0.0
E1,M13,103-1,E,202408,0.0,403.0,0.000970873786407767,0.39126213592233006,0.0,,False,202412,4,0.0
E1,M13,103-1,E,202409,0.0,412.0,0.0009456264775413711,0.3895981087470449,0.0,,False,202412,3,0.0
E1,M13,103-1,E,202410,0.0,421.0,0.0009216589861751152,0.3880184331797235,0.0,,False,202412,2,0.0
E1,M13,103-1,E,202411,0.0,430.0,0.0008990784445942908,0.3866037311755451,0.0,,False,202412,1,0.0
E1,M13,103-1,E,202412,1.0,439.0,0.0008775778850372971,0.38525669153137343,2.595671981776765,,False,202412,0,0.0
E1,M13,104-0,A,202405,2.0,1822.0,0.0010314315183757668,1.879268226480647,1.0642440348951412,,False,202412,7,0.0
E1,M13,104-0,A,202408,2.0,1955.0,0.0011992205066706642,2.3444760905411486,0.8530690537084398,,False,202412,4,0.0
E1,M13,104-0,A,202409,0.0,1999.0,0.0012169595482646157,2.4327021369809665,0.0,,False,202412,3,0.0
E1,M13,104-0,A,202410,0.0,2043.0,0.0011863522042423955,2.4237175532672137,0.0,,False,202412,2,0.0
E1,M13,104-0,A,202411,1.0,2088.0,0.001157246678702032,2.416331065129843,0.4138505747126437,,False,202412,1,0.0
E1,M13,104-0,B,202404,1.0,1255.0,0.001029376831103017,1.2918679230342862,0.774072939013178,,False,202412,8,0.0
E1,M13,104-0,B,202405,2.0,1286.0,0.0009228639544720449,1.1868030454510499,1.6851995852773456,,False,202412,7,0.0
E1,M13,104-0,B,202406,1.0,1318.0,0.0009718172983479105,1.280855199222546,0.7807283763277694,,False,202412,6,0.0
E1,M13,104-0,B,202407,0.0,1349.0,0.0010180337405468296,1.3733275159976732,0.0,,False,202412,5,0.0
E1,M13,104-0,B,202408,2.0,1380.0,0.0009910101224605366,1.3675939689955405,1.4624223602484472,,False,202412,4,0.0
E1,M13,104-0,B,202409,2.0,1411.0,0.0011033721812288807,1.5568581477139507,1.2846385542168675,,False,202412,3,0.0
E1,M13,104-0,B,202411,1.0,1474.0,0.0011804052724768838,1.7399173716309266,0.5747399366802352,,False,202412,1,0.0
E1,M13,104-0,C,202404,1.0,1046.0,0.0017103762827822121,1.789053591790194,0.5589547482472912,,False,202412,8,0.0
E1,M13,104-0,C,202405,0.0,1072.0,0.0017534145441122186,1.8796603912882983,0.0,,False,202412,7,0.0
E1,M13,104-0,C,202406,0.0,1098.0,0.0016146393972012918,1.7728740581270184,0.0,,False,202412,6,0.0
E1,M13,104-0,C,202407,0.0,1124.0,0.0015706806282722514,1.7654450261780106,0.0,,False,202412,5,0.0
E1,M13,104-0,C,202411,1.0,1228.0,0.0018885741265344666,2.319169027384325,0.4311889250814332,,False,202412,1,0.0
E1,M13,104-0,D,202404,1.0,784.0,0.0010135563157227924,0.7946281515266692,1.258450255102041,,False,202412,8,0.0
E1,M13,104-0,D,202405,2.0,804.0,0.0011074197120708748,0.8903654485049833,2.246268656716418,,False,202412,7,0.0
E1,M13,104-0,D,202406,1.0,824.0,0.001196029183112068,0.985528046884344,1.0146844660194174,,False,202412,6,0.0
E1,M13,104-0,D,202407,1.0,843.0,0.0011634671320535194,0.9808027923211169,1.019572953736655,,False,202412,5,0.0
E1,M13,104-0,D,202408,1.0,862.0,0.0011326311020500622,0.9763280099671536,1.0242459396751742,,False,202412,4,0.0
E1,M13,104-0,D,202409,0.0,882.0,0.0011033873993158997,0.9731876861966235,0.0,,False,202412,3,0.0
E1,M13,104-0,E,202404,0.0,366.0,0.0008143322475570033,0.2980456026058632,0.0,,False,202412,8,0.0
E1,M13,104-0,E,202405,0.0,375.0,0.0007909306617453203,0.29659899815449514,0.0,,False,202412,7,0.0
E1,M13,104-0,E,202406,1.0,384.0,0.0007688364941055869,0.2952332137365454,3.3871527777777777,,False,202412,6,0.0
E1,M13,104-0,E,202407,0.0,393.0,0.0009972575417601596,0.3919222139117427,0.0,,False,202412,5,0.0
E1,M13,104-0,E,202408,1.0,403.0,0.000970873786407767,0.39126213592233006,2.5558312655086852,,False,202412,4,0.0
E1,M13,104-0,E,202409,0.0,412.0,0.0009456264775413711,0.3895981087470449,0.0,,False,202412,3,0.0
E1,M13,104-0,E,202410,1.0,421.0,0.0009216589861751152,0.3880184331797235,2.5771971496437054,,False,202412,2,0.0
E1,M13,104-0,E,202411,1.0,430.0,0.0011238480557428637,0.4832546639694314,2.069302325581395,,False,202412,1,0.0
E1,M13,104-0,E,202412,0.0,439.0,0.0010969723562966214,0.4815708644142168,0.0,,False,202412,0,0.0
E1,M13,104-1,A,202404,1.0,1778.0,0.0013414565982896429,2.385109831758985,0.4192679040119985,,False,202412,8,0.0
E1,M13,104-1,A,202405,0.0,1822.0,0.001302860865316758,2.3738124966071332,0.0,,False,202412,7,0.0
E1,M13,104-1,A,202406,2.0,1867.0,0.001108120943485832,2.0688618014880484,0.9667151274007191,,False,202412,6,0.0
E1,M13,104-1,A,202407,2.0,1911.0,0.001026588645929576,1.9618109023714199,1.0194662480376766,,False,202412,5,0.0
E1,M13,104-1,A,202408,0.0,1955.0,0.0009993504222255533,1.9537300754509568,0.0,,False,202412,4,0.0
E1,M13,104-1,A,202409,2.0,1999.0,0.0009248892566811079,1.8488536241055347,1.081751402016798,,False,202412,3,0.0
E1,M13,104-1,A,202410,2.0,2043.0,0.0009490817633939164,1.9389740426137712,1.031473323543808,,False,202412,2,0.0
E1,M13,104-1,A,202411,2.0,2088.0,0.0009257973429616257,1.9330648521038745,1.0346264367816091,,False,202412,1,0.0
E1,M13,104-1,A,202412,1.0,2132.0,0.0008584078792807445,1.8301255986265472,0.5464105855633455,,False,202412,0,0.0
E1,M13,104-1,B,202404,1.0,1255.0,0.0009501939979412464,1.1924934674162642,0.8385790172642762,,False,202412,8,0.0
E1,M13,104-1,B,202405,1.0,1286.0,0.0009228639544720449,1.1868030454510499,0.8425997926386728,,False,202412,7,0.0
E1,M13,104-1,B,202406,2.0,1318.0,0.0008970621215519175,1.1823278762054272,1.6915781487101669,,False,202412,6,0.0
E1,M13,104-1,B,202407,0.0,1349.0,0.0008726003490401396,1.1771378708551483,0.0,,False,202412,5,0.0
E1,M13,104-1,B,202408,0.0,1380.0,0.0007786508105047073,1.074538118496496,0.0,,False,202412,4,0.0
E1,M13,104-1,B,202409,1.0,1411.0,0.0007585683745948555,1.070339976553341,0.9342825848849946,,False,202412,3,0.0
E1,M13,104-1,B,202410,1.0,1442.0,0.0007394957983193277,1.0663529411764705,0.9377758164165932,,False,202412,2,0.0
E1,M13,104-1,B,202411,2.0,1474.0,0.0007213587776247623,1.0632828382188997,1.8809670654989514,,False,202412,1,0.0
E1,M13,104-1,C,202405,0.0,1072.0,0.0012919896640826874,1.385012919896641,0.0,,False,202412,7,0.0
E1,M13,104-1,C,202406,0.0,1098.0,0.0011661284535342661,1.2804090419806242,0.0,,False,202412,6,0.0
E1,M13,104-1,C,202407,0.0,1124.0,0.0009598603839441536,1.0788830715532287,0.0,,False,202412,5,0.0
E1,M13,104-1,C,202408,0.0,1150.0,0.0009344206591913014,1.0745837580699966,0.0,,False,202412,4,0.0
E1,M13,104-1,C,202409,0.0,1176.0,0.0008275405494869249,0.9731876861966237,0.0,,False,202412,3,0.0
E1,M13,104-1,C,202410,0.0,1202.0,0.0007260406582768635,0.8727008712487899,0.0,,False,202412,2,0.0
E1,M13,104-1,C,202411,0.0,1228.0,0.0006295247088448222,0.7730563424614416,0.0,,False,202412,1,0.0
E1,M13,104-1,D,202404,0.0,784.0,0.0007601672367920942,0.5959711136450019,0.0,,False,202412,8,0.0
E1,M13,104-1,D,202405,2.0,804.0,0.0007382798080472499,0.5935769656699889,3.369402985074627,,False,202412,7,0.0
E1,M13,104-1,D,202406,1.0,824.0,0.0008372204281784475,0.6898696328190408,1.4495492371705965,,False,202412,6,0.0
E1,M13,104-1,D,202408,0.0,862.0,0.0011326311020500622,0.9763280099671536,0.0,,False,202412,4,0.0
E1,M13,104-1,E,202404,0.0,366.0,0.0010857763300760044,0.3973941368078176,0.0,,False,202412,8,0.0
E1,M13,104-1,E,202405,0.0,375.0,0.0007909306617453203,0.29659899815449514,0.0,,False,202412,7,0.0
E1,M13,104-1,E,202406,0.0,384.0,0.0007688364941055869,0.2952332137365454,0.0,,False,202412,6,0.0
E1,M13,104-1,E,202407,1.0,393.0,,,,,False,202412,5,0.0
E1,M13,104-1,E,202408,0.0,403.0,0.0007281553398058253,0.2934466019417476,0.0,,False,202412,4,0.0
E1,M13,104-1,E,202409,0.0,412.0,0.0007092198581560284,0.2921985815602837,0.0,,False,202412,3,0.0
E1,M13,104-1,E,202410,1.0,421.0,0.0006912442396313364,0.2910138248847926,3.4362628661916075,,False,202412,2,0.0
E1,M13,104-1,E,202411,0.0,430.0,0.0008990784445942908,0.3866037311755451,0.0,,False,202412,1,0.0
E1,M13,104-1,E,202412,0.0,439.0,0.0008775778850372971,0.38525669153137343,0.0,,False,202412,0,0.0
E1,M13,105-0,A,202404,0.0,1778.0,0.0003912581745011458,0.6956570342630373,0.0,,False,202412,8,0.0
E1,M13,105-0,A,202405,0.0,1822.0,0.00038000108571738776,0.6923619781770805,0.0,,False,202412,7,0.0
E1,M13,105-0,A,202406,0.0,1867.0,0.0003693736478286106,0.689620600496016,0.0,,False,202412,6,0.0
E1,M13,105-0,A,202407,1.0,1911.0,0.0003079765937788728,0.588543270711426,1.6991104133961275,,False,202412,5,0.0
E1,M13,105-0,A,202408,1.0,1955.0,0.0003497726477789437,0.6838055264078349,1.4624040920716113,,False,202412,4,0.0
E1,M13,105-0,A,202409,1.0,1999.0,0.00038942705544467703,0.7784646838339094,1.2845797898949474,,False,202412,3,0.0
E1,M13,105-0,A,202411,0.0,2088.0,0.00037031893718465027,0.7732259408415497,0.0,,False,202412,1,0.0
E1,M13,105-0,A,202412,1.0,2132.0,0.00036143489653926085,0.7705791994217042,1.2977251407129455,,False,202412,0,0.0
E1,M13,105-0,B,202404,0.0,1255.0,,,,,False,202412,8,0.0
E1,M13,105-0,B,202405,0.0,1286.0,,,,,False,202412,7,0.0
E1,M13,105-0,B,202406,1.0,1318.0,,,,,False,202412,6,0.0
E1,M13,105-0,B,202407,0.0,1349.0,0.0002181500872600349,0.2942844677137871,0.0,,False,202412,5,0.0
E1,M13,105-0,B,202408,0.0,1380.0,0.00021235931195582927,0.29305585049904437,0.0,,False,202412,4,0.0
E1,M13,105-0,B,202409,1.0,1411.0,0.00020688228398041514,0.29191090269636577,3.42570281124498,,False,202412,3,0.0
E1,M13,105-0,B,202410,0.0,1442.0,0.0002689075630252101,0.38776470588235296,0.0,,False,202412,2,0.0
E1,M13,105-0,B,202411,0.0,1474.0,0.0001967342120794806,0.28998622860515444,0.0,,False,202412,1,0.0
E1,M13,105-0,C,202404,0.0,1046.0,0.0005701254275940707,0.5963511972633979,0.0,,False,202412,8,0.0
E1,M13,105-0,C,202405,0.0,1072.0,0.00036913990402362494,0.39571797711332596,0.0,,False,202412,7,0.0
E1,M13,105-0,C,202406,0.0,1098.0,0.00026910656620021526,0.29547900968783636,0.0,,False,202412,6,0.0
E1,M13,105-0,C,202407,0.0,1124.0,0.0002617801047120419,0.29424083769633513,0.0,,False,202412,5,0.0
E1,M13,105-0,C,202408,1.0,1150.0,0.00025484199796126404,0.29306829765545367,3.412173913043478,,False,202412,4,0.0
E1,M13,105-0,C,202409,0.0,1176.0,0.00033101621979476995,0.38927507447864945,0.0,,False,202412,3,0.0
E1,M13,105-0,C,202410,0.0,1202.0,0.00032268473701193933,0.3878670538883511,0.0,,False,202412,2,0.0
E1,M13,105-0,C,202411,0.0,1228.0,0.00023607176581680832,0.28989612842304063,0.0,,False,202412,1,0.0
E1,M13,105-0,D,202404,0.0,784.0,0.0003800836183960471,0.29798555682250094,0.0,,False,202412,8,0.0
E1,M13,105-0,D,202405,0.0,804.0,0.00036913990402362494,0.2967884828349944,0.0,,False,202412,7,0.0
E1,M13,105-0,D,202406,0.0,824.0,0.0003588087549336204,0.2956584140653032,0.0,,False,202412,6,0.0
E1,M13,105-0,D,202407,0.0,843.0,0.00034904013961605586,0.2942408376963351,0.0,,False,202412,5,0.0
E1,M13,105-0,D,202408,0.0,862.0,,,,,False,202412,4,0.0
E1,M13,105-0,D,202409,0.0,882.0,,,,,False,202412,3,0.0
E1,M13,105-0,E,202404,0.0,366.0,,,,,False,202412,8,0.0
E1,M13,105-0,E,202405,0.0,375.0,,,,,False,202412,7,0.0
E1,M13,105-0,E,202406,1.0,384.0,,,,,False,202412,6,0.0
E1,M13,105-0,E,202407,0.0,393.0,0.0007479431563201197,0.29394166043380704,0.0,,False,202412,5,0.0
E1,M13,105-0,E,202408,0.0,403.0,,,,,False,202412,4,0.0
E1,M13,105-0,E,202409,0.0,412.0,,,,,False,202412,3,0.0
E1,M13,105-0,E,202410,0.0,421.0,,,,,False,202412,2,0.0
E1,M13,105-0,E,202411,0.0,430.0,,,,,False,202412,1,0.0
E1,M13,105-0,E,202412,0.0,439.0,,,,,False,202412,0,0.0
