事業コード,開発コード,部番,販社,SF-CODE,ランク,年月,経過月,累積販売台数,月次使用数
E1,M01,100-0,A,SF-100,A,202101,0,850,1.0
E1,M01,100-0,A,SF-100,A,202103,2,938,1.0
E1,M01,100-0,A,SF-100,A,202104,3,983,1.0
E1,M01,100-0,A,SF-100,A,202105,4,1027,1.0
E1,M01,100-0,A,SF-100,A,202106,5,1071,0.0
E1,M01,100-0,A,SF-100,A,202107,6,1115,2.0
E1,M01,100-0,A,SF-100,A,202108,7,1159,2.0
E1,M01,100-0,A,SF-100,A,202109,8,1204,1.0
E1,M01,100-0,A,SF-100,A,202110,9,1248,2.0
E1,M01,100-0,A,SF-100,A,202111,10,1292,1.0
E1,M01,100-0,A,SF-100,A,202112,11,1336,2.0
E1,M01,100-0,A,SF-100,A,202201,12,1380,1.0
E1,M01,100-0,A,SF-100,A,202202,13,1425,0.0
E1,M01,100-0,A,SF-100,A,202203,14,1469,1.0
E1,M01,100-0,A,SF-100,A,202204,15,1513,2.0
E1,M01,100-0,A,SF-100,A,202205,16,1557,3.0
E1,M01,100-0,A,SF-100,A,202206,17,1601,1.0
E1,M01,100-0,A,SF-100,A,202207,18,1646,2.0
E1,M01,100-0,A,SF-100,A,202208,19,1690,3.0
E1,M01,100-0,A,SF-100,A,202209,20,1734,7.0
E1,M01,100-0,A,SF-100,A,202210,21,1778,3.0
E1,M01,100-0,A,SF-100,A,202211,22,1822,1.0
E1,M01,100-0,A,SF-100,A,202212,23,1867,0.0
E1,M01,100-0,A,SF-100,A,202301,24,1911,4.0
E1,M01,100-0,A,SF-100,A,202302,25,1955,1.0
E1,M01,100-0,A,SF-100,A,202303,26,1999,2.0
E1,M01,100-0,A,SF-100,A,202304,27,2043,1.0
E1,M01,100-0,A,SF-100,A,202305,28,2088,2.0
E1,M01,100-0,A,SF-100,A,202306,29,2132,5.0
E1,M01,100-0,A,SF-100,A,202307,30,2176,1.0
E1,M01,100-0,A,SF-100,A,202308,31,2220,1.0
E1,M01,100-0,A,SF-100,A,202309,32,2264,5.0
E1,M01,100-0,A,SF-100,A,202310,33,2309,3.0
E1,M01,100-0,A,SF-100,A,202311,34,2353,2.0
E1,M01,100-0,A,SF-100,A,202312,35,2397,4.0
E1,M01,100-0,A,SF-100,A,202401,36,2441,3.0
E1,M01,100-0,A,SF-100,A,202402,37,2485,5.0
E1,M01,100-0,A,SF-100,A,202403,38,2530,4.0
E1,M01,100-0,A,SF-100,A,202404,39,2574,4.0
E1,M01,100-0,A,SF-100,A,202405,40,2618,5.0
E1,M01,100-0,A,SF-100,A,202406,41,2662,5.0
E1,M01,100-0,A,SF-100,A,202407,42,2706,4.0
E1,M01,100-0,A,SF-100,A,202408,43,2751,3.0
E1,M01,100-0,A,SF-100,A,202409,44,2795,1.0
E1,M01,100-0,A,SF-100,A,202410,45,2839,3.0
E1,M01,100-0,A,SF-100,A,202411,46,2883,5.0
E1,M01,100-0,A,SF-100,A,202412,47,2927,2.0
E1,M01,100-0,ALL,SF-100,A,202101,0,2500,3.0
E1,M01,100-0,ALL,SF-100,A,202102,1,2630,0.0
E1,M01,100-0,ALL,SF-100,A,202103,2,2760,4.0
E1,M01,100-0,ALL,SF-100,A,202104,3,2890,3.0
E1,M01,100-0,ALL,SF-100,A,202105,4,3020,1.0
E1,M01,100-0,ALL,SF-100,A,202106,5,3150,2.0
E1,M01,100-0,ALL,SF-100,A,202107,6,3280,3.0
E1,M01,100-0,ALL,SF-100,A,202108,7,3410,4.0
E1,M01,100-0,ALL,SF-100,A,202109,8,3540,2.0
E1,M01,100-0,ALL,SF-100,A,202110,9,3670,5.0
E1,M01,100-0,ALL,SF-100,A,202111,10,3800,2.0
E1,M01,100-0,ALL,SF-100,A,202112,11,3930,3.0
E1,M01,100-0,ALL,SF-100,A,202201,12,4060,2.0
E1,M01,100-0,ALL,SF-100,A,202202,13,4190,4.0
E1,M01,100-0,ALL,SF-100,A,202203,14,4320,2.0
E1,M01,100-0,ALL,SF-100,A,202204,15,4450,4.0
E1,M01,100-0,ALL,SF-100,A,202205,16,4580,8.0
E1,M01,100-0,ALL,SF-100,A,202206,17,4710,2.0
E1,M01,100-0,ALL,SF-100,A,202207,18,4840,2.0
E1,M01,100-0,ALL,SF-100,A,202208,19,4970,5.0
E1,M01,100-0,ALL,SF-100,A,202209,20,5100,9.0
E1,M01,100-0,ALL,SF-100,A,202210,21,5230,8.0
E1,M01,100-0,ALL,SF-100,A,202211,22,5360,3.0
E1,M01,100-0,ALL,SF-100,A,202212,23,5490,10.0
E1,M01,100-0,ALL,SF-100,A,202301,24,5620,7.0
E1,M01,100-0,ALL,SF-100,A,202302,25,5750,9.0
E1,M01,100-0,ALL,SF-100,A,202303,26,5880,9.0
E1,M01,100-0,ALL,SF-100,A,202304,27,6010,2.0
E1,M01,100-0,ALL,SF-100,A,202305,28,6140,9.0
E1,M01,100-0,ALL,SF-100,A,202306,29,6270,9.0
E1,M01,100-0,ALL,SF-100,A,202307,30,6400,4.0
E1,M01,100-0,ALL,SF-100,A,202308,31,6530,9.0
E1,M01,100-0,ALL,SF-100,A,202309,32,6660,8.0
E1,M01,100-0,ALL,SF-100,A,202310,33,6790,5.0
E1,M01,100-0,ALL,SF-100,A,202311,34,6920,9.0
E1,M01,100-0,ALL,SF-100,A,202312,35,7050,9.0
E1,M01,100-0,ALL,SF-100,A,202401,36,7180,6.0
E1,M01,100-0,ALL,SF-100,A,202402,37,7310,6.0
E1,M01,100-0,ALL,SF-100,A,202403,38,7440,12.0
E1,M01,100-0,ALL,SF-100,A,202404,39,7570,8.0
E1,M01,100-0,ALL,SF-100,A,202405,40,7700,11.0
E1,M01,100-0,ALL,SF-100,A,202406,41,7830,10.0
E1,M01,100-0,ALL,SF-100,A,202407,42,7960,14.0
E1,M01,100-0,ALL,SF-100,A,202408,43,8090,11.0
E1,M01,100-0,ALL,SF-100,A,202409,44,8220,10.0
E1,M01,100-0,ALL,SF-100,A,202410,45,8350,8.0
E1,M01,100-0,ALL,SF-100,A,202411,46,8480,12.0
E1,M01,100-0,ALL,SF-100,A,202412,47,8610,5.0
E1,M01,100-0,B,SF-100,A,202103,2,662,1.0
E1,M01,100-0,B,SF-100,A,202104,3,694,1.0
E1,M01,100-0,B,SF-100,A,202105,4,725,0.0
E1,M01,100-0,B,SF-100,A,202106,5,756,1.0
E1,M01,100-0,B,SF-100,A,202107,6,787,0.0
E1,M01,100-0,B,SF-100,A,202108,7,818,1.0
E1,M01,100-0,B,SF-100,A,202109,8,850,0.0
E1,M01,100-0,B,SF-100,A,202110,9,881,2.0
E1,M01,100-0,B,SF-100,A,202111,10,912,0.0
E1,M01,100-0,B,SF-100,A,202112,11,943,0.0
E1,M01,100-0,B,SF-100,A,202201,12,974,0.0
E1,M01,100-0,B,SF-100,A,202202,13,1006,1.0
E1,M01,100-0,B,SF-100,A,202203,14,1037,0.0
E1,M01,100-0,B,SF-100,A,202204,15,1068,0.0
E1,M01,100-0,B,SF-100,A,202205,16,1099,3.0
E1,M01,100-0,B,SF-100,A,202206,17,1130,1.0
E1,M01,100-0,B,SF-100,A,202207,18,1162,0.0
E1,M01,100-0,B,SF-100,A,202208,19,1193,1.0
E1,M01,100-0,B,SF-100,A,202209,20,1224,1.0
E1,M01,100-0,B,SF-100,A,202210,21,1255,2.0
E1,M01,100-0,B,SF-100,A,202211,22,1286,1.0
E1,M01,100-0,B,SF-100,A,202212,23,1318,2.0
E1,M01,100-0,B,SF-100,A,202301,24,1349,1.0
E1,M01,100-0,B,SF-100,A,202302,25,1380,4.0
E1,M01,100-0,B,SF-100,A,202303,26,1411,3.0
E1,M01,100-0,B,SF-100,A,202304,27,1442,0.0
E1,M01,100-0,B,SF-100,A,202305,28,1474,2.0
E1,M01,100-0,B,SF-100,A,202306,29,1505,2.0
E1,M01,100-0,B,SF-100,A,202307,30,1536,2.0
E1,M01,100-0,B,SF-100,A,202308,31,1567,4.0
E1,M01,100-0,B,SF-100,A,202309,32,1598,1.0
E1,M01,100-0,B,SF-100,A,202310,33,1630,0.0
E1,M01,100-0,B,SF-100,A,202311,34,1661,3.0
E1,M01,100-0,B,SF-100,A,202312,35,1692,0.0
E1,M01,100-0,B,SF-100,A,202401,36,1723,1.0
E1,M01,100-0,B,SF-100,A,202402,37,1754,0.0
E1,M01,100-0,B,SF-100,A,202403,38,1786,5.0
E1,M01,100-0,B,SF-100,A,202404,39,1817,1.0
E1,M01,100-0,B,SF-100,A,202405,40,1848,1.0
E1,M01,100-0,B,SF-100,A,202406,41,1879,0.0
E1,M01,100-0,B,SF-100,A,202407,42,1910,4.0
E1,M01,100-0,B,SF-100,A,202408,43,1942,2.0
E1,M01,100-0,B,SF-100,A,202409,44,1973,3.0
E1,M01,100-0,B,SF-100,A,202410,45,2004,2.0
E1,M01,100-0,B,SF-100,A,202411,46,2035,6.0
E1,M01,100-0,B,SF-100,A,202412,47,2066,1.0
E1,M01,100-0,C,SF-100,A,202101,0,500,2.0
E1,M01,100-0,C,SF-100,A,202103,2,552,0.0
E1,M01,100-0,C,SF-100,A,202104,3,578,1.0
E1,M01,100-0,C,SF-100,A,202105,4,604,0.0
E1,M01,100-0,C,SF-100,A,202106,5,630,1.0
E1,M01,100-0,C,SF-100,A,202107,6,656,0.0
E1,M01,100-0,C,SF-100,A,202108,7,682,0.0
E1,M01,100-0,C,SF-100,A,202109,8,708,1.0
E1,M01,100-0,C,SF-100,A,202110,9,734,0.0
E1,M01,100-0,C,SF-100,A,202111,10,760,0.0
E1,M01,100-0,C,SF-100,A,202112,11,786,1.0
E1,M01,100-0,C,SF-100,A,202201,12,812,1.0
E1,M01,100-0,C,SF-100,A,202202,13,838,1.0
E1,M01,100-0,C,SF-100,A,202203,14,864,0.0
E1,M01,100-0,C,SF-100,A,202204,15,890,1.0
E1,M01,100-0,C,SF-100,A,202205,16,916,0.0
E1,M01,100-0,C,SF-100,A,202206,17,942,0.0
E1,M01,100-0,C,SF-100,A,202207,18,968,0.0
E1,M01,100-0,C,SF-100,A,202208,19,994,1.0
E1,M01,100-0,C,SF-100,A,202209,20,1020,0.0
E1,M01,100-0,C,SF-100,A,202210,21,1046,3.0
E1,M01,100-0,C,SF-100,A,202211,22,1072,0.0
E1,M01,100-0,C,SF-100,A,202212,23,1098,6.0
E1,M01,100-0,C,SF-100,A,202301,24,1124,2.0
E1,M01,100-0,C,SF-100,A,202302,25,1150,2.0
E1,M01,100-0,C,SF-100,A,202303,26,1176,1.0
E1,M01,100-0,C,SF-100,A,202304,27,1202,0.0
E1,M01,100-0,C,SF-100,A,202305,28,1228,0.0
E1,M01,100-0,C,SF-100,A,202306,29,1254,0.0
E1,M01,100-0,C,SF-100,A,202307,30,1280,1.0
E1,M01,100-0,C,SF-100,A,202308,31,1306,2.0
E1,M01,100-0,C,SF-100,A,202309,32,1332,2.0
E1,M01,100-0,C,SF-100,A,202310,33,1358,2.0
E1,M01,100-0,C,SF-100,A,202311,34,1384,2.0
E1,M01,100-0,C,SF-100,A,202312,35,1410,3.0
E1,M01,100-0,C,SF-100,A,202401,36,1436,1.0
E1,M01,100-0,C,SF-100,A,202402,37,1462,1.0
E1,M01,100-0,C,SF-100,A,202403,38,1488,1.0
E1,M01,100-0,C,SF-100,A,202404,39,1514,0.0
E1,M01,100-0,C,SF-100,A,202405,40,1540,4.0
E1,M01,100-0,C,SF-100,A,202406,41,1566,2.0
E1,M01,100-0,C,SF-100,A,202407,42,1592,4.0
E1,M01,100-0,C,SF-100,A,202408,43,1618,1.0
E1,M01,100-0,C,SF-100,A,202409,44,1644,3.0
E1,M01,100-0,C,SF-100,A,202410,45,1670,2.0
E1,M01,100-0,C,SF-100,A,202411,46,1696,1.0
E1,M01,100-0,D,SF-100,A,202103,2,414,2.0
E1,M01,100-0,D,SF-100,A,202104,3,434,0.0
E1,M01,100-0,D,SF-100,A,202105,4,453,0.0
E1,M01,100-0,D,SF-100,A,202106,5,472,0.0
E1,M01,100-0,D,SF-100,A,202107,6,492,1.0
E1,M01,100-0,D,SF-100,A,202108,7,512,1.0
E1,M01,100-0,D,SF-100,A,202109,8,531,0.0
E1,M01,100-0,D,SF-100,A,202110,9,550,1.0
E1,M01,100-0,D,SF-100,A,202111,10,570,0.0
E1,M01,100-0,D,SF-100,A,202112,11,590,0.0
E1,M01,100-0,D,SF-100,A,202201,12,609,0.0
E1,M01,100-0,D,SF-100,A,202202,13,628,2.0
E1,M01,100-0,D,SF-100,A,202203,14,648,1.0
E1,M01,100-0,D,SF-100,A,202204,15,668,0.0
E1,M01,100-0,D,SF-100,A,202205,16,687,2.0
E1,M01,100-0,D,SF-100,A,202206,17,706,0.0
E1,M01,100-0,D,SF-100,A,202207,18,726,0.0
E1,M01,100-0,D,SF-100,A,202208,19,746,0.0
E1,M01,100-0,D,SF-100,A,202209,20,765,1.0
E1,M01,100-0,D,SF-100,A,202210,21,784,0.0
E1,M01,100-0,D,SF-100,A,202211,22,804,1.0
E1,M01,100-0,D,SF-100,A,202212,23,824,0.0
E1,M01,100-0,D,SF-100,A,202301,24,843,0.0
E1,M01,100-0,D,SF-100,A,202302,25,862,1.0
E1,M01,100-0,D,SF-100,A,202303,26,882,0.0
E1,M01,100-0,D,SF-100,A,202304,27,902,1.0
E1,M01,100-0,D,SF-100,A,202305,28,921,3.0
E1,M01,100-0,D,SF-100,A,202306,29,940,2.0
E1,M01,100-0,D,SF-100,A,202307,30,960,0.0
E1,M01,100-0,D,SF-100,A,202308,31,980,1.0
E1,M01,100-0,D,SF-100,A,202309,32,999,0.0
E1,M01,100-0,D,SF-100,A,202310,33,1018,0.0
E1,M01,100-0,D,SF-100,A,202311,34,1038,2.0
E1,M01,100-0,D,SF-100,A,202312,35,1058,2.0
E1,M01,100-0,D,SF-100,A,202401,36,1077,1.0
E1,M01,100-0,D,SF-100,A,202402,37,1096,0.0
E1,M01,100-0,D,SF-100,A,202403,38,1116,2.0
E1,M01,100-0,D,SF-100,A,202404,39,1136,1.0
E1,M01,100-0,D,SF-100,A,202405,40,1155,1.0
E1,M01,100-0,D,SF-100,A,202406,41,1174,2.0
E1,M01,100-0,D,SF-100,A,202407,42,1194,1.0
E1,M01,100-0,D,SF-100,A,202408,43,1214,3.0
E1,M01,100-0,D,SF-100,A,202409,44,1233,2.0
E1,M01,100-0,D,SF-100,A,202410,45,1252,1.0
E1,M01,100-0,E,SF-100,A,202109,8,248,0.0
E1,M01,100-0,E,SF-100,A,202110,9,257,0.0
E1,M01,100-0,E,SF-100,A,202111,10,266,1.0
E1,M01,100-0,E,SF-100,A,202112,11,275,0.0
E1,M01,100-0,E,SF-100,A,202201,12,284,0.0
E1,M01,100-0,E,SF-100,A,202202,13,293,0.0
E1,M01,100-0,E,SF-100,A,202203,14,302,0.0
E1,M01,100-0,E,SF-100,A,202204,15,312,1.0
E1,M01,100-0,E,SF-100,A,202205,16,321,0.0
E1,M01,100-0,E,SF-100,A,202206,17,330,0.0
E1,M01,100-0,E,SF-100,A,202207,18,339,0.0
E1,M01,100-0,E,SF-100,A,202208,19,348,0.0
E1,M01,100-0,E,SF-100,A,202209,20,357,0.0
E1,M01,100-0,E,SF-100,A,202210,21,366,0.0
E1,M01,100-0,E,SF-100,A,202211,22,375,0.0
E1,M01,100-0,E,SF-100,A,202212,23,384,2.0
E1,M01,100-0,E,SF-100,A,202301,24,393,0.0
E1,M01,100-0,E,SF-100,A,202302,25,403,1.0
E1,M01,100-0,E,SF-100,A,202303,26,412,3.0
E1,M01,100-0,E,SF-100,A,202304,27,421,0.0
E1,M01,100-0,E,SF-100,A,202305,28,430,2.0
E1,M01,100-0,E,SF-100,A,202306,29,439,0.0
E1,M01,100-0,E,SF-100,A,202307,30,448,0.0
E1,M01,100-0,E,SF-100,A,202308,31,457,1.0
E1,M01,100-0,E,SF-100,A,202309,32,466,0.0
E1,M01,100-0,E,SF-100,A,202310,33,475,0.0
E1,M01,100-0,E,SF-100,A,202311,34,484,0.0
E1,M01,100-0,E,SF-100,A,202312,35,494,0.0
E1,M01,100-0,E,SF-100,A,202401,36,503,0.0
E1,M01,100-0,E,SF-100,A,202402,37,512,0.0
E1,M01,100-0,E,SF-100,A,202403,38,521,0.0
E1,M01,100-0,E,SF-100,A,202404,39,530,2.0
E1,M01,100-0,E,SF-100,A,202405,40,539,0.0
E1,M01,100-0,E,SF-100,A,202406,41,548,1.0
E1,M01,100-0,E,SF-100,A,202407,42,557,1.0
E1,M01,100-0,E,SF-100,A,202408,43,566,2.0
E1,M01,100-0,E,SF-100,A,202409,44,575,1.0
E1,M01,100-0,E,SF-100,A,202410,45,584,0.0
E1,M01,100-0,E,SF-100,A,202411,46,594,0.0
E1,M01,100-0,E,SF-100,A,202412,47,603,2.0
E1,M01,101-0,A,SF-101,A,202101,0,850,1.0
E1,M01,101-0,A,SF-101,A,202102,1,894,1.0
E1,M01,101-0,A,SF-101,A,202103,2,938,1.0
E1,M01,101-0,A,SF-101,A,202104,3,983,1.0
E1,M01,101-0,A,SF-101,A,202105,4,1027,0.0
E1,M01,101-0,A,SF-101,A,202106,5,1071,1.0
E1,M01,101-0,A,SF-101,A,202107,6,1115,2.0
E1,M01,101-0,A,SF-101,A,202108,7,1159,2.0
E1,M01,101-0,A,SF-101,A,202109,8,1204,0.0
E1,M01,101-0,A,SF-101,A,202110,9,1248,2.0
E1,M01,101-0,A,SF-101,A,202111,10,1292,1.0
E1,M01,101-0,A,SF-101,A,202112,11,1336,0.0
E1,M01,101-0,A,SF-101,A,202201,12,1380,1.0
E1,M01,101-0,A,SF-101,A,202202,13,1425,0.0
E1,M01,101-0,A,SF-101,A,202203,14,1469,3.0
E1,M01,101-0,A,SF-101,A,202204,15,1513,0.0
E1,M01,101-0,A,SF-101,A,202205,16,1557,3.0
E1,M01,101-0,A,SF-101,A,202206,17,1601,1.0
E1,M01,101-0,A,SF-101,A,202207,18,1646,0.0
E1,M01,101-0,A,SF-101,A,202208,19,1690,0.0
E1,M01,101-0,A,SF-101,A,202209,20,1734,1.0
E1,M01,101-0,A,SF-101,A,202210,21,1778,2.0
E1,M01,101-0,A,SF-101,A,202211,22,1822,1.0
E1,M01,101-0,A,SF-101,A,202212,23,1867,4.0
E1,M01,101-0,A,SF-101,A,202301,24,1911,0.0
E1,M01,101-0,A,SF-101,A,202302,25,1955,2.0
E1,M01,101-0,A,SF-101,A,202303,26,1999,2.0
E1,M01,101-0,A,SF-101,A,202304,27,2043,2.0
E1,M01,101-0,A,SF-101,A,202305,28,2088,6.0
E1,M01,101-0,A,SF-101,A,202306,29,2132,4.0
E1,M01,101-0,A,SF-101,A,202307,30,2176,1.0
E1,M01,101-0,A,SF-101,A,202308,31,2220,3.0
E1,M01,101-0,A,SF-101,A,202309,32,2264,2.0
E1,M01,101-0,A,SF-101,A,202310,33,2309,1.0
E1,M01,101-0,A,SF-101,A,202311,34,2353,3.0
E1,M01,101-0,A,SF-101,A,202312,35,2397,1.0
E1,M01,101-0,A,SF-101,A,202401,36,2441,1.0
E1,M01,101-0,A,SF-101,A,202402,37,2485,3.0
E1,M01,101-0,A,SF-101,A,202403,38,2530,1.0
E1,M01,101-0,A,SF-101,A,202404,39,2574,4.0
E1,M01,101-0,A,SF-101,A,202405,40,2618,1.0
E1,M01,101-0,A,SF-101,A,202406,41,2662,6.0
E1,M01,101-0,A,SF-101,A,202407,42,2706,1.0
E1,M01,101-0,A,SF-101,A,202408,43,2751,1.0
E1,M01,101-0,A,SF-101,A,202409,44,2795,8.0
E1,M01,101-0,A,SF-101,A,202410,45,2839,4.0
E1,M01,101-0,A,SF-101,A,202411,46,2883,2.0
E1,M01,101-0,A,SF-101,A,202412,47,2927,2.0
E1,M01,101-0,ALL,SF-101,A,202101,0,2500,2.0
E1,M01,101-0,ALL,SF-101,A,202102,1,2630,1.0
E1,M01,101-0,ALL,SF-101,A,202103,2,2760,2.0
E1,M01,101-0,ALL,SF-101,A,202104,3,2890,4.0
E1,M01,101-0,ALL,SF-101,A,202105,4,3020,2.0
E1,M01,101-0,ALL,SF-101,A,202106,5,3150,3.0
E1,M01,101-0,ALL,SF-101,A,202107,6,3280,3.0
E1,M01,101-0,ALL,SF-101,A,202108,7,3410,9.0
E1,M01,101-0,ALL,SF-101,A,202109,8,3540,3.0
E1,M01,101-0,ALL,SF-101,A,202110,9,3670,6.0
E1,M01,101-0,ALL,SF-101,A,202111,10,3800,3.0
E1,M01,101-0,ALL,SF-101,A,202112,11,3930,3.0
E1,M01,101-0,ALL,SF-101,A,202201,12,4060,3.0
E1,M01,101-0,ALL,SF-101,A,202202,13,4190,6.0
E1,M01,101-0,ALL,SF-101,A,202203,14,4320,5.0
E1,M01,101-0,ALL,SF-101,A,202204,15,4450,1.0
E1,M01,101-0,ALL,SF-101,A,202205,16,4580,5.0
E1,M01,101-0,ALL,SF-101,A,202206,17,4710,2.0
E1,M01,101-0,ALL,SF-101,A,202207,18,4840,3.0
E1,M01,101-0,ALL,SF-101,A,202208,19,4970,10.0
E1,M01,101-0,ALL,SF-101,A,202209,20,5100,3.0
E1,M01,101-0,ALL,SF-101,A,202210,21,5230,8.0
E1,M01,101-0,ALL,SF-101,A,202211,22,5360,4.0
E1,M01,101-0,ALL,SF-101,A,202212,23,5490,5.0
E1,M01,101-0,ALL,SF-101,A,202301,24,5620,1.0
E1,M01,101-0,ALL,SF-101,A,202302,25,5750,5.0
E1,M01,101-0,ALL,SF-101,A,202303,26,5880,7.0
E1,M01,101-0,ALL,SF-101,A,202304,27,6010,5.0
E1,M01,101-0,ALL,SF-101,A,202305,28,6140,9.0
E1,M01,101-0,ALL,SF-101,A,202306,29,6270,9.0
E1,M01,101-0,ALL,SF-101,A,202307,30,6400,3.0
E1,M01,101-0,ALL,SF-101,A,202308,31,6530,7.0
E1,M01,101-0,ALL,SF-101,A,202309,32,6660,6.0
E1,M01,101-0,ALL,SF-101,A,202310,33,6790,6.0
E1,M01,101-0,ALL,SF-101,A,202311,34,6920,9.0
E1,M01,101-0,ALL,SF-101,A,202312,35,7050,7.0
E1,M01,101-0,ALL,SF-101,A,202401,36,7180,4.0
E1,M01,101-0,ALL,SF-101,A,202402,37,7310,7.0
E1,M01,101-0,ALL,SF-101,A,202403,38,7440,5.0
E1,M01,101-0,ALL,SF-101,A,202404,39,7570,11.0
E1,M01,101-0,ALL,SF-101,A,202405,40,7700,7.0
E1,M01,101-0,ALL,SF-101,A,202406,41,7830,11.0
E1,M01,101-0,ALL,SF-101,A,202407,42,7960,9.0
E1,M01,101-0,ALL,SF-101,A,202408,43,8090,4.0
E1,M01,101-0,ALL,SF-101,A,202409,44,8220,11.0
E1,M01,101-0,ALL,SF-101,A,202410,45,8350,5.0
E1,M01,101-0,ALL,SF-101,A,202411,46,8480,8.0
E1,M01,101-0,ALL,SF-101,A,202412,47,8610,4.0
E1,M01,101-0,B,SF-101,A,202101,0,600,1.0
E1,M01,101-0,B,SF-101,A,202103,2,662,0.0
E1,M01,101-0,B,SF-101,A,202104,3,694,1.0
E1,M01,101-0,B,SF-101,A,202105,4,725,1.0
E1,M01,101-0,B,SF-101,A,202106,5,756,1.0
E1,M01,101-0,B,SF-101,A,202107,6,787,0.0
E1,M01,101-0,B,SF-101,A,202108,7,818,4.0
E1,M01,101-0,B,SF-101,A,202109,8,850,2.0
E1,M01,101-0,B,SF-101,A,202110,9,881,1.0
E1,M01,101-0,B,SF-101,A,202111,10,912,0.0
E1,M01,101-0,B,SF-101,A,202112,11,943,0.0
E1,M01,101-0,B,SF-101,A,202201,12,974,0.0
E1,M01,101-0,B,SF-101,A,202202,13,1006,3.0
E1,M01,101-0,B,SF-101,A,202203,14,1037,1.0
E1,M01,101-0,B,SF-101,A,202204,15,1068,1.0
E1,M01,101-0,B,SF-101,A,202205,16,1099,1.0
E1,M01,101-0,B,SF-101,A,202206,17,1130,1.0
E1,M01,101-0,B,SF-101,A,202207,18,1162,3.0
E1,M01,101-0,B,SF-101,A,202208,19,1193,4.0
E1,M01,101-0,B,SF-101,A,202209,20,1224,0.0
E1,M01,101-0,B,SF-101,A,202210,21,1255,4.0
E1,M01,101-0,B,SF-101,A,202211,22,1286,1.0
E1,M01,101-0,B,SF-101,A,202212,23,1318,0.0
E1,M01,101-0,B,SF-101,A,202301,24,1349,0.0
E1,M01,101-0,B,SF-101,A,202302,25,1380,1.0
E1,M01,101-0,B,SF-101,A,202303,26,1411,2.0
E1,M01,101-0,B,SF-101,A,202304,27,1442,0.0
E1,M01,101-0,B,SF-101,A,202305,28,1474,2.0
E1,M01,101-0,B,SF-101,A,202306,29,1505,3.0
E1,M01,101-0,B,SF-101,A,202307,30,1536,2.0
E1,M01,101-0,B,SF-101,A,202308,31,1567,2.0
E1,M01,101-0,B,SF-101,A,202309,32,1598,2.0
E1,M01,101-0,B,SF-101,A,202310,33,1630,0.0
E1,M01,101-0,B,SF-101,A,202311,34,1661,4.0
E1,M01,101-0,B,SF-101,A,202312,35,1692,2.0
E1,M01,101-0,B,SF-101,A,202401,36,1723,1.0
E1,M01,101-0,B,SF-101,A,202402,37,1754,2.0
E1,M01,101-0,B,SF-101,A,202403,38,1786,2.0
E1,M01,101-0,B,SF-101,A,202404,39,1817,2.0
E1,M01,101-0,B,SF-101,A,202405,40,1848,3.0
E1,M01,101-0,B,SF-101,A,202406,41,1879,1.0
E1,M01,101-0,B,SF-101,A,202407,42,1910,3.0
E1,M01,101-0,B,SF-101,A,202408,43,1942,2.0
E1,M01,101-0,B,SF-101,A,202409,44,1973,0.0
E1,M01,101-0,B,SF-101,A,202410,45,2004,0.0
E1,M01,101-0,B,SF-101,A,202411,46,2035,5.0
E1,M01,101-0,B,SF-101,A,202412,47,2066,2.0
E1,M01,101-0,C,SF-101,A,202103,2,552,1.0
E1,M01,101-0,C,SF-101,A,202104,3,578,2.0
E1,M01,101-0,C,SF-101,A,202105,4,604,1.0
E1,M01,101-0,C,SF-101,A,202106,5,630,0.0
E1,M01,101-0,C,SF-101,A,202107,6,656,1.0
E1,M01,101-0,C,SF-101,A,202108,7,682,3.0
E1,M01,101-0,C,SF-101,A,202109,8,708,0.0
E1,M01,101-0,C,SF-101,A,202110,9,734,1.0
E1,M01,101-0,C,SF-101,A,202111,10,760,1.0
E1,M01,101-0,C,SF-101,A,202112,11,786,2.0
E1,M01,101-0,C,SF-101,A,202201,12,812,0.0
E1,M01,101-0,C,SF-101,A,202202,13,838,1.0
E1,M01,101-0,C,SF-101,A,202203,14,864,1.0
E1,M01,101-0,C,SF-101,A,202204,15,890,0.0
E1,M01,101-0,C,SF-101,A,202205,16,916,1.0
E1,M01,101-0,C,SF-101,A,202206,17,942,0.0
E1,M01,101-0,C,SF-101,A,202207,18,968,0.0
E1,M01,101-0,C,SF-101,A,202208,19,994,2.0
E1,M01,101-0,C,SF-101,A,202209,20,1020,1.0
E1,M01,101-0,C,SF-101,A,202210,21,1046,0.0
E1,M01,101-0,C,SF-101,A,202211,22,1072,1.0
E1,M01,101-0,C,SF-101,A,202212,23,1098,0.0
E1,M01,101-0,C,SF-101,A,202301,24,1124,1.0
E1,M01,101-0,C,SF-101,A,202302,25,1150,0.0
E1,M01,101-0,C,SF-101,A,202303,26,1176,2.0
E1,M01,101-0,C,SF-101,A,202304,27,1202,0.0
E1,M01,101-0,C,SF-101,A,202305,28,1228,0.0
E1,M01,101-0,C,SF-101,A,202306,29,1254,0.0
E1,M01,101-0,C,SF-101,A,202307,30,1280,0.0
E1,M01,101-0,C,SF-101,A,202308,31,1306,1.0
E1,M01,101-0,C,SF-101,A,202309,32,1332,2.0
E1,M01,101-0,C,SF-101,A,202310,33,1358,2.0
E1,M01,101-0,C,SF-101,A,202311,34,1384,0.0
E1,M01,101-0,C,SF-101,A,202312,35,1410,1.0
E1,M01,101-0,C,SF-101,A,202401,36,1436,0.0
E1,M01,101-0,C,SF-101,A,202402,37,1462,0.0
E1,M01,101-0,C,SF-101,A,202403,38,1488,1.0
E1,M01,101-0,C,SF-101,A,202404,39,1514,2.0
E1,M01,101-0,C,SF-101,A,202405,40,1540,2.0
E1,M01,101-0,C,SF-101,A,202406,41,1566,1.0
E1,M01,101-0,C,SF-101,A,202407,42,1592,3.0
E1,M01,101-0,C,SF-101,A,202408,43,1618,1.0
E1,M01,101-0,C,SF-101,A,202409,44,1644,2.0
E1,M01,101-0,C,SF-101,A,202410,45,1670,1.0
E1,M01,101-0,C,SF-101,A,202411,46,1696,1.0
E1,M01,101-0,D,SF-101,A,202103,2,414,0.0
E1,M01,101-0,D,SF-101,A,202104,3,434,0.0
E1,M01,101-0,D,SF-101,A,202105,4,453,0.0
E1,M01,101-0,D,SF-101,A,202106,5,472,1.0
E1,M01,101-0,D,SF-101,A,202107,6,492,0.0
E1,M01,101-0,D,SF-101,A,202108,7,512,0.0
E1,M01,101-0,D,SF-101,A,202109,8,531,1.0
E1,M01,101-0,D,SF-101,A,202110,9,550,1.0
E1,M01,101-0,D,SF-101,A,202111,10,570,1.0
E1,M01,101-0,D,SF-101,A,202112,11,590,1.0
E1,M01,101-0,D,SF-101,A,202201,12,609,1.0
E1,M01,101-0,D,SF-101,A,202202,13,628,2.0
E1,M01,101-0,D,SF-101,A,202203,14,648,0.0
E1,M01,101-0,D,SF-101,A,202204,15,668,0.0
E1,M01,101-0,D,SF-101,A,202205,16,687,0.0
E1,M01,101-0,D,SF-101,A,202206,17,706,0.0
E1,M01,101-0,D,SF-101,A,202207,18,726,0.0
E1,M01,101-0,D,SF-101,A,202208,19,746,4.0
E1,M01,101-0,D,SF-101,A,202209,20,765,0.0
E1,M01,101-0,D,SF-101,A,202210,21,784,2.0
E1,M01,101-0,D,SF-101,A,202211,22,804,1.0
E1,M01,101-0,D,SF-101,A,202212,23,824,1.0
E1,M01,101-0,D,SF-101,A,202301,24,843,0.0
E1,M01,101-0,D,SF-101,A,202302,25,862,2.0
E1,M01,101-0,D,SF-101,A,202303,26,882,1.0
E1,M01,101-0,D,SF-101,A,202304,27,902,3.0
E1,M01,101-0,D,SF-101,A,202305,28,921,1.0
E1,M01,101-0,D,SF-101,A,202306,29,940,1.0
E1,M01,101-0,D,SF-101,A,202307,30,960,0.0
E1,M01,101-0,D,SF-101,A,202308,31,980,1.0
E1,M01,101-0,D,SF-101,A,202309,32,999,0.0
E1,M01,101-0,D,SF-101,A,202310,33,1018,3.0
E1,M01,101-0,D,SF-101,A,202311,34,1038,1.0
E1,M01,101-0,D,SF-101,A,202312,35,1058,3.0
E1,M01,101-0,D,SF-101,A,202401,36,1077,1.0
E1,M01,101-0,D,SF-101,A,202402,37,1096,2.0
E1,M01,101-0,D,SF-101,A,202403,38,1116,1.0
E1,M01,101-0,D,SF-101,A,202404,39,1136,2.0
E1,M01,101-0,D,SF-101,A,202405,40,1155,1.0
E1,M01,101-0,D,SF-101,A,202406,41,1174,2.0
E1,M01,101-0,D,SF-101,A,202407,42,1194,1.0
E1,M01,101-0,D,SF-101,A,202408,43,1214,0.0
E1,M01,101-0,D,SF-101,A,202409,44,1233,0.0
E1,M01,101-0,D,SF-101,A,202410,45,1252,0.0
E1,M01,101-0,E,SF-101,A,202109,8,248,0.0
E1,M01,101-0,E,SF-101,A,202110,9,257,1.0
E1,M01,101-0,E,SF-101,A,202111,10,266,0.0
E1,M01,101-0,E,SF-101,A,202112,11,275,0.0
E1,M01,101-0,E,SF-101,A,202201,12,284,1.0
E1,M01,101-0,E,SF-101,A,202202,13,293,0.0
E1,M01,101-0,E,SF-101,A,202203,14,302,0.0
E1,M01,101-0,E,SF-101,A,202204,15,312,0.0
E1,M01,101-0,E,SF-101,A,202205,16,321,0.0
E1,M01,101-0,E,SF-101,A,202206,17,330,0.0
E1,M01,101-0,E,SF-101,A,202207,18,339,0.0
E1,M01,101-0,E,SF-101,A,202208,19,348,0.0
E1,M01,101-0,E,SF-101,A,202209,20,357,1.0
E1,M01,101-0,E,SF-101,A,202210,21,366,0.0
E1,M01,101-0,E,SF-101,A,202211,22,375,0.0
E1,M01,101-0,E,SF-101,A,202212,23,384,0.0
E1,M01,101-0,E,SF-101,A,202301,24,393,0.0
E1,M01,101-0,E,SF-101,A,202302,25,403,0.0
E1,M01,101-0,E,SF-101,A,202303,26,412,0.0
E1,M01,101-0,E,SF-101,A,202304,27,421,0.0
E1,M01,101-0,E,SF-101,A,202305,28,430,0.0
E1,M01,101-0,E,SF-101,A,202306,29,439,1.0
E1,M01,101-0,E,SF-101,A,202307,30,448,0.0
E1,M01,101-0,E,SF-101,A,202308,31,457,0.0
E1,M01,101-0,E,SF-101,A,202309,32,466,0.0
E1,M01,101-0,E,SF-101,A,202310,33,475,0.0
E1,M01,101-0,E,SF-101,A,202311,34,484,1.0
E1,M01,101-0,E,SF-101,A,202312,35,494,0.0
E1,M01,101-0,E,SF-101,A,202401,36,503,1.0
E1,M01,101-0,E,SF-101,A,202402,37,512,0.0
E1,M01,101-0,E,SF-101,A,202403,38,521,0.0
E1,M01,101-0,E,SF-101,A,202404,39,530,1.0
E1,M01,101-0,E,SF-101,A,202405,40,539,0.0
E1,M01,101-0,E,SF-101,A,202406,41,548,1.0
E1,M01,101-0,E,SF-101,A,202407,42,557,1.0
E1,M01,101-0,E,SF-101,A,202408,43,566,0.0
E1,M01,101-0,E,SF-101,A,202409,44,575,1.0
E1,M01,101-0,E,SF-101,A,202410,45,584,0.0
E1,M01,101-0,E,SF-101,A,202411,46,594,0.0
E1,M01,101-0,E,SF-101,A,202412,47,603,0.0
E1,M01,102-0,A,SF-102,A,202101,0,850,1.0
E1,M01,102-0,A,SF-102,A,202102,1,894,2.0
E1,M01,102-0,A,SF-102,A,202103,2,938,2.0
E1,M01,102-0,A,SF-102,A,202104,3,983,1.0
E1,M01,102-0,A,SF-102,A,202105,4,1027,4.0
E1,M01,102-0,A,SF-102,A,202106,5,1071,0.0
E1,M01,102-0,A,SF-102,A,202107,6,1115,1.0
E1,M01,102-0,A,SF-102,A,202108,7,1159,0.0
E1,M01,102-0,A,SF-102,A,202109,8,1204,0.0
E1,M01,102-0,A,SF-102,A,202110,9,1248,1.0
E1,M01,102-0,A,SF-102,A,202111,10,1292,3.0
E1,M01,102-0,A,SF-102,A,202112,11,1336,3.0
E1,M01,102-0,A,SF-102,A,202201,12,1380,1.0
E1,M01,102-0,A,SF-102,A,202202,13,1425,1.0
E1,M01,102-0,A,SF-102,A,202203,14,1469,2.0
E1,M01,102-0,A,SF-102,A,202204,15,1513,1.0
E1,M01,102-0,A,SF-102,A,202205,16,1557,0.0
E1,M01,102-0,A,SF-102,A,202206,17,1601,1.0
E1,M01,102-0,A,SF-102,A,202207,18,1646,5.0
E1,M01,102-0,A,SF-102,A,202208,19,1690,0.0
E1,M01,102-0,A,SF-102,A,202209,20,1734,1.0
E1,M01,102-0,A,SF-102,A,202210,21,1778,2.0
E1,M01,102-0,A,SF-102,A,202211,22,1822,2.0
E1,M01,102-0,A,SF-102,A,202212,23,1867,2.0
E1,M01,102-0,A,SF-102,A,202301,24,1911,3.0
E1,M01,102-0,A,SF-102,A,202302,25,1955,5.0
E1,M01,102-0,A,SF-102,A,202303,26,1999,0.0
E1,M01,102-0,A,SF-102,A,202304,27,2043,2.0
E1,M01,102-0,A,SF-102,A,202305,28,2088,2.0
E1,M01,102-0,A,SF-102,A,202306,29,2132,1.0
E1,M01,102-0,A,SF-102,A,202307,30,2176,2.0
E1,M01,102-0,A,SF-102,A,202308,31,2220,3.0
E1,M01,102-0,A,SF-102,A,202309,32,2264,1.0
E1,M01,102-0,A,SF-102,A,202310,33,2309,5.0
E1,M01,102-0,A,SF-102,A,202311,34,2353,6.0
E1,M01,102-0,A,SF-102,A,202312,35,2397,4.0
E1,M01,102-0,A,SF-102,A,202401,36,2441,2.0
E1,M01,102-0,A,SF-102,A,202402,37,2485,3.0
E1,M01,102-0,A,SF-102,A,202403,38,2530,6.0
E1,M01,102-0,A,SF-102,A,202404,39,2574,1.0
E1,M01,102-0,A,SF-102,A,202405,40,2618,4.0
E1,M01,102-0,A,SF-102,A,202406,41,2662,2.0
E1,M01,102-0,A,SF-102,A,202407,42,2706,1.0
E1,M01,102-0,A,SF-102,A,202408,43,2751,2.0
E1,M01,102-0,A,SF-102,A,202409,44,2795,5.0
E1,M01,102-0,A,SF-102,A,202410,45,2839,2.0
E1,M01,102-0,A,SF-102,A,202411,46,2883,4.0
E1,M01,102-0,A,SF-102,A,202412,47,2927,1.0
E1,M01,102-0,ALL,SF-102,A,202101,0,2500,3.0
E1,M01,102-0,ALL,SF-102,A,202102,1,2630,4.0
E1,M01,102-0,ALL,SF-102,A,202103,2,2760,3.0
E1,M01,102-0,ALL,SF-102,A,202104,3,2890,2.0
E1,M01,102-0,ALL,SF-102,A,202105,4,3020,5.0
E1,M01,102-0,ALL,SF-102,A,202106,5,3150,3.0
E1,M01,102-0,ALL,SF-102,A,202107,6,3280,3.0
E1,M01,102-0,ALL,SF-102,A,202108,7,3410,2.0
E1,M01,102-0,ALL,SF-102,A,202109,8,3540,2.0
E1,M01,102-0,ALL,SF-102,A,202110,9,3670,4.0
E1,M01,102-0,ALL,SF-102,A,202111,10,3800,6.0
E1,M01,102-0,ALL,SF-102,A,202112,11,3930,7.0
E1,M01,102-0,ALL,SF-102,A,202201,12,4060,9.0
E1,M01,102-0,ALL,SF-102,A,202202,13,4190,4.0
E1,M01,102-0,ALL,SF-102,A,202203,14,4320,6.0
E1,M01,102-0,ALL,SF-102,A,202204,15,4450,5.0
E1,M01,102-0,ALL,SF-102,A,202205,16,4580,0.0
E1,M01,102-0,ALL,SF-102,A,202206,17,4710,3.0
E1,M01,102-0,ALL,SF-102,A,202207,18,4840,11.0
E1,M01,102-0,ALL,SF-102,A,202208,19,4970,5.0
E1,M01,102-0,ALL,SF-102,A,202209,20,5100,3.0
E1,M01,102-0,ALL,SF-102,A,202210,21,5230,6.0
E1,M01,102-0,ALL,SF-102,A,202211,22,5360,7.0
E1,M01,102-0,ALL,SF-102,A,202212,23,5490,9.0
E1,M01,102-0,ALL,SF-102,A,202301,24,5620,8.0
E1,M01,102-0,ALL,SF-102,A,202302,25,5750,12.0
E1,M01,102-0,ALL,SF-102,A,202303,26,5880,5.0
E1,M01,102-0,ALL,SF-102,A,202304,27,6010,10.0
E1,M01,102-0,ALL,SF-102,A,202305,28,6140,7.0
E1,M01,102-0,ALL,SF-102,A,202306,29,6270,5.0
E1,M01,102-0,ALL,SF-102,A,202307,30,6400,8.0
E1,M01,102-0,ALL,SF-102,A,202308,31,6530,5.0
E1,M01,102-0,ALL,SF-102,A,202309,32,6660,7.0
E1,M01,102-0,ALL,SF-102,A,202310,33,6790,11.0
E1,M01,102-0,ALL,SF-102,A,202311,34,6920,11.0
E1,M01,102-0,ALL,SF-102,A,202312,35,7050,8.0
E1,M01,102-0,ALL,SF-102,A,202401,36,7180,5.0
E1,M01,102-0,ALL,SF-102,A,202402,37,7310,11.0
E1,M01,102-0,ALL,SF-102,A,202403,38,7440,17.0
E1,M01,102-0,ALL,SF-102,A,202404,39,7570,9.0
E1,M01,102-0,ALL,SF-102,A,202405,40,7700,10.0
E1,M01,102-0,ALL,SF-102,A,202406,41,7830,8.0
E1,M01,102-0,ALL,SF-102,A,202407,42,7960,5.0
E1,M01,102-0,ALL,SF-102,A,202408,43,8090,5.0
E1,M01,102-0,ALL,SF-102,A,202409,44,8220,11.0
E1,M01,102-0,ALL,SF-102,A,202410,45,8350,6.0
E1,M01,102-0,ALL,SF-102,A,202411,46,8480,9.0
E1,M01,102-0,ALL,SF-102,A,202412,47,8610,3.0
E1,M01,102-0,B,SF-102,A,202102,1,631,1.0
E1,M01,102-0,B,SF-102,A,202103,2,662,0.0
E1,M01,102-0,B,SF-102,A,202104,3,694,1.0
E1,M01,102-0,B,SF-102,A,202105,4,725,1.0
E1,M01,102-0,B,SF-102,A,202106,5,756,1.0
E1,M01,102-0,B,SF-102,A,202107,6,787,1.0
E1,M01,102-0,B,SF-102,A,202108,7,818,1.0
E1,M01,102-0,B,SF-102,A,202109,8,850,1.0
E1,M01,102-0,B,SF-102,A,202110,9,881,1.0
E1,M01,102-0,B,SF-102,A,202111,10,912,0.0
E1,M01,102-0,B,SF-102,A,202112,11,943,2.0
E1,M01,102-0,B,SF-102,A,202201,12,974,4.0
E1,M01,102-0,B,SF-102,A,202202,13,1006,1.0
E1,M01,102-0,B,SF-102,A,202203,14,1037,0.0
E1,M01,102-0,B,SF-102,A,202204,15,1068,2.0
E1,M01,102-0,B,SF-102,A,202205,16,1099,0.0
E1,M01,102-0,B,SF-102,A,202206,17,1130,2.0
E1,M01,102-0,B,SF-102,A,202207,18,1162,3.0
E1,M01,102-0,B,SF-102,A,202208,19,1193,2.0
E1,M01,102-0,B,SF-102,A,202209,20,1224,1.0
E1,M01,102-0,B,SF-102,A,202210,21,1255,1.0
E1,M01,102-0,B,SF-102,A,202211,22,1286,2.0
E1,M01,102-0,B,SF-102,A,202212,23,1318,2.0
E1,M01,102-0,B,SF-102,A,202301,24,1349,2.0
E1,M01,102-0,B,SF-102,A,202302,25,1380,4.0
E1,M01,102-0,B,SF-102,A,202303,26,1411,0.0
E1,M01,102-0,B,SF-102,A,202304,27,1442,4.0
E1,M01,102-0,B,SF-102,A,202305,28,1474,2.0
E1,M01,102-0,B,SF-102,A,202306,29,1505,1.0
E1,M01,102-0,B,SF-102,A,202307,30,1536,3.0
E1,M01,102-0,B,SF-102,A,202308,31,1567,1.0
E1,M01,102-0,B,SF-102,A,202309,32,1598,2.0
E1,M01,102-0,B,SF-102,A,202310,33,1630,4.0
E1,M01,102-0,B,SF-102,A,202311,34,1661,2.0
E1,M01,102-0,B,SF-102,A,202312,35,1692,3.0
E1,M01,102-0,B,SF-102,A,202401,36,1723,0.0
E1,M01,102-0,B,SF-102,A,202402,37,1754,5.0
E1,M01,102-0,B,SF-102,A,202403,38,1786,3.0
E1,M01,102-0,B,SF-102,A,202404,39,1817,1.0
E1,M01,102-0,B,SF-102,A,202405,40,1848,2.0
E1,M01,102-0,B,SF-102,A,202406,41,1879,3.0
E1,M01,102-0,B,SF-102,A,202407,42,1910,2.0
E1,M01,102-0,B,SF-102,A,202408,43,1942,1.0
E1,M01,102-0,B,SF-102,A,202409,44,1973,3.0
E1,M01,102-0,B,SF-102,A,202410,45,2004,2.0
E1,M01,102-0,B,SF-102,A,202411,46,2035,3.0
E1,M01,102-0,B,SF-102,A,202412,47,2066,1.0
E1,M01,102-0,C,SF-102,A,202101,0,500,1.0
E1,M01,102-0,C,SF-102,A,202102,1,526,1.0
E1,M01,102-0,C,SF-102,A,202103,2,552,0.0
E1,M01,102-0,C,SF-102,A,202104,3,578,0.0
E1,M01,102-0,C,SF-102,A,202105,4,604,0.0
E1,M01,102-0,C,SF-102,A,202106,5,630,1.0
E1,M01,102-0,C,SF-102,A,202107,6,656,1.0
E1,M01,102-0,C,SF-102,A,202108,7,682,1.0
E1,M01,102-0,C,SF-102,A,202109,8,708,0.0
E1,M01,102-0,C,SF-102,A,202110,9,734,2.0
E1,M01,102-0,C,SF-102,A,202111,10,760,3.0
E1,M01,102-0,C,SF-102,A,202112,11,786,2.0
E1,M01,102-0,C,SF-102,A,202201,12,812,2.0
E1,M01,102-0,C,SF-102,A,202202,13,838,2.0
E1,M01,102-0,C,SF-102,A,202203,14,864,3.0
E1,M01,102-0,C,SF-102,A,202204,15,890,1.0
E1,M01,102-0,C,SF-102,A,202205,16,916,0.0
E1,M01,102-0,C,SF-102,A,202206,17,942,0.0
E1,M01,102-0,C,SF-102,A,202207,18,968,1.0
E1,M01,102-0,C,SF-102,A,202208,19,994,2.0
E1,M01,102-0,C,SF-102,A,202209,20,1020,0.0
E1,M01,102-0,C,SF-102,A,202210,21,1046,0.0
E1,M01,102-0,C,SF-102,A,202211,22,1072,1.0
E1,M01,102-0,C,SF-102,A,202212,23,1098,2.0
E1,M01,102-0,C,SF-102,A,202301,24,1124,1.0
E1,M01,102-0,C,SF-102,A,202302,25,1150,2.0
E1,M01,102-0,C,SF-102,A,202303,26,1176,2.0
E1,M01,102-0,C,SF-102,A,202304,27,1202,2.0
E1,M01,102-0,C,SF-102,A,202305,28,1228,2.0
E1,M01,102-0,C,SF-102,A,202306,29,1254,1.0
E1,M01,102-0,C,SF-102,A,202307,30,1280,3.0
E1,M01,102-0,C,SF-102,A,202308,31,1306,1.0
E1,M01,102-0,C,SF-102,A,202309,32,1332,1.0
E1,M01,102-0,C,SF-102,A,202310,33,1358,2.0
E1,M01,102-0,C,SF-102,A,202311,34,1384,1.0
E1,M01,102-0,C,SF-102,A,202312,35,1410,0.0
E1,M01,102-0,C,SF-102,A,202401,36,1436,0.0
E1,M01,102-0,C,SF-102,A,202402,37,1462,2.0
E1,M01,102-0,C,SF-102,A,202403,38,1488,4.0
E1,M01,102-0,C,SF-102,A,202404,39,1514,3.0
E1,M01,102-0,C,SF-102,A,202405,40,1540,1.0
E1,M01,102-0,C,SF-102,A,202406,41,1566,2.0
E1,M01,102-0,C,SF-102,A,202407,42,1592,1.0
E1,M01,102-0,C,SF-102,A,202408,43,1618,0.0
E1,M01,102-0,C,SF-102,A,202409,44,1644,1.0
E1,M01,102-0,C,SF-102,A,202410,45,1670,2.0
E1,M01,102-0,C,SF-102,A,202411,46,1696,1.0
E1,M01,102-0,D,SF-102,A,202101,0,375,1.0
E1,M01,102-0,D,SF-102,A,202103,2,414,1.0
E1,M01,102-0,D,SF-102,A,202104,3,434,0.0
E1,M01,102-0,D,SF-102,A,202105,4,453,0.0
E1,M01,102-0,D,SF-102,A,202106,5,472,1.0
E1,M01,102-0,D,SF-102,A,202107,6,492,0.0
E1,M01,102-0,D,SF-102,A,202108,7,512,0.0
E1,M01,102-0,D,SF-102,A,202109,8,531,1.0
E1,M01,102-0,D,SF-102,A,202110,9,550,0.0
E1,M01,102-0,D,SF-102,A,202111,10,570,0.0
E1,M01,102-0,D,SF-102,A,202112,11,590,0.0
E1,M01,102-0,D,SF-102,A,202201,12,609,1.0
E1,M01,102-0,D,SF-102,A,202202,13,628,0.0
E1,M01,102-0,D,SF-102,A,202203,14,648,0.0
E1,M01,102-0,D,SF-102,A,202204,15,668,1.0
E1,M01,102-0,D,SF-102,A,202205,16,687,0.0
E1,M01,102-0,D,SF-102,A,202206,17,706,0.0
E1,M01,102-0,D,SF-102,A,202207,18,726,1.0
E1,M01,102-0,D,SF-102,A,202208,19,746,0.0
E1,M01,102-0,D,SF-102,A,202209,20,765,0.0
E1,M01,102-0,D,SF-102,A,202210,21,784,2.0
E1,M01,102-0,D,SF-102,A,202211,22,804,1.0
E1,M01,102-0,D,SF-102,A,202212,23,824,1.0
E1,M01,102-0,D,SF-102,A,202301,24,843,2.0
E1,M01,102-0,D,SF-102,A,202302,25,862,0.0
E1,M01,102-0,D,SF-102,A,202303,26,882,1.0
E1,M01,102-0,D,SF-102,A,202304,27,902,2.0
E1,M01,102-0,D,SF-102,A,202305,28,921,0.0
E1,M01,102-0,D,SF-102,A,202306,29,940,2.0
E1,M01,102-0,D,SF-102,A,202307,30,960,0.0
E1,M01,102-0,D,SF-102,A,202308,31,980,0.0
E1,M01,102-0,D,SF-102,A,202309,32,999,2.0
E1,M01,102-0,D,SF-102,A,202310,33,1018,0.0
E1,M01,102-0,D,SF-102,A,202311,34,1038,0.0
E1,M01,102-0,D,SF-102,A,202312,35,1058,1.0
E1,M01,102-0,D,SF-102,A,202401,36,1077,3.0
E1,M01,102-0,D,SF-102,A,202402,37,1096,1.0
E1,M01,102-0,D,SF-102,A,202403,38,1116,3.0
E1,M01,102-0,D,SF-102,A,202404,39,1136,3.0
E1,M01,102-0,D,SF-102,A,202405,40,1155,2.0
E1,M01,102-0,D,SF-102,A,202406,41,1174,1.0
E1,M01,102-0,D,SF-102,A,202407,42,1194,0.0
E1,M01,102-0,D,SF-102,A,202408,43,1214,2.0
E1,M01,102-0,D,SF-102,A,202409,44,1233,1.0
E1,M01,102-0,D,SF-102,A,202410,45,1252,0.0
E1,M01,102-0,E,SF-102,A,202109,8,248,0.0
E1,M01,102-0,E,SF-102,A,202110,9,257,0.0
E1,M01,102-0,E,SF-102,A,202111,10,266,0.0
E1,M01,102-0,E,SF-102,A,202112,11,275,0.0
E1,M01,102-0,E,SF-102,A,202201,12,284,1.0
E1,M01,102-0,E,SF-102,A,202202,13,293,0.0
E1,M01,102-0,E,SF-102,A,202203,14,302,1.0
E1,M01,102-0,E,SF-102,A,202204,15,312,0.0
E1,M01,102-0,E,SF-102,A,202205,16,321,0.0
E1,M01,102-0,E,SF-102,A,202206,17,330,0.0
E1,M01,102-0,E,SF-102,A,202207,18,339,1.0
E1,M01,102-0,E,SF-102,A,202208,19,348,1.0
E1,M01,102-0,E,SF-102,A,202209,20,357,1.0
E1,M01,102-0,E,SF-102,A,202210,21,366,1.0
E1,M01,102-0,E,SF-102,A,202211,22,375,1.0
E1,M01,102-0,E,SF-102,A,202212,23,384,2.0
E1,M01,102-0,E,SF-102,A,202301,24,393,0.0
E1,M01,102-0,E,SF-102,A,202302,25,403,1.0
E1,M01,102-0,E,SF-102,A,202303,26,412,2.0
E1,M01,102-0,E,SF-102,A,202304,27,421,0.0
E1,M01,102-0,E,SF-102,A,202305,28,430,1.0
E1,M01,102-0,E,SF-102,A,202306,29,439,0.0
E1,M01,102-0,E,SF-102,A,202307,30,448,0.0
E1,M01,102-0,E,SF-102,A,202308,31,457,0.0
E1,M01,102-0,E,SF-102,A,202309,32,466,1.0
E1,M01,102-0,E,SF-102,A,202310,33,475,0.0
E1,M01,102-0,E,SF-102,A,202311,34,484,2.0
E1,M01,102-0,E,SF-102,A,202312,35,494,0.0
E1,M01,102-0,E,SF-102,A,202401,36,503,0.0
E1,M01,102-0,E,SF-102,A,202402,37,512,0.0
E1,M01,102-0,E,SF-102,A,202403,38,521,1.0
E1,M01,102-0,E,SF-102,A,202404,39,530,1.0
E1,M01,102-0,E,SF-102,A,202405,40,539,1.0
E1,M01,102-0,E,SF-102,A,202406,41,548,0.0
E1,M01,102-0,E,SF-102,A,202407,42,557,1.0
E1,M01,102-0,E,SF-102,A,202408,43,566,0.0
E1,M01,102-0,E,SF-102,A,202409,44,575,1.0
E1,M01,102-0,E,SF-102,A,202410,45,584,0.0
E1,M01,102-0,E,SF-102,A,202411,46,594,1.0
E1,M01,102-0,E,SF-102,A,202412,47,603,1.0
E1,M01,103-0,A,SF-103,A,202102,1,894,1.0
E1,M01,103-0,A,SF-103,A,202103,2,938,1.0
E1,M01,103-0,A,SF-103,A,202104,3,983,0.0
E1,M01,103-0,A,SF-103,A,202105,4,1027,2.0
E1,M01,103-0,A,SF-103,A,202106,5,1071,0.0
E1,M01,103-0,A,SF-103,A,202107,6,1115,2.0
E1,M01,103-0,A,SF-103,A,202108,7,1159,2.0
E1,M01,103-0,A,SF-103,A,202109,8,1204,1.0
E1,M01,103-0,A,SF-103,A,202110,9,1248,2.0
E1,M01,103-0,A,SF-103,A,202111,10,1292,1.0
E1,M01,103-0,A,SF-103,A,202112,11,1336,1.0
E1,M01,103-0,A,SF-103,A,202201,12,1380,1.0
E1,M01,103-0,A,SF-103,A,202202,13,1425,0.0
E1,M01,103-0,A,SF-103,A,202203,14,1469,0.0
E1,M01,103-0,A,SF-103,A,202204,15,1513,3.0
E1,M01,103-0,A,SF-103,A,202205,16,1557,2.0
E1,M01,103-0,A,SF-103,A,202206,17,1601,2.0
E1,M01,103-0,A,SF-103,A,202207,18,1646,1.0
E1,M01,103-0,A,SF-103,A,202208,19,1690,0.0
E1,M01,103-0,A,SF-103,A,202209,20,1734,0.0
E1,M01,103-0,A,SF-103,A,202210,21,1778,0.0
E1,M01,103-0,A,SF-103,A,202211,22,1822,2.0
E1,M01,103-0,A,SF-103,A,202212,23,1867,0.0
E1,M01,103-0,A,SF-103,A,202301,24,1911,2.0
E1,M01,103-0,A,SF-103,A,202302,25,1955,1.0
E1,M01,103-0,A,SF-103,A,202303,26,1999,0.0
E1,M01,103-0,A,SF-103,A,202304,27,2043,1.0
E1,M01,103-0,A,SF-103,A,202305,28,2088,0.0
E1,M01,103-0,A,SF-103,A,202306,29,2132,3.0
E1,M01,103-0,A,SF-103,A,202307,30,2176,2.0
E1,M01,103-0,A,SF-103,A,202308,31,2220,2.0
E1,M01,103-0,A,SF-103,A,202309,32,2264,1.0
E1,M01,103-0,A,SF-103,A,202310,33,2309,3.0
E1,M01,103-0,A,SF-103,A,202311,34,2353,3.0
E1,M01,103-0,A,SF-103,A,202312,35,2397,1.0
E1,M01,103-0,A,SF-103,A,202401,36,2441,1.0
E1,M01,103-0,A,SF-103,A,202402,37,2485,1.0
E1,M01,103-0,A,SF-103,A,202403,38,2530,2.0
E1,M01,103-0,A,SF-103,A,202404,39,2574,3.0
E1,M01,103-0,A,SF-103,A,202405,40,2618,2.0
E1,M01,103-0,A,SF-103,A,202406,41,2662,3.0
E1,M01,103-0,A,SF-103,A,202407,42,2706,2.0
E1,M01,103-0,A,SF-103,A,202408,43,2751,3.0
E1,M01,103-0,A,SF-103,A,202409,44,2795,2.0
E1,M01,103-0,A,SF-103,A,202410,45,2839,3.0
E1,M01,103-0,A,SF-103,A,202411,46,2883,1.0
E1,M01,103-0,A,SF-103,A,202412,47,2927,1.0
E1,M01,103-0,ALL,SF-103,A,202101,0,2500,1.0
E1,M01,103-0,ALL,SF-103,A,202102,1,2630,3.0
E1,M01,103-0,ALL,SF-103,A,202103,2,2760,1.0
E1,M01,103-0,ALL,SF-103,A,202104,3,2890,1.0
E1,M01,103-0,ALL,SF-103,A,202105,4,3020,3.0
E1,M01,103-0,ALL,SF-103,A,202106,5,3150,0.0
E1,M01,103-0,ALL,SF-103,A,202107,6,3280,2.0
E1,M01,103-0,ALL,SF-103,A,202108,7,3410,4.0
E1,M01,103-0,ALL,SF-103,A,202109,8,3540,2.0
E1,M01,103-0,ALL,SF-103,A,202110,9,3670,3.0
E1,M01,103-0,ALL,SF-103,A,202111,10,3800,4.0
E1,M01,103-0,ALL,SF-103,A,202112,11,3930,1.0
E1,M01,103-0,ALL,SF-103,A,202201,12,4060,5.0
E1,M01,103-0,ALL,SF-103,A,202202,13,4190,1.0
E1,M01,103-0,ALL,SF-103,A,202203,14,4320,3.0
E1,M01,103-0,ALL,SF-103,A,202204,15,4450,4.0
E1,M01,103-0,ALL,SF-103,A,202205,16,4580,4.0
E1,M01,103-0,ALL,SF-103,A,202206,17,4710,2.0
E1,M01,103-0,ALL,SF-103,A,202207,18,4840,1.0
E1,M01,103-0,ALL,SF-103,A,202208,19,4970,5.0
E1,M01,103-0,ALL,SF-103,A,202209,20,5100,3.0
E1,M01,103-0,ALL,SF-103,A,202210,21,5230,2.0
E1,M01,103-0,ALL,SF-103,A,202211,22,5360,5.0
E1,M01,103-0,ALL,SF-103,A,202212,23,5490,7.0
E1,M01,103-0,ALL,SF-103,A,202301,24,5620,4.0
E1,M01,103-0,ALL,SF-103,A,202302,25,5750,6.0
E1,M01,103-0,ALL,SF-103,A,202303,26,5880,4.0
E1,M01,103-0,ALL,SF-103,A,202304,27,6010,4.0
E1,M01,103-0,ALL,SF-103,A,202305,28,6140,7.0
E1,M01,103-0,ALL,SF-103,A,202306,29,6270,4.0
E1,M01,103-0,ALL,SF-103,A,202307,30,6400,4.0
E1,M01,103-0,ALL,SF-103,A,202308,31,6530,5.0
E1,M01,103-0,ALL,SF-103,A,202309,32,6660,2.0
E1,M01,103-0,ALL,SF-103,A,202310,33,6790,6.0
E1,M01,103-0,ALL,SF-103,A,202311,34,6920,5.0
E1,M01,103-0,ALL,SF-103,A,202312,35,7050,7.0
E1,M01,103-0,ALL,SF-103,A,202401,36,7180,8.0
E1,M01,103-0,ALL,SF-103,A,202402,37,7310,9.0
E1,M01,103-0,ALL,SF-103,A,202403,38,7440,4.0
E1,M01,103-0,ALL,SF-103,A,202404,39,7570,5.0
E1,M01,103-0,ALL,SF-103,A,202405,40,7700,5.0
E1,M01,103-0,ALL,SF-103,A,202406,41,7830,6.0
E1,M01,103-0,ALL,SF-103,A,202407,42,7960,5.0
E1,M01,103-0,ALL,SF-103,A,202408,43,8090,6.0
E1,M01,103-0,ALL,SF-103,A,202409,44,8220,5.0
E1,M01,103-0,ALL,SF-103,A,202410,45,8350,8.0
E1,M01,103-0,ALL,SF-103,A,202411,46,8480,4.0
E1,M01,103-0,ALL,SF-103,A,202412,47,8610,2.0
E1,M01,103-0,B,SF-103,A,202103,2,662,0.0
E1,M01,103-0,B,SF-103,A,202104,3,694,0.0
E1,M01,103-0,B,SF-103,A,202105,4,725,0.0
E1,M01,103-0,B,SF-103,A,202106,5,756,0.0
E1,M01,103-0,B,SF-103,A,202107,6,787,0.0
E1,M01,103-0,B,SF-103,A,202108,7,818,0.0
E1,M01,103-0,B,SF-103,A,202109,8,850,1.0
E1,M01,103-0,B,SF-103,A,202110,9,881,0.0
E1,M01,103-0,B,SF-103,A,202111,10,912,1.0
E1,M01,103-0,B,SF-103,A,202112,11,943,0.0
E1,M01,103-0,B,SF-103,A,202201,12,974,0.0
E1,M01,103-0,B,SF-103,A,202202,13,1006,0.0
E1,M01,103-0,B,SF-103,A,202203,14,1037,1.0
E1,M01,103-0,B,SF-103,A,202204,15,1068,0.0
E1,M01,103-0,B,SF-103,A,202205,16,1099,1.0
E1,M01,103-0,B,SF-103,A,202206,17,1130,0.0
E1,M01,103-0,B,SF-103,A,202207,18,1162,0.0
E1,M01,103-0,B,SF-103,A,202208,19,1193,3.0
E1,M01,103-0,B,SF-103,A,202209,20,1224,1.0
E1,M01,103-0,B,SF-103,A,202210,21,1255,2.0
E1,M01,103-0,B,SF-103,A,202211,22,1286,0.0
E1,M01,103-0,B,SF-103,A,202212,23,1318,2.0
E1,M01,103-0,B,SF-103,A,202301,24,1349,1.0
E1,M01,103-0,B,SF-103,A,202302,25,1380,2.0
E1,M01,103-0,B,SF-103,A,202303,26,1411,1.0
E1,M01,103-0,B,SF-103,A,202304,27,1442,0.0
E1,M01,103-0,B,SF-103,A,202305,28,1474,1.0
E1,M01,103-0,B,SF-103,A,202306,29,1505,0.0
E1,M01,103-0,B,SF-103,A,202307,30,1536,1.0
E1,M01,103-0,B,SF-103,A,202308,31,1567,1.0
E1,M01,103-0,B,SF-103,A,202309,32,1598,1.0
E1,M01,103-0,B,SF-103,A,202310,33,1630,1.0
E1,M01,103-0,B,SF-103,A,202311,34,1661,1.0
E1,M01,103-0,B,SF-103,A,202312,35,1692,5.0
E1,M01,103-0,B,SF-103,A,202401,36,1723,5.0
E1,M01,103-0,B,SF-103,A,202402,37,1754,3.0
E1,M01,103-0,B,SF-103,A,202403,38,1786,0.0
E1,M01,103-0,B,SF-103,A,202404,39,1817,0.0
E1,M01,103-0,B,SF-103,A,202405,40,1848,1.0
E1,M01,103-0,B,SF-103,A,202406,41,1879,1.0
E1,M01,103-0,B,SF-103,A,202407,42,1910,1.0
E1,M01,103-0,B,SF-103,A,202408,43,1942,2.0
E1,M01,103-0,B,SF-103,A,202409,44,1973,0.0
E1,M01,103-0,B,SF-103,A,202410,45,2004,3.0
E1,M01,103-0,B,SF-103,A,202411,46,2035,2.0
E1,M01,103-0,B,SF-103,A,202412,47,2066,1.0
E1,M01,103-0,C,SF-103,A,202101,0,500,1.0
E1,M01,103-0,C,SF-103,A,202102,1,526,1.0
E1,M01,103-0,C,SF-103,A,202103,2,552,0.0
E1,M01,103-0,C,SF-103,A,202104,3,578,1.0
E1,M01,103-0,C,SF-103,A,202105,4,604,1.0
E1,M01,103-0,C,SF-103,A,202106,5,630,0.0
E1,M01,103-0,C,SF-103,A,202107,6,656,0.0
E1,M01,103-0,C,SF-103,A,202108,7,682,0.0
E1,M01,103-0,C,SF-103,A,202109,8,708,0.0
E1,M01,103-0,C,SF-103,A,202110,9,734,0.0
E1,M01,103-0,C,SF-103,A,202111,10,760,1.0
E1,M01,103-0,C,SF-103,A,202112,11,786,0.0
E1,M01,103-0,C,SF-103,A,202201,12,812,2.0
E1,M01,103-0,C,SF-103,A,202202,13,838,0.0
E1,M01,103-0,C,SF-103,A,202203,14,864,2.0
E1,M01,103-0,C,SF-103,A,202204,15,890,1.0
E1,M01,103-0,C,SF-103,A,202205,16,916,1.0
E1,M01,103-0,C,SF-103,A,202206,17,942,0.0
E1,M01,103-0,C,SF-103,A,202207,18,968,0.0
E1,M01,103-0,C,SF-103,A,202208,19,994,2.0
E1,M01,103-0,C,SF-103,A,202209,20,1020,2.0
E1,M01,103-0,C,SF-103,A,202210,21,1046,0.0
E1,M01,103-0,C,SF-103,A,202211,22,1072,1.0
E1,M01,103-0,C,SF-103,A,202212,23,1098,1.0
E1,M01,103-0,C,SF-103,A,202301,24,1124,0.0
E1,M01,103-0,C,SF-103,A,202302,25,1150,2.0
E1,M01,103-0,C,SF-103,A,202303,26,1176,2.0
E1,M01,103-0,C,SF-103,A,202304,27,1202,2.0
E1,M01,103-0,C,SF-103,A,202305,28,1228,4.0
E1,M01,103-0,C,SF-103,A,202306,29,1254,1.0
E1,M01,103-0,C,SF-103,A,202307,30,1280,1.0
E1,M01,103-0,C,SF-103,A,202308,31,1306,0.0
E1,M01,103-0,C,SF-103,A,202309,32,1332,0.0
E1,M01,103-0,C,SF-103,A,202310,33,1358,1.0
E1,M01,103-0,C,SF-103,A,202311,34,1384,0.0
E1,M01,103-0,C,SF-103,A,202312,35,1410,0.0
E1,M01,103-0,C,SF-103,A,202401,36,1436,1.0
E1,M01,103-0,C,SF-103,A,202402,37,1462,3.0
E1,M01,103-0,C,SF-103,A,202403,38,1488,0.0
E1,M01,103-0,C,SF-103,A,202404,39,1514,0.0
E1,M01,103-0,C,SF-103,A,202405,40,1540,2.0
E1,M01,103-0,C,SF-103,A,202406,41,1566,2.0
E1,M01,103-0,C,SF-103,A,202407,42,1592,1.0
E1,M01,103-0,C,SF-103,A,202408,43,1618,0.0
E1,M01,103-0,C,SF-103,A,202409,44,1644,2.0
E1,M01,103-0,C,SF-103,A,202410,45,1670,2.0
E1,M01,103-0,C,SF-103,A,202411,46,1696,1.0
E1,M01,103-0,D,SF-103,A,202102,1,394,1.0
E1,M01,103-0,D,SF-103,A,202103,2,414,0.0
E1,M01,103-0,D,SF-103,A,202104,3,434,0.0
E1,M01,103-0,D,SF-103,A,202105,4,453,0.0
E1,M01,103-0,D,SF-103,A,202106,5,472,0.0
E1,M01,103-0,D,SF-103,A,202107,6,492,0.0
E1,M01,103-0,D,SF-103,A,202108,7,512,2.0
E1,M01,103-0,D,SF-103,A,202109,8,531,0.0
E1,M01,103-0,D,SF-103,A,202110,9,550,0.0
E1,M01,103-0,D,SF-103,A,202111,10,570,1.0
E1,M01,103-0,D,SF-103,A,202112,11,590,0.0
E1,M01,103-0,D,SF-103,A,202201,12,609,1.0
E1,M01,103-0,D,SF-103,A,202202,13,628,0.0
E1,M01,103-0,D,SF-103,A,202203,14,648,0.0
E1,M01,103-0,D,SF-103,A,202204,15,668,0.0
E1,M01,103-0,D,SF-103,A,202205,16,687,0.0
E1,M01,103-0,D,SF-103,A,202206,17,706,0.0
E1,M01,103-0,D,SF-103,A,202207,18,726,0.0
E1,M01,103-0,D,SF-103,A,202208,19,746,0.0
E1,M01,103-0,D,SF-103,A,202209,20,765,0.0
E1,M01,103-0,D,SF-103,A,202210,21,784,0.0
E1,M01,103-0,D,SF-103,A,202211,22,804,1.0
E1,M01,103-0,D,SF-103,A,202212,23,824,4.0
E1,M01,103-0,D,SF-103,A,202301,24,843,1.0
E1,M01,103-0,D,SF-103,A,202302,25,862,0.0
E1,M01,103-0,D,SF-103,A,202303,26,882,1.0
E1,M01,103-0,D,SF-103,A,202304,27,902,1.0
E1,M01,103-0,D,SF-103,A,202305,28,921,2.0
E1,M01,103-0,D,SF-103,A,202306,29,940,0.0
E1,M01,103-0,D,SF-103,A,202307,30,960,0.0
E1,M01,103-0,D,SF-103,A,202308,31,980,2.0
E1,M01,103-0,D,SF-103,A,202309,32,999,0.0
E1,M01,103-0,D,SF-103,A,202310,33,1018,1.0
E1,M01,103-0,D,SF-103,A,202311,34,1038,1.0
E1,M01,103-0,D,SF-103,A,202312,35,1058,1.0
E1,M01,103-0,D,SF-103,A,202401,36,1077,1.0
E1,M01,103-0,D,SF-103,A,202402,37,1096,1.0
E1,M01,103-0,D,SF-103,A,202403,38,1116,2.0
E1,M01,103-0,D,SF-103,A,202404,39,1136,2.0
E1,M01,103-0,D,SF-103,A,202405,40,1155,0.0
E1,M01,103-0,D,SF-103,A,202406,41,1174,0.0
E1,M01,103-0,D,SF-103,A,202407,42,1194,1.0
E1,M01,103-0,D,SF-103,A,202408,43,1214,1.0
E1,M01,103-0,D,SF-103,A,202409,44,1233,1.0
E1,M01,103-0,D,SF-103,A,202410,45,1252,0.0
E1,M01,103-0,E,SF-103,A,202109,8,248,0.0
E1,M01,103-0,E,SF-103,A,202110,9,257,1.0
E1,M01,103-0,E,SF-103,A,202111,10,266,0.0
E1,M01,103-0,E,SF-103,A,202112,11,275,0.0
E1,M01,103-0,E,SF-103,A,202201,12,284,1.0
E1,M01,103-0,E,SF-103,A,202202,13,293,1.0
E1,M01,103-0,E,SF-103,A,202203,14,302,0.0
E1,M01,103-0,E,SF-103,A,202204,15,312,0.0
E1,M01,103-0,E,SF-103,A,202205,16,321,0.0
E1,M01,103-0,E,SF-103,A,202206,17,330,0.0
E1,M01,103-0,E,SF-103,A,202207,18,339,0.0
E1,M01,103-0,E,SF-103,A,202208,19,348,0.0
E1,M01,103-0,E,SF-103,A,202209,20,357,0.0
E1,M01,103-0,E,SF-103,A,202210,21,366,0.0
E1,M01,103-0,E,SF-103,A,202211,22,375,1.0
E1,M01,103-0,E,SF-103,A,202212,23,384,0.0
E1,M01,103-0,E,SF-103,A,202301,24,393,0.0
E1,M01,103-0,E,SF-103,A,202302,25,403,1.0
E1,M01,103-0,E,SF-103,A,202303,26,412,0.0
E1,M01,103-0,E,SF-103,A,202304,27,421,0.0
E1,M01,103-0,E,SF-103,A,202305,28,430,0.0
E1,M01,103-0,E,SF-103,A,202306,29,439,0.0
E1,M01,103-0,E,SF-103,A,202307,30,448,0.0
E1,M01,103-0,E,SF-103,A,202308,31,457,0.0
E1,M01,103-0,E,SF-103,A,202309,32,466,0.0
E1,M01,103-0,E,SF-103,A,202310,33,475,0.0
E1,M01,103-0,E,SF-103,A,202311,34,484,0.0
E1,M01,103-0,E,SF-103,A,202312,35,494,0.0
E1,M01,103-0,E,SF-103,A,202401,36,503,0.0
E1,M01,103-0,E,SF-103,A,202402,37,512,1.0
E1,M01,103-0,E,SF-103,A,202403,38,521,0.0
E1,M01,103-0,E,SF-103,A,202404,39,530,0.0
E1,M01,103-0,E,SF-103,A,202405,40,539,0.0
E1,M01,103-0,E,SF-103,A,202406,41,548,0.0
E1,M01,103-0,E,SF-103,A,202407,42,557,0.0
E1,M01,103-0,E,SF-103,A,202408,43,566,0.0
E1,M01,103-0,E,SF-103,A,202409,44,575,0.0
E1,M01,103-0,E,SF-103,A,202410,45,584,0.0
E1,M01,103-0,E,SF-103,A,202411,46,594,0.0
E1,M01,103-0,E,SF-103,A,202412,47,603,0.0
E1,M01,103-1,A,SF-103,A,202103,2,938,0.0
E1,M01,103-1,A,SF-103,A,202104,3,983,2.0
E1,M01,103-1,A,SF-103,A,202105,4,1027,0.0
E1,M01,103-1,A,SF-103,A,202106,5,1071,1.0
E1,M01,103-1,A,SF-103,A,202107,6,1115,1.0
E1,M01,103-1,A,SF-103,A,202108,7,1159,0.0
E1,M01,103-1,A,SF-103,A,202109,8,1204,0.0
E1,M01,103-1,A,SF-103,A,202110,9,1248,0.0
E1,M01,103-1,A,SF-103,A,202111,10,1292,1.0
E1,M01,103-1,A,SF-103,A,202112,11,1336,1.0
E1,M01,103-1,A,SF-103,A,202201,12,1380,3.0
E1,M01,103-1,A,SF-103,A,202202,13,1425,0.0
E1,M01,103-1,A,SF-103,A,202203,14,1469,1.0
E1,M01,103-1,A,SF-103,A,202204,15,1513,1.0
E1,M01,103-1,A,SF-103,A,202205,16,1557,1.0
E1,M01,103-1,A,SF-103,A,202206,17,1601,0.0
E1,M01,103-1,A,SF-103,A,202207,18,1646,3.0
E1,M01,103-1,A,SF-103,A,202208,19,1690,2.0
E1,M01,103-1,A,SF-103,A,202209,20,1734,0.0
E1,M01,103-1,A,SF-103,A,202210,21,1778,0.0
E1,M01,103-1,A,SF-103,A,202211,22,1822,2.0
E1,M01,103-1,A,SF-103,A,202212,23,1867,0.0
E1,M01,103-1,A,SF-103,A,202301,24,1911,0.0
E1,M01,103-1,A,SF-103,A,202302,25,1955,1.0
E1,M01,103-1,A,SF-103,A,202303,26,1999,0.0
E1,M01,103-1,A,SF-103,A,202304,27,2043,2.0
E1,M01,103-1,A,SF-103,A,202305,28,2088,2.0
E1,M01,103-1,A,SF-103,A,202306,29,2132,0.0
E1,M01,103-1,A,SF-103,A,202307,30,2176,1.0
E1,M01,103-1,A,SF-103,A,202308,31,2220,4.0
E1,M01,103-1,A,SF-103,A,202309,32,2264,1.0
E1,M01,103-1,A,SF-103,A,202310,33,2309,3.0
E1,M01,103-1,A,SF-103,A,202311,34,2353,4.0
E1,M01,103-1,A,SF-103,A,202312,35,2397,3.0
E1,M01,103-1,A,SF-103,A,202401,36,2441,2.0
E1,M01,103-1,A,SF-103,A,202402,37,2485,3.0
E1,M01,103-1,A,SF-103,A,202403,38,2530,0.0
E1,M01,103-1,A,SF-103,A,202404,39,2574,2.0
E1,M01,103-1,A,SF-103,A,202405,40,2618,3.0
E1,M01,103-1,A,SF-103,A,202406,41,2662,4.0
E1,M01,103-1,A,SF-103,A,202407,42,2706,4.0
E1,M01,103-1,A,SF-103,A,202408,43,2751,2.0
E1,M01,103-1,A,SF-103,A,202409,44,2795,4.0
E1,M01,103-1,A,SF-103,A,202410,45,2839,5.0
E1,M01,103-1,A,SF-103,A,202411,46,2883,1.0
E1,M01,103-1,A,SF-103,A,202412,47,2927,3.0
E1,M01,103-1,ALL,SF-103,A,202101,0,2500,0.0
E1,M01,103-1,ALL,SF-103,A,202102,1,2630,0.0
E1,M01,103-1,ALL,SF-103,A,202103,2,2760,2.0
E1,M01,103-1,ALL,SF-103,A,202104,3,2890,2.0
E1,M01,103-1,ALL,SF-103,A,202105,4,3020,2.0
E1,M01,103-1,ALL,SF-103,A,202106,5,3150,4.0
E1,M01,103-1,ALL,SF-103,A,202107,6,3280,1.0
E1,M01,103-1,ALL,SF-103,A,202108,7,3410,0.0
E1,M01,103-1,ALL,SF-103,A,202109,8,3540,3.0
E1,M01,103-1,ALL,SF-103,A,202110,9,3670,2.0
E1,M01,103-1,ALL,SF-103,A,202111,10,3800,1.0
E1,M01,103-1,ALL,SF-103,A,202112,11,3930,1.0
E1,M01,103-1,ALL,SF-103,A,202201,12,4060,5.0
E1,M01,103-1,ALL,SF-103,A,202202,13,4190,3.0
E1,M01,103-1,ALL,SF-103,A,202203,14,4320,3.0
E1,M01,103-1,ALL,SF-103,A,202204,15,4450,1.0
E1,M01,103-1,ALL,SF-103,A,202205,16,4580,3.0
E1,M01,103-1,ALL,SF-103,A,202206,17,4710,1.0
E1,M01,103-1,ALL,SF-103,A,202207,18,4840,4.0
E1,M01,103-1,ALL,SF-103,A,202208,19,4970,3.0
E1,M01,103-1,ALL,SF-103,A,202209,20,5100,2.0
E1,M01,103-1,ALL,SF-103,A,202210,21,5230,4.0
E1,M01,103-1,ALL,SF-103,A,202211,22,5360,4.0
E1,M01,103-1,ALL,SF-103,A,202212,23,5490,1.0
E1,M01,103-1,ALL,SF-103,A,202301,24,5620,3.0
E1,M01,103-1,ALL,SF-103,A,202302,25,5750,4.0
E1,M01,103-1,ALL,SF-103,A,202303,26,5880,3.0
E1,M01,103-1,ALL,SF-103,A,202304,27,6010,5.0
E1,M01,103-1,ALL,SF-103,A,202305,28,6140,6.0
E1,M01,103-1,ALL,SF-103,A,202306,29,6270,2.0
E1,M01,103-1,ALL,SF-103,A,202307,30,6400,3.0
E1,M01,103-1,ALL,SF-103,A,202308,31,6530,7.0
E1,M01,103-1,ALL,SF-103,A,202309,32,6660,4.0
E1,M01,103-1,ALL,SF-103,A,202310,33,6790,5.0
E1,M01,103-1,ALL,SF-103,A,202311,34,6920,5.0
E1,M01,103-1,ALL,SF-103,A,202312,35,7050,3.0
E1,M01,103-1,ALL,SF-103,A,202401,36,7180,7.0
E1,M01,103-1,ALL,SF-103,A,202402,37,7310,6.0
E1,M01,103-1,ALL,SF-103,A,202403,38,7440,4.0
E1,M01,103-1,ALL,SF-103,A,202404,39,7570,5.0
E1,M01,103-1,ALL,SF-103,A,202405,40,7700,6.0
E1,M01,103-1,ALL,SF-103,A,202406,41,7830,9.0
E1,M01,103-1,ALL,SF-103,A,202407,42,7960,8.0
E1,M01,103-1,ALL,SF-103,A,202408,43,8090,4.0
E1,M01,103-1,ALL,SF-103,A,202409,44,8220,7.0
E1,M01,103-1,ALL,SF-103,A,202410,45,8350,10.0
E1,M01,103-1,ALL,SF-103,A,202411,46,8480,5.0
E1,M01,103-1,ALL,SF-103,A,202412,47,8610,3.0
E1,M01,103-1,B,SF-103,A,202103,2,662,1.0
E1,M01,103-1,B,SF-103,A,202104,3,694,0.0
E1,M01,103-1,B,SF-103,A,202105,4,725,0.0
E1,M01,103-1,B,SF-103,A,202106,5,756,0.0
E1,M01,103-1,B,SF-103,A,202107,6,787,0.0
E1,M01,103-1,B,SF-103,A,202108,7,818,0.0
E1,M01,103-1,B,SF-103,A,202109,8,850,0.0
E1,M01,103-1,B,SF-103,A,202110,9,881,0.0
E1,M01,103-1,B,SF-103,A,202111,10,912,0.0
E1,M01,103-1,B,SF-103,A,202112,11,943,0.0
E1,M01,103-1,B,SF-103,A,202201,12,974,1.0
E1,M01,103-1,B,SF-103,A,202202,13,1006,0.0
E1,M01,103-1,B,SF-103,A,202203,14,1037,1.0
E1,M01,103-1,B,SF-103,A,202204,15,1068,0.0
E1,M01,103-1,B,SF-103,A,202205,16,1099,1.0
E1,M01,103-1,B,SF-103,A,202206,17,1130,0.0
E1,M01,103-1,B,SF-103,A,202207,18,1162,0.0
E1,M01,103-1,B,SF-103,A,202208,19,1193,1.0
E1,M01,103-1,B,SF-103,A,202209,20,1224,0.0
E1,M01,103-1,B,SF-103,A,202210,21,1255,2.0
E1,M01,103-1,B,SF-103,A,202211,22,1286,1.0
E1,M01,103-1,B,SF-103,A,202212,23,1318,0.0
E1,M01,103-1,B,SF-103,A,202301,24,1349,3.0
E1,M01,103-1,B,SF-103,A,202302,25,1380,2.0
E1,M01,103-1,B,SF-103,A,202303,26,1411,2.0
E1,M01,103-1,B,SF-103,A,202304,27,1442,1.0
E1,M01,103-1,B,SF-103,A,202305,28,1474,2.0
E1,M01,103-1,B,SF-103,A,202306,29,1505,0.0
E1,M01,103-1,B,SF-103,A,202307,30,1536,1.0
E1,M01,103-1,B,SF-103,A,202308,31,1567,1.0
E1,M01,103-1,B,SF-103,A,202309,32,1598,1.0
E1,M01,103-1,B,SF-103,A,202310,33,1630,0.0
E1,M01,103-1,B,SF-103,A,202311,34,1661,0.0
E1,M01,103-1,B,SF-103,A,202312,35,1692,0.0
E1,M01,103-1,B,SF-103,A,202401,36,1723,3.0
E1,M01,103-1,B,SF-103,A,202402,37,1754,1.0
E1,M01,103-1,B,SF-103,A,202403,38,1786,1.0
E1,M01,103-1,B,SF-103,A,202404,39,1817,1.0
E1,M01,103-1,B,SF-103,A,202405,40,1848,1.0
E1,M01,103-1,B,SF-103,A,202406,41,1879,1.0
E1,M01,103-1,B,SF-103,A,202407,42,1910,1.0
E1,M01,103-1,B,SF-103,A,202408,43,1942,1.0
E1,M01,103-1,B,SF-103,A,202409,44,1973,1.0
E1,M01,103-1,B,SF-103,A,202410,45,2004,1.0
E1,M01,103-1,B,SF-103,A,202411,46,2035,2.0
E1,M01,103-1,B,SF-103,A,202412,47,2066,0.0
E1,M01,103-1,C,SF-103,A,202103,2,552,1.0
E1,M01,103-1,C,SF-103,A,202104,3,578,0.0
E1,M01,103-1,C,SF-103,A,202105,4,604,0.0
E1,M01,103-1,C,SF-103,A,202106,5,630,3.0
E1,M01,103-1,C,SF-103,A,202107,6,656,0.0
E1,M01,103-1,C,SF-103,A,202108,7,682,0.0
E1,M01,103-1,C,SF-103,A,202109,8,708,2.0
E1,M01,103-1,C,SF-103,A,202110,9,734,0.0
E1,M01,103-1,C,SF-103,A,202111,10,760,0.0
E1,M01,103-1,C,SF-103,A,202112,11,786,0.0
E1,M01,103-1,C,SF-103,A,202201,12,812,1.0
E1,M01,103-1,C,SF-103,A,202202,13,838,1.0
E1,M01,103-1,C,SF-103,A,202203,14,864,0.0
E1,M01,103-1,C,SF-103,A,202204,15,890,0.0
E1,M01,103-1,C,SF-103,A,202205,16,916,0.0
E1,M01,103-1,C,SF-103,A,202206,17,942,0.0
E1,M01,103-1,C,SF-103,A,202207,18,968,0.0
E1,M01,103-1,C,SF-103,A,202208,19,994,0.0
E1,M01,103-1,C,SF-103,A,202209,20,1020,1.0
E1,M01,103-1,C,SF-103,A,202210,21,1046,1.0
E1,M01,103-1,C,SF-103,A,202211,22,1072,1.0
E1,M01,103-1,C,SF-103,A,202212,23,1098,0.0
E1,M01,103-1,C,SF-103,A,202301,24,1124,0.0
E1,M01,103-1,C,SF-103,A,202302,25,1150,1.0
E1,M01,103-1,C,SF-103,A,202303,26,1176,0.0
E1,M01,103-1,C,SF-103,A,202304,27,1202,1.0
E1,M01,103-1,C,SF-103,A,202305,28,1228,1.0
E1,M01,103-1,C,SF-103,A,202306,29,1254,2.0
E1,M01,103-1,C,SF-103,A,202307,30,1280,0.0
E1,M01,103-1,C,SF-103,A,202308,31,1306,1.0
E1,M01,103-1,C,SF-103,A,202309,32,1332,1.0
E1,M01,103-1,C,SF-103,A,202310,33,1358,1.0
E1,M01,103-1,C,SF-103,A,202311,34,1384,0.0
E1,M01,103-1,C,SF-103,A,202312,35,1410,0.0
E1,M01,103-1,C,SF-103,A,202401,36,1436,0.0
E1,M01,103-1,C,SF-103,A,202402,37,1462,0.0
E1,M01,103-1,C,SF-103,A,202403,38,1488,1.0
E1,M01,103-1,C,SF-103,A,202404,39,1514,0.0
E1,M01,103-1,C,SF-103,A,202405,40,1540,1.0
E1,M01,103-1,C,SF-103,A,202406,41,1566,2.0
E1,M01,103-1,C,SF-103,A,202407,42,1592,2.0
E1,M01,103-1,C,SF-103,A,202408,43,1618,0.0
E1,M01,103-1,C,SF-103,A,202409,44,1644,1.0
E1,M01,103-1,C,SF-103,A,202410,45,1670,3.0
E1,M01,103-1,C,SF-103,A,202411,46,1696,1.0
E1,M01,103-1,D,SF-103,A,202103,2,414,0.0
E1,M01,103-1,D,SF-103,A,202104,3,434,0.0
E1,M01,103-1,D,SF-103,A,202105,4,453,2.0
E1,M01,103-1,D,SF-103,A,202106,5,472,0.0
E1,M01,103-1,D,SF-103,A,202107,6,492,0.0
E1,M01,103-1,D,SF-103,A,202108,7,512,0.0
E1,M01,103-1,D,SF-103,A,202109,8,531,0.0
E1,M01,103-1,D,SF-103,A,202110,9,550,2.0
E1,M01,103-1,D,SF-103,A,202111,10,570,0.0
E1,M01,103-1,D,SF-103,A,202112,11,590,0.0
E1,M01,103-1,D,SF-103,A,202201,12,609,0.0
E1,M01,103-1,D,SF-103,A,202202,13,628,1.0
E1,M01,103-1,D,SF-103,A,202203,14,648,1.0
E1,M01,103-1,D,SF-103,A,202204,15,668,0.0
E1,M01,103-1,D,SF-103,A,202205,16,687,0.0
E1,M01,103-1,D,SF-103,A,202206,17,706,1.0
E1,M01,103-1,D,SF-103,A,202207,18,726,0.0
E1,M01,103-1,D,SF-103,A,202208,19,746,0.0
E1,M01,103-1,D,SF-103,A,202209,20,765,1.0
E1,M01,103-1,D,SF-103,A,202210,21,784,0.0
E1,M01,103-1,D,SF-103,A,202211,22,804,0.0
E1,M01,103-1,D,SF-103,A,202212,23,824,0.0
E1,M01,103-1,D,SF-103,A,202301,24,843,0.0
E1,M01,103-1,D,SF-103,A,202302,25,862,0.0
E1,M01,103-1,D,SF-103,A,202303,26,882,0.0
E1,M01,103-1,D,SF-103,A,202304,27,902,0.0
E1,M01,103-1,D,SF-103,A,202305,28,921,1.0
E1,M01,103-1,D,SF-103,A,202306,29,940,0.0
E1,M01,103-1,D,SF-103,A,202307,30,960,0.0
E1,M01,103-1,D,SF-103,A,202308,31,980,1.0
E1,M01,103-1,D,SF-103,A,202309,32,999,0.0
E1,M01,103-1,D,SF-103,A,202310,33,1018,1.0
E1,M01,103-1,D,SF-103,A,202311,34,1038,1.0
E1,M01,103-1,D,SF-103,A,202312,35,1058,0.0
E1,M01,103-1,D,SF-103,A,202401,36,1077,2.0
E1,M01,103-1,D,SF-103,A,202402,37,1096,1.0
E1,M01,103-1,D,SF-103,A,202403,38,1116,2.0
E1,M01,103-1,D,SF-103,A,202404,39,1136,1.0
E1,M01,103-1,D,SF-103,A,202405,40,1155,1.0
E1,M01,103-1,D,SF-103,A,202406,41,1174,1.0
E1,M01,103-1,D,SF-103,A,202407,42,1194,1.0
E1,M01,103-1,D,SF-103,A,202408,43,1214,1.0
E1,M01,103-1,D,SF-103,A,202409,44,1233,1.0
E1,M01,103-1,D,SF-103,A,202410,45,1252,0.0
E1,M01,103-1,E,SF-103,A,202109,8,248,1.0
E1,M01,103-1,E,SF-103,A,202110,9,257,0.0
E1,M01,103-1,E,SF-103,A,202111,10,266,0.0
E1,M01,103-1,E,SF-103,A,202112,11,275,0.0
E1,M01,103-1,E,SF-103,A,202201,12,284,0.0
E1,M01,103-1,E,SF-103,A,202202,13,293,1.0
E1,M01,103-1,E,SF-103,A,202203,14,302,0.0
E1,M01,103-1,E,SF-103,A,202204,15,312,0.0
E1,M01,103-1,E,SF-103,A,202205,16,321,1.0
E1,M01,103-1,E,SF-103,A,202206,17,330,0.0
E1,M01,103-1,E,SF-103,A,202207,18,339,1.0
E1,M01,103-1,E,SF-103,A,202208,19,348,0.0
E1,M01,103-1,E,SF-103,A,202209,20,357,0.0
E1,M01,103-1,E,SF-103,A,202210,21,366,1.0
E1,M01,103-1,E,SF-103,A,202211,22,375,0.0
E1,M01,103-1,E,SF-103,A,202212,23,384,1.0
E1,M01,103-1,E,SF-103,A,202301,24,393,0.0
E1,M01,103-1,E,SF-103,A,202302,25,403,0.0
E1,M01,103-1,E,SF-103,A,202303,26,412,1.0
E1,M01,103-1,E,SF-103,A,202304,27,421,1.0
E1,M01,103-1,E,SF-103,A,202305,28,430,0.0
E1,M01,103-1,E,SF-103,A,202306,29,439,0.0
E1,M01,103-1,E,SF-103,A,202307,30,448,1.0
E1,M01,103-1,E,SF-103,A,202308,31,457,0.0
E1,M01,103-1,E,SF-103,A,202309,32,466,1.0
E1,M01,103-1,E,SF-103,A,202310,33,475,0.0
E1,M01,103-1,E,SF-103,A,202311,34,484,0.0
E1,M01,103-1,E,SF-103,A,202312,35,494,0.0
E1,M01,103-1,E,SF-103,A,202401,36,503,0.0
E1,M01,103-1,E,SF-103,A,202402,37,512,1.0
E1,M01,103-1,E,SF-103,A,202403,38,521,0.0
E1,M01,103-1,E,SF-103,A,202404,39,530,1.0
E1,M01,103-1,E,SF-103,A,202405,40,539,0.0
E1,M01,103-1,E,SF-103,A,202406,41,548,1.0
E1,M01,103-1,E,SF-103,A,202407,42,557,0.0
E1,M01,103-1,E,SF-103,A,202408,43,566,0.0
E1,M01,103-1,E,SF-103,A,202409,44,575,0.0
E1,M01,103-1,E,SF-103,A,202410,45,584,1.0
E1,M01,103-1,E,SF-103,A,202411,46,594,1.0
E1,M01,103-1,E,SF-103,A,202412,47,603,0.0
E1,M01,104-0,A,SF-104,A,202103,2,938,0.0
E1,M01,104-0,A,SF-104,A,202104,3,983,0.0
E1,M01,104-0,A,SF-104,A,202105,4,1027,0.0
E1,M01,104-0,A,SF-104,A,202106,5,1071,1.0
E1,M01,104-0,A,SF-104,A,202107,6,1115,0.0
E1,M01,104-0,A,SF-104,A,202108,7,1159,1.0
E1,M01,104-0,A,SF-104,A,202109,8,1204,2.0
E1,M01,104-0,A,SF-104,A,202110,9,1248,2.0
E1,M01,104-0,A,SF-104,A,202111,10,1292,0.0
E1,M01,104-0,A,SF-104,A,202112,11,1336,1.0
E1,M01,104-0,A,SF-104,A,202201,12,1380,1.0
E1,M01,104-0,A,SF-104,A,202202,13,1425,1.0
E1,M01,104-0,A,SF-104,A,202203,14,1469,1.0
E1,M01,104-0,A,SF-104,A,202204,15,1513,2.0
E1,M01,104-0,A,SF-104,A,202205,16,1557,1.0
E1,M01,104-0,A,SF-104,A,202206,17,1601,3.0
E1,M01,104-0,A,SF-104,A,202207,18,1646,1.0
E1,M01,104-0,A,SF-104,A,202208,19,1690,0.0
E1,M01,104-0,A,SF-104,A,202209,20,1734,2.0
E1,M01,104-0,A,SF-104,A,202210,21,1778,2.0
E1,M01,104-0,A,SF-104,A,202211,22,1822,1.0
E1,M01,104-0,A,SF-104,A,202212,23,1867,4.0
E1,M01,104-0,A,SF-104,A,202301,24,1911,3.0
E1,M01,104-0,A,SF-104,A,202302,25,1955,3.0
E1,M01,104-0,A,SF-104,A,202303,26,1999,2.0
E1,M01,104-0,A,SF-104,A,202304,27,2043,1.0
E1,M01,104-0,A,SF-104,A,202305,28,2088,0.0
E1,M01,104-0,A,SF-104,A,202306,29,2132,4.0
E1,M01,104-0,A,SF-104,A,202307,30,2176,2.0
E1,M01,104-0,A,SF-104,A,202308,31,2220,1.0
E1,M01,104-0,A,SF-104,A,202309,32,2264,4.0
E1,M01,104-0,A,SF-104,A,202310,33,2309,1.0
E1,M01,104-0,A,SF-104,A,202311,34,2353,3.0
E1,M01,104-0,A,SF-104,A,202312,35,2397,1.0
E1,M01,104-0,A,SF-104,A,202401,36,2441,2.0
E1,M01,104-0,A,SF-104,A,202402,37,2485,2.0
E1,M01,104-0,A,SF-104,A,202403,38,2530,3.0
E1,M01,104-0,A,SF-104,A,202404,39,2574,5.0
E1,M01,104-0,A,SF-104,A,202405,40,2618,3.0
E1,M01,104-0,A,SF-104,A,202406,41,2662,1.0
E1,M01,104-0,A,SF-104,A,202407,42,2706,1.0
E1,M01,104-0,A,SF-104,A,202408,43,2751,6.0
E1,M01,104-0,A,SF-104,A,202409,44,2795,8.0
E1,M01,104-0,A,SF-104,A,202410,45,2839,1.0
E1,M01,104-0,A,SF-104,A,202411,46,2883,2.0
E1,M01,104-0,A,SF-104,A,202412,47,2927,3.0
E1,M01,104-0,ALL,SF-104,A,202101,0,2500,3.0
E1,M01,104-0,ALL,SF-104,A,202102,1,2630,0.0
E1,M01,104-0,ALL,SF-104,A,202103,2,2760,1.0
E1,M01,104-0,ALL,SF-104,A,202104,3,2890,1.0
E1,M01,104-0,ALL,SF-104,A,202105,4,3020,0.0
E1,M01,104-0,ALL,SF-104,A,202106,5,3150,4.0
E1,M01,104-0,ALL,SF-104,A,202107,6,3280,0.0
E1,M01,104-0,ALL,SF-104,A,202108,7,3410,3.0
E1,M01,104-0,ALL,SF-104,A,202109,8,3540,5.0
E1,M01,104-0,ALL,SF-104,A,202110,9,3670,7.0
E1,M01,104-0,ALL,SF-104,A,202111,10,3800,3.0
E1,M01,104-0,ALL,SF-104,A,202112,11,3930,2.0
E1,M01,104-0,ALL,SF-104,A,202201,12,4060,4.0
E1,M01,104-0,ALL,SF-104,A,202202,13,4190,5.0
E1,M01,104-0,ALL,SF-104,A,202203,14,4320,3.0
E1,M01,104-0,ALL,SF-104,A,202204,15,4450,3.0
E1,M01,104-0,ALL,SF-104,A,202205,16,4580,3.0
E1,M01,104-0,ALL,SF-104,A,202206,17,4710,5.0
E1,M01,104-0,ALL,SF-104,A,202207,18,4840,3.0
E1,M01,104-0,ALL,SF-104,A,202208,19,4970,6.0
E1,M01,104-0,ALL,SF-104,A,202209,20,5100,7.0
E1,M01,104-0,ALL,SF-104,A,202210,21,5230,3.0
E1,M01,104-0,ALL,SF-104,A,202211,22,5360,2.0
E1,M01,104-0,ALL,SF-104,A,202212,23,5490,8.0
E1,M01,104-0,ALL,SF-104,A,202301,24,5620,7.0
E1,M01,104-0,ALL,SF-104,A,202302,25,5750,4.0
E1,M01,104-0,ALL,SF-104,A,202303,26,5880,7.0
E1,M01,104-0,ALL,SF-104,A,202304,27,6010,4.0
E1,M01,104-0,ALL,SF-104,A,202305,28,6140,4.0
E1,M01,104-0,ALL,SF-104,A,202306,29,6270,10.0
E1,M01,104-0,ALL,SF-104,A,202307,30,6400,5.0
E1,M01,104-0,ALL,SF-104,A,202308,31,6530,3.0
E1,M01,104-0,ALL,SF-104,A,202309,32,6660,10.0
E1,M01,104-0,ALL,SF-104,A,202310,33,6790,3.0
E1,M01,104-0,ALL,SF-104,A,202311,34,6920,8.0
E1,M01,104-0,ALL,SF-104,A,202312,35,7050,8.0
E1,M01,104-0,ALL,SF-104,A,202401,36,7180,6.0
E1,M01,104-0,ALL,SF-104,A,202402,37,7310,8.0
E1,M01,104-0,ALL,SF-104,A,202403,38,7440,5.0
E1,M01,104-0,ALL,SF-104,A,202404,39,7570,7.0
E1,M01,104-0,ALL,SF-104,A,202405,40,7700,8.0
E1,M01,104-0,ALL,SF-104,A,202406,41,7830,8.0
E1,M01,104-0,ALL,SF-104,A,202407,42,7960,7.0
E1,M01,104-0,ALL,SF-104,A,202408,43,8090,10.0
E1,M01,104-0,ALL,SF-104,A,202409,44,8220,15.0
E1,M01,104-0,ALL,SF-104,A,202410,45,8350,9.0
E1,M01,104-0,ALL,SF-104,A,202411,46,8480,5.0
E1,M01,104-0,ALL,SF-104,A,202412,47,8610,5.0
E1,M01,104-0,B,SF-104,A,202101,0,600,3.0
E1,M01,104-0,B,SF-104,A,202103,2,662,1.0
E1,M01,104-0,B,SF-104,A,202104,3,694,0.0
E1,M01,104-0,B,SF-104,A,202105,4,725,0.0
E1,M01,104-0,B,SF-104,A,202106,5,756,1.0
E1,M01,104-0,B,SF-104,A,202107,6,787,0.0
E1,M01,104-0,B,SF-104,A,202108,7,818,1.0
E1,M01,104-0,B,SF-104,A,202109,8,850,0.0
E1,M01,104-0,B,SF-104,A,202110,9,881,1.0
E1,M01,104-0,B,SF-104,A,202111,10,912,1.0
E1,M01,104-0,B,SF-104,A,202112,11,943,0.0
E1,M01,104-0,B,SF-104,A,202201,12,974,0.0
E1,M01,104-0,B,SF-104,A,202202,13,1006,2.0
E1,M01,104-0,B,SF-104,A,202203,14,1037,0.0
E1,M01,104-0,B,SF-104,A,202204,15,1068,0.0
E1,M01,104-0,B,SF-104,A,202205,16,1099,1.0
E1,M01,104-0,B,SF-104,A,202206,17,1130,0.0
E1,M01,104-0,B,SF-104,A,202207,18,1162,0.0
E1,M01,104-0,B,SF-104,A,202208,19,1193,2.0
E1,M01,104-0,B,SF-104,A,202209,20,1224,2.0
E1,M01,104-0,B,SF-104,A,202210,21,1255,0.0
E1,M01,104-0,B,SF-104,A,202211,22,1286,1.0
E1,M01,104-0,B,SF-104,A,202212,23,1318,2.0
E1,M01,104-0,B,SF-104,A,202301,24,1349,1.0
E1,M01,104-0,B,SF-104,A,202302,25,1380,0.0
E1,M01,104-0,B,SF-104,A,202303,26,1411,2.0
E1,M01,104-0,B,SF-104,A,202304,27,1442,1.0
E1,M01,104-0,B,SF-104,A,202305,28,1474,3.0
E1,M01,104-0,B,SF-104,A,202306,29,1505,4.0
E1,M01,104-0,B,SF-104,A,202307,30,1536,0.0
E1,M01,104-0,B,SF-104,A,202308,31,1567,1.0
E1,M01,104-0,B,SF-104,A,202309,32,1598,4.0
E1,M01,104-0,B,SF-104,A,202310,33,1630,0.0
E1,M01,104-0,B,SF-104,A,202311,34,1661,1.0
E1,M01,104-0,B,SF-104,A,202312,35,1692,2.0
E1,M01,104-0,B,SF-104,A,202401,36,1723,2.0
E1,M01,104-0,B,SF-104,A,202402,37,1754,2.0
E1,M01,104-0,B,SF-104,A,202403,38,1786,1.0
E1,M01,104-0,B,SF-104,A,202404,39,1817,1.0
E1,M01,104-0,B,SF-104,A,202405,40,1848,1.0
E1,M01,104-0,B,SF-104,A,202406,41,1879,1.0
E1,M01,104-0,B,SF-104,A,202407,42,1910,1.0
E1,M01,104-0,B,SF-104,A,202408,43,1942,1.0
E1,M01,104-0,B,SF-104,A,202409,44,1973,2.0
E1,M01,104-0,B,SF-104,A,202410,45,2004,5.0
E1,M01,104-0,B,SF-104,A,202411,46,2035,2.0
E1,M01,104-0,B,SF-104,A,202412,47,2066,2.0
E1,M01,104-0,C,SF-104,A,202103,2,552,0.0
E1,M01,104-0,C,SF-104,A,202104,3,578,0.0
E1,M01,104-0,C,SF-104,A,202105,4,604,0.0
E1,M01,104-0,C,SF-104,A,202106,5,630,0.0
E1,M01,104-0,C,SF-104,A,202107,6,656,0.0
E1,M01,104-0,C,SF-104,A,202108,7,682,0.0
E1,M01,104-0,C,SF-104,A,202109,8,708,2.0
E1,M01,104-0,C,SF-104,A,202110,9,734,2.0
E1,M01,104-0,C,SF-104,A,202111,10,760,1.0
E1,M01,104-0,C,SF-104,A,202112,11,786,0.0
E1,M01,104-0,C,SF-104,A,202201,12,812,1.0
E1,M01,104-0,C,SF-104,A,202202,13,838,2.0
E1,M01,104-0,C,SF-104,A,202203,14,864,0.0
E1,M01,104-0,C,SF-104,A,202204,15,890,0.0
E1,M01,104-0,C,SF-104,A,202205,16,916,0.0
E1,M01,104-0,C,SF-104,A,202206,17,942,1.0
E1,M01,104-0,C,SF-104,A,202207,18,968,1.0
E1,M01,104-0,C,SF-104,A,202208,19,994,2.0
E1,M01,104-0,C,SF-104,A,202209,20,1020,1.0
E1,M01,104-0,C,SF-104,A,202210,21,1046,0.0
E1,M01,104-0,C,SF-104,A,202211,22,1072,0.0
E1,M01,104-0,C,SF-104,A,202212,23,1098,0.0
E1,M01,104-0,C,SF-104,A,202301,24,1124,1.0
E1,M01,104-0,C,SF-104,A,202302,25,1150,1.0
E1,M01,104-0,C,SF-104,A,202303,26,1176,0.0
E1,M01,104-0,C,SF-104,A,202304,27,1202,2.0
E1,M01,104-0,C,SF-104,A,202305,28,1228,0.0
E1,M01,104-0,C,SF-104,A,202306,29,1254,1.0
E1,M01,104-0,C,SF-104,A,202307,30,1280,0.0
E1,M01,104-0,C,SF-104,A,202308,31,1306,0.0
E1,M01,104-0,C,SF-104,A,202309,32,1332,0.0
E1,M01,104-0,C,SF-104,A,202310,33,1358,1.0
E1,M01,104-0,C,SF-104,A,202311,34,1384,2.0
E1,M01,104-0,C,SF-104,A,202312,35,1410,2.0
E1,M01,104-0,C,SF-104,A,202401,36,1436,1.0
E1,M01,104-0,C,SF-104,A,202402,37,1462,2.0
E1,M01,104-0,C,SF-104,A,202403,38,1488,1.0
E1,M01,104-0,C,SF-104,A,202404,39,1514,1.0
E1,M01,104-0,C,SF-104,A,202405,40,1540,3.0
E1,M01,104-0,C,SF-104,A,202406,41,1566,4.0
E1,M01,104-0,C,SF-104,A,202407,42,1592,2.0
E1,M01,104-0,C,SF-104,A,202408,43,1618,3.0
E1,M01,104-0,C,SF-104,A,202409,44,1644,3.0
E1,M01,104-0,C,SF-104,A,202410,45,1670,1.0
E1,M01,104-0,C,SF-104,A,202411,46,1696,1.0
E1,M01,104-0,D,SF-104,A,202103,2,414,0.0
E1,M01,104-0,D,SF-104,A,202104,3,434,1.0
E1,M01,104-0,D,SF-104,A,202105,4,453,0.0
E1,M01,104-0,D,SF-104,A,202106,5,472,2.0
E1,M01,104-0,D,SF-104,A,202107,6,492,0.0
E1,M01,104-0,D,SF-104,A,202108,7,512,1.0
E1,M01,104-0,D,SF-104,A,202109,8,531,1.0
E1,M01,104-0,D,SF-104,A,202110,9,550,1.0
E1,M01,104-0,D,SF-104,A,202111,10,570,0.0
E1,M01,104-0,D,SF-104,A,202112,11,590,1.0
E1,M01,104-0,D,SF-104,A,202201,12,609,2.0
E1,M01,104-0,D,SF-104,A,202202,13,628,0.0
E1,M01,104-0,D,SF-104,A,202203,14,648,2.0
E1,M01,104-0,D,SF-104,A,202204,15,668,0.0
E1,M01,104-0,D,SF-104,A,202205,16,687,1.0
E1,M01,104-0,D,SF-104,A,202206,17,706,0.0
E1,M01,104-0,D,SF-104,A,202207,18,726,1.0
E1,M01,104-0,D,SF-104,A,202208,19,746,2.0
E1,M01,104-0,D,SF-104,A,202209,20,765,2.0
E1,M01,104-0,D,SF-104,A,202210,21,784,1.0
E1,M01,104-0,D,SF-104,A,202211,22,804,0.0
E1,M01,104-0,D,SF-104,A,202212,23,824,2.0
E1,M01,104-0,D,SF-104,A,202301,24,843,1.0
E1,M01,104-0,D,SF-104,A,202302,25,862,0.0
E1,M01,104-0,D,SF-104,A,202303,26,882,1.0
E1,M01,104-0,D,SF-104,A,202304,27,902,0.0
E1,M01,104-0,D,SF-104,A,202305,28,921,1.0
E1,M01,104-0,D,SF-104,A,202306,29,940,1.0
E1,M01,104-0,D,SF-104,A,202307,30,960,2.0
E1,M01,104-0,D,SF-104,A,202308,31,980,0.0
E1,M01,104-0,D,SF-104,A,202309,32,999,1.0
E1,M01,104-0,D,SF-104,A,202310,33,1018,0.0
E1,M01,104-0,D,SF-104,A,202311,34,1038,1.0
E1,M01,104-0,D,SF-104,A,202312,35,1058,3.0
E1,M01,104-0,D,SF-104,A,202401,36,1077,1.0
E1,M01,104-0,D,SF-104,A,202402,37,1096,2.0
E1,M01,104-0,D,SF-104,A,202403,38,1116,0.0
E1,M01,104-0,D,SF-104,A,202404,39,1136,0.0
E1,M01,104-0,D,SF-104,A,202405,40,1155,1.0
E1,M01,104-0,D,SF-104,A,202406,41,1174,2.0
E1,M01,104-0,D,SF-104,A,202407,42,1194,3.0
E1,M01,104-0,D,SF-104,A,202408,43,1214,0.0
E1,M01,104-0,D,SF-104,A,202409,44,1233,1.0
E1,M01,104-0,D,SF-104,A,202410,45,1252,1.0
E1,M01,104-0,E,SF-104,A,202109,8,248,0.0
E1,M01,104-0,E,SF-104,A,202110,9,257,1.0
E1,M01,104-0,E,SF-104,A,202111,10,266,1.0
E1,M01,104-0,E,SF-104,A,202112,11,275,0.0
E1,M01,104-0,E,SF-104,A,202201,12,284,0.0
E1,M01,104-0,E,SF-104,A,202202,13,293,0.0
E1,M01,104-0,E,SF-104,A,202203,14,302,0.0
E1,M01,104-0,E,SF-104,A,202204,15,312,1.0
E1,M01,104-0,E,SF-104,A,202205,16,321,0.0
E1,M01,104-0,E,SF-104,A,202206,17,330,1.0
E1,M01,104-0,E,SF-104,A,202207,18,339,0.0
E1,M01,104-0,E,SF-104,A,202208,19,348,0.0
E1,M01,104-0,E,SF-104,A,202209,20,357,0.0
E1,M01,104-0,E,SF-104,A,202210,21,366,0.0
E1,M01,104-0,E,SF-104,A,202211,22,375,0.0
E1,M01,104-0,E,SF-104,A,202212,23,384,0.0
E1,M01,104-0,E,SF-104,A,202301,24,393,1.0
E1,M01,104-0,E,SF-104,A,202302,25,403,0.0
E1,M01,104-0,E,SF-104,A,202303,26,412,2.0
E1,M01,104-0,E,SF-104,A,202304,27,421,0.0
E1,M01,104-0,E,SF-104,A,202305,28,430,0.0
E1,M01,104-0,E,SF-104,A,202306,29,439,0.0
E1,M01,104-0,E,SF-104,A,202307,30,448,1.0
E1,M01,104-0,E,SF-104,A,202308,31,457,1.0
E1,M01,104-0,E,SF-104,A,202309,32,466,1.0
E1,M01,104-0,E,SF-104,A,202310,33,475,1.0
E1,M01,104-0,E,SF-104,A,202311,34,484,1.0
E1,M01,104-0,E,SF-104,A,202312,35,494,0.0
E1,M01,104-0,E,SF-104,A,202401,36,503,0.0
E1,M01,104-0,E,SF-104,A,202402,37,512,0.0
E1,M01,104-0,E,SF-104,A,202403,38,521,0.0
E1,M01,104-0,E,SF-104,A,202404,39,530,0.0
E1,M01,104-0,E,SF-104,A,202405,40,539,0.0
E1,M01,104-0,E,SF-104,A,202406,41,548,0.0
E1,M01,104-0,E,SF-104,A,202407,42,557,0.0
E1,M01,104-0,E,SF-104,A,202408,43,566,0.0
E1,M01,104-0,E,SF-104,A,202409,44,575,1.0
E1,M01,104-0,E,SF-104,A,202410,45,584,1.0
E1,M01,104-0,E,SF-104,A,202411,46,594,0.0
E1,M01,104-0,E,SF-104,A,202412,47,603,0.0
E1,M01,105-0,A,SF-105,A,202103,2,938,0.0
E1,M01,105-0,A,SF-105,A,202104,3,983,0.0
E1,M01,105-0,A,SF-105,A,202105,4,1027,1.0
E1,M01,105-0,A,SF-105,A,202106,5,1071,0.0
E1,M01,105-0,A,SF-105,A,202107,6,1115,1.0
E1,M01,105-0,A,SF-105,A,202108,7,1159,1.0
E1,M01,105-0,A,SF-105,A,202109,8,1204,0.0
E1,M01,105-0,A,SF-105,A,202110,9,1248,1.0
E1,M01,105-0,A,SF-105,A,202111,10,1292,1.0
E1,M01,105-0,A,SF-105,A,202112,11,1336,1.0
E1,M01,105-0,A,SF-105,A,202201,12,1380,0.0
E1,M01,105-0,A,SF-105,A,202202,13,1425,1.0
E1,M01,105-0,A,SF-105,A,202203,14,1469,1.0
E1,M01,105-0,A,SF-105,A,202204,15,1513,0.0
E1,M01,105-0,A,SF-105,A,202205,16,1557,0.0
E1,M01,105-0,A,SF-105,A,202206,17,1601,2.0
E1,M01,105-0,A,SF-105,A,202207,18,1646,0.0
E1,M01,105-0,A,SF-105,A,202208,19,1690,0.0
E1,M01,105-0,A,SF-105,A,202209,20,1734,3.0
E1,M01,105-0,A,SF-105,A,202210,21,1778,1.0
E1,M01,105-0,A,SF-105,A,202211,22,1822,0.0
E1,M01,105-0,A,SF-105,A,202212,23,1867,0.0
E1,M01,105-0,A,SF-105,A,202301,24,1911,1.0
E1,M01,105-0,A,SF-105,A,202302,25,1955,2.0
E1,M01,105-0,A,SF-105,A,202303,26,1999,0.0
E1,M01,105-0,A,SF-105,A,202304,27,2043,1.0
E1,M01,105-0,A,SF-105,A,202305,28,2088,4.0
E1,M01,105-0,A,SF-105,A,202306,29,2132,0.0
E1,M01,105-0,A,SF-105,A,202307,30,2176,0.0
E1,M01,105-0,A,SF-105,A,202308,31,2220,1.0
E1,M01,105-0,A,SF-105,A,202309,32,2264,1.0
E1,M01,105-0,A,SF-105,A,202310,33,2309,0.0
E1,M01,105-0,A,SF-105,A,202311,34,2353,0.0
E1,M01,105-0,A,SF-105,A,202312,35,2397,1.0
E1,M01,105-0,A,SF-105,A,202401,36,2441,1.0
E1,M01,105-0,A,SF-105,A,202402,37,2485,0.0
E1,M01,105-0,A,SF-105,A,202403,38,2530,2.0
E1,M01,105-0,A,SF-105,A,202404,39,2574,0.0
E1,M01,105-0,A,SF-105,A,202405,40,2618,1.0
E1,M01,105-0,A,SF-105,A,202406,41,2662,0.0
E1,M01,105-0,A,SF-105,A,202407,42,2706,0.0
E1,M01,105-0,A,SF-105,A,202408,43,2751,1.0
E1,M01,105-0,A,SF-105,A,202409,44,2795,0.0
E1,M01,105-0,A,SF-105,A,202410,45,2839,1.0
E1,M01,105-0,A,SF-105,A,202411,46,2883,0.0
E1,M01,105-0,A,SF-105,A,202412,47,2927,1.0
E1,M01,105-0,ALL,SF-105,A,202101,0,2500,3.0
E1,M01,105-0,ALL,SF-105,A,202102,1,2630,0.0
E1,M01,105-0,ALL,SF-105,A,202103,2,2760,1.0
E1,M01,105-0,ALL,SF-105,A,202104,3,2890,0.0
E1,M01,105-0,ALL,SF-105,A,202105,4,3020,2.0
E1,M01,105-0,ALL,SF-105,A,202106,5,3150,1.0
E1,M01,105-0,ALL,SF-105,A,202107,6,3280,1.0
E1,M01,105-0,ALL,SF-105,A,202108,7,3410,2.0
E1,M01,105-0,ALL,SF-105,A,202109,8,3540,0.0
E1,M01,105-0,ALL,SF-105,A,202110,9,3670,3.0
E1,M01,105-0,ALL,SF-105,A,202111,10,3800,1.0
E1,M01,105-0,ALL,SF-105,A,202112,11,3930,2.0
E1,M01,105-0,ALL,SF-105,A,202201,12,4060,0.0
E1,M01,105-0,ALL,SF-105,A,202202,13,4190,2.0
E1,M01,105-0,ALL,SF-105,A,202203,14,4320,3.0
E1,M01,105-0,ALL,SF-105,A,202204,15,4450,0.0
E1,M01,105-0,ALL,SF-105,A,202205,16,4580,0.0
E1,M01,105-0,ALL,SF-105,A,202206,17,4710,2.0
E1,M01,105-0,ALL,SF-105,A,202207,18,4840,1.0
E1,M01,105-0,ALL,SF-105,A,202208,19,4970,1.0
E1,M01,105-0,ALL,SF-105,A,202209,20,5100,5.0
E1,M01,105-0,ALL,SF-105,A,202210,21,5230,3.0
E1,M01,105-0,ALL,SF-105,A,202211,22,5360,0.0
E1,M01,105-0,ALL,SF-105,A,202212,23,5490,0.0
E1,M01,105-0,ALL,SF-105,A,202301,24,5620,1.0
E1,M01,105-0,ALL,SF-105,A,202302,25,5750,3.0
E1,M01,105-0,ALL,SF-105,A,202303,26,5880,2.0
E1,M01,105-0,ALL,SF-105,A,202304,27,6010,2.0
E1,M01,105-0,ALL,SF-105,A,202305,28,6140,5.0
E1,M01,105-0,ALL,SF-105,A,202306,29,6270,1.0
E1,M01,105-0,ALL,SF-105,A,202307,30,6400,0.0
E1,M01,105-0,ALL,SF-105,A,202308,31,6530,3.0
E1,M01,105-0,ALL,SF-105,A,202309,32,6660,1.0
E1,M01,105-0,ALL,SF-105,A,202310,33,6790,1.0
E1,M01,105-0,ALL,SF-105,A,202311,34,6920,1.0
E1,M01,105-0,ALL,SF-105,A,202312,35,7050,2.0
E1,M01,105-0,ALL,SF-105,A,202401,36,7180,2.0
E1,M01,105-0,ALL,SF-105,A,202402,37,7310,0.0
E1,M01,105-0,ALL,SF-105,A,202403,38,7440,3.0
E1,M01,105-0,ALL,SF-105,A,202404,39,7570,0.0
E1,M01,105-0,ALL,SF-105,A,202405,40,7700,3.0
E1,M01,105-0,ALL,SF-105,A,202406,41,7830,0.0
E1,M01,105-0,ALL,SF-105,A,202407,42,7960,1.0
E1,M01,105-0,ALL,SF-105,A,202408,43,8090,4.0
E1,M01,105-0,ALL,SF-105,A,202409,44,8220,1.0
E1,M01,105-0,ALL,SF-105,A,202410,45,8350,2.0
E1,M01,105-0,ALL,SF-105,A,202411,46,8480,1.0
E1,M01,105-0,ALL,SF-105,A,202412,47,8610,2.0
E1,M01,105-0,B,SF-105,A,202101,0,600,1.0
E1,M01,105-0,B,SF-105,A,202103,2,662,0.0
E1,M01,105-0,B,SF-105,A,202104,3,694,0.0
E1,M01,105-0,B,SF-105,A,202105,4,725,0.0
E1,M01,105-0,B,SF-105,A,202106,5,756,1.0
E1,M01,105-0,B,SF-105,A,202107,6,787,0.0
E1,M01,105-0,B,SF-105,A,202108,7,818,1.0
E1,M01,105-0,B,SF-105,A,202109,8,850,0.0
E1,M01,105-0,B,SF-105,A,202110,9,881,1.0
E1,M01,105-0,B,SF-105,A,202111,10,912,0.0
E1,M01,105-0,B,SF-105,A,202112,11,943,1.0
E1,M01,105-0,B,SF-105,A,202201,12,974,0.0
E1,M01,105-0,B,SF-105,A,202202,13,1006,0.0
E1,M01,105-0,B,SF-105,A,202203,14,1037,0.0
E1,M01,105-0,B,SF-105,A,202204,15,1068,0.0
E1,M01,105-0,B,SF-105,A,202205,16,1099,0.0
E1,M01,105-0,B,SF-105,A,202206,17,1130,0.0
E1,M01,105-0,B,SF-105,A,202207,18,1162,0.0
E1,M01,105-0,B,SF-105,A,202208,19,1193,1.0
E1,M01,105-0,B,SF-105,A,202209,20,1224,1.0
E1,M01,105-0,B,SF-105,A,202210,21,1255,0.0
E1,M01,105-0,B,SF-105,A,202211,22,1286,0.0
E1,M01,105-0,B,SF-105,A,202212,23,1318,0.0
E1,M01,105-0,B,SF-105,A,202301,24,1349,0.0
E1,M01,105-0,B,SF-105,A,202302,25,1380,1.0
E1,M01,105-0,B,SF-105,A,202303,26,1411,1.0
E1,M01,105-0,B,SF-105,A,202304,27,1442,1.0
E1,M01,105-0,B,SF-105,A,202305,28,1474,0.0
E1,M01,105-0,B,SF-105,A,202306,29,1505,1.0
E1,M01,105-0,B,SF-105,A,202307,30,1536,0.0
E1,M01,105-0,B,SF-105,A,202308,31,1567,1.0
E1,M01,105-0,B,SF-105,A,202309,32,1598,0.0
E1,M01,105-0,B,SF-105,A,202310,33,1630,1.0
E1,M01,105-0,B,SF-105,A,202311,34,1661,0.0
E1,M01,105-0,B,SF-105,A,202312,35,1692,1.0
E1,M01,105-0,B,SF-105,A,202401,36,1723,1.0
E1,M01,105-0,B,SF-105,A,202402,37,1754,0.0
E1,M01,105-0,B,SF-105,A,202403,38,1786,0.0
E1,M01,105-0,B,SF-105,A,202404,39,1817,0.0
E1,M01,105-0,B,SF-105,A,202405,40,1848,1.0
E1,M01,105-0,B,SF-105,A,202406,41,1879,0.0
E1,M01,105-0,B,SF-105,A,202407,42,1910,0.0
E1,M01,105-0,B,SF-105,A,202408,43,1942,1.0
E1,M01,105-0,B,SF-105,A,202409,44,1973,1.0
E1,M01,105-0,B,SF-105,A,202410,45,2004,1.0
E1,M01,105-0,B,SF-105,A,202411,46,2035,0.0
E1,M01,105-0,B,SF-105,A,202412,47,2066,1.0
E1,M01,105-0,C,SF-105,A,202101,0,500,2.0
E1,M01,105-0,C,SF-105,A,202103,2,552,1.0
E1,M01,105-0,C,SF-105,A,202104,3,578,0.0
E1,M01,105-0,C,SF-105,A,202105,4,604,1.0
E1,M01,105-0,C,SF-105,A,202106,5,630,0.0
E1,M01,105-0,C,SF-105,A,202107,6,656,0.0
E1,M01,105-0,C,SF-105,A,202108,7,682,0.0
E1,M01,105-0,C,SF-105,A,202109,8,708,0.0
E1,M01,105-0,C,SF-105,A,202110,9,734,0.0
E1,M01,105-0,C,SF-105,A,202111,10,760,0.0
E1,M01,105-0,C,SF-105,A,202112,11,786,0.0
E1,M01,105-0,C,SF-105,A,202201,12,812,0.0
E1,M01,105-0,C,SF-105,A,202202,13,838,1.0
E1,M01,105-0,C,SF-105,A,202203,14,864,0.0
E1,M01,105-0,C,SF-105,A,202204,15,890,0.0
E1,M01,105-0,C,SF-105,A,202205,16,916,0.0
E1,M01,105-0,C,SF-105,A,202206,17,942,0.0
E1,M01,105-0,C,SF-105,A,202207,18,968,0.0
E1,M01,105-0,C,SF-105,A,202208,19,994,0.0
E1,M01,105-0,C,SF-105,A,202209,20,1020,0.0
E1,M01,105-0,C,SF-105,A,202210,21,1046,2.0
E1,M01,105-0,C,SF-105,A,202211,22,1072,0.0
E1,M01,105-0,C,SF-105,A,202212,23,1098,0.0
E1,M01,105-0,C,SF-105,A,202301,24,1124,0.0
E1,M01,105-0,C,SF-105,A,202302,25,1150,0.0
E1,M01,105-0,C,SF-105,A,202303,26,1176,1.0
E1,M01,105-0,C,SF-105,A,202304,27,1202,0.0
E1,M01,105-0,C,SF-105,A,202305,28,1228,0.0
E1,M01,105-0,C,SF-105,A,202306,29,1254,0.0
E1,M01,105-0,C,SF-105,A,202307,30,1280,0.0
E1,M01,105-0,C,SF-105,A,202308,31,1306,0.0
E1,M01,105-0,C,SF-105,A,202309,32,1332,0.0
E1,M01,105-0,C,SF-105,A,202310,33,1358,0.0
E1,M01,105-0,C,SF-105,A,202311,34,1384,0.0
E1,M01,105-0,C,SF-105,A,202312,35,1410,0.0
E1,M01,105-0,C,SF-105,A,202401,36,1436,0.0
E1,M01,105-0,C,SF-105,A,202402,37,1462,0.0
E1,M01,105-0,C,SF-105,A,202403,38,1488,1.0
E1,M01,105-0,C,SF-105,A,202404,39,1514,0.0
E1,M01,105-0,C,SF-105,A,202405,40,1540,0.0
E1,M01,105-0,C,SF-105,A,202406,41,1566,0.0
E1,M01,105-0,C,SF-105,A,202407,42,1592,1.0
E1,M01,105-0,C,SF-105,A,202408,43,1618,0.0
E1,M01,105-0,C,SF-105,A,202409,44,1644,0.0
E1,M01,105-0,C,SF-105,A,202410,45,1670,0.0
E1,M01,105-0,C,SF-105,A,202411,46,1696,1.0
E1,M01,105-0,D,SF-105,A,202103,2,414,0.0
E1,M01,105-0,D,SF-105,A,202104,3,434,0.0
E1,M01,105-0,D,SF-105,A,202105,4,453,0.0
E1,M01,105-0,D,SF-105,A,202106,5,472,0.0
E1,M01,105-0,D,SF-105,A,202107,6,492,0.0
E1,M01,105-0,D,SF-105,A,202108,7,512,0.0
E1,M01,105-0,D,SF-105,A,202109,8,531,0.0
E1,M01,105-0,D,SF-105,A,202110,9,550,1.0
E1,M01,105-0,D,SF-105,A,202111,10,570,0.0
E1,M01,105-0,D,SF-105,A,202112,11,590,0.0
E1,M01,105-0,D,SF-105,A,202201,12,609,0.0
E1,M01,105-0,D,SF-105,A,202202,13,628,0.0
E1,M01,105-0,D,SF-105,A,202203,14,648,2.0
E1,M01,105-0,D,SF-105,A,202204,15,668,0.0
E1,M01,105-0,D,SF-105,A,202205,16,687,0.0
E1,M01,105-0,D,SF-105,A,202206,17,706,0.0
E1,M01,105-0,D,SF-105,A,202207,18,726,0.0
E1,M01,105-0,D,SF-105,A,202208,19,746,0.0
E1,M01,105-0,D,SF-105,A,202209,20,765,1.0
E1,M01,105-0,D,SF-105,A,202210,21,784,0.0
E1,M01,105-0,D,SF-105,A,202211,22,804,0.0
E1,M01,105-0,D,SF-105,A,202212,23,824,0.0
E1,M01,105-0,D,SF-105,A,202301,24,843,0.0
E1,M01,105-0,D,SF-105,A,202302,25,862,0.0
E1,M01,105-0,D,SF-105,A,202303,26,882,0.0
E1,M01,105-0,D,SF-105,A,202304,27,902,0.0
E1,M01,105-0,D,SF-105,A,202305,28,921,1.0
E1,M01,105-0,D,SF-105,A,202306,29,940,0.0
E1,M01,105-0,D,SF-105,A,202307,30,960,0.0
E1,M01,105-0,D,SF-105,A,202308,31,980,1.0
E1,M01,105-0,D,SF-105,A,202309,32,999,0.0
E1,M01,105-0,D,SF-105,A,202310,33,1018,0.0
E1,M01,105-0,D,SF-105,A,202311,34,1038,0.0
E1,M01,105-0,D,SF-105,A,202312,35,1058,0.0
E1,M01,105-0,D,SF-105,A,202401,36,1077,0.0
E1,M01,105-0,D,SF-105,A,202402,37,1096,0.0
E1,M01,105-0,D,SF-105,A,202403,38,1116,0.0
E1,M01,105-0,D,SF-105,A,202404,39,1136,0.0
E1,M01,105-0,D,SF-105,A,202405,40,1155,1.0
E1,M01,105-0,D,SF-105,A,202406,41,1174,0.0
E1,M01,105-0,D,SF-105,A,202407,42,1194,0.0
E1,M01,105-0,D,SF-105,A,202408,43,1214,2.0
E1,M01,105-0,D,SF-105,A,202409,44,1233,0.0
E1,M01,105-0,D,SF-105,A,202410,45,1252,0.0
E1,M01,105-0,E,SF-105,A,202109,8,248,0.0
E1,M01,105-0,E,SF-105,A,202110,9,257,0.0
E1,M01,105-0,E,SF-105,A,202111,10,266,0.0
E1,M01,105-0,E,SF-105,A,202112,11,275,0.0
E1,M01,105-0,E,SF-105,A,202201,12,284,0.0
E1,M01,105-0,E,SF-105,A,202202,13,293,0.0
E1,M01,105-0,E,SF-105,A,202203,14,302,0.0
E1,M01,105-0,E,SF-105,A,202204,15,312,0.0
E1,M01,105-0,E,SF-105,A,202205,16,321,0.0
E1,M01,105-0,E,SF-105,A,202206,17,330,0.0
E1,M01,105-0,E,SF-105,A,202207,18,339,1.0
E1,M01,105-0,E,SF-105,A,202208,19,348,0.0
E1,M01,105-0,E,SF-105,A,202209,20,357,0.0
E1,M01,105-0,E,SF-105,A,202210,21,366,0.0
E1,M01,105-0,E,SF-105,A,202211,22,375,0.0
E1,M01,105-0,E,SF-105,A,202212,23,384,0.0
E1,M01,105-0,E,SF-105,A,202301,24,393,0.0
E1,M01,105-0,E,SF-105,A,202302,25,403,0.0
E1,M01,105-0,E,SF-105,A,202303,26,412,0.0
E1,M01,105-0,E,SF-105,A,202304,27,421,0.0
E1,M01,105-0,E,SF-105,A,202305,28,430,0.0
E1,M01,105-0,E,SF-105,A,202306,29,439,0.0
E1,M01,105-0,E,SF-105,A,202307,30,448,0.0
E1,M01,105-0,E,SF-105,A,202308,31,457,0.0
E1,M01,105-0,E,SF-105,A,202309,32,466,0.0
E1,M01,105-0,E,SF-105,A,202310,33,475,0.0
E1,M01,105-0,E,SF-105,A,202311,34,484,1.0
E1,M01,105-0,E,SF-105,A,202312,35,494,0.0
E1,M01,105-0,E,SF-105,A,202401,36,503,0.0
E1,M01,105-0,E,SF-105,A,202402,37,512,0.0
E1,M01,105-0,E,SF-105,A,202403,38,521,0.0
E1,M01,105-0,E,SF-105,A,202404,39,530,0.0
E1,M01,105-0,E,SF-105,A,202405,40,539,0.0
E1,M01,105-0,E,SF-105,A,202406,41,548,0.0
E1,M01,105-0,E,SF-105,A,202407,42,557,0.0
E1,M01,105-0,E,SF-105,A,202408,43,566,0.0
E1,M01,105-0,E,SF-105,A,202409,44,575,0.0
E1,M01,105-0,E,SF-105,A,202410,45,584,0.0
E1,M01,105-0,E,SF-105,A,202411,46,594,0.0
E1,M01,105-0,E,SF-105,A,202412,47,603,0.0
E1,M02,100-0,A,SF-100,A,202103,0,850,2.0
E1,M02,100-0,A,SF-100,A,202104,1,894,3.0
E1,M02,100-0,A,SF-100,A,202105,2,938,1.0
E1,M02,100-0,A,SF-100,A,202106,3,983,3.0
E1,M02,100-0,A,SF-100,A,202107,4,1027,0.0
E1,M02,100-0,A,SF-100,A,202108,5,1071,0.0
E1,M02,100-0,A,SF-100,A,202109,6,1115,0.0
E1,M02,100-0,A,SF-100,A,202110,7,1159,3.0
E1,M02,100-0,A,SF-100,A,202111,8,1204,1.0
E1,M02,100-0,A,SF-100,A,202112,9,1248,1.0
E1,M02,100-0,A,SF-100,A,202201,10,1292,1.0
E1,M02,100-0,A,SF-100,A,202202,11,1336,0.0
E1,M02,100-0,A,SF-100,A,202203,12,1380,2.0
E1,M02,100-0,A,SF-100,A,202204,13,1425,3.0
E1,M02,100-0,A,SF-100,A,202205,14,1469,0.0
E1,M02,100-0,A,SF-100,A,202206,15,1513,4.0
E1,M02,100-0,A,SF-100,A,202207,16,1557,4.0
E1,M02,100-0,A,SF-100,A,202208,17,1601,2.0
E1,M02,100-0,A,SF-100,A,202209,18,1646,5.0
E1,M02,100-0,A,SF-100,A,202210,19,1690,5.0
E1,M02,100-0,A,SF-100,A,202211,20,1734,2.0
E1,M02,100-0,A,SF-100,A,202212,21,1778,3.0
E1,M02,100-0,A,SF-100,A,202301,22,1822,5.0
E1,M02,100-0,A,SF-100,A,202302,23,1867,0.0
E1,M02,100-0,A,SF-100,A,202303,24,1911,2.0
E1,M02,100-0,A,SF-100,A,202304,25,1955,0.0
E1,M02,100-0,A,SF-100,A,202305,26,1999,1.0
E1,M02,100-0,A,SF-100,A,202306,27,2043,2.0
E1,M02,100-0,A,SF-100,A,202307,28,2088,4.0
E1,M02,100-0,A,SF-100,A,202308,29,2132,1.0
E1,M02,100-0,A,SF-100,A,202309,30,2176,1.0
E1,M02,100-0,A,SF-100,A,202310,31,2220,2.0
E1,M02,100-0,A,SF-100,A,202311,32,2264,3.0
E1,M02,100-0,A,SF-100,A,202312,33,2309,1.0
E1,M02,100-0,A,SF-100,A,202401,34,2353,6.0
E1,M02,100-0,A,SF-100,A,202402,35,2397,7.0
E1,M02,100-0,A,SF-100,A,202403,36,2441,3.0
E1,M02,100-0,A,SF-100,A,202404,37,2485,4.0
E1,M02,100-0,A,SF-100,A,202405,38,2530,4.0
E1,M02,100-0,A,SF-100,A,202406,39,2574,8.0
E1,M02,100-0,A,SF-100,A,202407,40,2618,3.0
E1,M02,100-0,A,SF-100,A,202408,41,2662,4.0
E1,M02,100-0,A,SF-100,A,202409,42,2706,6.0
E1,M02,100-0,A,SF-100,A,202410,43,2751,4.0
E1,M02,100-0,A,SF-100,A,202411,44,2795,3.0
E1,M02,100-0,A,SF-100,A,202412,45,2839,2.0
E1,M02,100-0,ALL,SF-100,A,202103,0,2500,5.0
E1,M02,100-0,ALL,SF-100,A,202104,1,2630,4.0
E1,M02,100-0,ALL,SF-100,A,202105,2,2760,6.0
E1,M02,100-0,ALL,SF-100,A,202106,3,2890,4.0
E1,M02,100-0,ALL,SF-100,A,202107,4,3020,6.0
E1,M02,100-0,ALL,SF-100,A,202108,5,3150,4.0
E1,M02,100-0,ALL,SF-100,A,202109,6,3280,1.0
E1,M02,100-0,ALL,SF-100,A,202110,7,3410,6.0
E1,M02,100-0,ALL,SF-100,A,202111,8,3540,3.0
E1,M02,100-0,ALL,SF-100,A,202112,9,3670,3.0
E1,M02,100-0,ALL,SF-100,A,202201,10,3800,3.0
E1,M02,100-0,ALL,SF-100,A,202202,11,3930,6.0
E1,M02,100-0,ALL,SF-100,A,202203,12,4060,5.0
E1,M02,100-0,ALL,SF-100,A,202204,13,4190,6.0
E1,M02,100-0,ALL,SF-100,A,202205,14,4320,3.0
E1,M02,100-0,ALL,SF-100,A,202206,15,4450,6.0
E1,M02,100-0,ALL,SF-100,A,202207,16,4580,7.0
E1,M02,100-0,ALL,SF-100,A,202208,17,4710,7.0
E1,M02,100-0,ALL,SF-100,A,202209,18,4840,8.0
E1,M02,100-0,ALL,SF-100,A,202210,19,4970,8.0
E1,M02,100-0,ALL,SF-100,A,202211,20,5100,6.0
E1,M02,100-0,ALL,SF-100,A,202212,21,5230,8.0
E1,M02,100-0,ALL,SF-100,A,202301,22,5360,8.0
E1,M02,100-0,ALL,SF-100,A,202302,23,5490,1.0
E1,M02,100-0,ALL,SF-100,A,202303,24,5620,8.0
E1,M02,100-0,ALL,SF-100,A,202304,25,5750,1.0
E1,M02,100-0,ALL,SF-100,A,202305,26,5880,3.0
E1,M02,100-0,ALL,SF-100,A,202306,27,6010,5.0
E1,M02,100-0,ALL,SF-100,A,202307,28,6140,6.0
E1,M02,100-0,ALL,SF-100,A,202308,29,6270,9.0
E1,M02,100-0,ALL,SF-100,A,202309,30,6400,4.0
E1,M02,100-0,ALL,SF-100,A,202310,31,6530,4.0
E1,M02,100-0,ALL,SF-100,A,202311,32,6660,14.0
E1,M02,100-0,ALL,SF-100,A,202312,33,6790,6.0
E1,M02,100-0,ALL,SF-100,A,202401,34,6920,7.0
E1,M02,100-0,ALL,SF-100,A,202402,35,7050,13.0
E1,M02,100-0,ALL,SF-100,A,202403,36,7180,11.0
E1,M02,100-0,ALL,SF-100,A,202404,37,7310,11.0
E1,M02,100-0,ALL,SF-100,A,202405,38,7440,12.0
E1,M02,100-0,ALL,SF-100,A,202406,39,7570,17.0
E1,M02,100-0,ALL,SF-100,A,202407,40,7700,12.0
E1,M02,100-0,ALL,SF-100,A,202408,41,7830,7.0
E1,M02,100-0,ALL,SF-100,A,202409,42,7960,11.0
E1,M02,100-0,ALL,SF-100,A,202410,43,8090,7.0
E1,M02,100-0,ALL,SF-100,A,202411,44,8220,7.0
E1,M02,100-0,ALL,SF-100,A,202412,45,8350,5.0
E1,M02,100-0,B,SF-100,A,202104,1,631,1.0
E1,M02,100-0,B,SF-100,A,202105,2,662,2.0
E1,M02,100-0,B,SF-100,A,202106,3,694,1.0
E1,M02,100-0,B,SF-100,A,202107,4,725,2.0
E1,M02,100-0,B,SF-100,A,202108,5,756,3.0
E1,M02,100-0,B,SF-100,A,202109,6,787,1.0
E1,M02,100-0,B,SF-100,A,202110,7,818,1.0
E1,M02,100-0,B,SF-100,A,202111,8,850,1.0
E1,M02,100-0,B,SF-100,A,202112,9,881,0.0
E1,M02,100-0,B,SF-100,A,202201,10,912,1.0
E1,M02,100-0,B,SF-100,A,202202,11,943,3.0
E1,M02,100-0,B,SF-100,A,202203,12,974,0.0
E1,M02,100-0,B,SF-100,A,202204,13,1006,1.0
E1,M02,100-0,B,SF-100,A,202205,14,1037,1.0
E1,M02,100-0,B,SF-100,A,202206,15,1068,0.0
E1,M02,100-0,B,SF-100,A,202207,16,1099,1.0
E1,M02,100-0,B,SF-100,A,202208,17,1130,2.0
E1,M02,100-0,B,SF-100,A,202209,18,1162,0.0
E1,M02,100-0,B,SF-100,A,202210,19,1193,1.0
E1,M02,100-0,B,SF-100,A,202211,20,1224,2.0
E1,M02,100-0,B,SF-100,A,202212,21,1255,3.0
E1,M02,100-0,B,SF-100,A,202301,22,1286,1.0
E1,M02,100-0,B,SF-100,A,202302,23,1318,0.0
E1,M02,100-0,B,SF-100,A,202303,24,1349,2.0
E1,M02,100-0,B,SF-100,A,202304,25,1380,0.0
E1,M02,100-0,B,SF-100,A,202305,26,1411,1.0
E1,M02,100-0,B,SF-100,A,202306,27,1442,2.0
E1,M02,100-0,B,SF-100,A,202307,28,1474,1.0
E1,M02,100-0,B,SF-100,A,202308,29,1505,1.0
E1,M02,100-0,B,SF-100,A,202309,30,1536,2.0
E1,M02,100-0,B,SF-100,A,202310,31,1567,1.0
E1,M02,100-0,B,SF-100,A,202311,32,1598,2.0
E1,M02,100-0,B,SF-100,A,202312,33,1630,2.0
E1,M02,100-0,B,SF-100,A,202401,34,1661,0.0
E1,M02,100-0,B,SF-100,A,202402,35,1692,2.0
E1,M02,100-0,B,SF-100,A,202403,36,1723,2.0
E1,M02,100-0,B,SF-100,A,202404,37,1754,2.0
E1,M02,100-0,B,SF-100,A,202405,38,1786,3.0
E1,M02,100-0,B,SF-100,A,202406,39,1817,3.0
E1,M02,100-0,B,SF-100,A,202407,40,1848,4.0
E1,M02,100-0,B,SF-100,A,202408,41,1879,1.0
E1,M02,100-0,B,SF-100,A,202409,42,1910,2.0
E1,M02,100-0,B,SF-100,A,202410,43,1942,1.0
E1,M02,100-0,B,SF-100,A,202411,44,1973,2.0
E1,M02,100-0,B,SF-100,A,202412,45,2004,3.0
E1,M02,100-0,C,SF-100,A,202103,0,500,2.0
E1,M02,100-0,C,SF-100,A,202105,2,552,2.0
E1,M02,100-0,C,SF-100,A,202106,3,578,0.0
E1,M02,100-0,C,SF-100,A,202107,4,604,2.0
E1,M02,100-0,C,SF-100,A,202108,5,630,0.0
E1,M02,100-0,C,SF-100,A,202109,6,656,0.0
E1,M02,100-0,C,SF-100,A,202110,7,682,1.0
E1,M02,100-0,C,SF-100,A,202111,8,708,0.0
E1,M02,100-0,C,SF-100,A,202112,9,734,1.0
E1,M02,100-0,C,SF-100,A,202201,10,760,0.0
E1,M02,100-0,C,SF-100,A,202202,11,786,2.0
E1,M02,100-0,C,SF-100,A,202203,12,812,3.0
E1,M02,100-0,C,SF-100,A,202204,13,838,0.0
E1,M02,100-0,C,SF-100,A,202205,14,864,2.0
E1,M02,100-0,C,SF-100,A,202206,15,890,2.0
E1,M02,100-0,C,SF-100,A,202207,16,916,1.0
E1,M02,100-0,C,SF-100,A,202208,17,942,1.0
E1,M02,100-0,C,SF-100,A,202209,18,968,2.0
E1,M02,100-0,C,SF-100,A,202210,19,994,0.0
E1,M02,100-0,C,SF-100,A,202211,20,1020,0.0
E1,M02,100-0,C,SF-100,A,202212,21,1046,0.0
E1,M02,100-0,C,SF-100,A,202301,22,1072,1.0
E1,M02,100-0,C,SF-100,A,202302,23,1098,0.0
E1,M02,100-0,C,SF-100,A,202303,24,1124,2.0
E1,M02,100-0,C,SF-100,A,202304,25,1150,0.0
E1,M02,100-0,C,SF-100,A,202305,26,1176,0.0
E1,M02,100-0,C,SF-100,A,202306,27,1202,0.0
E1,M02,100-0,C,SF-100,A,202307,28,1228,0.0
E1,M02,100-0,C,SF-100,A,202308,29,1254,4.0
E1,M02,100-0,C,SF-100,A,202309,30,1280,0.0
E1,M02,100-0,C,SF-100,A,202310,31,1306,1.0
E1,M02,100-0,C,SF-100,A,202311,32,1332,5.0
E1,M02,100-0,C,SF-100,A,202312,33,1358,2.0
E1,M02,100-0,C,SF-100,A,202401,34,1384,1.0
E1,M02,100-0,C,SF-100,A,202402,35,1410,2.0
E1,M02,100-0,C,SF-100,A,202403,36,1436,0.0
E1,M02,100-0,C,SF-100,A,202404,37,1462,3.0
E1,M02,100-0,C,SF-100,A,202405,38,1488,3.0
E1,M02,100-0,C,SF-100,A,202406,39,1514,4.0
E1,M02,100-0,C,SF-100,A,202407,40,1540,2.0
E1,M02,100-0,C,SF-100,A,202408,41,1566,0.0
E1,M02,100-0,C,SF-100,A,202409,42,1592,0.0
E1,M02,100-0,C,SF-100,A,202410,43,1618,2.0
E1,M02,100-0,C,SF-100,A,202411,44,1644,2.0
E1,M02,100-0,D,SF-100,A,202103,0,375,1.0
E1,M02,100-0,D,SF-100,A,202105,2,414,1.0
E1,M02,100-0,D,SF-100,A,202106,3,434,0.0
E1,M02,100-0,D,SF-100,A,202107,4,453,2.0
E1,M02,100-0,D,SF-100,A,202108,5,472,1.0
E1,M02,100-0,D,SF-100,A,202109,6,492,0.0
E1,M02,100-0,D,SF-100,A,202110,7,512,1.0
E1,M02,100-0,D,SF-100,A,202111,8,531,1.0
E1,M02,100-0,D,SF-100,A,202112,9,550,1.0
E1,M02,100-0,D,SF-100,A,202201,10,570,0.0
E1,M02,100-0,D,SF-100,A,202202,11,590,1.0
E1,M02,100-0,D,SF-100,A,202203,12,609,0.0
E1,M02,100-0,D,SF-100,A,202204,13,628,2.0
E1,M02,100-0,D,SF-100,A,202205,14,648,0.0
E1,M02,100-0,D,SF-100,A,202206,15,668,0.0
E1,M02,100-0,D,SF-100,A,202207,16,687,1.0
E1,M02,100-0,D,SF-100,A,202208,17,706,1.0
E1,M02,100-0,D,SF-100,A,202209,18,726,1.0
E1,M02,100-0,D,SF-100,A,202210,19,746,1.0
E1,M02,100-0,D,SF-100,A,202211,20,765,2.0
E1,M02,100-0,D,SF-100,A,202212,21,784,1.0
E1,M02,100-0,D,SF-100,A,202301,22,804,0.0
E1,M02,100-0,D,SF-100,A,202302,23,824,1.0
E1,M02,100-0,D,SF-100,A,202303,24,843,2.0
E1,M02,100-0,D,SF-100,A,202304,25,862,1.0
E1,M02,100-0,D,SF-100,A,202305,26,882,1.0
E1,M02,100-0,D,SF-100,A,202306,27,902,1.0
E1,M02,100-0,D,SF-100,A,202307,28,921,1.0
E1,M02,100-0,D,SF-100,A,202308,29,940,1.0
E1,M02,100-0,D,SF-100,A,202309,30,960,1.0
E1,M02,100-0,D,SF-100,A,202310,31,980,0.0
E1,M02,100-0,D,SF-100,A,202311,32,999,2.0
E1,M02,100-0,D,SF-100,A,202312,33,1018,1.0
E1,M02,100-0,D,SF-100,A,202401,34,1038,0.0
E1,M02,100-0,D,SF-100,A,202402,35,1058,1.0
E1,M02,100-0,D,SF-100,A,202403,36,1077,4.0
E1,M02,100-0,D,SF-100,A,202404,37,1096,1.0
E1,M02,100-0,D,SF-100,A,202405,38,1116,1.0
E1,M02,100-0,D,SF-100,A,202406,39,1136,2.0
E1,M02,100-0,D,SF-100,A,202407,40,1155,2.0
E1,M02,100-0,D,SF-100,A,202408,41,1174,2.0
E1,M02,100-0,D,SF-100,A,202409,42,1194,1.0
E1,M02,100-0,D,SF-100,A,202410,43,1214,0.0
E1,M02,100-0,E,SF-100,A,202111,8,248,0.0
E1,M02,100-0,E,SF-100,A,202112,9,257,0.0
E1,M02,100-0,E,SF-100,A,202201,10,266,1.0
E1,M02,100-0,E,SF-100,A,202202,11,275,0.0
E1,M02,100-0,E,SF-100,A,202203,12,284,0.0
E1,M02,100-0,E,SF-100,A,202204,13,293,0.0
E1,M02,100-0,E,SF-100,A,202205,14,302,0.0
E1,M02,100-0,E,SF-100,A,202206,15,312,0.0
E1,M02,100-0,E,SF-100,A,202207,16,321,0.0
E1,M02,100-0,E,SF-100,A,202208,17,330,1.0
E1,M02,100-0,E,SF-100,A,202209,18,339,0.0
E1,M02,100-0,E,SF-100,A,202210,19,348,1.0
E1,M02,100-0,E,SF-100,A,202211,20,357,0.0
E1,M02,100-0,E,SF-100,A,202212,21,366,1.0
E1,M02,100-0,E,SF-100,A,202301,22,375,1.0
E1,M02,100-0,E,SF-100,A,202302,23,384,0.0
E1,M02,100-0,E,SF-100,A,202303,24,393,0.0
E1,M02,100-0,E,SF-100,A,202304,25,403,0.0
E1,M02,100-0,E,SF-100,A,202305,26,412,0.0
E1,M02,100-0,E,SF-100,A,202306,27,421,0.0
E1,M02,100-0,E,SF-100,A,202307,28,430,0.0
E1,M02,100-0,E,SF-100,A,202308,29,439,2.0
E1,M02,100-0,E,SF-100,A,202309,30,448,0.0
E1,M02,100-0,E,SF-100,A,202310,31,457,0.0
E1,M02,100-0,E,SF-100,A,202311,32,466,2.0
E1,M02,100-0,E,SF-100,A,202312,33,475,0.0
E1,M02,100-0,E,SF-100,A,202401,34,484,0.0
E1,M02,100-0,E,SF-100,A,202402,35,494,1.0
E1,M02,100-0,E,SF-100,A,202403,36,503,2.0
E1,M02,100-0,E,SF-100,A,202404,37,512,1.0
E1,M02,100-0,E,SF-100,A,202405,38,521,1.0
E1,M02,100-0,E,SF-100,A,202406,39,530,0.0
E1,M02,100-0,E,SF-100,A,202407,40,539,1.0
E1,M02,100-0,E,SF-100,A,202408,41,548,0.0
E1,M02,100-0,E,SF-100,A,202409,42,557,2.0
E1,M02,100-0,E,SF-100,A,202410,43,566,0.0
E1,M02,100-0,E,SF-100,A,202411,44,575,0.0
E1,M02,100-0,E,SF-100,A,202412,45,584,0.0
E1,M02,101-0,A,SF-101,A,202104,1,894,4.0
E1,M02,101-0,A,SF-101,A,202105,2,938,4.0
E1,M02,101-0,A,SF-101,A,202106,3,983,1.0
E1,M02,101-0,A,SF-101,A,202107,4,1027,1.0
E1,M02,101-0,A,SF-101,A,202108,5,1071,5.0
E1,M02,101-0,A,SF-101,A,202109,6,1115,4.0
E1,M02,101-0,A,SF-101,A,202110,7,1159,5.0
E1,M02,101-0,A,SF-101,A,202111,8,1204,5.0
E1,M02,101-0,A,SF-101,A,202112,9,1248,5.0
E1,M02,101-0,A,SF-101,A,202201,10,1292,6.0
E1,M02,101-0,A,SF-101,A,202202,11,1336,10.0
E1,M02,101-0,A,SF-101,A,202203,12,1380,4.0
E1,M02,101-0,A,SF-101,A,202204,13,1425,4.0
E1,M02,101-0,A,SF-101,A,202205,14,1469,4.0
E1,M02,101-0,A,SF-101,A,202206,15,1513,4.0
E1,M02,101-0,A,SF-101,A,202207,16,1557,8.0
E1,M02,101-0,A,SF-101,A,202208,17,1601,7.0
E1,M02,101-0,A,SF-101,A,202209,18,1646,7.0
E1,M02,101-0,A,SF-101,A,202210,19,1690,8.0
E1,M02,101-0,A,SF-101,A,202211,20,1734,2.0
E1,M02,101-0,A,SF-101,A,202212,21,1778,12.0
E1,M02,101-0,A,SF-101,A,202301,22,1822,4.0
E1,M02,101-0,A,SF-101,A,202302,23,1867,9.0
E1,M02,101-0,A,SF-101,A,202303,24,1911,12.0
E1,M02,101-0,A,SF-101,A,202304,25,1955,7.0
E1,M02,101-0,A,SF-101,A,202305,26,1999,9.0
E1,M02,101-0,A,SF-101,A,202306,27,2043,9.0
E1,M02,101-0,A,SF-101,A,202307,28,2088,10.0
E1,M02,101-0,A,SF-101,A,202308,29,2132,6.0
E1,M02,101-0,A,SF-101,A,202309,30,2176,12.0
E1,M02,101-0,A,SF-101,A,202310,31,2220,12.0
E1,M02,101-0,A,SF-101,A,202311,32,2264,12.0
E1,M02,101-0,A,SF-101,A,202312,33,2309,13.0
E1,M02,101-0,A,SF-101,A,202401,34,2353,6.0
E1,M02,101-0,A,SF-101,A,202402,35,2397,11.0
E1,M02,101-0,A,SF-101,A,202403,36,2441,6.0
E1,M02,101-0,A,SF-101,A,202404,37,2485,14.0
E1,M02,101-0,A,SF-101,A,202405,38,2530,10.0
E1,M02,101-0,A,SF-101,A,202406,39,2574,8.0
E1,M02,101-0,A,SF-101,A,202407,40,2618,11.0
E1,M02,101-0,A,SF-101,A,202408,41,2662,7.0
E1,M02,101-0,A,SF-101,A,202409,42,2706,11.0
E1,M02,101-0,A,SF-101,A,202410,43,2751,13.0
E1,M02,101-0,A,SF-101,A,202411,44,2795,4.0
E1,M02,101-0,A,SF-101,A,202412,45,2839,8.0
E1,M02,101-0,ALL,SF-101,A,202103,0,2500,2.0
E1,M02,101-0,ALL,SF-101,A,202104,1,2630,11.0
E1,M02,101-0,ALL,SF-101,A,202105,2,2760,12.0
E1,M02,101-0,ALL,SF-101,A,202106,3,2890,5.0
E1,M02,101-0,ALL,SF-101,A,202107,4,3020,5.0
E1,M02,101-0,ALL,SF-101,A,202108,5,3150,16.0
E1,M02,101-0,ALL,SF-101,A,202109,6,3280,11.0
E1,M02,101-0,ALL,SF-101,A,202110,7,3410,9.0
E1,M02,101-0,ALL,SF-101,A,202111,8,3540,15.0
E1,M02,101-0,ALL,SF-101,A,202112,9,3670,13.0
E1,M02,101-0,ALL,SF-101,A,202201,10,3800,20.0
E1,M02,101-0,ALL,SF-101,A,202202,11,3930,18.0
E1,M02,101-0,ALL,SF-101,A,202203,12,4060,16.0
E1,M02,101-0,ALL,SF-101,A,202204,13,4190,15.0
E1,M02,101-0,ALL,SF-101,A,202205,14,4320,13.0
E1,M02,101-0,ALL,SF-101,A,202206,15,4450,13.0
E1,M02,101-0,ALL,SF-101,A,202207,16,4580,18.0
E1,M02,101-0,ALL,SF-101,A,202208,17,4710,17.0
E1,M02,101-0,ALL,SF-101,A,202209,18,4840,25.0
E1,M02,101-0,ALL,SF-101,A,202210,19,4970,23.0
E1,M02,101-0,ALL,SF-101,A,202211,20,5100,16.0
E1,M02,101-0,ALL,SF-101,A,202212,21,5230,21.0
E1,M02,101-0,ALL,SF-101,A,202301,22,5360,17.0
E1,M02,101-0,ALL,SF-101,A,202302,23,5490,16.0
E1,M02,101-0,ALL,SF-101,A,202303,24,5620,22.0
E1,M02,101-0,ALL,SF-101,A,202304,25,5750,24.0
E1,M02,101-0,ALL,SF-101,A,202305,26,5880,31.0
E1,M02,101-0,ALL,SF-101,A,202306,27,6010,21.0
E1,M02,101-0,ALL,SF-101,A,202307,28,6140,28.0
E1,M02,101-0,ALL,SF-101,A,202308,29,6270,16.0
E1,M02,101-0,ALL,SF-101,A,202309,30,6400,30.0
E1,M02,101-0,ALL,SF-101,A,202310,31,6530,34.0
E1,M02,101-0,ALL,SF-101,A,202311,32,6660,28.0
E1,M02,101-0,ALL,SF-101,A,202312,33,6790,29.0
E1,M02,101-0,ALL,SF-101,A,202401,34,6920,26.0
E1,M02,101-0,ALL,SF-101,A,202402,35,7050,36.0
E1,M02,101-0,ALL,SF-101,A,202403,36,7180,19.0
E1,M02,101-0,ALL,SF-101,A,202404,37,7310,36.0
E1,M02,101-0,ALL,SF-101,A,202405,38,7440,28.0
E1,M02,101-0,ALL,SF-101,A,202406,39,7570,27.0
E1,M02,101-0,ALL,SF-101,A,202407,40,7700,32.0
E1,M02,101-0,ALL,SF-101,A,202408,41,7830,34.0
E1,M02,101-0,ALL,SF-101,A,202409,42,7960,37.0
E1,M02,101-0,ALL,SF-101,A,202410,43,8090,42.0
E1,M02,101-0,ALL,SF-101,A,202411,44,8220,17.0
E1,M02,101-0,ALL,SF-101,A,202412,45,8350,13.0
E1,M02,101-0,B,SF-101,A,202103,0,600,1.0
E1,M02,101-0,B,SF-101,A,202105,2,662,3.0
E1,M02,101-0,B,SF-101,A,202106,3,694,2.0
E1,M02,101-0,B,SF-101,A,202107,4,725,0.0
E1,M02,101-0,B,SF-101,A,202108,5,756,5.0
E1,M02,101-0,B,SF-101,A,202109,6,787,3.0
E1,M02,101-0,B,SF-101,A,202110,7,818,1.0
E1,M02,101-0,B,SF-101,A,202111,8,850,3.0
E1,M02,101-0,B,SF-101,A,202112,9,881,5.0
E1,M02,101-0,B,SF-101,A,202201,10,912,3.0
E1,M02,101-0,B,SF-101,A,202202,11,943,1.0
E1,M02,101-0,B,SF-101,A,202203,12,974,4.0
E1,M02,101-0,B,SF-101,A,202204,13,1006,4.0
E1,M02,101-0,B,SF-101,A,202205,14,1037,6.0
E1,M02,101-0,B,SF-101,A,202206,15,1068,3.0
E1,M02,101-0,B,SF-101,A,202207,16,1099,4.0
E1,M02,101-0,B,SF-101,A,202208,17,1130,2.0
E1,M02,101-0,B,SF-101,A,202209,18,1162,4.0
E1,M02,101-0,B,SF-101,A,202210,19,1193,3.0
E1,M02,101-0,B,SF-101,A,202211,20,1224,6.0
E1,M02,101-0,B,SF-101,A,202212,21,1255,0.0
E1,M02,101-0,B,SF-101,A,202301,22,1286,4.0
E1,M02,101-0,B,SF-101,A,202302,23,1318,1.0
E1,M02,101-0,B,SF-101,A,202303,24,1349,4.0
E1,M02,101-0,B,SF-101,A,202304,25,1380,2.0
E1,M02,101-0,B,SF-101,A,202305,26,1411,7.0
E1,M02,101-0,B,SF-101,A,202306,27,1442,3.0
E1,M02,101-0,B,SF-101,A,202307,28,1474,3.0
E1,M02,101-0,B,SF-101,A,202308,29,1505,3.0
E1,M02,101-0,B,SF-101,A,202309,30,1536,8.0
E1,M02,101-0,B,SF-101,A,202310,31,1567,3.0
E1,M02,101-0,B,SF-101,A,202311,32,1598,8.0
E1,M02,101-0,B,SF-101,A,202312,33,1630,6.0
E1,M02,101-0,B,SF-101,A,202401,34,1661,5.0
E1,M02,101-0,B,SF-101,A,202402,35,1692,9.0
E1,M02,101-0,B,SF-101,A,202403,36,1723,4.0
E1,M02,101-0,B,SF-101,A,202404,37,1754,7.0
E1,M02,101-0,B,SF-101,A,202405,38,1786,7.0
E1,M02,101-0,B,SF-101,A,202406,39,1817,3.0
E1,M02,101-0,B,SF-101,A,202407,40,1848,7.0
E1,M02,101-0,B,SF-101,A,202408,41,1879,10.0
E1,M02,101-0,B,SF-101,A,202409,42,1910,8.0
E1,M02,101-0,B,SF-101,A,202410,43,1942,8.0
E1,M02,101-0,B,SF-101,A,202411,44,1973,8.0
E1,M02,101-0,B,SF-101,A,202412,45,2004,4.0
E1,M02,101-0,C,SF-101,A,202103,0,500,1.0
E1,M02,101-0,C,SF-101,A,202104,1,526,4.0
E1,M02,101-0,C,SF-101,A,202105,2,552,2.0
E1,M02,101-0,C,SF-101,A,202106,3,578,0.0
E1,M02,101-0,C,SF-101,A,202107,4,604,1.0
E1,M02,101-0,C,SF-101,A,202108,5,630,1.0
E1,M02,101-0,C,SF-101,A,202109,6,656,1.0
E1,M02,101-0,C,SF-101,A,202110,7,682,0.0
E1,M02,101-0,C,SF-101,A,202111,8,708,5.0
E1,M02,101-0,C,SF-101,A,202112,9,734,1.0
E1,M02,101-0,C,SF-101,A,202201,10,760,4.0
E1,M02,101-0,C,SF-101,A,202202,11,786,3.0
E1,M02,101-0,C,SF-101,A,202203,12,812,2.0
E1,M02,101-0,C,SF-101,A,202204,13,838,2.0
E1,M02,101-0,C,SF-101,A,202205,14,864,2.0
E1,M02,101-0,C,SF-101,A,202206,15,890,3.0
E1,M02,101-0,C,SF-101,A,202207,16,916,2.0
E1,M02,101-0,C,SF-101,A,202208,17,942,5.0
E1,M02,101-0,C,SF-101,A,202209,18,968,10.0
E1,M02,101-0,C,SF-101,A,202210,19,994,5.0
E1,M02,101-0,C,SF-101,A,202211,20,1020,4.0
E1,M02,101-0,C,SF-101,A,202212,21,1046,4.0
E1,M02,101-0,C,SF-101,A,202301,22,1072,4.0
E1,M02,101-0,C,SF-101,A,202302,23,1098,4.0
E1,M02,101-0,C,SF-101,A,202303,24,1124,4.0
E1,M02,101-0,C,SF-101,A,202304,25,1150,8.0
E1,M02,101-0,C,SF-101,A,202305,26,1176,9.0
E1,M02,101-0,C,SF-101,A,202306,27,1202,4.0
E1,M02,101-0,C,SF-101,A,202307,28,1228,7.0
E1,M02,101-0,C,SF-101,A,202308,29,1254,4.0
E1,M02,101-0,C,SF-101,A,202309,30,1280,6.0
E1,M02,101-0,C,SF-101,A,202310,31,1306,8.0
E1,M02,101-0,C,SF-101,A,202311,32,1332,4.0
E1,M02,101-0,C,SF-101,A,202312,33,1358,4.0
E1,M02,101-0,C,SF-101,A,202401,34,1384,7.0
E1,M02,101-0,C,SF-101,A,202402,35,1410,8.0
E1,M02,101-0,C,SF-101,A,202403,36,1436,7.0
E1,M02,101-0,C,SF-101,A,202404,37,1462,4.0
E1,M02,101-0,C,SF-101,A,202405,38,1488,4.0
E1,M02,101-0,C,SF-101,A,202406,39,1514,7.0
E1,M02,101-0,C,SF-101,A,202407,40,1540,7.0
E1,M02,101-0,C,SF-101,A,202408,41,1566,11.0
E1,M02,101-0,C,SF-101,A,202409,42,1592,9.0
E1,M02,101-0,C,SF-101,A,202410,43,1618,6.0
E1,M02,101-0,C,SF-101,A,202411,44,1644,4.0
E1,M02,101-0,D,SF-101,A,202104,1,394,3.0
E1,M02,101-0,D,SF-101,A,202105,2,414,3.0
E1,M02,101-0,D,SF-101,A,202106,3,434,2.0
E1,M02,101-0,D,SF-101,A,202107,4,453,3.0
E1,M02,101-0,D,SF-101,A,202108,5,472,5.0
E1,M02,101-0,D,SF-101,A,202109,6,492,3.0
E1,M02,101-0,D,SF-101,A,202110,7,512,3.0
E1,M02,101-0,D,SF-101,A,202111,8,531,1.0
E1,M02,101-0,D,SF-101,A,202112,9,550,1.0
E1,M02,101-0,D,SF-101,A,202201,10,570,4.0
E1,M02,101-0,D,SF-101,A,202202,11,590,4.0
E1,M02,101-0,D,SF-101,A,202203,12,609,4.0
E1,M02,101-0,D,SF-101,A,202204,13,628,5.0
E1,M02,101-0,D,SF-101,A,202205,14,648,1.0
E1,M02,101-0,D,SF-101,A,202206,15,668,3.0
E1,M02,101-0,D,SF-101,A,202207,16,687,3.0
E1,M02,101-0,D,SF-101,A,202208,17,706,3.0
E1,M02,101-0,D,SF-101,A,202209,18,726,2.0
E1,M02,101-0,D,SF-101,A,202210,19,746,5.0
E1,M02,101-0,D,SF-101,A,202211,20,765,4.0
E1,M02,101-0,D,SF-101,A,202212,21,784,4.0
E1,M02,101-0,D,SF-101,A,202301,22,804,3.0
E1,M02,101-0,D,SF-101,A,202302,23,824,2.0
E1,M02,101-0,D,SF-101,A,202303,24,843,1.0
E1,M02,101-0,D,SF-101,A,202304,25,862,6.0
E1,M02,101-0,D,SF-101,A,202305,26,882,3.0
E1,M02,101-0,D,SF-101,A,202306,27,902,3.0
E1,M02,101-0,D,SF-101,A,202307,28,921,6.0
E1,M02,101-0,D,SF-101,A,202308,29,940,3.0
E1,M02,101-0,D,SF-101,A,202309,30,960,4.0
E1,M02,101-0,D,SF-101,A,202310,31,980,8.0
E1,M02,101-0,D,SF-101,A,202311,32,999,3.0
E1,M02,101-0,D,SF-101,A,202312,33,1018,3.0
E1,M02,101-0,D,SF-101,A,202401,34,1038,3.0
E1,M02,101-0,D,SF-101,A,202402,35,1058,5.0
E1,M02,101-0,D,SF-101,A,202403,36,1077,2.0
E1,M02,101-0,D,SF-101,A,202404,37,1096,4.0
E1,M02,101-0,D,SF-101,A,202405,38,1116,5.0
E1,M02,101-0,D,SF-101,A,202406,39,1136,7.0
E1,M02,101-0,D,SF-101,A,202407,40,1155,2.0
E1,M02,101-0,D,SF-101,A,202408,41,1174,3.0
E1,M02,101-0,D,SF-101,A,202409,42,1194,5.0
E1,M02,101-0,D,SF-101,A,202410,43,1214,13.0
E1,M02,101-0,E,SF-101,A,202111,8,248,1.0
E1,M02,101-0,E,SF-101,A,202112,9,257,1.0
E1,M02,101-0,E,SF-101,A,202201,10,266,3.0
E1,M02,101-0,E,SF-101,A,202202,11,275,0.0
E1,M02,101-0,E,SF-101,A,202203,12,284,2.0
E1,M02,101-0,E,SF-101,A,202204,13,293,0.0
E1,M02,101-0,E,SF-101,A,202205,14,302,0.0
E1,M02,101-0,E,SF-101,A,202206,15,312,0.0
E1,M02,101-0,E,SF-101,A,202207,16,321,1.0
E1,M02,101-0,E,SF-101,A,202208,17,330,0.0
E1,M02,101-0,E,SF-101,A,202209,18,339,2.0
E1,M02,101-0,E,SF-101,A,202210,19,348,2.0
E1,M02,101-0,E,SF-101,A,202211,20,357,0.0
E1,M02,101-0,E,SF-101,A,202212,21,366,1.0
E1,M02,101-0,E,SF-101,A,202301,22,375,2.0
E1,M02,101-0,E,SF-101,A,202302,23,384,0.0
E1,M02,101-0,E,SF-101,A,202303,24,393,1.0
E1,M02,101-0,E,SF-101,A,202304,25,403,1.0
E1,M02,101-0,E,SF-101,A,202305,26,412,3.0
E1,M02,101-0,E,SF-101,A,202306,27,421,2.0
E1,M02,101-0,E,SF-101,A,202307,28,430,2.0
E1,M02,101-0,E,SF-101,A,202308,29,439,0.0
E1,M02,101-0,E,SF-101,A,202309,30,448,0.0
E1,M02,101-0,E,SF-101,A,202310,31,457,3.0
E1,M02,101-0,E,SF-101,A,202311,32,466,1.0
E1,M02,101-0,E,SF-101,A,202312,33,475,3.0
E1,M02,101-0,E,SF-101,A,202401,34,484,5.0
E1,M02,101-0,E,SF-101,A,202402,35,494,3.0
E1,M02,101-0,E,SF-101,A,202403,36,503,0.0
E1,M02,101-0,E,SF-101,A,202404,37,512,7.0
E1,M02,101-0,E,SF-101,A,202405,38,521,2.0
E1,M02,101-0,E,SF-101,A,202406,39,530,2.0
E1,M02,101-0,E,SF-101,A,202407,40,539,5.0
E1,M02,101-0,E,SF-101,A,202408,41,548,3.0
E1,M02,101-0,E,SF-101,A,202409,42,557,4.0
E1,M02,101-0,E,SF-101,A,202410,43,566,2.0
E1,M02,101-0,E,SF-101,A,202411,44,575,1.0
E1,M02,101-0,E,SF-101,A,202412,45,584,1.0
E1,M02,102-0,A,SF-102,A,202105,2,938,2.0
E1,M02,102-0,A,SF-102,A,202106,3,983,2.0
E1,M02,102-0,A,SF-102,A,202107,4,1027,0.0
E1,M02,102-0,A,SF-102,A,202108,5,1071,1.0
E1,M02,102-0,A,SF-102,A,202109,6,1115,1.0
E1,M02,102-0,A,SF-102,A,202110,7,1159,0.0
E1,M02,102-0,A,SF-102,A,202111,8,1204,0.0
E1,M02,102-0,A,SF-102,A,202112,9,1248,1.0
E1,M02,102-0,A,SF-102,A,202201,10,1292,2.0
E1,M02,102-0,A,SF-102,A,202202,11,1336,1.0
E1,M02,102-0,A,SF-102,A,202203,12,1380,2.0
E1,M02,102-0,A,SF-102,A,202204,13,1425,0.0
E1,M02,102-0,A,SF-102,A,202205,14,1469,1.0
E1,M02,102-0,A,SF-102,A,202206,15,1513,3.0
E1,M02,102-0,A,SF-102,A,202207,16,1557,2.0
E1,M02,102-0,A,SF-102,A,202208,17,1601,1.0
E1,M02,102-0,A,SF-102,A,202209,18,1646,3.0
E1,M02,102-0,A,SF-102,A,202210,19,1690,3.0
E1,M02,102-0,A,SF-102,A,202211,20,1734,1.0
E1,M02,102-0,A,SF-102,A,202212,21,1778,2.0
E1,M02,102-0,A,SF-102,A,202301,22,1822,3.0
E1,M02,102-0,A,SF-102,A,202302,23,1867,1.0
E1,M02,102-0,A,SF-102,A,202303,24,1911,2.0
E1,M02,102-0,A,SF-102,A,202304,25,1955,5.0
E1,M02,102-0,A,SF-102,A,202305,26,1999,2.0
E1,M02,102-0,A,SF-102,A,202306,27,2043,1.0
E1,M02,102-0,A,SF-102,A,202307,28,2088,0.0
E1,M02,102-0,A,SF-102,A,202308,29,2132,1.0
E1,M02,102-0,A,SF-102,A,202309,30,2176,3.0
E1,M02,102-0,A,SF-102,A,202310,31,2220,1.0
E1,M02,102-0,A,SF-102,A,202311,32,2264,2.0
E1,M02,102-0,A,SF-102,A,202312,33,2309,1.0
E1,M02,102-0,A,SF-102,A,202401,34,2353,1.0
E1,M02,102-0,A,SF-102,A,202402,35,2397,3.0
E1,M02,102-0,A,SF-102,A,202403,36,2441,2.0
E1,M02,102-0,A,SF-102,A,202404,37,2485,2.0
E1,M02,102-0,A,SF-102,A,202405,38,2530,2.0
E1,M02,102-0,A,SF-102,A,202406,39,2574,0.0
E1,M02,102-0,A,SF-102,A,202407,40,2618,2.0
E1,M02,102-0,A,SF-102,A,202408,41,2662,6.0
E1,M02,102-0,A,SF-102,A,202409,42,2706,6.0
E1,M02,102-0,A,SF-102,A,202410,43,2751,5.0
E1,M02,102-0,A,SF-102,A,202411,44,2795,3.0
E1,M02,102-0,A,SF-102,A,202412,45,2839,5.0
E1,M02,102-0,ALL,SF-102,A,202103,0,2500,1.0
E1,M02,102-0,ALL,SF-102,A,202104,1,2630,3.0
E1,M02,102-0,ALL,SF-102,A,202105,2,2760,3.0
E1,M02,102-0,ALL,SF-102,A,202106,3,2890,4.0
E1,M02,102-0,ALL,SF-102,A,202107,4,3020,1.0
E1,M02,102-0,ALL,SF-102,A,202108,5,3150,2.0
E1,M02,102-0,ALL,SF-102,A,202109,6,3280,2.0
E1,M02,102-0,ALL,SF-102,A,202110,7,3410,1.0
E1,M02,102-0,ALL,SF-102,A,202111,8,3540,0.0
E1,M02,102-0,ALL,SF-102,A,202112,9,3670,3.0
E1,M02,102-0,ALL,SF-102,A,202201,10,3800,2.0
E1,M02,102-0,ALL,SF-102,A,202202,11,3930,3.0
E1,M02,102-0,ALL,SF-102,A,202203,12,4060,6.0
E1,M02,102-0,ALL,SF-102,A,202204,13,4190,5.0
E1,M02,102-0,ALL,SF-102,A,202205,14,4320,4.0
E1,M02,102-0,ALL,SF-102,A,202206,15,4450,4.0
E1,M02,102-0,ALL,SF-102,A,202207,16,4580,8.0
E1,M02,102-0,ALL,SF-102,A,202208,17,4710,3.0
E1,M02,102-0,ALL,SF-102,A,202209,18,4840,8.0
E1,M02,102-0,ALL,SF-102,A,202210,19,4970,6.0
E1,M02,102-0,ALL,SF-102,A,202211,20,5100,3.0
E1,M02,102-0,ALL,SF-102,A,202212,21,5230,7.0
E1,M02,102-0,ALL,SF-102,A,202301,22,5360,5.0
E1,M02,102-0,ALL,SF-102,A,202302,23,5490,6.0
E1,M02,102-0,ALL,SF-102,A,202303,24,5620,11.0
E1,M02,102-0,ALL,SF-102,A,202304,25,5750,11.0
E1,M02,102-0,ALL,SF-102,A,202305,26,5880,4.0
E1,M02,102-0,ALL,SF-102,A,202306,27,6010,4.0
E1,M02,102-0,ALL,SF-102,A,202307,28,6140,4.0
E1,M02,102-0,ALL,SF-102,A,202308,29,6270,8.0
E1,M02,102-0,ALL,SF-102,A,202309,30,6400,11.0
E1,M02,102-0,ALL,SF-102,A,202310,31,6530,7.0
E1,M02,102-0,ALL,SF-102,A,202311,32,6660,4.0
E1,M02,102-0,ALL,SF-102,A,202312,33,6790,3.0
E1,M02,102-0,ALL,SF-102,A,202401,34,6920,5.0
E1,M02,102-0,ALL,SF-102,A,202402,35,7050,7.0
E1,M02,102-0,ALL,SF-102,A,202403,36,7180,10.0
E1,M02,102-0,ALL,SF-102,A,202404,37,7310,7.0
E1,M02,102-0,ALL,SF-102,A,202405,38,7440,10.0
E1,M02,102-0,ALL,SF-102,A,202406,39,7570,6.0
E1,M02,102-0,ALL,SF-102,A,202407,40,7700,7.0
E1,M02,102-0,ALL,SF-102,A,202408,41,7830,11.0
E1,M02,102-0,ALL,SF-102,A,202409,42,7960,8.0
E1,M02,102-0,ALL,SF-102,A,202410,43,8090,11.0
E1,M02,102-0,ALL,SF-102,A,202411,44,8220,5.0
E1,M02,102-0,ALL,SF-102,A,202412,45,8350,6.0
E1,M02,102-0,B,SF-102,A,202103,0,600,1.0
E1,M02,102-0,B,SF-102,A,202104,1,631,2.0
E1,M02,102-0,B,SF-102,A,202105,2,662,1.0
E1,M02,102-0,B,SF-102,A,202106,3,694,1.0
E1,M02,102-0,B,SF-102,A,202107,4,725,1.0
E1,M02,102-0,B,SF-102,A,202108,5,756,0.0
E1,M02,102-0,B,SF-102,A,202109,6,787,0.0
E1,M02,102-0,B,SF-102,A,202110,7,818,0.0
E1,M02,102-0,B,SF-102,A,202111,8,850,0.0
E1,M02,102-0,B,SF-102,A,202112,9,881,0.0
E1,M02,102-0,B,SF-102,A,202201,10,912,0.0
E1,M02,102-0,B,SF-102,A,202202,11,943,0.0
E1,M02,102-0,B,SF-102,A,202203,12,974,1.0
E1,M02,102-0,B,SF-102,A,202204,13,1006,1.0
E1,M02,102-0,B,SF-102,A,202205,14,1037,0.0
E1,M02,102-0,B,SF-102,A,202206,15,1068,0.0
E1,M02,102-0,B,SF-102,A,202207,16,1099,4.0
E1,M02,102-0,B,SF-102,A,202208,17,1130,0.0
E1,M02,102-0,B,SF-102,A,202209,18,1162,2.0
E1,M02,102-0,B,SF-102,A,202210,19,1193,1.0
E1,M02,102-0,B,SF-102,A,202211,20,1224,0.0
E1,M02,102-0,B,SF-102,A,202212,21,1255,1.0
E1,M02,102-0,B,SF-102,A,202301,22,1286,1.0
E1,M02,102-0,B,SF-102,A,202302,23,1318,4.0
E1,M02,102-0,B,SF-102,A,202303,24,1349,3.0
E1,M02,102-0,B,SF-102,A,202304,25,1380,2.0
E1,M02,102-0,B,SF-102,A,202305,26,1411,1.0
E1,M02,102-0,B,SF-102,A,202306,27,1442,1.0
E1,M02,102-0,B,SF-102,A,202307,28,1474,0.0
E1,M02,102-0,B,SF-102,A,202308,29,1505,1.0
E1,M02,102-0,B,SF-102,A,202309,30,1536,3.0
E1,M02,102-0,B,SF-102,A,202310,31,1567,3.0
E1,M02,102-0,B,SF-102,A,202311,32,1598,1.0
E1,M02,102-0,B,SF-102,A,202312,33,1630,0.0
E1,M02,102-0,B,SF-102,A,202401,34,1661,3.0
E1,M02,102-0,B,SF-102,A,202402,35,1692,2.0
E1,M02,102-0,B,SF-102,A,202403,36,1723,2.0
E1,M02,102-0,B,SF-102,A,202404,37,1754,0.0
E1,M02,102-0,B,SF-102,A,202405,38,1786,4.0
E1,M02,102-0,B,SF-102,A,202406,39,1817,2.0
E1,M02,102-0,B,SF-102,A,202407,40,1848,3.0
E1,M02,102-0,B,SF-102,A,202408,41,1879,2.0
E1,M02,102-0,B,SF-102,A,202409,42,1910,1.0
E1,M02,102-0,B,SF-102,A,202410,43,1942,3.0
E1,M02,102-0,B,SF-102,A,202411,44,1973,1.0
E1,M02,102-0,B,SF-102,A,202412,45,2004,1.0
E1,M02,102-0,C,SF-102,A,202105,2,552,0.0
E1,M02,102-0,C,SF-102,A,202106,3,578,0.0
E1,M02,102-0,C,SF-102,A,202107,4,604,0.0
E1,M02,102-0,C,SF-102,A,202108,5,630,0.0
E1,M02,102-0,C,SF-102,A,202109,6,656,1.0
E1,M02,102-0,C,SF-102,A,202110,7,682,1.0
E1,M02,102-0,C,SF-102,A,202111,8,708,0.0
E1,M02,102-0,C,SF-102,A,202112,9,734,1.0
E1,M02,102-0,C,SF-102,A,202201,10,760,0.0
E1,M02,102-0,C,SF-102,A,202202,11,786,2.0
E1,M02,102-0,C,SF-102,A,202203,12,812,2.0
E1,M02,102-0,C,SF-102,A,202204,13,838,3.0
E1,M02,102-0,C,SF-102,A,202205,14,864,0.0
E1,M02,102-0,C,SF-102,A,202206,15,890,1.0
E1,M02,102-0,C,SF-102,A,202207,16,916,0.0
E1,M02,102-0,C,SF-102,A,202208,17,942,0.0
E1,M02,102-0,C,SF-102,A,202209,18,968,2.0
E1,M02,102-0,C,SF-102,A,202210,19,994,1.0
E1,M02,102-0,C,SF-102,A,202211,20,1020,0.0
E1,M02,102-0,C,SF-102,A,202212,21,1046,2.0
E1,M02,102-0,C,SF-102,A,202301,22,1072,1.0
E1,M02,102-0,C,SF-102,A,202302,23,1098,1.0
E1,M02,102-0,C,SF-102,A,202303,24,1124,4.0
E1,M02,102-0,C,SF-102,A,202304,25,1150,2.0
E1,M02,102-0,C,SF-102,A,202305,26,1176,0.0
E1,M02,102-0,C,SF-102,A,202306,27,1202,2.0
E1,M02,102-0,C,SF-102,A,202307,28,1228,3.0
E1,M02,102-0,C,SF-102,A,202308,29,1254,3.0
E1,M02,102-0,C,SF-102,A,202309,30,1280,3.0
E1,M02,102-0,C,SF-102,A,202310,31,1306,1.0
E1,M02,102-0,C,SF-102,A,202311,32,1332,0.0
E1,M02,102-0,C,SF-102,A,202312,33,1358,0.0
E1,M02,102-0,C,SF-102,A,202401,34,1384,1.0
E1,M02,102-0,C,SF-102,A,202402,35,1410,1.0
E1,M02,102-0,C,SF-102,A,202403,36,1436,2.0
E1,M02,102-0,C,SF-102,A,202404,37,1462,5.0
E1,M02,102-0,C,SF-102,A,202405,38,1488,2.0
E1,M02,102-0,C,SF-102,A,202406,39,1514,2.0
E1,M02,102-0,C,SF-102,A,202407,40,1540,1.0
E1,M02,102-0,C,SF-102,A,202408,41,1566,0.0
E1,M02,102-0,C,SF-102,A,202409,42,1592,0.0
E1,M02,102-0,C,SF-102,A,202410,43,1618,3.0
E1,M02,102-0,C,SF-102,A,202411,44,1644,1.0
E1,M02,102-0,D,SF-102,A,202104,1,394,1.0
E1,M02,102-0,D,SF-102,A,202105,2,414,0.0
E1,M02,102-0,D,SF-102,A,202106,3,434,1.0
E1,M02,102-0,D,SF-102,A,202107,4,453,0.0
E1,M02,102-0,D,SF-102,A,202108,5,472,1.0
E1,M02,102-0,D,SF-102,A,202109,6,492,0.0
E1,M02,102-0,D,SF-102,A,202110,7,512,0.0
E1,M02,102-0,D,SF-102,A,202111,8,531,0.0
E1,M02,102-0,D,SF-102,A,202112,9,550,1.0
E1,M02,102-0,D,SF-102,A,202201,10,570,0.0
E1,M02,102-0,D,SF-102,A,202202,11,590,0.0
E1,M02,102-0,D,SF-102,A,202203,12,609,1.0
E1,M02,102-0,D,SF-102,A,202204,13,628,1.0
E1,M02,102-0,D,SF-102,A,202205,14,648,2.0
E1,M02,102-0,D,SF-102,A,202206,15,668,0.0
E1,M02,102-0,D,SF-102,A,202207,16,687,0.0
E1,M02,102-0,D,SF-102,A,202208,17,706,2.0
E1,M02,102-0,D,SF-102,A,202209,18,726,1.0
E1,M02,102-0,D,SF-102,A,202210,19,746,1.0
E1,M02,102-0,D,SF-102,A,202211,20,765,2.0
E1,M02,102-0,D,SF-102,A,202212,21,784,2.0
E1,M02,102-0,D,SF-102,A,202301,22,804,0.0
E1,M02,102-0,D,SF-102,A,202302,23,824,0.0
E1,M02,102-0,D,SF-102,A,202303,24,843,2.0
E1,M02,102-0,D,SF-102,A,202304,25,862,2.0
E1,M02,102-0,D,SF-102,A,202305,26,882,0.0
E1,M02,102-0,D,SF-102,A,202306,27,902,0.0
E1,M02,102-0,D,SF-102,A,202307,28,921,1.0
E1,M02,102-0,D,SF-102,A,202308,29,940,1.0
E1,M02,102-0,D,SF-102,A,202309,30,960,2.0
E1,M02,102-0,D,SF-102,A,202310,31,980,1.0
E1,M02,102-0,D,SF-102,A,202311,32,999,1.0
E1,M02,102-0,D,SF-102,A,202312,33,1018,1.0
E1,M02,102-0,D,SF-102,A,202401,34,1038,0.0
E1,M02,102-0,D,SF-102,A,202402,35,1058,1.0
E1,M02,102-0,D,SF-102,A,202403,36,1077,1.0
E1,M02,102-0,D,SF-102,A,202404,37,1096,0.0
E1,M02,102-0,D,SF-102,A,202405,38,1116,2.0
E1,M02,102-0,D,SF-102,A,202406,39,1136,1.0
E1,M02,102-0,D,SF-102,A,202407,40,1155,1.0
E1,M02,102-0,D,SF-102,A,202408,41,1174,0.0
E1,M02,102-0,D,SF-102,A,202409,42,1194,1.0
E1,M02,102-0,D,SF-102,A,202410,43,1214,0.0
E1,M02,102-0,E,SF-102,A,202111,8,248,0.0
E1,M02,102-0,E,SF-102,A,202112,9,257,0.0
E1,M02,102-0,E,SF-102,A,202201,10,266,0.0
E1,M02,102-0,E,SF-102,A,202202,11,275,0.0
E1,M02,102-0,E,SF-102,A,202203,12,284,0.0
E1,M02,102-0,E,SF-102,A,202204,13,293,0.0
E1,M02,102-0,E,SF-102,A,202205,14,302,1.0
E1,M02,102-0,E,SF-102,A,202206,15,312,0.0
E1,M02,102-0,E,SF-102,A,202207,16,321,2.0
E1,M02,102-0,E,SF-102,A,202208,17,330,0.0
E1,M02,102-0,E,SF-102,A,202209,18,339,0.0
E1,M02,102-0,E,SF-102,A,202210,19,348,0.0
E1,M02,102-0,E,SF-102,A,202211,20,357,0.0
E1,M02,102-0,E,SF-102,A,202212,21,366,0.0
E1,M02,102-0,E,SF-102,A,202301,22,375,0.0
E1,M02,102-0,E,SF-102,A,202302,23,384,0.0
E1,M02,102-0,E,SF-102,A,202303,24,393,0.0
E1,M02,102-0,E,SF-102,A,202304,25,403,0.0
E1,M02,102-0,E,SF-102,A,202305,26,412,1.0
E1,M02,102-0,E,SF-102,A,202306,27,421,0.0
E1,M02,102-0,E,SF-102,A,202307,28,430,0.0
E1,M02,102-0,E,SF-102,A,202308,29,439,2.0
E1,M02,102-0,E,SF-102,A,202309,30,448,0.0
E1,M02,102-0,E,SF-102,A,202310,31,457,1.0
E1,M02,102-0,E,SF-102,A,202311,32,466,0.0
E1,M02,102-0,E,SF-102,A,202312,33,475,1.0
E1,M02,102-0,E,SF-102,A,202401,34,484,0.0
E1,M02,102-0,E,SF-102,A,202402,35,494,0.0
E1,M02,102-0,E,SF-102,A,202403,36,503,3.0
E1,M02,102-0,E,SF-102,A,202404,37,512,0.0
E1,M02,102-0,E,SF-102,A,202405,38,521,0.0
E1,M02,102-0,E,SF-102,A,202406,39,530,1.0
E1,M02,102-0,E,SF-102,A,202407,40,539,0.0
E1,M02,102-0,E,SF-102,A,202408,41,548,3.0
E1,M02,102-0,E,SF-102,A,202409,42,557,0.0
E1,M02,102-0,E,SF-102,A,202410,43,566,0.0
E1,M02,102-0,E,SF-102,A,202411,44,575,0.0
E1,M02,102-0,E,SF-102,A,202412,45,584,0.0
E1,M02,103-0,A,SF-103,A,202103,0,850,1.0
E1,M02,103-0,A,SF-103,A,202104,1,894,3.0
E1,M02,103-0,A,SF-103,A,202105,2,938,0.0
E1,M02,103-0,A,SF-103,A,202106,3,983,0.0
E1,M02,103-0,A,SF-103,A,202107,4,1027,3.0
E1,M02,103-0,A,SF-103,A,202108,5,1071,0.0
E1,M02,103-0,A,SF-103,A,202109,6,1115,0.0
E1,M02,103-0,A,SF-103,A,202110,7,1159,0.0
E1,M02,103-0,A,SF-103,A,202111,8,1204,3.0
E1,M02,103-0,A,SF-103,A,202112,9,1248,2.0
E1,M02,103-0,A,SF-103,A,202201,10,1292,2.0
E1,M02,103-0,A,SF-103,A,202202,11,1336,0.0
E1,M02,103-0,A,SF-103,A,202203,12,1380,2.0
E1,M02,103-0,A,SF-103,A,202204,13,1425,0.0
E1,M02,103-0,A,SF-103,A,202205,14,1469,1.0
E1,M02,103-0,A,SF-103,A,202206,15,1513,0.0
E1,M02,103-0,A,SF-103,A,202207,16,1557,0.0
E1,M02,103-0,A,SF-103,A,202208,17,1601,2.0
E1,M02,103-0,A,SF-103,A,202209,18,1646,0.0
E1,M02,103-0,A,SF-103,A,202210,19,1690,0.0
E1,M02,103-0,A,SF-103,A,202211,20,1734,1.0
E1,M02,103-0,A,SF-103,A,202212,21,1778,0.0
E1,M02,103-0,A,SF-103,A,202301,22,1822,0.0
E1,M02,103-0,A,SF-103,A,202302,23,1867,2.0
E1,M02,103-0,A,SF-103,A,202303,24,1911,1.0
E1,M02,103-0,A,SF-103,A,202304,25,1955,1.0
E1,M02,103-0,A,SF-103,A,202305,26,1999,1.0
E1,M02,103-0,A,SF-103,A,202306,27,2043,1.0
E1,M02,103-0,A,SF-103,A,202307,28,2088,0.0
E1,M02,103-0,A,SF-103,A,202308,29,2132,2.0
E1,M02,103-0,A,SF-103,A,202309,30,2176,0.0
E1,M02,103-0,A,SF-103,A,202310,31,2220,0.0
E1,M02,103-0,A,SF-103,A,202311,32,2264,2.0
E1,M02,103-0,A,SF-103,A,202312,33,2309,0.0
E1,M02,103-0,A,SF-103,A,202401,34,2353,0.0
E1,M02,103-0,A,SF-103,A,202402,35,2397,2.0
E1,M02,103-0,A,SF-103,A,202403,36,2441,0.0
E1,M02,103-0,A,SF-103,A,202404,37,2485,0.0
E1,M02,103-0,A,SF-103,A,202405,38,2530,0.0
E1,M02,103-0,A,SF-103,A,202406,39,2574,1.0
E1,M02,103-0,A,SF-103,A,202407,40,2618,2.0
E1,M02,103-0,A,SF-103,A,202408,41,2662,3.0
E1,M02,103-0,A,SF-103,A,202409,42,2706,1.0
E1,M02,103-0,A,SF-103,A,202410,43,2751,2.0
E1,M02,103-0,A,SF-103,A,202411,44,2795,0.0
E1,M02,103-0,A,SF-103,A,202412,45,2839,2.0
E1,M02,103-0,ALL,SF-103,A,202103,0,2500,2.0
E1,M02,103-0,ALL,SF-103,A,202104,1,2630,4.0
E1,M02,103-0,ALL,SF-103,A,202105,2,2760,1.0
E1,M02,103-0,ALL,SF-103,A,202106,3,2890,2.0
E1,M02,103-0,ALL,SF-103,A,202107,4,3020,3.0
E1,M02,103-0,ALL,SF-103,A,202108,5,3150,2.0
E1,M02,103-0,ALL,SF-103,A,202109,6,3280,1.0
E1,M02,103-0,ALL,SF-103,A,202110,7,3410,2.0
E1,M02,103-0,ALL,SF-103,A,202111,8,3540,6.0
E1,M02,103-0,ALL,SF-103,A,202112,9,3670,4.0
E1,M02,103-0,ALL,SF-103,A,202201,10,3800,5.0
E1,M02,103-0,ALL,SF-103,A,202202,11,3930,3.0
E1,M02,103-0,ALL,SF-103,A,202203,12,4060,3.0
E1,M02,103-0,ALL,SF-103,A,202204,13,4190,5.0
E1,M02,103-0,ALL,SF-103,A,202205,14,4320,4.0
E1,M02,103-0,ALL,SF-103,A,202206,15,4450,2.0
E1,M02,103-0,ALL,SF-103,A,202207,16,4580,1.0
E1,M02,103-0,ALL,SF-103,A,202208,17,4710,5.0
E1,M02,103-0,ALL,SF-103,A,202209,18,4840,2.0
E1,M02,103-0,ALL,SF-103,A,202210,19,4970,2.0
E1,M02,103-0,ALL,SF-103,A,202211,20,5100,3.0
E1,M02,103-0,ALL,SF-103,A,202212,21,5230,5.0
E1,M02,103-0,ALL,SF-103,A,202301,22,5360,0.0
E1,M02,103-0,ALL,SF-103,A,202302,23,5490,6.0
E1,M02,103-0,ALL,SF-103,A,202303,24,5620,4.0
E1,M02,103-0,ALL,SF-103,A,202304,25,5750,3.0
E1,M02,103-0,ALL,SF-103,A,202305,26,5880,1.0
E1,M02,103-0,ALL,SF-103,A,202306,27,6010,4.0
E1,M02,103-0,ALL,SF-103,A,202307,28,6140,1.0
E1,M02,103-0,ALL,SF-103,A,202308,29,6270,5.0
E1,M02,103-0,ALL,SF-103,A,202309,30,6400,2.0
E1,M02,103-0,ALL,SF-103,A,202310,31,6530,3.0
E1,M02,103-0,ALL,SF-103,A,202311,32,6660,3.0
E1,M02,103-0,ALL,SF-103,A,202312,33,6790,2.0
E1,M02,103-0,ALL,SF-103,A,202401,34,6920,0.0
E1,M02,103-0,ALL,SF-103,A,202402,35,7050,8.0
E1,M02,103-0,ALL,SF-103,A,202403,36,7180,1.0
E1,M02,103-0,ALL,SF-103,A,202404,37,7310,5.0
E1,M02,103-0,ALL,SF-103,A,202405,38,7440,6.0
E1,M02,103-0,ALL,SF-103,A,202406,39,7570,4.0
E1,M02,103-0,ALL,SF-103,A,202407,40,7700,5.0
E1,M02,103-0,ALL,SF-103,A,202408,41,7830,4.0
E1,M02,103-0,ALL,SF-103,A,202409,42,7960,3.0
E1,M02,103-0,ALL,SF-103,A,202410,43,8090,7.0
E1,M02,103-0,ALL,SF-103,A,202411,44,8220,2.0
E1,M02,103-0,ALL,SF-103,A,202412,45,8350,3.0
E1,M02,103-0,B,SF-103,A,202104,1,631,1.0
E1,M02,103-0,B,SF-103,A,202105,2,662,1.0
E1,M02,103-0,B,SF-103,A,202106,3,694,2.0
E1,M02,103-0,B,SF-103,A,202107,4,725,0.0
E1,M02,103-0,B,SF-103,A,202108,5,756,0.0
E1,M02,103-0,B,SF-103,A,202109,6,787,1.0
E1,M02,103-0,B,SF-103,A,202110,7,818,0.0
E1,M02,103-0,B,SF-103,A,202111,8,850,1.0
E1,M02,103-0,B,SF-103,A,202112,9,881,1.0
E1,M02,103-0,B,SF-103,A,202201,10,912,0.0
E1,M02,103-0,B,SF-103,A,202202,11,943,2.0
E1,M02,103-0,B,SF-103,A,202203,12,974,1.0
E1,M02,103-0,B,SF-103,A,202204,13,1006,2.0
E1,M02,103-0,B,SF-103,A,202205,14,1037,0.0
E1,M02,103-0,B,SF-103,A,202206,15,1068,0.0
E1,M02,103-0,B,SF-103,A,202207,16,1099,0.0
E1,M02,103-0,B,SF-103,A,202208,17,1130,2.0
E1,M02,103-0,B,SF-103,A,202209,18,1162,0.0
E1,M02,103-0,B,SF-103,A,202210,19,1193,1.0
E1,M02,103-0,B,SF-103,A,202211,20,1224,0.0
E1,M02,103-0,B,SF-103,A,202212,21,1255,2.0
E1,M02,103-0,B,SF-103,A,202301,22,1286,0.0
E1,M02,103-0,B,SF-103,A,202302,23,1318,1.0
E1,M02,103-0,B,SF-103,A,202303,24,1349,2.0
E1,M02,103-0,B,SF-103,A,202304,25,1380,0.0
E1,M02,103-0,B,SF-103,A,202305,26,1411,0.0
E1,M02,103-0,B,SF-103,A,202306,27,1442,1.0
E1,M02,103-0,B,SF-103,A,202307,28,1474,1.0
E1,M02,103-0,B,SF-103,A,202308,29,1505,1.0
E1,M02,103-0,B,SF-103,A,202309,30,1536,1.0
E1,M02,103-0,B,SF-103,A,202310,31,1567,1.0
E1,M02,103-0,B,SF-103,A,202311,32,1598,1.0
E1,M02,103-0,B,SF-103,A,202312,33,1630,0.0
E1,M02,103-0,B,SF-103,A,202401,34,1661,0.0
E1,M02,103-0,B,SF-103,A,202402,35,1692,1.0
E1,M02,103-0,B,SF-103,A,202403,36,1723,1.0
E1,M02,103-0,B,SF-103,A,202404,37,1754,3.0
E1,M02,103-0,B,SF-103,A,202405,38,1786,1.0
E1,M02,103-0,B,SF-103,A,202406,39,1817,2.0
E1,M02,103-0,B,SF-103,A,202407,40,1848,2.0
E1,M02,103-0,B,SF-103,A,202408,41,1879,0.0
E1,M02,103-0,B,SF-103,A,202409,42,1910,1.0
E1,M02,103-0,B,SF-103,A,202410,43,1942,1.0
E1,M02,103-0,B,SF-103,A,202411,44,1973,2.0
E1,M02,103-0,B,SF-103,A,202412,45,2004,1.0
E1,M02,103-0,C,SF-103,A,202105,2,552,0.0
E1,M02,103-0,C,SF-103,A,202106,3,578,0.0
E1,M02,103-0,C,SF-103,A,202107,4,604,0.0
E1,M02,103-0,C,SF-103,A,202108,5,630,1.0
E1,M02,103-0,C,SF-103,A,202109,6,656,0.0
E1,M02,103-0,C,SF-103,A,202110,7,682,1.0
E1,M02,103-0,C,SF-103,A,202111,8,708,0.0
E1,M02,103-0,C,SF-103,A,202112,9,734,0.0
E1,M02,103-0,C,SF-103,A,202201,10,760,2.0
E1,M02,103-0,C,SF-103,A,202202,11,786,1.0
E1,M02,103-0,C,SF-103,A,202203,12,812,0.0
E1,M02,103-0,C,SF-103,A,202204,13,838,2.0
E1,M02,103-0,C,SF-103,A,202205,14,864,2.0
E1,M02,103-0,C,SF-103,A,202206,15,890,2.0
E1,M02,103-0,C,SF-103,A,202207,16,916,0.0
E1,M02,103-0,C,SF-103,A,202208,17,942,1.0
E1,M02,103-0,C,SF-103,A,202209,18,968,1.0
E1,M02,103-0,C,SF-103,A,202210,19,994,1.0
E1,M02,103-0,C,SF-103,A,202211,20,1020,1.0
E1,M02,103-0,C,SF-103,A,202212,21,1046,1.0
E1,M02,103-0,C,SF-103,A,202301,22,1072,0.0
E1,M02,103-0,C,SF-103,A,202302,23,1098,1.0
E1,M02,103-0,C,SF-103,A,202303,24,1124,0.0
E1,M02,103-0,C,SF-103,A,202304,25,1150,1.0
E1,M02,103-0,C,SF-103,A,202305,26,1176,0.0
E1,M02,103-0,C,SF-103,A,202306,27,1202,2.0
E1,M02,103-0,C,SF-103,A,202307,28,1228,0.0
E1,M02,103-0,C,SF-103,A,202308,29,1254,2.0
E1,M02,103-0,C,SF-103,A,202309,30,1280,0.0
E1,M02,103-0,C,SF-103,A,202310,31,1306,0.0
E1,M02,103-0,C,SF-103,A,202311,32,1332,0.0
E1,M02,103-0,C,SF-103,A,202312,33,1358,2.0
E1,M02,103-0,C,SF-103,A,202401,34,1384,0.0
E1,M02,103-0,C,SF-103,A,202402,35,1410,3.0
E1,M02,103-0,C,SF-103,A,202403,36,1436,0.0
E1,M02,103-0,C,SF-103,A,202404,37,1462,0.0
E1,M02,103-0,C,SF-103,A,202405,38,1488,3.0
E1,M02,103-0,C,SF-103,A,202406,39,1514,1.0
E1,M02,103-0,C,SF-103,A,202407,40,1540,1.0
E1,M02,103-0,C,SF-103,A,202408,41,1566,0.0
E1,M02,103-0,C,SF-103,A,202409,42,1592,0.0
E1,M02,103-0,C,SF-103,A,202410,43,1618,3.0
E1,M02,103-0,C,SF-103,A,202411,44,1644,0.0
E1,M02,103-0,D,SF-103,A,202103,0,375,1.0
E1,M02,103-0,D,SF-103,A,202105,2,414,0.0
E1,M02,103-0,D,SF-103,A,202106,3,434,0.0
E1,M02,103-0,D,SF-103,A,202107,4,453,0.0
E1,M02,103-0,D,SF-103,A,202108,5,472,1.0
E1,M02,103-0,D,SF-103,A,202109,6,492,0.0
E1,M02,103-0,D,SF-103,A,202110,7,512,1.0
E1,M02,103-0,D,SF-103,A,202111,8,531,1.0
E1,M02,103-0,D,SF-103,A,202112,9,550,1.0
E1,M02,103-0,D,SF-103,A,202201,10,570,0.0
E1,M02,103-0,D,SF-103,A,202202,11,590,0.0
E1,M02,103-0,D,SF-103,A,202203,12,609,0.0
E1,M02,103-0,D,SF-103,A,202204,13,628,1.0
E1,M02,103-0,D,SF-103,A,202205,14,648,0.0
E1,M02,103-0,D,SF-103,A,202206,15,668,0.0
E1,M02,103-0,D,SF-103,A,202207,16,687,1.0
E1,M02,103-0,D,SF-103,A,202208,17,706,0.0
E1,M02,103-0,D,SF-103,A,202209,18,726,0.0
E1,M02,103-0,D,SF-103,A,202210,19,746,0.0
E1,M02,103-0,D,SF-103,A,202211,20,765,1.0
E1,M02,103-0,D,SF-103,A,202212,21,784,2.0
E1,M02,103-0,D,SF-103,A,202301,22,804,0.0
E1,M02,103-0,D,SF-103,A,202302,23,824,1.0
E1,M02,103-0,D,SF-103,A,202303,24,843,1.0
E1,M02,103-0,D,SF-103,A,202304,25,862,1.0
E1,M02,103-0,D,SF-103,A,202305,26,882,0.0
E1,M02,103-0,D,SF-103,A,202306,27,902,0.0
E1,M02,103-0,D,SF-103,A,202307,28,921,0.0
E1,M02,103-0,D,SF-103,A,202308,29,940,0.0
E1,M02,103-0,D,SF-103,A,202309,30,960,0.0
E1,M02,103-0,D,SF-103,A,202310,31,980,1.0
E1,M02,103-0,D,SF-103,A,202311,32,999,0.0
E1,M02,103-0,D,SF-103,A,202312,33,1018,0.0
E1,M02,103-0,D,SF-103,A,202401,34,1038,0.0
E1,M02,103-0,D,SF-103,A,202402,35,1058,2.0
E1,M02,103-0,D,SF-103,A,202403,36,1077,0.0
E1,M02,103-0,D,SF-103,A,202404,37,1096,2.0
E1,M02,103-0,D,SF-103,A,202405,38,1116,1.0
E1,M02,103-0,D,SF-103,A,202406,39,1136,0.0
E1,M02,103-0,D,SF-103,A,202407,40,1155,0.0
E1,M02,103-0,D,SF-103,A,202408,41,1174,1.0
E1,M02,103-0,D,SF-103,A,202409,42,1194,1.0
E1,M02,103-0,D,SF-103,A,202410,43,1214,0.0
E1,M02,103-0,E,SF-103,A,202111,8,248,1.0
E1,M02,103-0,E,SF-103,A,202112,9,257,0.0
E1,M02,103-0,E,SF-103,A,202201,10,266,1.0
E1,M02,103-0,E,SF-103,A,202202,11,275,0.0
E1,M02,103-0,E,SF-103,A,202203,12,284,0.0
E1,M02,103-0,E,SF-103,A,202204,13,293,0.0
E1,M02,103-0,E,SF-103,A,202205,14,302,1.0
E1,M02,103-0,E,SF-103,A,202206,15,312,0.0
E1,M02,103-0,E,SF-103,A,202207,16,321,0.0
E1,M02,103-0,E,SF-103,A,202208,17,330,0.0
E1,M02,103-0,E,SF-103,A,202209,18,339,1.0
E1,M02,103-0,E,SF-103,A,202210,19,348,0.0
E1,M02,103-0,E,SF-103,A,202211,20,357,0.0
E1,M02,103-0,E,SF-103,A,202212,21,366,0.0
E1,M02,103-0,E,SF-103,A,202301,22,375,0.0
E1,M02,103-0,E,SF-103,A,202302,23,384,1.0
E1,M02,103-0,E,SF-103,A,202303,24,393,0.0
E1,M02,103-0,E,SF-103,A,202304,25,403,0.0
E1,M02,103-0,E,SF-103,A,202305,26,412,0.0
E1,M02,103-0,E,SF-103,A,202306,27,421,0.0
E1,M02,103-0,E,SF-103,A,202307,28,430,0.0
E1,M02,103-0,E,SF-103,A,202308,29,439,0.0
E1,M02,103-0,E,SF-103,A,202309,30,448,1.0
E1,M02,103-0,E,SF-103,A,202310,31,457,1.0
E1,M02,103-0,E,SF-103,A,202311,32,466,0.0
E1,M02,103-0,E,SF-103,A,202312,33,475,0.0
E1,M02,103-0,E,SF-103,A,202401,34,484,0.0
E1,M02,103-0,E,SF-103,A,202402,35,494,0.0
E1,M02,103-0,E,SF-103,A,202403,36,503,0.0
E1,M02,103-0,E,SF-103,A,202404,37,512,0.0
E1,M02,103-0,E,SF-103,A,202405,38,521,1.0
E1,M02,103-0,E,SF-103,A,202406,39,530,0.0
E1,M02,103-0,E,SF-103,A,202407,40,539,0.0
E1,M02,103-0,E,SF-103,A,202408,41,548,0.0
E1,M02,103-0,E,SF-103,A,202409,42,557,0.0
E1,M02,103-0,E,SF-103,A,202410,43,566,1.0
E1,M02,103-0,E,SF-103,A,202411,44,575,0.0
E1,M02,103-0,E,SF-103,A,202412,45,584,0.0
E1,M02,103-1,A,SF-103,A,202105,2,938,1.0
E1,M02,103-1,A,SF-103,A,202106,3,983,1.0
E1,M02,103-1,A,SF-103,A,202107,4,1027,0.0
E1,M02,103-1,A,SF-103,A,202108,5,1071,0.0
E1,M02,103-1,A,SF-103,A,202109,6,1115,0.0
E1,M02,103-1,A,SF-103,A,202110,7,1159,2.0
E1,M02,103-1,A,SF-103,A,202111,8,1204,1.0
E1,M02,103-1,A,SF-103,A,202112,9,1248,2.0
E1,M02,103-1,A,SF-103,A,202201,10,1292,0.0
E1,M02,103-1,A,SF-103,A,202202,11,1336,2.0
E1,M02,103-1,A,SF-103,A,202203,12,1380,2.0
E1,M02,103-1,A,SF-103,A,202204,13,1425,1.0
E1,M02,103-1,A,SF-103,A,202205,14,1469,1.0
E1,M02,103-1,A,SF-103,A,202206,15,1513,0.0
E1,M02,103-1,A,SF-103,A,202207,16,1557,1.0
E1,M02,103-1,A,SF-103,A,202208,17,1601,0.0
E1,M02,103-1,A,SF-103,A,202209,18,1646,2.0
E1,M02,103-1,A,SF-103,A,202210,19,1690,2.0
E1,M02,103-1,A,SF-103,A,202211,20,1734,2.0
E1,M02,103-1,A,SF-103,A,202212,21,1778,2.0
E1,M02,103-1,A,SF-103,A,202301,22,1822,0.0
E1,M02,103-1,A,SF-103,A,202302,23,1867,1.0
E1,M02,103-1,A,SF-103,A,202303,24,1911,0.0
E1,M02,103-1,A,SF-103,A,202304,25,1955,1.0
E1,M02,103-1,A,SF-103,A,202305,26,1999,0.0
E1,M02,103-1,A,SF-103,A,202306,27,2043,1.0
E1,M02,103-1,A,SF-103,A,202307,28,2088,2.0
E1,M02,103-1,A,SF-103,A,202308,29,2132,1.0
E1,M02,103-1,A,SF-103,A,202309,30,2176,3.0
E1,M02,103-1,A,SF-103,A,202310,31,2220,2.0
E1,M02,103-1,A,SF-103,A,202311,32,2264,1.0
E1,M02,103-1,A,SF-103,A,202312,33,2309,4.0
E1,M02,103-1,A,SF-103,A,202401,34,2353,3.0
E1,M02,103-1,A,SF-103,A,202402,35,2397,0.0
E1,M02,103-1,A,SF-103,A,202403,36,2441,0.0
E1,M02,103-1,A,SF-103,A,202404,37,2485,1.0
E1,M02,103-1,A,SF-103,A,202405,38,2530,0.0
E1,M02,103-1,A,SF-103,A,202406,39,2574,2.0
E1,M02,103-1,A,SF-103,A,202407,40,2618,3.0
E1,M02,103-1,A,SF-103,A,202408,41,2662,4.0
E1,M02,103-1,A,SF-103,A,202409,42,2706,3.0
E1,M02,103-1,A,SF-103,A,202410,43,2751,1.0
E1,M02,103-1,A,SF-103,A,202411,44,2795,1.0
E1,M02,103-1,A,SF-103,A,202412,45,2839,0.0
E1,M02,103-1,ALL,SF-103,A,202103,0,2500,1.0
E1,M02,103-1,ALL,SF-103,A,202104,1,2630,3.0
E1,M02,103-1,ALL,SF-103,A,202105,2,2760,1.0
E1,M02,103-1,ALL,SF-103,A,202106,3,2890,1.0
E1,M02,103-1,ALL,SF-103,A,202107,4,3020,2.0
E1,M02,103-1,ALL,SF-103,A,202108,5,3150,0.0
E1,M02,103-1,ALL,SF-103,A,202109,6,3280,1.0
E1,M02,103-1,ALL,SF-103,A,202110,7,3410,3.0
E1,M02,103-1,ALL,SF-103,A,202111,8,3540,2.0
E1,M02,103-1,ALL,SF-103,A,202112,9,3670,2.0
E1,M02,103-1,ALL,SF-103,A,202201,10,3800,2.0
E1,M02,103-1,ALL,SF-103,A,202202,11,3930,3.0
E1,M02,103-1,ALL,SF-103,A,202203,12,4060,2.0
E1,M02,103-1,ALL,SF-103,A,202204,13,4190,3.0
E1,M02,103-1,ALL,SF-103,A,202205,14,4320,4.0
E1,M02,103-1,ALL,SF-103,A,202206,15,4450,2.0
E1,M02,103-1,ALL,SF-103,A,202207,16,4580,3.0
E1,M02,103-1,ALL,SF-103,A,202208,17,4710,1.0
E1,M02,103-1,ALL,SF-103,A,202209,18,4840,5.0
E1,M02,103-1,ALL,SF-103,A,202210,19,4970,3.0
E1,M02,103-1,ALL,SF-103,A,202211,20,5100,6.0
E1,M02,103-1,ALL,SF-103,A,202212,21,5230,5.0
E1,M02,103-1,ALL,SF-103,A,202301,22,5360,2.0
E1,M02,103-1,ALL,SF-103,A,202302,23,5490,2.0
E1,M02,103-1,ALL,SF-103,A,202303,24,5620,3.0
E1,M02,103-1,ALL,SF-103,A,202304,25,5750,4.0
E1,M02,103-1,ALL,SF-103,A,202305,26,5880,4.0
E1,M02,103-1,ALL,SF-103,A,202306,27,6010,1.0
E1,M02,103-1,ALL,SF-103,A,202307,28,6140,4.0
E1,M02,103-1,ALL,SF-103,A,202308,29,6270,6.0
E1,M02,103-1,ALL,SF-103,A,202309,30,6400,3.0
E1,M02,103-1,ALL,SF-103,A,202310,31,6530,8.0
E1,M02,103-1,ALL,SF-103,A,202311,32,6660,3.0
E1,M02,103-1,ALL,SF-103,A,202312,33,6790,8.0
E1,M02,103-1,ALL,SF-103,A,202401,34,6920,6.0
E1,M02,103-1,ALL,SF-103,A,202402,35,7050,4.0
E1,M02,103-1,ALL,SF-103,A,202403,36,7180,1.0
E1,M02,103-1,ALL,SF-103,A,202404,37,7310,4.0
E1,M02,103-1,ALL,SF-103,A,202405,38,7440,3.0
E1,M02,103-1,ALL,SF-103,A,202406,39,7570,3.0
E1,M02,103-1,ALL,SF-103,A,202407,40,7700,6.0
E1,M02,103-1,ALL,SF-103,A,202408,41,7830,6.0
E1,M02,103-1,ALL,SF-103,A,202409,42,7960,6.0
E1,M02,103-1,ALL,SF-103,A,202410,43,8090,6.0
E1,M02,103-1,ALL,SF-103,A,202411,44,8220,4.0
E1,M02,103-1,ALL,SF-103,A,202412,45,8350,1.0
E1,M02,103-1,B,SF-103,A,202104,1,631,1.0
E1,M02,103-1,B,SF-103,A,202105,2,662,0.0
E1,M02,103-1,B,SF-103,A,202106,3,694,0.0
E1,M02,103-1,B,SF-103,A,202107,4,725,0.0
E1,M02,103-1,B,SF-103,A,202108,5,756,0.0
E1,M02,103-1,B,SF-103,A,202109,6,787,0.0
E1,M02,103-1,B,SF-103,A,202110,7,818,0.0
E1,M02,103-1,B,SF-103,A,202111,8,850,1.0
E1,M02,103-1,B,SF-103,A,202112,9,881,0.0
E1,M02,103-1,B,SF-103,A,202201,10,912,1.0
E1,M02,103-1,B,SF-103,A,202202,11,943,0.0
E1,M02,103-1,B,SF-103,A,202203,12,974,0.0
E1,M02,103-1,B,SF-103,A,202204,13,1006,0.0
E1,M02,103-1,B,SF-103,A,202205,14,1037,0.0
E1,M02,103-1,B,SF-103,A,202206,15,1068,0.0
E1,M02,103-1,B,SF-103,A,202207,16,1099,0.0
E1,M02,103-1,B,SF-103,A,202208,17,1130,0.0
E1,M02,103-1,B,SF-103,A,202209,18,1162,2.0
E1,M02,103-1,B,SF-103,A,202210,19,1193,0.0
E1,M02,103-1,B,SF-103,A,202211,20,1224,1.0
E1,M02,103-1,B,SF-103,A,202212,21,1255,0.0
E1,M02,103-1,B,SF-103,A,202301,22,1286,0.0
E1,M02,103-1,B,SF-103,A,202302,23,1318,1.0
E1,M02,103-1,B,SF-103,A,202303,24,1349,2.0
E1,M02,103-1,B,SF-103,A,202304,25,1380,0.0
E1,M02,103-1,B,SF-103,A,202305,26,1411,2.0
E1,M02,103-1,B,SF-103,A,202306,27,1442,0.0
E1,M02,103-1,B,SF-103,A,202307,28,1474,1.0
E1,M02,103-1,B,SF-103,A,202308,29,1505,2.0
E1,M02,103-1,B,SF-103,A,202309,30,1536,0.0
E1,M02,103-1,B,SF-103,A,202310,31,1567,3.0
E1,M02,103-1,B,SF-103,A,202311,32,1598,0.0
E1,M02,103-1,B,SF-103,A,202312,33,1630,1.0
E1,M02,103-1,B,SF-103,A,202401,34,1661,1.0
E1,M02,103-1,B,SF-103,A,202402,35,1692,2.0
E1,M02,103-1,B,SF-103,A,202403,36,1723,0.0
E1,M02,103-1,B,SF-103,A,202404,37,1754,1.0
E1,M02,103-1,B,SF-103,A,202405,38,1786,1.0
E1,M02,103-1,B,SF-103,A,202406,39,1817,1.0
E1,M02,103-1,B,SF-103,A,202407,40,1848,0.0
E1,M02,103-1,B,SF-103,A,202408,41,1879,0.0
E1,M02,103-1,B,SF-103,A,202409,42,1910,0.0
E1,M02,103-1,B,SF-103,A,202410,43,1942,1.0
E1,M02,103-1,B,SF-103,A,202411,44,1973,0.0
E1,M02,103-1,B,SF-103,A,202412,45,2004,0.0
E1,M02,103-1,C,SF-103,A,202104,1,526,1.0
E1,M02,103-1,C,SF-103,A,202105,2,552,0.0
E1,M02,103-1,C,SF-103,A,202106,3,578,0.0
E1,M02,103-1,C,SF-103,A,202107,4,604,2.0
E1,M02,103-1,C,SF-103,A,202108,5,630,0.0
E1,M02,103-1,C,SF-103,A,202109,6,656,1.0
E1,M02,103-1,C,SF-103,A,202110,7,682,1.0
E1,M02,103-1,C,SF-103,A,202111,8,708,0.0
E1,M02,103-1,C,SF-103,A,202112,9,734,0.0
E1,M02,103-1,C,SF-103,A,202201,10,760,1.0
E1,M02,103-1,C,SF-103,A,202202,11,786,0.0
E1,M02,103-1,C,SF-103,A,202203,12,812,0.0
E1,M02,103-1,C,SF-103,A,202204,13,838,0.0
E1,M02,103-1,C,SF-103,A,202205,14,864,2.0
E1,M02,103-1,C,SF-103,A,202206,15,890,0.0
E1,M02,103-1,C,SF-103,A,202207,16,916,0.0
E1,M02,103-1,C,SF-103,A,202208,17,942,1.0
E1,M02,103-1,C,SF-103,A,202209,18,968,1.0
E1,M02,103-1,C,SF-103,A,202210,19,994,0.0
E1,M02,103-1,C,SF-103,A,202211,20,1020,3.0
E1,M02,103-1,C,SF-103,A,202212,21,1046,2.0
E1,M02,103-1,C,SF-103,A,202301,22,1072,0.0
E1,M02,103-1,C,SF-103,A,202302,23,1098,0.0
E1,M02,103-1,C,SF-103,A,202303,24,1124,0.0
E1,M02,103-1,C,SF-103,A,202304,25,1150,2.0
E1,M02,103-1,C,SF-103,A,202305,26,1176,1.0
E1,M02,103-1,C,SF-103,A,202306,27,1202,0.0
E1,M02,103-1,C,SF-103,A,202307,28,1228,1.0
E1,M02,103-1,C,SF-103,A,202308,29,1254,2.0
E1,M02,103-1,C,SF-103,A,202309,30,1280,0.0
E1,M02,103-1,C,SF-103,A,202310,31,1306,3.0
E1,M02,103-1,C,SF-103,A,202311,32,1332,0.0
E1,M02,103-1,C,SF-103,A,202312,33,1358,1.0
E1,M02,103-1,C,SF-103,A,202401,34,1384,1.0
E1,M02,103-1,C,SF-103,A,202402,35,1410,1.0
E1,M02,103-1,C,SF-103,A,202403,36,1436,0.0
E1,M02,103-1,C,SF-103,A,202404,37,1462,1.0
E1,M02,103-1,C,SF-103,A,202405,38,1488,1.0
E1,M02,103-1,C,SF-103,A,202406,39,1514,0.0
E1,M02,103-1,C,SF-103,A,202407,40,1540,2.0
E1,M02,103-1,C,SF-103,A,202408,41,1566,1.0
E1,M02,103-1,C,SF-103,A,202409,42,1592,3.0
E1,M02,103-1,C,SF-103,A,202410,43,1618,4.0
E1,M02,103-1,C,SF-103,A,202411,44,1644,2.0
E1,M02,103-1,D,SF-103,A,202103,0,375,1.0
E1,M02,103-1,D,SF-103,A,202104,1,394,1.0
E1,M02,103-1,D,SF-103,A,202105,2,414,0.0
E1,M02,103-1,D,SF-103,A,202106,3,434,0.0
E1,M02,103-1,D,SF-103,A,202107,4,453,0.0
E1,M02,103-1,D,SF-103,A,202108,5,472,0.0
E1,M02,103-1,D,SF-103,A,202109,6,492,0.0
E1,M02,103-1,D,SF-103,A,202110,7,512,0.0
E1,M02,103-1,D,SF-103,A,202111,8,531,0.0
E1,M02,103-1,D,SF-103,A,202112,9,550,0.0
E1,M02,103-1,D,SF-103,A,202201,10,570,0.0
E1,M02,103-1,D,SF-103,A,202202,11,590,1.0
E1,M02,103-1,D,SF-103,A,202203,12,609,0.0
E1,M02,103-1,D,SF-103,A,202204,13,628,2.0
E1,M02,103-1,D,SF-103,A,202205,14,648,0.0
E1,M02,103-1,D,SF-103,A,202206,15,668,1.0
E1,M02,103-1,D,SF-103,A,202207,16,687,1.0
E1,M02,103-1,D,SF-103,A,202208,17,706,0.0
E1,M02,103-1,D,SF-103,A,202209,18,726,0.0
E1,M02,103-1,D,SF-103,A,202210,19,746,1.0
E1,M02,103-1,D,SF-103,A,202211,20,765,0.0
E1,M02,103-1,D,SF-103,A,202212,21,784,0.0
E1,M02,103-1,D,SF-103,A,202301,22,804,1.0
E1,M02,103-1,D,SF-103,A,202302,23,824,0.0
E1,M02,103-1,D,SF-103,A,202303,24,843,0.0
E1,M02,103-1,D,SF-103,A,202304,25,862,0.0
E1,M02,103-1,D,SF-103,A,202305,26,882,0.0
E1,M02,103-1,D,SF-103,A,202306,27,902,0.0
E1,M02,103-1,D,SF-103,A,202307,28,921,0.0
E1,M02,103-1,D,SF-103,A,202308,29,940,1.0
E1,M02,103-1,D,SF-103,A,202309,30,960,0.0
E1,M02,103-1,D,SF-103,A,202310,31,980,0.0
E1,M02,103-1,D,SF-103,A,202311,32,999,1.0
E1,M02,103-1,D,SF-103,A,202312,33,1018,2.0
E1,M02,103-1,D,SF-103,A,202401,34,1038,1.0
E1,M02,103-1,D,SF-103,A,202402,35,1058,0.0
E1,M02,103-1,D,SF-103,A,202403,36,1077,0.0
E1,M02,103-1,D,SF-103,A,202404,37,1096,0.0
E1,M02,103-1,D,SF-103,A,202405,38,1116,1.0
E1,M02,103-1,D,SF-103,A,202406,39,1136,0.0
E1,M02,103-1,D,SF-103,A,202407,40,1155,1.0
E1,M02,103-1,D,SF-103,A,202408,41,1174,1.0
E1,M02,103-1,D,SF-103,A,202409,42,1194,0.0
E1,M02,103-1,D,SF-103,A,202410,43,1214,0.0
E1,M02,103-1,E,SF-103,A,202111,8,248,0.0
E1,M02,103-1,E,SF-103,A,202112,9,257,0.0
E1,M02,103-1,E,SF-103,A,202201,10,266,0.0
E1,M02,103-1,E,SF-103,A,202202,11,275,0.0
E1,M02,103-1,E,SF-103,A,202203,12,284,0.0
E1,M02,103-1,E,SF-103,A,202204,13,293,0.0
E1,M02,103-1,E,SF-103,A,202205,14,302,1.0
E1,M02,103-1,E,SF-103,A,202206,15,312,1.0
E1,M02,103-1,E,SF-103,A,202207,16,321,1.0
E1,M02,103-1,E,SF-103,A,202208,17,330,0.0
E1,M02,103-1,E,SF-103,A,202209,18,339,0.0
E1,M02,103-1,E,SF-103,A,202210,19,348,0.0
E1,M02,103-1,E,SF-103,A,202211,20,357,0.0
E1,M02,103-1,E,SF-103,A,202212,21,366,1.0
E1,M02,103-1,E,SF-103,A,202301,22,375,1.0
E1,M02,103-1,E,SF-103,A,202302,23,384,0.0
E1,M02,103-1,E,SF-103,A,202303,24,393,1.0
E1,M02,103-1,E,SF-103,A,202304,25,403,1.0
E1,M02,103-1,E,SF-103,A,202305,26,412,1.0
E1,M02,103-1,E,SF-103,A,202306,27,421,0.0
E1,M02,103-1,E,SF-103,A,202307,28,430,0.0
E1,M02,103-1,E,SF-103,A,202308,29,439,0.0
E1,M02,103-1,E,SF-103,A,202309,30,448,0.0
E1,M02,103-1,E,SF-103,A,202310,31,457,0.0
E1,M02,103-1,E,SF-103,A,202311,32,466,1.0
E1,M02,103-1,E,SF-103,A,202312,33,475,0.0
E1,M02,103-1,E,SF-103,A,202401,34,484,0.0
E1,M02,103-1,E,SF-103,A,202402,35,494,1.0
E1,M02,103-1,E,SF-103,A,202403,36,503,1.0
E1,M02,103-1,E,SF-103,A,202404,37,512,1.0
E1,M02,103-1,E,SF-103,A,202405,38,521,0.0
E1,M02,103-1,E,SF-103,A,202406,39,530,0.0
E1,M02,103-1,E,SF-103,A,202407,40,539,0.0
E1,M02,103-1,E,SF-103,A,202408,41,548,0.0
E1,M02,103-1,E,SF-103,A,202409,42,557,0.0
E1,M02,103-1,E,SF-103,A,202410,43,566,0.0
E1,M02,103-1,E,SF-103,A,202411,44,575,1.0
E1,M02,103-1,E,SF-103,A,202412,45,584,1.0
E1,M02,104-0,A,SF-104,A,202103,0,850,1.0
E1,M02,104-0,A,SF-104,A,202104,1,894,2.0
E1,M02,104-0,A,SF-104,A,202105,2,938,1.0
E1,M02,104-0,A,SF-104,A,202106,3,983,0.0
E1,M02,104-0,A,SF-104,A,202107,4,1027,0.0
E1,M02,104-0,A,SF-104,A,202108,5,1071,4.0
E1,M02,104-0,A,SF-104,A,202109,6,1115,1.0
E1,M02,104-0,A,SF-104,A,202110,7,1159,1.0
E1,M02,104-0,A,SF-104,A,202111,8,1204,4.0
E1,M02,104-0,A,SF-104,A,202112,9,1248,3.0
E1,M02,104-0,A,SF-104,A,202201,10,1292,3.0
E1,M02,104-0,A,SF-104,A,202202,11,1336,1.0
E1,M02,104-0,A,SF-104,A,202203,12,1380,0.0
E1,M02,104-0,A,SF-104,A,202204,13,1425,1.0
E1,M02,104-0,A,SF-104,A,202205,14,1469,3.0
E1,M02,104-0,A,SF-104,A,202206,15,1513,1.0
E1,M02,104-0,A,SF-104,A,202207,16,1557,2.0
E1,M02,104-0,A,SF-104,A,202208,17,1601,1.0
E1,M02,104-0,A,SF-104,A,202209,18,1646,3.0
E1,M02,104-0,A,SF-104,A,202210,19,1690,3.0
E1,M02,104-0,A,SF-104,A,202211,20,1734,3.0
E1,M02,104-0,A,SF-104,A,202212,21,1778,3.0
E1,M02,104-0,A,SF-104,A,202301,22,1822,0.0
E1,M02,104-0,A,SF-104,A,202302,23,1867,1.0
E1,M02,104-0,A,SF-104,A,202303,24,1911,3.0
E1,M02,104-0,A,SF-104,A,202304,25,1955,2.0
E1,M02,104-0,A,SF-104,A,202305,26,1999,1.0
E1,M02,104-0,A,SF-104,A,202306,27,2043,1.0
E1,M02,104-0,A,SF-104,A,202307,28,2088,5.0
E1,M02,104-0,A,SF-104,A,202308,29,2132,1.0
E1,M02,104-0,A,SF-104,A,202309,30,2176,5.0
E1,M02,104-0,A,SF-104,A,202310,31,2220,2.0
E1,M02,104-0,A,SF-104,A,202311,32,2264,4.0
E1,M02,104-0,A,SF-104,A,202312,33,2309,2.0
E1,M02,104-0,A,SF-104,A,202401,34,2353,3.0
E1,M02,104-0,A,SF-104,A,202402,35,2397,1.0
E1,M02,104-0,A,SF-104,A,202403,36,2441,2.0
E1,M02,104-0,A,SF-104,A,202404,37,2485,2.0
E1,M02,104-0,A,SF-104,A,202405,38,2530,3.0
E1,M02,104-0,A,SF-104,A,202406,39,2574,2.0
E1,M02,104-0,A,SF-104,A,202407,40,2618,1.0
E1,M02,104-0,A,SF-104,A,202408,41,2662,0.0
E1,M02,104-0,A,SF-104,A,202409,42,2706,2.0
E1,M02,104-0,A,SF-104,A,202410,43,2751,2.0
E1,M02,104-0,A,SF-104,A,202411,44,2795,3.0
E1,M02,104-0,A,SF-104,A,202412,45,2839,1.0
E1,M02,104-0,ALL,SF-104,A,202103,0,2500,2.0
E1,M02,104-0,ALL,SF-104,A,202104,1,2630,2.0
E1,M02,104-0,ALL,SF-104,A,202105,2,2760,1.0
E1,M02,104-0,ALL,SF-104,A,202106,3,2890,2.0
E1,M02,104-0,ALL,SF-104,A,202107,4,3020,2.0
E1,M02,104-0,ALL,SF-104,A,202108,5,3150,7.0
E1,M02,104-0,ALL,SF-104,A,202109,6,3280,2.0
E1,M02,104-0,ALL,SF-104,A,202110,7,3410,1.0
E1,M02,104-0,ALL,SF-104,A,202111,8,3540,8.0
E1,M02,104-0,ALL,SF-104,A,202112,9,3670,5.0
E1,M02,104-0,ALL,SF-104,A,202201,10,3800,8.0
E1,M02,104-0,ALL,SF-104,A,202202,11,3930,4.0
E1,M02,104-0,ALL,SF-104,A,202203,12,4060,2.0
E1,M02,104-0,ALL,SF-104,A,202204,13,4190,4.0
E1,M02,104-0,ALL,SF-104,A,202205,14,4320,4.0
E1,M02,104-0,ALL,SF-104,A,202206,15,4450,4.0
E1,M02,104-0,ALL,SF-104,A,202207,16,4580,4.0
E1,M02,104-0,ALL,SF-104,A,202208,17,4710,6.0
E1,M02,104-0,ALL,SF-104,A,202209,18,4840,5.0
E1,M02,104-0,ALL,SF-104,A,202210,19,4970,6.0
E1,M02,104-0,ALL,SF-104,A,202211,20,5100,5.0
E1,M02,104-0,ALL,SF-104,A,202212,21,5230,6.0
E1,M02,104-0,ALL,SF-104,A,202301,22,5360,5.0
E1,M02,104-0,ALL,SF-104,A,202302,23,5490,4.0
E1,M02,104-0,ALL,SF-104,A,202303,24,5620,8.0
E1,M02,104-0,ALL,SF-104,A,202304,25,5750,9.0
E1,M02,104-0,ALL,SF-104,A,202305,26,5880,7.0
E1,M02,104-0,ALL,SF-104,A,202306,27,6010,6.0
E1,M02,104-0,ALL,SF-104,A,202307,28,6140,11.0
E1,M02,104-0,ALL,SF-104,A,202308,29,6270,6.0
E1,M02,104-0,ALL,SF-104,A,202309,30,6400,8.0
E1,M02,104-0,ALL,SF-104,A,202310,31,6530,8.0
E1,M02,104-0,ALL,SF-104,A,202311,32,6660,6.0
E1,M02,104-0,ALL,SF-104,A,202312,33,6790,8.0
E1,M02,104-0,ALL,SF-104,A,202401,34,6920,11.0
E1,M02,104-0,ALL,SF-104,A,202402,35,7050,3.0
E1,M02,104-0,ALL,SF-104,A,202403,36,7180,3.0
E1,M02,104-0,ALL,SF-104,A,202404,37,7310,6.0
E1,M02,104-0,ALL,SF-104,A,202405,38,7440,9.0
E1,M02,104-0,ALL,SF-104,A,202406,39,7570,7.0
E1,M02,104-0,ALL,SF-104,A,202407,40,7700,6.0
E1,M02,104-0,ALL,SF-104,A,202408,41,7830,4.0
E1,M02,104-0,ALL,SF-104,A,202409,42,7960,5.0
E1,M02,104-0,ALL,SF-104,A,202410,43,8090,7.0
E1,M02,104-0,ALL,SF-104,A,202411,44,8220,5.0
E1,M02,104-0,ALL,SF-104,A,202412,45,8350,2.0
E1,M02,104-0,B,SF-104,A,202103,0,600,1.0
E1,M02,104-0,B,SF-104,A,202105,2,662,0.0
E1,M02,104-0,B,SF-104,A,202106,3,694,0.0
E1,M02,104-0,B,SF-104,A,202107,4,725,0.0
E1,M02,104-0,B,SF-104,A,202108,5,756,0.0
E1,M02,104-0,B,SF-104,A,202109,6,787,0.0
E1,M02,104-0,B,SF-104,A,202110,7,818,0.0
E1,M02,104-0,B,SF-104,A,202111,8,850,0.0
E1,M02,104-0,B,SF-104,A,202112,9,881,2.0
E1,M02,104-0,B,SF-104,A,202201,10,912,3.0
E1,M02,104-0,B,SF-104,A,202202,11,943,1.0
E1,M02,104-0,B,SF-104,A,202203,12,974,1.0
E1,M02,104-0,B,SF-104,A,202204,13,1006,0.0
E1,M02,104-0,B,SF-104,A,202205,14,1037,0.0
E1,M02,104-0,B,SF-104,A,202206,15,1068,2.0
E1,M02,104-0,B,SF-104,A,202207,16,1099,2.0
E1,M02,104-0,B,SF-104,A,202208,17,1130,1.0
E1,M02,104-0,B,SF-104,A,202209,18,1162,0.0
E1,M02,104-0,B,SF-104,A,202210,19,1193,1.0
E1,M02,104-0,B,SF-104,A,202211,20,1224,1.0
E1,M02,104-0,B,SF-104,A,202212,21,1255,1.0
E1,M02,104-0,B,SF-104,A,202301,22,1286,3.0
E1,M02,104-0,B,SF-104,A,202302,23,1318,1.0
E1,M02,104-0,B,SF-104,A,202303,24,1349,2.0
E1,M02,104-0,B,SF-104,A,202304,25,1380,1.0
E1,M02,104-0,B,SF-104,A,202305,26,1411,1.0
E1,M02,104-0,B,SF-104,A,202306,27,1442,2.0
E1,M02,104-0,B,SF-104,A,202307,28,1474,2.0
E1,M02,104-0,B,SF-104,A,202308,29,1505,1.0
E1,M02,104-0,B,SF-104,A,202309,30,1536,1.0
E1,M02,104-0,B,SF-104,A,202310,31,1567,1.0
E1,M02,104-0,B,SF-104,A,202311,32,1598,1.0
E1,M02,104-0,B,SF-104,A,202312,33,1630,2.0
E1,M02,104-0,B,SF-104,A,202401,34,1661,4.0
E1,M02,104-0,B,SF-104,A,202402,35,1692,1.0
E1,M02,104-0,B,SF-104,A,202403,36,1723,0.0
E1,M02,104-0,B,SF-104,A,202404,37,1754,2.0
E1,M02,104-0,B,SF-104,A,202405,38,1786,2.0
E1,M02,104-0,B,SF-104,A,202406,39,1817,1.0
E1,M02,104-0,B,SF-104,A,202407,40,1848,3.0
E1,M02,104-0,B,SF-104,A,202408,41,1879,2.0
E1,M02,104-0,B,SF-104,A,202409,42,1910,2.0
E1,M02,104-0,B,SF-104,A,202410,43,1942,1.0
E1,M02,104-0,B,SF-104,A,202411,44,1973,2.0
E1,M02,104-0,B,SF-104,A,202412,45,2004,1.0
E1,M02,104-0,C,SF-104,A,202105,2,552,0.0
E1,M02,104-0,C,SF-104,A,202106,3,578,2.0
E1,M02,104-0,C,SF-104,A,202107,4,604,1.0
E1,M02,104-0,C,SF-104,A,202108,5,630,3.0
E1,M02,104-0,C,SF-104,A,202109,6,656,1.0
E1,M02,104-0,C,SF-104,A,202110,7,682,0.0
E1,M02,104-0,C,SF-104,A,202111,8,708,1.0
E1,M02,104-0,C,SF-104,A,202112,9,734,0.0
E1,M02,104-0,C,SF-104,A,202201,10,760,2.0
E1,M02,104-0,C,SF-104,A,202202,11,786,2.0
E1,M02,104-0,C,SF-104,A,202203,12,812,1.0
E1,M02,104-0,C,SF-104,A,202204,13,838,0.0
E1,M02,104-0,C,SF-104,A,202205,14,864,1.0
E1,M02,104-0,C,SF-104,A,202206,15,890,0.0
E1,M02,104-0,C,SF-104,A,202207,16,916,0.0
E1,M02,104-0,C,SF-104,A,202208,17,942,1.0
E1,M02,104-0,C,SF-104,A,202209,18,968,0.0
E1,M02,104-0,C,SF-104,A,202210,19,994,1.0
E1,M02,104-0,C,SF-104,A,202211,20,1020,0.0
E1,M02,104-0,C,SF-104,A,202212,21,1046,0.0
E1,M02,104-0,C,SF-104,A,202301,22,1072,1.0
E1,M02,104-0,C,SF-104,A,202302,23,1098,1.0
E1,M02,104-0,C,SF-104,A,202303,24,1124,2.0
E1,M02,104-0,C,SF-104,A,202304,25,1150,5.0
E1,M02,104-0,C,SF-104,A,202305,26,1176,2.0
E1,M02,104-0,C,SF-104,A,202306,27,1202,2.0
E1,M02,104-0,C,SF-104,A,202307,28,1228,0.0
E1,M02,104-0,C,SF-104,A,202308,29,1254,3.0
E1,M02,104-0,C,SF-104,A,202309,30,1280,1.0
E1,M02,104-0,C,SF-104,A,202310,31,1306,2.0
E1,M02,104-0,C,SF-104,A,202311,32,1332,0.0
E1,M02,104-0,C,SF-104,A,202312,33,1358,1.0
E1,M02,104-0,C,SF-104,A,202401,34,1384,2.0
E1,M02,104-0,C,SF-104,A,202402,35,1410,1.0
E1,M02,104-0,C,SF-104,A,202403,36,1436,1.0
E1,M02,104-0,C,SF-104,A,202404,37,1462,2.0
E1,M02,104-0,C,SF-104,A,202405,38,1488,2.0
E1,M02,104-0,C,SF-104,A,202406,39,1514,0.0
E1,M02,104-0,C,SF-104,A,202407,40,1540,2.0
E1,M02,104-0,C,SF-104,A,202408,41,1566,2.0
E1,M02,104-0,C,SF-104,A,202409,42,1592,0.0
E1,M02,104-0,C,SF-104,A,202410,43,1618,3.0
E1,M02,104-0,C,SF-104,A,202411,44,1644,0.0
E1,M02,104-0,D,SF-104,A,202105,2,414,0.0
E1,M02,104-0,D,SF-104,A,202106,3,434,0.0
E1,M02,104-0,D,SF-104,A,202107,4,453,1.0
E1,M02,104-0,D,SF-104,A,202108,5,472,0.0
E1,M02,104-0,D,SF-104,A,202109,6,492,0.0
E1,M02,104-0,D,SF-104,A,202110,7,512,0.0
E1,M02,104-0,D,SF-104,A,202111,8,531,2.0
E1,M02,104-0,D,SF-104,A,202112,9,550,0.0
E1,M02,104-0,D,SF-104,A,202201,10,570,0.0
E1,M02,104-0,D,SF-104,A,202202,11,590,0.0
E1,M02,104-0,D,SF-104,A,202203,12,609,0.0
E1,M02,104-0,D,SF-104,A,202204,13,628,3.0
E1,M02,104-0,D,SF-104,A,202205,14,648,0.0
E1,M02,104-0,D,SF-104,A,202206,15,668,1.0
E1,M02,104-0,D,SF-104,A,202207,16,687,0.0
E1,M02,104-0,D,SF-104,A,202208,17,706,2.0
E1,M02,104-0,D,SF-104,A,202209,18,726,2.0
E1,M02,104-0,D,SF-104,A,202210,19,746,1.0
E1,M02,104-0,D,SF-104,A,202211,20,765,1.0
E1,M02,104-0,D,SF-104,A,202212,21,784,1.0
E1,M02,104-0,D,SF-104,A,202301,22,804,1.0
E1,M02,104-0,D,SF-104,A,202302,23,824,1.0
E1,M02,104-0,D,SF-104,A,202303,24,843,1.0
E1,M02,104-0,D,SF-104,A,202304,25,862,1.0
E1,M02,104-0,D,SF-104,A,202305,26,882,2.0
E1,M02,104-0,D,SF-104,A,202306,27,902,0.0
E1,M02,104-0,D,SF-104,A,202307,28,921,3.0
E1,M02,104-0,D,SF-104,A,202308,29,940,1.0
E1,M02,104-0,D,SF-104,A,202309,30,960,1.0
E1,M02,104-0,D,SF-104,A,202310,31,980,3.0
E1,M02,104-0,D,SF-104,A,202311,32,999,1.0
E1,M02,104-0,D,SF-104,A,202312,33,1018,2.0
E1,M02,104-0,D,SF-104,A,202401,34,1038,2.0
E1,M02,104-0,D,SF-104,A,202402,35,1058,0.0
E1,M02,104-0,D,SF-104,A,202403,36,1077,0.0
E1,M02,104-0,D,SF-104,A,202404,37,1096,0.0
E1,M02,104-0,D,SF-104,A,202405,38,1116,2.0
E1,M02,104-0,D,SF-104,A,202406,39,1136,3.0
E1,M02,104-0,D,SF-104,A,202407,40,1155,0.0
E1,M02,104-0,D,SF-104,A,202408,41,1174,0.0
E1,M02,104-0,D,SF-104,A,202409,42,1194,0.0
E1,M02,104-0,D,SF-104,A,202410,43,1214,0.0
E1,M02,104-0,E,SF-104,A,202111,8,248,1.0
E1,M02,104-0,E,SF-104,A,202112,9,257,0.0
E1,M02,104-0,E,SF-104,A,202201,10,266,0.0
E1,M02,104-0,E,SF-104,A,202202,11,275,0.0
E1,M02,104-0,E,SF-104,A,202203,12,284,0.0
E1,M02,104-0,E,SF-104,A,202204,13,293,0.0
E1,M02,104-0,E,SF-104,A,202205,14,302,0.0
E1,M02,104-0,E,SF-104,A,202206,15,312,0.0
E1,M02,104-0,E,SF-104,A,202207,16,321,0.0
E1,M02,104-0,E,SF-104,A,202208,17,330,1.0
E1,M02,104-0,E,SF-104,A,202209,18,339,0.0
E1,M02,104-0,E,SF-104,A,202210,19,348,0.0
E1,M02,104-0,E,SF-104,A,202211,20,357,0.0
E1,M02,104-0,E,SF-104,A,202212,21,366,1.0
E1,M02,104-0,E,SF-104,A,202301,22,375,0.0
E1,M02,104-0,E,SF-104,A,202302,23,384,0.0
E1,M02,104-0,E,SF-104,A,202303,24,393,0.0
E1,M02,104-0,E,SF-104,A,202304,25,403,0.0
E1,M02,104-0,E,SF-104,A,202305,26,412,1.0
E1,M02,104-0,E,SF-104,A,202306,27,421,1.0
E1,M02,104-0,E,SF-104,A,202307,28,430,1.0
E1,M02,104-0,E,SF-104,A,202308,29,439,0.0
E1,M02,104-0,E,SF-104,A,202309,30,448,0.0
E1,M02,104-0,E,SF-104,A,202310,31,457,0.0
E1,M02,104-0,E,SF-104,A,202311,32,466,0.0
E1,M02,104-0,E,SF-104,A,202312,33,475,1.0
E1,M02,104-0,E,SF-104,A,202401,34,484,0.0
E1,M02,104-0,E,SF-104,A,202402,35,494,0.0
E1,M02,104-0,E,SF-104,A,202403,36,503,0.0
E1,M02,104-0,E,SF-104,A,202404,37,512,0.0
E1,M02,104-0,E,SF-104,A,202405,38,521,0.0
E1,M02,104-0,E,SF-104,A,202406,39,530,1.0
E1,M02,104-0,E,SF-104,A,202407,40,539,0.0
E1,M02,104-0,E,SF-104,A,202408,41,548,0.0
E1,M02,104-0,E,SF-104,A,202409,42,557,1.0
E1,M02,104-0,E,SF-104,A,202410,43,566,1.0
E1,M02,104-0,E,SF-104,A,202411,44,575,0.0
E1,M02,104-0,E,SF-104,A,202412,45,584,0.0
E1,M02,104-1,A,SF-104,A,202103,0,850,1.0
E1,M02,104-1,A,SF-104,A,202104,1,894,1.0
E1,M02,104-1,A,SF-104,A,202105,2,938,1.0
E1,M02,104-1,A,SF-104,A,202106,3,983,3.0
E1,M02,104-1,A,SF-104,A,202107,4,1027,0.0
E1,M02,104-1,A,SF-104,A,202108,5,1071,0.0
E1,M02,104-1,A,SF-104,A,202109,6,1115,1.0
E1,M02,104-1,A,SF-104,A,202110,7,1159,2.0
E1,M02,104-1,A,SF-104,A,202111,8,1204,3.0
E1,M02,104-1,A,SF-104,A,202112,9,1248,2.0
E1,M02,104-1,A,SF-104,A,202201,10,1292,0.0
E1,M02,104-1,A,SF-104,A,202202,11,1336,2.0
E1,M02,104-1,A,SF-104,A,202203,12,1380,1.0
E1,M02,104-1,A,SF-104,A,202204,13,1425,2.0
E1,M02,104-1,A,SF-104,A,202205,14,1469,2.0
E1,M02,104-1,A,SF-104,A,202206,15,1513,0.0
E1,M02,104-1,A,SF-104,A,202207,16,1557,0.0
E1,M02,104-1,A,SF-104,A,202208,17,1601,1.0
E1,M02,104-1,A,SF-104,A,202209,18,1646,2.0
E1,M02,104-1,A,SF-104,A,202210,19,1690,0.0
E1,M02,104-1,A,SF-104,A,202211,20,1734,1.0
E1,M02,104-1,A,SF-104,A,202212,21,1778,1.0
E1,M02,104-1,A,SF-104,A,202301,22,1822,3.0
E1,M02,104-1,A,SF-104,A,202302,23,1867,1.0
E1,M02,104-1,A,SF-104,A,202303,24,1911,2.0
E1,M02,104-1,A,SF-104,A,202304,25,1955,2.0
E1,M02,104-1,A,SF-104,A,202305,26,1999,2.0
E1,M02,104-1,A,SF-104,A,202306,27,2043,1.0
E1,M02,104-1,A,SF-104,A,202307,28,2088,3.0
E1,M02,104-1,A,SF-104,A,202308,29,2132,2.0
E1,M02,104-1,A,SF-104,A,202309,30,2176,4.0
E1,M02,104-1,A,SF-104,A,202310,31,2220,2.0
E1,M02,104-1,A,SF-104,A,202311,32,2264,3.0
E1,M02,104-1,A,SF-104,A,202312,33,2309,1.0
E1,M02,104-1,A,SF-104,A,202401,34,2353,1.0
E1,M02,104-1,A,SF-104,A,202402,35,2397,2.0
E1,M02,104-1,A,SF-104,A,202403,36,2441,5.0
E1,M02,104-1,A,SF-104,A,202404,37,2485,1.0
E1,M02,104-1,A,SF-104,A,202405,38,2530,0.0
E1,M02,104-1,A,SF-104,A,202406,39,2574,6.0
E1,M02,104-1,A,SF-104,A,202407,40,2618,2.0
E1,M02,104-1,A,SF-104,A,202408,41,2662,2.0
E1,M02,104-1,A,SF-104,A,202409,42,2706,4.0
E1,M02,104-1,A,SF-104,A,202410,43,2751,2.0
E1,M02,104-1,A,SF-104,A,202411,44,2795,1.0
E1,M02,104-1,A,SF-104,A,202412,45,2839,5.0
E1,M02,104-1,ALL,SF-104,A,202103,0,2500,2.0
E1,M02,104-1,ALL,SF-104,A,202104,1,2630,2.0
E1,M02,104-1,ALL,SF-104,A,202105,2,2760,6.0
E1,M02,104-1,ALL,SF-104,A,202106,3,2890,5.0
E1,M02,104-1,ALL,SF-104,A,202107,4,3020,1.0
E1,M02,104-1,ALL,SF-104,A,202108,5,3150,2.0
E1,M02,104-1,ALL,SF-104,A,202109,6,3280,4.0
E1,M02,104-1,ALL,SF-104,A,202110,7,3410,5.0
E1,M02,104-1,ALL,SF-104,A,202111,8,3540,4.0
E1,M02,104-1,ALL,SF-104,A,202112,9,3670,5.0
E1,M02,104-1,ALL,SF-104,A,202201,10,3800,3.0
E1,M02,104-1,ALL,SF-104,A,202202,11,3930,3.0
E1,M02,104-1,ALL,SF-104,A,202203,12,4060,4.0
E1,M02,104-1,ALL,SF-104,A,202204,13,4190,5.0
E1,M02,104-1,ALL,SF-104,A,202205,14,4320,4.0
E1,M02,104-1,ALL,SF-104,A,202206,15,4450,4.0
E1,M02,104-1,ALL,SF-104,A,202207,16,4580,2.0
E1,M02,104-1,ALL,SF-104,A,202208,17,4710,6.0
E1,M02,104-1,ALL,SF-104,A,202209,18,4840,2.0
E1,M02,104-1,ALL,SF-104,A,202210,19,4970,7.0
E1,M02,104-1,ALL,SF-104,A,202211,20,5100,7.0
E1,M02,104-1,ALL,SF-104,A,202212,21,5230,6.0
E1,M02,104-1,ALL,SF-104,A,202301,22,5360,5.0
E1,M02,104-1,ALL,SF-104,A,202302,23,5490,5.0
E1,M02,104-1,ALL,SF-104,A,202303,24,5620,3.0
E1,M02,104-1,ALL,SF-104,A,202304,25,5750,9.0
E1,M02,104-1,ALL,SF-104,A,202305,26,5880,6.0
E1,M02,104-1,ALL,SF-104,A,202306,27,6010,6.0
E1,M02,104-1,ALL,SF-104,A,202307,28,6140,4.0
E1,M02,104-1,ALL,SF-104,A,202308,29,6270,7.0
E1,M02,104-1,ALL,SF-104,A,202309,30,6400,8.0
E1,M02,104-1,ALL,SF-104,A,202310,31,6530,7.0
E1,M02,104-1,ALL,SF-104,A,202311,32,6660,7.0
E1,M02,104-1,ALL,SF-104,A,202312,33,6790,2.0
E1,M02,104-1,ALL,SF-104,A,202401,34,6920,7.0
E1,M02,104-1,ALL,SF-104,A,202402,35,7050,7.0
E1,M02,104-1,ALL,SF-104,A,202403,36,7180,11.0
E1,M02,104-1,ALL,SF-104,A,202404,37,7310,10.0
E1,M02,104-1,ALL,SF-104,A,202405,38,7440,5.0
E1,M02,104-1,ALL,SF-104,A,202406,39,7570,10.0
E1,M02,104-1,ALL,SF-104,A,202407,40,7700,4.0
E1,M02,104-1,ALL,SF-104,A,202408,41,7830,5.0
E1,M02,104-1,ALL,SF-104,A,202409,42,7960,7.0
E1,M02,104-1,ALL,SF-104,A,202410,43,8090,8.0
E1,M02,104-1,ALL,SF-104,A,202411,44,8220,1.0
E1,M02,104-1,ALL,SF-104,A,202412,45,8350,7.0
E1,M02,104-1,B,SF-104,A,202105,2,662,1.0
E1,M02,104-1,B,SF-104,A,202106,3,694,0.0
E1,M02,104-1,B,SF-104,A,202107,4,725,0.0
E1,M02,104-1,B,SF-104,A,202108,5,756,1.0
E1,M02,104-1,B,SF-104,A,202109,6,787,1.0
E1,M02,104-1,B,SF-104,A,202110,7,818,1.0
E1,M02,104-1,B,SF-104,A,202111,8,850,1.0
E1,M02,104-1,B,SF-104,A,202112,9,881,1.0
E1,M02,104-1,B,SF-104,A,202201,10,912,1.0
E1,M02,104-1,B,SF-104,A,202202,11,943,0.0
E1,M02,104-1,B,SF-104,A,202203,12,974,1.0
E1,M02,104-1,B,SF-104,A,202204,13,1006,1.0
E1,M02,104-1,B,SF-104,A,202205,14,1037,0.0
E1,M02,104-1,B,SF-104,A,202206,15,1068,0.0
E1,M02,104-1,B,SF-104,A,202207,16,1099,1.0
E1,M02,104-1,B,SF-104,A,202208,17,1130,1.0
E1,M02,104-1,B,SF-104,A,202209,18,1162,0.0
E1,M02,104-1,B,SF-104,A,202210,19,1193,3.0
E1,M02,104-1,B,SF-104,A,202211,20,1224,1.0
E1,M02,104-1,B,SF-104,A,202212,21,1255,1.0
E1,M02,104-1,B,SF-104,A,202301,22,1286,2.0
E1,M02,104-1,B,SF-104,A,202302,23,1318,2.0
E1,M02,104-1,B,SF-104,A,202303,24,1349,0.0
E1,M02,104-1,B,SF-104,A,202304,25,1380,4.0
E1,M02,104-1,B,SF-104,A,202305,26,1411,0.0
E1,M02,104-1,B,SF-104,A,202306,27,1442,1.0
E1,M02,104-1,B,SF-104,A,202307,28,1474,0.0
E1,M02,104-1,B,SF-104,A,202308,29,1505,2.0
E1,M02,104-1,B,SF-104,A,202309,30,1536,2.0
E1,M02,104-1,B,SF-104,A,202310,31,1567,3.0
E1,M02,104-1,B,SF-104,A,202311,32,1598,2.0
E1,M02,104-1,B,SF-104,A,202312,33,1630,0.0
E1,M02,104-1,B,SF-104,A,202401,34,1661,3.0
E1,M02,104-1,B,SF-104,A,202402,35,1692,2.0
E1,M02,104-1,B,SF-104,A,202403,36,1723,2.0
E1,M02,104-1,B,SF-104,A,202404,37,1754,2.0
E1,M02,104-1,B,SF-104,A,202405,38,1786,3.0
E1,M02,104-1,B,SF-104,A,202406,39,1817,3.0
E1,M02,104-1,B,SF-104,A,202407,40,1848,0.0
E1,M02,104-1,B,SF-104,A,202408,41,1879,1.0
E1,M02,104-1,B,SF-104,A,202409,42,1910,2.0
E1,M02,104-1,B,SF-104,A,202410,43,1942,1.0
E1,M02,104-1,B,SF-104,A,202411,44,1973,0.0
E1,M02,104-1,B,SF-104,A,202412,45,2004,1.0
E1,M02,104-1,C,SF-104,A,202105,2,552,1.0
E1,M02,104-1,C,SF-104,A,202106,3,578,2.0
E1,M02,104-1,C,SF-104,A,202107,4,604,0.0
E1,M02,104-1,C,SF-104,A,202108,5,630,1.0
E1,M02,104-1,C,SF-104,A,202109,6,656,0.0
E1,M02,104-1,C,SF-104,A,202110,7,682,2.0
E1,M02,104-1,C,SF-104,A,202111,8,708,0.0
E1,M02,104-1,C,SF-104,A,202112,9,734,1.0
E1,M02,104-1,C,SF-104,A,202201,10,760,0.0
E1,M02,104-1,C,SF-104,A,202202,11,786,1.0
E1,M02,104-1,C,SF-104,A,202203,12,812,0.0
E1,M02,104-1,C,SF-104,A,202204,13,838,0.0
E1,M02,104-1,C,SF-104,A,202205,14,864,2.0
E1,M02,104-1,C,SF-104,A,202206,15,890,2.0
E1,M02,104-1,C,SF-104,A,202207,16,916,1.0
E1,M02,104-1,C,SF-104,A,202208,17,942,3.0
E1,M02,104-1,C,SF-104,A,202209,18,968,0.0
E1,M02,104-1,C,SF-104,A,202210,19,994,2.0
E1,M02,104-1,C,SF-104,A,202211,20,1020,3.0
E1,M02,104-1,C,SF-104,A,202212,21,1046,4.0
E1,M02,104-1,C,SF-104,A,202301,22,1072,0.0
E1,M02,104-1,C,SF-104,A,202302,23,1098,1.0
E1,M02,104-1,C,SF-104,A,202303,24,1124,0.0
E1,M02,104-1,C,SF-104,A,202304,25,1150,1.0
E1,M02,104-1,C,SF-104,A,202305,26,1176,1.0
E1,M02,104-1,C,SF-104,A,202306,27,1202,3.0
E1,M02,104-1,C,SF-104,A,202307,28,1228,1.0
E1,M02,104-1,C,SF-104,A,202308,29,1254,1.0
E1,M02,104-1,C,SF-104,A,202309,30,1280,1.0
E1,M02,104-1,C,SF-104,A,202310,31,1306,1.0
E1,M02,104-1,C,SF-104,A,202311,32,1332,0.0
E1,M02,104-1,C,SF-104,A,202312,33,1358,0.0
E1,M02,104-1,C,SF-104,A,202401,34,1384,2.0
E1,M02,104-1,C,SF-104,A,202402,35,1410,2.0
E1,M02,104-1,C,SF-104,A,202403,36,1436,4.0
E1,M02,104-1,C,SF-104,A,202404,37,1462,3.0
E1,M02,104-1,C,SF-104,A,202405,38,1488,1.0
E1,M02,104-1,C,SF-104,A,202406,39,1514,1.0
E1,M02,104-1,C,SF-104,A,202407,40,1540,1.0
E1,M02,104-1,C,SF-104,A,202408,41,1566,1.0
E1,M02,104-1,C,SF-104,A,202409,42,1592,1.0
E1,M02,104-1,C,SF-104,A,202410,43,1618,3.0
E1,M02,104-1,C,SF-104,A,202411,44,1644,0.0
E1,M02,104-1,D,SF-104,A,202103,0,375,1.0
E1,M02,104-1,D,SF-104,A,202104,1,394,1.0
E1,M02,104-1,D,SF-104,A,202105,2,414,3.0
E1,M02,104-1,D,SF-104,A,202106,3,434,0.0
E1,M02,104-1,D,SF-104,A,202107,4,453,1.0
E1,M02,104-1,D,SF-104,A,202108,5,472,0.0
E1,M02,104-1,D,SF-104,A,202109,6,492,2.0
E1,M02,104-1,D,SF-104,A,202110,7,512,0.0
E1,M02,104-1,D,SF-104,A,202111,8,531,0.0
E1,M02,104-1,D,SF-104,A,202112,9,550,0.0
E1,M02,104-1,D,SF-104,A,202201,10,570,2.0
E1,M02,104-1,D,SF-104,A,202202,11,590,0.0
E1,M02,104-1,D,SF-104,A,202203,12,609,2.0
E1,M02,104-1,D,SF-104,A,202204,13,628,2.0
E1,M02,104-1,D,SF-104,A,202205,14,648,0.0
E1,M02,104-1,D,SF-104,A,202206,15,668,2.0
E1,M02,104-1,D,SF-104,A,202207,16,687,0.0
E1,M02,104-1,D,SF-104,A,202208,17,706,1.0
E1,M02,104-1,D,SF-104,A,202209,18,726,0.0
E1,M02,104-1,D,SF-104,A,202210,19,746,2.0
E1,M02,104-1,D,SF-104,A,202211,20,765,2.0
E1,M02,104-1,D,SF-104,A,202212,21,784,0.0
E1,M02,104-1,D,SF-104,A,202301,22,804,0.0
E1,M02,104-1,D,SF-104,A,202302,23,824,1.0
E1,M02,104-1,D,SF-104,A,202303,24,843,1.0
E1,M02,104-1,D,SF-104,A,202304,25,862,1.0
E1,M02,104-1,D,SF-104,A,202305,26,882,2.0
E1,M02,104-1,D,SF-104,A,202306,27,902,1.0
E1,M02,104-1,D,SF-104,A,202307,28,921,0.0
E1,M02,104-1,D,SF-104,A,202308,29,940,2.0
E1,M02,104-1,D,SF-104,A,202309,30,960,1.0
E1,M02,104-1,D,SF-104,A,202310,31,980,1.0
E1,M02,104-1,D,SF-104,A,202311,32,999,1.0
E1,M02,104-1,D,SF-104,A,202312,33,1018,0.0
E1,M02,104-1,D,SF-104,A,202401,34,1038,1.0
E1,M02,104-1,D,SF-104,A,202402,35,1058,1.0
E1,M02,104-1,D,SF-104,A,202403,36,1077,0.0
E1,M02,104-1,D,SF-104,A,202404,37,1096,3.0
E1,M02,104-1,D,SF-104,A,202405,38,1116,1.0
E1,M02,104-1,D,SF-104,A,202406,39,1136,0.0
E1,M02,104-1,D,SF-104,A,202407,40,1155,1.0
E1,M02,104-1,D,SF-104,A,202408,41,1174,1.0
E1,M02,104-1,D,SF-104,A,202409,42,1194,0.0
E1,M02,104-1,D,SF-104,A,202410,43,1214,1.0
E1,M02,104-1,E,SF-104,A,202111,8,248,0.0
E1,M02,104-1,E,SF-104,A,202112,9,257,1.0
E1,M02,104-1,E,SF-104,A,202201,10,266,0.0
E1,M02,104-1,E,SF-104,A,202202,11,275,0.0
E1,M02,104-1,E,SF-104,A,202203,12,284,0.0
E1,M02,104-1,E,SF-104,A,202204,13,293,0.0
E1,M02,104-1,E,SF-104,A,202205,14,302,0.0
E1,M02,104-1,E,SF-104,A,202206,15,312,0.0
E1,M02,104-1,E,SF-104,A,202207,16,321,0.0
E1,M02,104-1,E,SF-104,A,202208,17,330,0.0
E1,M02,104-1,E,SF-104,A,202209,18,339,0.0
E1,M02,104-1,E,SF-104,A,202210,19,348,0.0
E1,M02,104-1,E,SF-104,A,202211,20,357,0.0
E1,M02,104-1,E,SF-104,A,202212,21,366,0.0
E1,M02,104-1,E,SF-104,A,202301,22,375,0.0
E1,M02,104-1,E,SF-104,A,202302,23,384,0.0
E1,M02,104-1,E,SF-104,A,202303,24,393,0.0
E1,M02,104-1,E,SF-104,A,202304,25,403,1.0
E1,M02,104-1,E,SF-104,A,202305,26,412,1.0
E1,M02,104-1,E,SF-104,A,202306,27,421,0.0
E1,M02,104-1,E,SF-104,A,202307,28,430,0.0
E1,M02,104-1,E,SF-104,A,202308,29,439,0.0
E1,M02,104-1,E,SF-104,A,202309,30,448,0.0
E1,M02,104-1,E,SF-104,A,202310,31,457,0.0
E1,M02,104-1,E,SF-104,A,202311,32,466,1.0
E1,M02,104-1,E,SF-104,A,202312,33,475,1.0
E1,M02,104-1,E,SF-104,A,202401,34,484,0.0
E1,M02,104-1,E,SF-104,A,202402,35,494,0.0
E1,M02,104-1,E,SF-104,A,202403,36,503,0.0
E1,M02,104-1,E,SF-104,A,202404,37,512,1.0
E1,M02,104-1,E,SF-104,A,202405,38,521,0.0
E1,M02,104-1,E,SF-104,A,202406,39,530,0.0
E1,M02,104-1,E,SF-104,A,202407,40,539,0.0
E1,M02,104-1,E,SF-104,A,202408,41,548,0.0
E1,M02,104-1,E,SF-104,A,202409,42,557,0.0
E1,M02,104-1,E,SF-104,A,202410,43,566,1.0
E1,M02,104-1,E,SF-104,A,202411,44,575,0.0
E1,M02,104-1,E,SF-104,A,202412,45,584,1.0
E1,M02,105-0,A,SF-105,A,202103,0,850,1.0
E1,M02,105-0,A,SF-105,A,202105,2,938,0.0
E1,M02,105-0,A,SF-105,A,202106,3,983,0.0
E1,M02,105-0,A,SF-105,A,202107,4,1027,1.0
E1,M02,105-0,A,SF-105,A,202108,5,1071,0.0
E1,M02,105-0,A,SF-105,A,202109,6,1115,2.0
E1,M02,105-0,A,SF-105,A,202110,7,1159,3.0
E1,M02,105-0,A,SF-105,A,202111,8,1204,0.0
E1,M02,105-0,A,SF-105,A,202112,9,1248,0.0
E1,M02,105-0,A,SF-105,A,202201,10,1292,0.0
E1,M02,105-0,A,SF-105,A,202202,11,1336,0.0
E1,M02,105-0,A,SF-105,A,202203,12,1380,1.0
E1,M02,105-0,A,SF-105,A,202204,13,1425,1.0
E1,M02,105-0,A,SF-105,A,202205,14,1469,1.0
E1,M02,105-0,A,SF-105,A,202206,15,1513,0.0
E1,M02,105-0,A,SF-105,A,202207,16,1557,0.0
E1,M02,105-0,A,SF-105,A,202208,17,1601,1.0
E1,M02,105-0,A,SF-105,A,202209,18,1646,0.0
E1,M02,105-0,A,SF-105,A,202210,19,1690,0.0
E1,M02,105-0,A,SF-105,A,202211,20,1734,0.0
E1,M02,105-0,A,SF-105,A,202212,21,1778,0.0
E1,M02,105-0,A,SF-105,A,202301,22,1822,1.0
E1,M02,105-0,A,SF-105,A,202302,23,1867,3.0
E1,M02,105-0,A,SF-105,A,202303,24,1911,0.0
E1,M02,105-0,A,SF-105,A,202304,25,1955,0.0
E1,M02,105-0,A,SF-105,A,202305,26,1999,0.0
E1,M02,105-0,A,SF-105,A,202306,27,2043,0.0
E1,M02,105-0,A,SF-105,A,202307,28,2088,0.0
E1,M02,105-0,A,SF-105,A,202308,29,2132,0.0
E1,M02,105-0,A,SF-105,A,202309,30,2176,1.0
E1,M02,105-0,A,SF-105,A,202310,31,2220,0.0
E1,M02,105-0,A,SF-105,A,202311,32,2264,1.0
E1,M02,105-0,A,SF-105,A,202312,33,2309,0.0
E1,M02,105-0,A,SF-105,A,202401,34,2353,2.0
E1,M02,105-0,A,SF-105,A,202402,35,2397,1.0
E1,M02,105-0,A,SF-105,A,202403,36,2441,0.0
E1,M02,105-0,A,SF-105,A,202404,37,2485,0.0
E1,M02,105-0,A,SF-105,A,202405,38,2530,2.0
E1,M02,105-0,A,SF-105,A,202406,39,2574,1.0
E1,M02,105-0,A,SF-105,A,202407,40,2618,0.0
E1,M02,105-0,A,SF-105,A,202408,41,2662,0.0
E1,M02,105-0,A,SF-105,A,202409,42,2706,0.0
E1,M02,105-0,A,SF-105,A,202410,43,2751,1.0
E1,M02,105-0,A,SF-105,A,202411,44,2795,0.0
E1,M02,105-0,A,SF-105,A,202412,45,2839,1.0
E1,M02,105-0,ALL,SF-105,A,202103,0,2500,1.0
E1,M02,105-0,ALL,SF-105,A,202104,1,2630,1.0
E1,M02,105-0,ALL,SF-105,A,202105,2,2760,1.0
E1,M02,105-0,ALL,SF-105,A,202106,3,2890,0.0
E1,M02,105-0,ALL,SF-105,A,202107,4,3020,1.0
E1,M02,105-0,ALL,SF-105,A,202108,5,3150,1.0
E1,M02,105-0,ALL,SF-105,A,202109,6,3280,2.0
E1,M02,105-0,ALL,SF-105,A,202110,7,3410,3.0
E1,M02,105-0,ALL,SF-105,A,202111,8,3540,0.0
E1,M02,105-0,ALL,SF-105,A,202112,9,3670,0.0
E1,M02,105-0,ALL,SF-105,A,202201,10,3800,0.0
E1,M02,105-0,ALL,SF-105,A,202202,11,3930,1.0
E1,M02,105-0,ALL,SF-105,A,202203,12,4060,2.0
E1,M02,105-0,ALL,SF-105,A,202204,13,4190,1.0
E1,M02,105-0,ALL,SF-105,A,202205,14,4320,1.0
E1,M02,105-0,ALL,SF-105,A,202206,15,4450,0.0
E1,M02,105-0,ALL,SF-105,A,202207,16,4580,3.0
E1,M02,105-0,ALL,SF-105,A,202208,17,4710,3.0
E1,M02,105-0,ALL,SF-105,A,202209,18,4840,2.0
E1,M02,105-0,ALL,SF-105,A,202210,19,4970,0.0
E1,M02,105-0,ALL,SF-105,A,202211,20,5100,2.0
E1,M02,105-0,ALL,SF-105,A,202212,21,5230,2.0
E1,M02,105-0,ALL,SF-105,A,202301,22,5360,1.0
E1,M02,105-0,ALL,SF-105,A,202302,23,5490,3.0
E1,M02,105-0,ALL,SF-105,A,202303,24,5620,1.0
E1,M02,105-0,ALL,SF-105,A,202304,25,5750,1.0
E1,M02,105-0,ALL,SF-105,A,202305,26,5880,1.0
E1,M02,105-0,ALL,SF-105,A,202306,27,6010,2.0
E1,M02,105-0,ALL,SF-105,A,202307,28,6140,1.0
E1,M02,105-0,ALL,SF-105,A,202308,29,6270,0.0
E1,M02,105-0,ALL,SF-105,A,202309,30,6400,1.0
E1,M02,105-0,ALL,SF-105,A,202310,31,6530,1.0
E1,M02,105-0,ALL,SF-105,A,202311,32,6660,1.0
E1,M02,105-0,ALL,SF-105,A,202312,33,6790,4.0
E1,M02,105-0,ALL,SF-105,A,202401,34,6920,3.0
E1,M02,105-0,ALL,SF-105,A,202402,35,7050,2.0
E1,M02,105-0,ALL,SF-105,A,202403,36,7180,1.0
E1,M02,105-0,ALL,SF-105,A,202404,37,7310,0.0
E1,M02,105-0,ALL,SF-105,A,202405,38,7440,2.0
E1,M02,105-0,ALL,SF-105,A,202406,39,7570,2.0
E1,M02,105-0,ALL,SF-105,A,202407,40,7700,1.0
E1,M02,105-0,ALL,SF-105,A,202408,41,7830,0.0
E1,M02,105-0,ALL,SF-105,A,202409,42,7960,1.0
E1,M02,105-0,ALL,SF-105,A,202410,43,8090,2.0
E1,M02,105-0,ALL,SF-105,A,202411,44,8220,2.0
E1,M02,105-0,ALL,SF-105,A,202412,45,8350,1.0
E1,M02,105-0,B,SF-105,A,202105,2,662,0.0
E1,M02,105-0,B,SF-105,A,202106,3,694,0.0
E1,M02,105-0,B,SF-105,A,202107,4,725,0.0
E1,M02,105-0,B,SF-105,A,202108,5,756,1.0
E1,M02,105-0,B,SF-105,A,202109,6,787,0.0
E1,M02,105-0,B,SF-105,A,202110,7,818,0.0
E1,M02,105-0,B,SF-105,A,202111,8,850,0.0
E1,M02,105-0,B,SF-105,A,202112,9,881,0.0
E1,M02,105-0,B,SF-105,A,202201,10,912,0.0
E1,M02,105-0,B,SF-105,A,202202,11,943,0.0
E1,M02,105-0,B,SF-105,A,202203,12,974,0.0
E1,M02,105-0,B,SF-105,A,202204,13,1006,0.0
E1,M02,105-0,B,SF-105,A,202205,14,1037,0.0
E1,M02,105-0,B,SF-105,A,202206,15,1068,0.0
E1,M02,105-0,B,SF-105,A,202207,16,1099,0.0
E1,M02,105-0,B,SF-105,A,202208,17,1130,1.0
E1,M02,105-0,B,SF-105,A,202209,18,1162,0.0
E1,M02,105-0,B,SF-105,A,202210,19,1193,0.0
E1,M02,105-0,B,SF-105,A,202211,20,1224,0.0
E1,M02,105-0,B,SF-105,A,202212,21,1255,1.0
E1,M02,105-0,B,SF-105,A,202301,22,1286,0.0
E1,M02,105-0,B,SF-105,A,202302,23,1318,0.0
E1,M02,105-0,B,SF-105,A,202303,24,1349,0.0
E1,M02,105-0,B,SF-105,A,202304,25,1380,0.0
E1,M02,105-0,B,SF-105,A,202305,26,1411,0.0
E1,M02,105-0,B,SF-105,A,202306,27,1442,1.0
E1,M02,105-0,B,SF-105,A,202307,28,1474,0.0
E1,M02,105-0,B,SF-105,A,202308,29,1505,0.0
E1,M02,105-0,B,SF-105,A,202309,30,1536,0.0
E1,M02,105-0,B,SF-105,A,202310,31,1567,0.0
E1,M02,105-0,B,SF-105,A,202311,32,1598,0.0
E1,M02,105-0,B,SF-105,A,202312,33,1630,1.0
E1,M02,105-0,B,SF-105,A,202401,34,1661,1.0
E1,M02,105-0,B,SF-105,A,202402,35,1692,0.0
E1,M02,105-0,B,SF-105,A,202403,36,1723,1.0
E1,M02,105-0,B,SF-105,A,202404,37,1754,0.0
E1,M02,105-0,B,SF-105,A,202405,38,1786,0.0
E1,M02,105-0,B,SF-105,A,202406,39,1817,1.0
E1,M02,105-0,B,SF-105,A,202407,40,1848,0.0
E1,M02,105-0,B,SF-105,A,202408,41,1879,0.0
E1,M02,105-0,B,SF-105,A,202409,42,1910,0.0
E1,M02,105-0,B,SF-105,A,202410,43,1942,0.0
E1,M02,105-0,B,SF-105,A,202411,44,1973,0.0
E1,M02,105-0,B,SF-105,A,202412,45,2004,0.0
E1,M02,105-0,C,SF-105,A,202104,1,526,1.0
E1,M02,105-0,C,SF-105,A,202105,2,552,1.0
E1,M02,105-0,C,SF-105,A,202106,3,578,0.0
E1,M02,105-0,C,SF-105,A,202107,4,604,0.0
E1,M02,105-0,C,SF-105,A,202108,5,630,0.0
E1,M02,105-0,C,SF-105,A,202109,6,656,0.0
E1,M02,105-0,C,SF-105,A,202110,7,682,0.0
E1,M02,105-0,C,SF-105,A,202111,8,708,0.0
E1,M02,105-0,C,SF-105,A,202112,9,734,0.0
E1,M02,105-0,C,SF-105,A,202201,10,760,0.0
E1,M02,105-0,C,SF-105,A,202202,11,786,0.0
E1,M02,105-0,C,SF-105,A,202203,12,812,0.0
E1,M02,105-0,C,SF-105,A,202204,13,838,0.0
E1,M02,105-0,C,SF-105,A,202205,14,864,0.0
E1,M02,105-0,C,SF-105,A,202206,15,890,0.0
E1,M02,105-0,C,SF-105,A,202207,16,916,2.0
E1,M02,105-0,C,SF-105,A,202208,17,942,0.0
E1,M02,105-0,C,SF-105,A,202209,18,968,1.0
E1,M02,105-0,C,SF-105,A,202210,19,994,0.0
E1,M02,105-0,C,SF-105,A,202211,20,1020,0.0
E1,M02,105-0,C,SF-105,A,202212,21,1046,0.0
E1,M02,105-0,C,SF-105,A,202301,22,1072,0.0
E1,M02,105-0,C,SF-105,A,202302,23,1098,0.0
E1,M02,105-0,C,SF-105,A,202303,24,1124,0.0
E1,M02,105-0,C,SF-105,A,202304,25,1150,0.0
E1,M02,105-0,C,SF-105,A,202305,26,1176,0.0
E1,M02,105-0,C,SF-105,A,202306,27,1202,1.0
E1,M02,105-0,C,SF-105,A,202307,28,1228,0.0
E1,M02,105-0,C,SF-105,A,202308,29,1254,0.0
E1,M02,105-0,C,SF-105,A,202309,30,1280,0.0
E1,M02,105-0,C,SF-105,A,202310,31,1306,1.0
E1,M02,105-0,C,SF-105,A,202311,32,1332,0.0
E1,M02,105-0,C,SF-105,A,202312,33,1358,1.0
E1,M02,105-0,C,SF-105,A,202401,34,1384,0.0
E1,M02,105-0,C,SF-105,A,202402,35,1410,0.0
E1,M02,105-0,C,SF-105,A,202403,36,1436,0.0
E1,M02,105-0,C,SF-105,A,202404,37,1462,0.0
E1,M02,105-0,C,SF-105,A,202405,38,1488,0.0
E1,M02,105-0,C,SF-105,A,202406,39,1514,0.0
E1,M02,105-0,C,SF-105,A,202407,40,1540,1.0
E1,M02,105-0,C,SF-105,A,202408,41,1566,0.0
E1,M02,105-0,C,SF-105,A,202409,42,1592,1.0
E1,M02,105-0,C,SF-105,A,202410,43,1618,1.0
E1,M02,105-0,C,SF-105,A,202411,44,1644,1.0
E1,M02,105-0,D,SF-105,A,202105,2,414,0.0
E1,M02,105-0,D,SF-105,A,202106,3,434,0.0
E1,M02,105-0,D,SF-105,A,202107,4,453,0.0
E1,M02,105-0,D,SF-105,A,202108,5,472,0.0
E1,M02,105-0,D,SF-105,A,202109,6,492,0.0
E1,M02,105-0,D,SF-105,A,202110,7,512,0.0
E1,M02,105-0,D,SF-105,A,202111,8,531,0.0
E1,M02,105-0,D,SF-105,A,202112,9,550,0.0
E1,M02,105-0,D,SF-105,A,202201,10,570,0.0
E1,M02,105-0,D,SF-105,A,202202,11,590,0.0
E1,M02,105-0,D,SF-105,A,202203,12,609,1.0
E1,M02,105-0,D,SF-105,A,202204,13,628,0.0
E1,M02,105-0,D,SF-105,A,202205,14,648,0.0
E1,M02,105-0,D,SF-105,A,202206,15,668,0.0
E1,M02,105-0,D,SF-105,A,202207,16,687,1.0
E1,M02,105-0,D,SF-105,A,202208,17,706,1.0
E1,M02,105-0,D,SF-105,A,202209,18,726,0.0
E1,M02,105-0,D,SF-105,A,202210,19,746,0.0
E1,M02,105-0,D,SF-105,A,202211,20,765,1.0
E1,M02,105-0,D,SF-105,A,202212,21,784,1.0
E1,M02,105-0,D,SF-105,A,202301,22,804,0.0
E1,M02,105-0,D,SF-105,A,202302,23,824,0.0
E1,M02,105-0,D,SF-105,A,202303,24,843,1.0
E1,M02,105-0,D,SF-105,A,202304,25,862,0.0
E1,M02,105-0,D,SF-105,A,202305,26,882,1.0
E1,M02,105-0,D,SF-105,A,202306,27,902,0.0
E1,M02,105-0,D,SF-105,A,202307,28,921,0.0
E1,M02,105-0,D,SF-105,A,202308,29,940,0.0
E1,M02,105-0,D,SF-105,A,202309,30,960,0.0
E1,M02,105-0,D,SF-105,A,202310,31,980,0.0
E1,M02,105-0,D,SF-105,A,202311,32,999,0.0
E1,M02,105-0,D,SF-105,A,202312,33,1018,0.0
E1,M02,105-0,D,SF-105,A,202401,34,1038,0.0
E1,M02,105-0,D,SF-105,A,202402,35,1058,0.0
E1,M02,105-0,D,SF-105,A,202403,36,1077,0.0
E1,M02,105-0,D,SF-105,A,202404,37,1096,0.0
E1,M02,105-0,D,SF-105,A,202405,38,1116,0.0
E1,M02,105-0,D,SF-105,A,202406,39,1136,0.0
E1,M02,105-0,D,SF-105,A,202407,40,1155,0.0
E1,M02,105-0,D,SF-105,A,202408,41,1174,0.0
E1,M02,105-0,D,SF-105,A,202409,42,1194,0.0
E1,M02,105-0,D,SF-105,A,202410,43,1214,0.0
E1,M02,105-0,E,SF-105,A,202111,8,248,0.0
E1,M02,105-0,E,SF-105,A,202112,9,257,0.0
E1,M02,105-0,E,SF-105,A,202201,10,266,0.0
E1,M02,105-0,E,SF-105,A,202202,11,275,1.0
E1,M02,105-0,E,SF-105,A,202203,12,284,0.0
E1,M02,105-0,E,SF-105,A,202204,13,293,0.0
E1,M02,105-0,E,SF-105,A,202205,14,302,0.0
E1,M02,105-0,E,SF-105,A,202206,15,312,0.0
E1,M02,105-0,E,SF-105,A,202207,16,321,0.0
E1,M02,105-0,E,SF-105,A,202208,17,330,0.0
E1,M02,105-0,E,SF-105,A,202209,18,339,1.0
E1,M02,105-0,E,SF-105,A,202210,19,348,0.0
E1,M02,105-0,E,SF-105,A,202211,20,357,1.0
E1,M02,105-0,E,SF-105,A,202212,21,366,0.0
E1,M02,105-0,E,SF-105,A,202301,22,375,0.0
E1,M02,105-0,E,SF-105,A,202302,23,384,0.0
E1,M02,105-0,E,SF-105,A,202303,24,393,0.0
E1,M02,105-0,E,SF-105,A,202304,25,403,1.0
E1,M02,105-0,E,SF-105,A,202305,26,412,0.0
E1,M02,105-0,E,SF-105,A,202306,27,421,0.0
E1,M02,105-0,E,SF-105,A,202307,28,430,1.0
E1,M02,105-0,E,SF-105,A,202308,29,439,0.0
E1,M02,105-0,E,SF-105,A,202309,30,448,0.0
E1,M02,105-0,E,SF-105,A,202310,31,457,0.0
E1,M02,105-0,E,SF-105,A,202311,32,466,0.0
E1,M02,105-0,E,SF-105,A,202312,33,475,2.0
E1,M02,105-0,E,SF-105,A,202401,34,484,0.0
E1,M02,105-0,E,SF-105,A,202402,35,494,1.0
E1,M02,105-0,E,SF-105,A,202403,36,503,0.0
E1,M02,105-0,E,SF-105,A,202404,37,512,0.0
E1,M02,105-0,E,SF-105,A,202405,38,521,0.0
E1,M02,105-0,E,SF-105,A,202406,39,530,0.0
E1,M02,105-0,E,SF-105,A,202407,40,539,0.0
E1,M02,105-0,E,SF-105,A,202408,41,548,0.0
E1,M02,105-0,E,SF-105,A,202409,42,557,0.0
E1,M02,105-0,E,SF-105,A,202410,43,566,0.0
E1,M02,105-0,E,SF-105,A,202411,44,575,1.0
E1,M02,105-0,E,SF-105,A,202412,45,584,0.0
E1,M03,100-0,A,SF-100,A,202105,1,894,1.0
E1,M03,100-0,A,SF-100,A,202106,2,938,1.0
E1,M03,100-0,A,SF-100,A,202107,3,983,0.0
E1,M03,100-0,A,SF-100,A,202108,4,1027,0.0
E1,M03,100-0,A,SF-100,A,202109,5,1071,1.0
E1,M03,100-0,A,SF-100,A,202110,6,1115,1.0
E1,M03,100-0,A,SF-100,A,202111,7,1159,1.0
E1,M03,100-0,A,SF-100,A,202112,8,1204,0.0
E1,M03,100-0,A,SF-100,A,202201,9,1248,0.0
E1,M03,100-0,A,SF-100,A,202202,10,1292,3.0
E1,M03,100-0,A,SF-100,A,202203,11,1336,2.0
E1,M03,100-0,A,SF-100,A,202204,12,1380,3.0
E1,M03,100-0,A,SF-100,A,202205,13,1425,6.0
E1,M03,100-0,A,SF-100,A,202206,14,1469,1.0
E1,M03,100-0,A,SF-100,A,202207,15,1513,5.0
E1,M03,100-0,A,SF-100,A,202208,16,1557,1.0
E1,M03,100-0,A,SF-100,A,202209,17,1601,0.0
E1,M03,100-0,A,SF-100,A,202210,18,1646,2.0
E1,M03,100-0,A,SF-100,A,202211,19,1690,1.0
E1,M03,100-0,A,SF-100,A,202212,20,1734,0.0
E1,M03,100-0,A,SF-100,A,202301,21,1778,3.0
E1,M03,100-0,A,SF-100,A,202302,22,1822,3.0
E1,M03,100-0,A,SF-100,A,202303,23,1867,6.0
E1,M03,100-0,A,SF-100,A,202304,24,1911,2.0
E1,M03,100-0,A,SF-100,A,202305,25,1955,1.0
E1,M03,100-0,A,SF-100,A,202306,26,1999,3.0
E1,M03,100-0,A,SF-100,A,202307,27,2043,2.0
E1,M03,100-0,A,SF-100,A,202308,28,2088,1.0
E1,M03,100-0,A,SF-100,A,202309,29,2132,3.0
E1,M03,100-0,A,SF-100,A,202310,30,2176,4.0
E1,M03,100-0,A,SF-100,A,202311,31,2220,1.0
E1,M03,100-0,A,SF-100,A,202312,32,2264,2.0
E1,M03,100-0,A,SF-100,A,202401,33,2309,1.0
E1,M03,100-0,A,SF-100,A,202402,34,2353,2.0
E1,M03,100-0,A,SF-100,A,202403,35,2397,3.0
E1,M03,100-0,A,SF-100,A,202404,36,2441,3.0
E1,M03,100-0,A,SF-100,A,202405,37,2485,6.0
E1,M03,100-0,A,SF-100,A,202406,38,2530,3.0
E1,M03,100-0,A,SF-100,A,202407,39,2574,3.0
E1,M03,100-0,A,SF-100,A,202408,40,2618,3.0
E1,M03,100-0,A,SF-100,A,202409,41,2662,3.0
E1,M03,100-0,A,SF-100,A,202410,42,2706,1.0
E1,M03,100-0,A,SF-100,A,202411,43,2751,4.0
E1,M03,100-0,A,SF-100,A,202412,44,2795,3.0
E1,M03,100-0,ALL,SF-100,A,202104,0,2500,4.0
E1,M03,100-0,ALL,SF-100,A,202105,1,2630,1.0
E1,M03,100-0,ALL,SF-100,A,202106,2,2760,2.0
E1,M03,100-0,ALL,SF-100,A,202107,3,2890,3.0
E1,M03,100-0,ALL,SF-100,A,202108,4,3020,3.0
E1,M03,100-0,ALL,SF-100,A,202109,5,3150,2.0
E1,M03,100-0,ALL,SF-100,A,202110,6,3280,1.0
E1,M03,100-0,ALL,SF-100,A,202111,7,3410,2.0
E1,M03,100-0,ALL,SF-100,A,202112,8,3540,5.0
E1,M03,100-0,ALL,SF-100,A,202201,9,3670,5.0
E1,M03,100-0,ALL,SF-100,A,202202,10,3800,5.0
E1,M03,100-0,ALL,SF-100,A,202203,11,3930,6.0
E1,M03,100-0,ALL,SF-100,A,202204,12,4060,6.0
E1,M03,100-0,ALL,SF-100,A,202205,13,4190,6.0
E1,M03,100-0,ALL,SF-100,A,202206,14,4320,5.0
E1,M03,100-0,ALL,SF-100,A,202207,15,4450,8.0
E1,M03,100-0,ALL,SF-100,A,202208,16,4580,3.0
E1,M03,100-0,ALL,SF-100,A,202209,17,4710,3.0
E1,M03,100-0,ALL,SF-100,A,202210,18,4840,3.0
E1,M03,100-0,ALL,SF-100,A,202211,19,4970,5.0
E1,M03,100-0,ALL,SF-100,A,202212,20,5100,3.0
E1,M03,100-0,ALL,SF-100,A,202301,21,5230,8.0
E1,M03,100-0,ALL,SF-100,A,202302,22,5360,8.0
E1,M03,100-0,ALL,SF-100,A,202303,23,5490,10.0
E1,M03,100-0,ALL,SF-100,A,202304,24,5620,6.0
E1,M03,100-0,ALL,SF-100,A,202305,25,5750,3.0
E1,M03,100-0,ALL,SF-100,A,202306,26,5880,8.0
E1,M03,100-0,ALL,SF-100,A,202307,27,6010,8.0
E1,M03,100-0,ALL,SF-100,A,202308,28,6140,6.0
E1,M03,100-0,ALL,SF-100,A,202309,29,6270,13.0
E1,M03,100-0,ALL,SF-100,A,202310,30,6400,9.0
E1,M03,100-0,ALL,SF-100,A,202311,31,6530,7.0
E1,M03,100-0,ALL,SF-100,A,202312,32,6660,9.0
E1,M03,100-0,ALL,SF-100,A,202401,33,6790,10.0
E1,M03,100-0,ALL,SF-100,A,202402,34,6920,5.0
E1,M03,100-0,ALL,SF-100,A,202403,35,7050,10.0
E1,M03,100-0,ALL,SF-100,A,202404,36,7180,8.0
E1,M03,100-0,ALL,SF-100,A,202405,37,7310,12.0
E1,M03,100-0,ALL,SF-100,A,202406,38,7440,8.0
E1,M03,100-0,ALL,SF-100,A,202407,39,7570,7.0
E1,M03,100-0,ALL,SF-100,A,202408,40,7700,11.0
E1,M03,100-0,ALL,SF-100,A,202409,41,7830,5.0
E1,M03,100-0,ALL,SF-100,A,202410,42,7960,8.0
E1,M03,100-0,ALL,SF-100,A,202411,43,8090,8.0
E1,M03,100-0,ALL,SF-100,A,202412,44,8220,7.0
E1,M03,100-0,B,SF-100,A,202104,0,600,4.0
E1,M03,100-0,B,SF-100,A,202106,2,662,1.0
E1,M03,100-0,B,SF-100,A,202107,3,694,1.0
E1,M03,100-0,B,SF-100,A,202108,4,725,0.0
E1,M03,100-0,B,SF-100,A,202109,5,756,0.0
E1,M03,100-0,B,SF-100,A,202110,6,787,0.0
E1,M03,100-0,B,SF-100,A,202111,7,818,1.0
E1,M03,100-0,B,SF-100,A,202112,8,850,1.0
E1,M03,100-0,B,SF-100,A,202201,9,881,4.0
E1,M03,100-0,B,SF-100,A,202202,10,912,0.0
E1,M03,100-0,B,SF-100,A,202203,11,943,3.0
E1,M03,100-0,B,SF-100,A,202204,12,974,0.0
E1,M03,100-0,B,SF-100,A,202205,13,1006,0.0
E1,M03,100-0,B,SF-100,A,202206,14,1037,1.0
E1,M03,100-0,B,SF-100,A,202207,15,1068,1.0
E1,M03,100-0,B,SF-100,A,202208,16,1099,1.0
E1,M03,100-0,B,SF-100,A,202209,17,1130,0.0
E1,M03,100-0,B,SF-100,A,202210,18,1162,1.0
E1,M03,100-0,B,SF-100,A,202211,19,1193,2.0
E1,M03,100-0,B,SF-100,A,202212,20,1224,1.0
E1,M03,100-0,B,SF-100,A,202301,21,1255,0.0
E1,M03,100-0,B,SF-100,A,202302,22,1286,3.0
E1,M03,100-0,B,SF-100,A,202303,23,1318,3.0
E1,M03,100-0,B,SF-100,A,202304,24,1349,3.0
E1,M03,100-0,B,SF-100,A,202305,25,1380,0.0
E1,M03,100-0,B,SF-100,A,202306,26,1411,2.0
E1,M03,100-0,B,SF-100,A,202307,27,1442,1.0
E1,M03,100-0,B,SF-100,A,202308,28,1474,2.0
E1,M03,100-0,B,SF-100,A,202309,29,1505,7.0
E1,M03,100-0,B,SF-100,A,202310,30,1536,2.0
E1,M03,100-0,B,SF-100,A,202311,31,1567,1.0
E1,M03,100-0,B,SF-100,A,202312,32,1598,1.0
E1,M03,100-0,B,SF-100,A,202401,33,1630,2.0
E1,M03,100-0,B,SF-100,A,202402,34,1661,0.0
E1,M03,100-0,B,SF-100,A,202403,35,1692,1.0
E1,M03,100-0,B,SF-100,A,202404,36,1723,2.0
E1,M03,100-0,B,SF-100,A,202405,37,1754,2.0
E1,M03,100-0,B,SF-100,A,202406,38,1786,3.0
E1,M03,100-0,B,SF-100,A,202407,39,1817,3.0
E1,M03,100-0,B,SF-100,A,202408,40,1848,5.0
E1,M03,100-0,B,SF-100,A,202409,41,1879,1.0
E1,M03,100-0,B,SF-100,A,202410,42,1910,4.0
E1,M03,100-0,B,SF-100,A,202411,43,1942,3.0
E1,M03,100-0,B,SF-100,A,202412,44,1973,3.0
E1,M03,100-0,C,SF-100,A,202106,2,552,0.0
E1,M03,100-0,C,SF-100,A,202107,3,578,1.0
E1,M03,100-0,C,SF-100,A,202108,4,604,2.0
E1,M03,100-0,C,SF-100,A,202109,5,630,1.0
E1,M03,100-0,C,SF-100,A,202110,6,656,0.0
E1,M03,100-0,C,SF-100,A,202111,7,682,0.0
E1,M03,100-0,C,SF-100,A,202112,8,708,3.0
E1,M03,100-0,C,SF-100,A,202201,9,734,1.0
E1,M03,100-0,C,SF-100,A,202202,10,760,1.0
E1,M03,100-0,C,SF-100,A,202203,11,786,1.0
E1,M03,100-0,C,SF-100,A,202204,12,812,1.0
E1,M03,100-0,C,SF-100,A,202205,13,838,0.0
E1,M03,100-0,C,SF-100,A,202206,14,864,1.0
E1,M03,100-0,C,SF-100,A,202207,15,890,0.0
E1,M03,100-0,C,SF-100,A,202208,16,916,0.0
E1,M03,100-0,C,SF-100,A,202209,17,942,1.0
E1,M03,100-0,C,SF-100,A,202210,18,968,0.0
E1,M03,100-0,C,SF-100,A,202211,19,994,0.0
E1,M03,100-0,C,SF-100,A,202212,20,1020,2.0
E1,M03,100-0,C,SF-100,A,202301,21,1046,3.0
E1,M03,100-0,C,SF-100,A,202302,22,1072,2.0
E1,M03,100-0,C,SF-100,A,202303,23,1098,0.0
E1,M03,100-0,C,SF-100,A,202304,24,1124,0.0
E1,M03,100-0,C,SF-100,A,202305,25,1150,0.0
E1,M03,100-0,C,SF-100,A,202306,26,1176,3.0
E1,M03,100-0,C,SF-100,A,202307,27,1202,3.0
E1,M03,100-0,C,SF-100,A,202308,28,1228,2.0
E1,M03,100-0,C,SF-100,A,202309,29,1254,1.0
E1,M03,100-0,C,SF-100,A,202310,30,1280,3.0
E1,M03,100-0,C,SF-100,A,202311,31,1306,2.0
E1,M03,100-0,C,SF-100,A,202312,32,1332,2.0
E1,M03,100-0,C,SF-100,A,202401,33,1358,6.0
E1,M03,100-0,C,SF-100,A,202402,34,1384,3.0
E1,M03,100-0,C,SF-100,A,202403,35,1410,2.0
E1,M03,100-0,C,SF-100,A,202404,36,1436,1.0
E1,M03,100-0,C,SF-100,A,202405,37,1462,2.0
E1,M03,100-0,C,SF-100,A,202406,38,1488,2.0
E1,M03,100-0,C,SF-100,A,202407,39,1514,0.0
E1,M03,100-0,C,SF-100,A,202408,40,1540,2.0
E1,M03,100-0,C,SF-100,A,202409,41,1566,1.0
E1,M03,100-0,C,SF-100,A,202410,42,1592,1.0
E1,M03,100-0,C,SF-100,A,202411,43,1618,1.0
E1,M03,100-0,D,SF-100,A,202106,2,414,0.0
E1,M03,100-0,D,SF-100,A,202107,3,434,1.0
E1,M03,100-0,D,SF-100,A,202108,4,453,1.0
E1,M03,100-0,D,SF-100,A,202109,5,472,0.0
E1,M03,100-0,D,SF-100,A,202110,6,492,0.0
E1,M03,100-0,D,SF-100,A,202111,7,512,0.0
E1,M03,100-0,D,SF-100,A,202112,8,531,1.0
E1,M03,100-0,D,SF-100,A,202201,9,550,0.0
E1,M03,100-0,D,SF-100,A,202202,10,570,1.0
E1,M03,100-0,D,SF-100,A,202203,11,590,0.0
E1,M03,100-0,D,SF-100,A,202204,12,609,1.0
E1,M03,100-0,D,SF-100,A,202205,13,628,0.0
E1,M03,100-0,D,SF-100,A,202206,14,648,1.0
E1,M03,100-0,D,SF-100,A,202207,15,668,2.0
E1,M03,100-0,D,SF-100,A,202208,16,687,1.0
E1,M03,100-0,D,SF-100,A,202209,17,706,1.0
E1,M03,100-0,D,SF-100,A,202210,18,726,0.0
E1,M03,100-0,D,SF-100,A,202211,19,746,1.0
E1,M03,100-0,D,SF-100,A,202212,20,765,0.0
E1,M03,100-0,D,SF-100,A,202301,21,784,1.0
E1,M03,100-0,D,SF-100,A,202302,22,804,0.0
E1,M03,100-0,D,SF-100,A,202303,23,824,0.0
E1,M03,100-0,D,SF-100,A,202304,24,843,0.0
E1,M03,100-0,D,SF-100,A,202305,25,862,1.0
E1,M03,100-0,D,SF-100,A,202306,26,882,0.0
E1,M03,100-0,D,SF-100,A,202307,27,902,2.0
E1,M03,100-0,D,SF-100,A,202308,28,921,0.0
E1,M03,100-0,D,SF-100,A,202309,29,940,1.0
E1,M03,100-0,D,SF-100,A,202310,30,960,0.0
E1,M03,100-0,D,SF-100,A,202311,31,980,2.0
E1,M03,100-0,D,SF-100,A,202312,32,999,0.0
E1,M03,100-0,D,SF-100,A,202401,33,1018,1.0
E1,M03,100-0,D,SF-100,A,202402,34,1038,0.0
E1,M03,100-0,D,SF-100,A,202403,35,1058,2.0
E1,M03,100-0,D,SF-100,A,202404,36,1077,1.0
E1,M03,100-0,D,SF-100,A,202405,37,1096,2.0
E1,M03,100-0,D,SF-100,A,202406,38,1116,0.0
E1,M03,100-0,D,SF-100,A,202407,39,1136,1.0
E1,M03,100-0,D,SF-100,A,202408,40,1155,1.0
E1,M03,100-0,D,SF-100,A,202409,41,1174,0.0
E1,M03,100-0,D,SF-100,A,202410,42,1194,2.0
E1,M03,100-0,E,SF-100,A,202112,8,248,0.0
E1,M03,100-0,E,SF-100,A,202201,9,257,0.0
E1,M03,100-0,E,SF-100,A,202202,10,266,0.0
E1,M03,100-0,E,SF-100,A,202203,11,275,0.0
E1,M03,100-0,E,SF-100,A,202204,12,284,1.0
E1,M03,100-0,E,SF-100,A,202205,13,293,0.0
E1,M03,100-0,E,SF-100,A,202206,14,302,1.0
E1,M03,100-0,E,SF-100,A,202207,15,312,0.0
E1,M03,100-0,E,SF-100,A,202208,16,321,0.0
E1,M03,100-0,E,SF-100,A,202209,17,330,1.0
E1,M03,100-0,E,SF-100,A,202210,18,339,0.0
E1,M03,100-0,E,SF-100,A,202211,19,348,1.0
E1,M03,100-0,E,SF-100,A,202212,20,357,0.0
E1,M03,100-0,E,SF-100,A,202301,21,366,1.0
E1,M03,100-0,E,SF-100,A,202302,22,375,0.0
E1,M03,100-0,E,SF-100,A,202303,23,384,1.0
E1,M03,100-0,E,SF-100,A,202304,24,393,1.0
E1,M03,100-0,E,SF-100,A,202305,25,403,1.0
E1,M03,100-0,E,SF-100,A,202306,26,412,0.0
E1,M03,100-0,E,SF-100,A,202307,27,421,0.0
E1,M03,100-0,E,SF-100,A,202308,28,430,1.0
E1,M03,100-0,E,SF-100,A,202309,29,439,1.0
E1,M03,100-0,E,SF-100,A,202310,30,448,0.0
E1,M03,100-0,E,SF-100,A,202311,31,457,1.0
E1,M03,100-0,E,SF-100,A,202312,32,466,4.0
E1,M03,100-0,E,SF-100,A,202401,33,475,0.0
E1,M03,100-0,E,SF-100,A,202402,34,484,0.0
E1,M03,100-0,E,SF-100,A,202403,35,494,2.0
E1,M03,100-0,E,SF-100,A,202404,36,503,1.0
E1,M03,100-0,E,SF-100,A,202405,37,512,0.0
E1,M03,100-0,E,SF-100,A,202406,38,521,0.0
E1,M03,100-0,E,SF-100,A,202407,39,530,0.0
E1,M03,100-0,E,SF-100,A,202408,40,539,0.0
E1,M03,100-0,E,SF-100,A,202409,41,548,0.0
E1,M03,100-0,E,SF-100,A,202410,42,557,0.0
E1,M03,100-0,E,SF-100,A,202411,43,566,0.0
E1,M03,100-0,E,SF-100,A,202412,44,575,1.0
E1,M03,101-0,A,SF-101,A,202104,0,850,1.0
E1,M03,101-0,A,SF-101,A,202106,2,938,0.0
E1,M03,101-0,A,SF-101,A,202107,3,983,1.0
E1,M03,101-0,A,SF-101,A,202108,4,1027,1.0
E1,M03,101-0,A,SF-101,A,202109,5,1071,2.0
E1,M03,101-0,A,SF-101,A,202110,6,1115,3.0
E1,M03,101-0,A,SF-101,A,202111,7,1159,0.0
E1,M03,101-0,A,SF-101,A,202112,8,1204,0.0
E1,M03,101-0,A,SF-101,A,202201,9,1248,1.0
E1,M03,101-0,A,SF-101,A,202202,10,1292,2.0
E1,M03,101-0,A,SF-101,A,202203,11,1336,3.0
E1,M03,101-0,A,SF-101,A,202204,12,1380,2.0
E1,M03,101-0,A,SF-101,A,202205,13,1425,2.0
E1,M03,101-0,A,SF-101,A,202206,14,1469,1.0
E1,M03,101-0,A,SF-101,A,202207,15,1513,4.0
E1,M03,101-0,A,SF-101,A,202208,16,1557,2.0
E1,M03,101-0,A,SF-101,A,202209,17,1601,1.0
E1,M03,101-0,A,SF-101,A,202210,18,1646,1.0
E1,M03,101-0,A,SF-101,A,202211,19,1690,2.0
E1,M03,101-0,A,SF-101,A,202212,20,1734,0.0
E1,M03,101-0,A,SF-101,A,202301,21,1778,1.0
E1,M03,101-0,A,SF-101,A,202302,22,1822,1.0
E1,M03,101-0,A,SF-101,A,202303,23,1867,4.0
E1,M03,101-0,A,SF-101,A,202304,24,1911,3.0
E1,M03,101-0,A,SF-101,A,202305,25,1955,0.0
E1,M03,101-0,A,SF-101,A,202306,26,1999,3.0
E1,M03,101-0,A,SF-101,A,202307,27,2043,1.0
E1,M03,101-0,A,SF-101,A,202308,28,2088,3.0
E1,M03,101-0,A,SF-101,A,202309,29,2132,2.0
E1,M03,101-0,A,SF-101,A,202310,30,2176,3.0
E1,M03,101-0,A,SF-101,A,202311,31,2220,0.0
E1,M03,101-0,A,SF-101,A,202312,32,2264,3.0
E1,M03,101-0,A,SF-101,A,202401,33,2309,2.0
E1,M03,101-0,A,SF-101,A,202402,34,2353,1.0
E1,M03,101-0,A,SF-101,A,202403,35,2397,3.0
E1,M03,101-0,A,SF-101,A,202404,36,2441,4.0
E1,M03,101-0,A,SF-101,A,202405,37,2485,2.0
E1,M03,101-0,A,SF-101,A,202406,38,2530,3.0
E1,M03,101-0,A,SF-101,A,202407,39,2574,4.0
E1,M03,101-0,A,SF-101,A,202408,40,2618,3.0
E1,M03,101-0,A,SF-101,A,202409,41,2662,3.0
E1,M03,101-0,A,SF-101,A,202410,42,2706,3.0
E1,M03,101-0,A,SF-101,A,202411,43,2751,2.0
E1,M03,101-0,A,SF-101,A,202412,44,2795,3.0
E1,M03,101-0,ALL,SF-101,A,202104,0,2500,5.0
E1,M03,101-0,ALL,SF-101,A,202105,1,2630,1.0
E1,M03,101-0,ALL,SF-101,A,202106,2,2760,2.0
E1,M03,101-0,ALL,SF-101,A,202107,3,2890,3.0
E1,M03,101-0,ALL,SF-101,A,202108,4,3020,2.0
E1,M03,101-0,ALL,SF-101,A,202109,5,3150,4.0
E1,M03,101-0,ALL,SF-101,A,202110,6,3280,5.0
E1,M03,101-0,ALL,SF-101,A,202111,7,3410,3.0
E1,M03,101-0,ALL,SF-101,A,202112,8,3540,2.0
E1,M03,101-0,ALL,SF-101,A,202201,9,3670,2.0
E1,M03,101-0,ALL,SF-101,A,202202,10,3800,4.0
E1,M03,101-0,ALL,SF-101,A,202203,11,3930,5.0
E1,M03,101-0,ALL,SF-101,A,202204,12,4060,3.0
E1,M03,101-0,ALL,SF-101,A,202205,13,4190,5.0
E1,M03,101-0,ALL,SF-101,A,202206,14,4320,1.0
E1,M03,101-0,ALL,SF-101,A,202207,15,4450,8.0
E1,M03,101-0,ALL,SF-101,A,202208,16,4580,3.0
E1,M03,101-0,ALL,SF-101,A,202209,17,4710,4.0
E1,M03,101-0,ALL,SF-101,A,202210,18,4840,5.0
E1,M03,101-0,ALL,SF-101,A,202211,19,4970,5.0
E1,M03,101-0,ALL,SF-101,A,202212,20,5100,1.0
E1,M03,101-0,ALL,SF-101,A,202301,21,5230,2.0
E1,M03,101-0,ALL,SF-101,A,202302,22,5360,8.0
E1,M03,101-0,ALL,SF-101,A,202303,23,5490,11.0
E1,M03,101-0,ALL,SF-101,A,202304,24,5620,7.0
E1,M03,101-0,ALL,SF-101,A,202305,25,5750,4.0
E1,M03,101-0,ALL,SF-101,A,202306,26,5880,7.0
E1,M03,101-0,ALL,SF-101,A,202307,27,6010,10.0
E1,M03,101-0,ALL,SF-101,A,202308,28,6140,9.0
E1,M03,101-0,ALL,SF-101,A,202309,29,6270,6.0
E1,M03,101-0,ALL,SF-101,A,202310,30,6400,6.0
E1,M03,101-0,ALL,SF-101,A,202311,31,6530,2.0
E1,M03,101-0,ALL,SF-101,A,202312,32,6660,7.0
E1,M03,101-0,ALL,SF-101,A,202401,33,6790,8.0
E1,M03,101-0,ALL,SF-101,A,202402,34,6920,6.0
E1,M03,101-0,ALL,SF-101,A,202403,35,7050,11.0
E1,M03,101-0,ALL,SF-101,A,202404,36,7180,8.0
E1,M03,101-0,ALL,SF-101,A,202405,37,7310,6.0
E1,M03,101-0,ALL,SF-101,A,202406,38,7440,10.0
E1,M03,101-0,ALL,SF-101,A,202407,39,7570,9.0
E1,M03,101-0,ALL,SF-101,A,202408,40,7700,6.0
E1,M03,101-0,ALL,SF-101,A,202409,41,7830,13.0
E1,M03,101-0,ALL,SF-101,A,202410,42,7960,6.0
E1,M03,101-0,ALL,SF-101,A,202411,43,8090,7.0
E1,M03,101-0,ALL,SF-101,A,202412,44,8220,4.0
E1,M03,101-0,B,SF-101,A,202104,0,600,1.0
E1,M03,101-0,B,SF-101,A,202105,1,631,1.0
E1,M03,101-0,B,SF-101,A,202106,2,662,1.0
E1,M03,101-0,B,SF-101,A,202107,3,694,2.0
E1,M03,101-0,B,SF-101,A,202108,4,725,1.0
E1,M03,101-0,B,SF-101,A,202109,5,756,0.0
E1,M03,101-0,B,SF-101,A,202110,6,787,0.0
E1,M03,101-0,B,SF-101,A,202111,7,818,0.0
E1,M03,101-0,B,SF-101,A,202112,8,850,1.0
E1,M03,101-0,B,SF-101,A,202201,9,881,0.0
E1,M03,101-0,B,SF-101,A,202202,10,912,2.0
E1,M03,101-0,B,SF-101,A,202203,11,943,1.0
E1,M03,101-0,B,SF-101,A,202204,12,974,1.0
E1,M03,101-0,B,SF-101,A,202205,13,1006,2.0
E1,M03,101-0,B,SF-101,A,202206,14,1037,0.0
E1,M03,101-0,B,SF-101,A,202207,15,1068,2.0
E1,M03,101-0,B,SF-101,A,202208,16,1099,1.0
E1,M03,101-0,B,SF-101,A,202209,17,1130,1.0
E1,M03,101-0,B,SF-101,A,202210,18,1162,2.0
E1,M03,101-0,B,SF-101,A,202211,19,1193,2.0
E1,M03,101-0,B,SF-101,A,202212,20,1224,1.0
E1,M03,101-0,B,SF-101,A,202301,21,1255,0.0
E1,M03,101-0,B,SF-101,A,202302,22,1286,5.0
E1,M03,101-0,B,SF-101,A,202303,23,1318,2.0
E1,M03,101-0,B,SF-101,A,202304,24,1349,1.0
E1,M03,101-0,B,SF-101,A,202305,25,1380,0.0
E1,M03,101-0,B,SF-101,A,202306,26,1411,2.0
E1,M03,101-0,B,SF-101,A,202307,27,1442,3.0
E1,M03,101-0,B,SF-101,A,202308,28,1474,1.0
E1,M03,101-0,B,SF-101,A,202309,29,1505,3.0
E1,M03,101-0,B,SF-101,A,202310,30,1536,0.0
E1,M03,101-0,B,SF-101,A,202311,31,1567,1.0
E1,M03,101-0,B,SF-101,A,202312,32,1598,1.0
E1,M03,101-0,B,SF-101,A,202401,33,1630,2.0
E1,M03,101-0,B,SF-101,A,202402,34,1661,2.0
E1,M03,101-0,B,SF-101,A,202403,35,1692,2.0
E1,M03,101-0,B,SF-101,A,202404,36,1723,0.0
E1,M03,101-0,B,SF-101,A,202405,37,1754,1.0
E1,M03,101-0,B,SF-101,A,202406,38,1786,5.0
E1,M03,101-0,B,SF-101,A,202407,39,1817,3.0
E1,M03,101-0,B,SF-101,A,202408,40,1848,0.0
E1,M03,101-0,B,SF-101,A,202409,41,1879,4.0
E1,M03,101-0,B,SF-101,A,202410,42,1910,2.0
E1,M03,101-0,B,SF-101,A,202411,43,1942,2.0
E1,M03,101-0,B,SF-101,A,202412,44,1973,1.0
E1,M03,101-0,C,SF-101,A,202104,0,500,3.0
E1,M03,101-0,C,SF-101,A,202106,2,552,0.0
E1,M03,101-0,C,SF-101,A,202107,3,578,0.0
E1,M03,101-0,C,SF-101,A,202108,4,604,0.0
E1,M03,101-0,C,SF-101,A,202109,5,630,1.0
E1,M03,101-0,C,SF-101,A,202110,6,656,1.0
E1,M03,101-0,C,SF-101,A,202111,7,682,2.0
E1,M03,101-0,C,SF-101,A,202112,8,708,0.0
E1,M03,101-0,C,SF-101,A,202201,9,734,0.0
E1,M03,101-0,C,SF-101,A,202202,10,760,0.0
E1,M03,101-0,C,SF-101,A,202203,11,786,0.0
E1,M03,101-0,C,SF-101,A,202204,12,812,0.0
E1,M03,101-0,C,SF-101,A,202205,13,838,0.0
E1,M03,101-0,C,SF-101,A,202206,14,864,0.0
E1,M03,101-0,C,SF-101,A,202207,15,890,0.0
E1,M03,101-0,C,SF-101,A,202208,16,916,0.0
E1,M03,101-0,C,SF-101,A,202209,17,942,1.0
E1,M03,101-0,C,SF-101,A,202210,18,968,0.0
E1,M03,101-0,C,SF-101,A,202211,19,994,0.0
E1,M03,101-0,C,SF-101,A,202212,20,1020,0.0
E1,M03,101-0,C,SF-101,A,202301,21,1046,0.0
E1,M03,101-0,C,SF-101,A,202302,22,1072,2.0
E1,M03,101-0,C,SF-101,A,202303,23,1098,3.0
E1,M03,101-0,C,SF-101,A,202304,24,1124,1.0
E1,M03,101-0,C,SF-101,A,202305,25,1150,2.0
E1,M03,101-0,C,SF-101,A,202306,26,1176,1.0
E1,M03,101-0,C,SF-101,A,202307,27,1202,4.0
E1,M03,101-0,C,SF-101,A,202308,28,1228,2.0
E1,M03,101-0,C,SF-101,A,202309,29,1254,1.0
E1,M03,101-0,C,SF-101,A,202310,30,1280,1.0
E1,M03,101-0,C,SF-101,A,202311,31,1306,0.0
E1,M03,101-0,C,SF-101,A,202312,32,1332,1.0
E1,M03,101-0,C,SF-101,A,202401,33,1358,2.0
E1,M03,101-0,C,SF-101,A,202402,34,1384,1.0
E1,M03,101-0,C,SF-101,A,202403,35,1410,2.0
E1,M03,101-0,C,SF-101,A,202404,36,1436,2.0
E1,M03,101-0,C,SF-101,A,202405,37,1462,2.0
E1,M03,101-0,C,SF-101,A,202406,38,1488,0.0
E1,M03,101-0,C,SF-101,A,202407,39,1514,1.0
E1,M03,101-0,C,SF-101,A,202408,40,1540,0.0
E1,M03,101-0,C,SF-101,A,202409,41,1566,3.0
E1,M03,101-0,C,SF-101,A,202410,42,1592,0.0
E1,M03,101-0,C,SF-101,A,202411,43,1618,3.0
E1,M03,101-0,D,SF-101,A,202106,2,414,1.0
E1,M03,101-0,D,SF-101,A,202107,3,434,0.0
E1,M03,101-0,D,SF-101,A,202108,4,453,0.0
E1,M03,101-0,D,SF-101,A,202109,5,472,1.0
E1,M03,101-0,D,SF-101,A,202110,6,492,1.0
E1,M03,101-0,D,SF-101,A,202111,7,512,1.0
E1,M03,101-0,D,SF-101,A,202112,8,531,1.0
E1,M03,101-0,D,SF-101,A,202201,9,550,1.0
E1,M03,101-0,D,SF-101,A,202202,10,570,0.0
E1,M03,101-0,D,SF-101,A,202203,11,590,0.0
E1,M03,101-0,D,SF-101,A,202204,12,609,0.0
E1,M03,101-0,D,SF-101,A,202205,13,628,1.0
E1,M03,101-0,D,SF-101,A,202206,14,648,0.0
E1,M03,101-0,D,SF-101,A,202207,15,668,2.0
E1,M03,101-0,D,SF-101,A,202208,16,687,0.0
E1,M03,101-0,D,SF-101,A,202209,17,706,1.0
E1,M03,101-0,D,SF-101,A,202210,18,726,1.0
E1,M03,101-0,D,SF-101,A,202211,19,746,1.0
E1,M03,101-0,D,SF-101,A,202212,20,765,0.0
E1,M03,101-0,D,SF-101,A,202301,21,784,0.0
E1,M03,101-0,D,SF-101,A,202302,22,804,0.0
E1,M03,101-0,D,SF-101,A,202303,23,824,1.0
E1,M03,101-0,D,SF-101,A,202304,24,843,1.0
E1,M03,101-0,D,SF-101,A,202305,25,862,2.0
E1,M03,101-0,D,SF-101,A,202306,26,882,1.0
E1,M03,101-0,D,SF-101,A,202307,27,902,2.0
E1,M03,101-0,D,SF-101,A,202308,28,921,3.0
E1,M03,101-0,D,SF-101,A,202309,29,940,0.0
E1,M03,101-0,D,SF-101,A,202310,30,960,2.0
E1,M03,101-0,D,SF-101,A,202311,31,980,0.0
E1,M03,101-0,D,SF-101,A,202312,32,999,1.0
E1,M03,101-0,D,SF-101,A,202401,33,1018,2.0
E1,M03,101-0,D,SF-101,A,202402,34,1038,1.0
E1,M03,101-0,D,SF-101,A,202403,35,1058,4.0
E1,M03,101-0,D,SF-101,A,202404,36,1077,2.0
E1,M03,101-0,D,SF-101,A,202405,37,1096,1.0
E1,M03,101-0,D,SF-101,A,202406,38,1116,2.0
E1,M03,101-0,D,SF-101,A,202407,39,1136,0.0
E1,M03,101-0,D,SF-101,A,202408,40,1155,3.0
E1,M03,101-0,D,SF-101,A,202409,41,1174,2.0
E1,M03,101-0,D,SF-101,A,202410,42,1194,0.0
E1,M03,101-0,E,SF-101,A,202112,8,248,0.0
E1,M03,101-0,E,SF-101,A,202201,9,257,0.0
E1,M03,101-0,E,SF-101,A,202202,10,266,0.0
E1,M03,101-0,E,SF-101,A,202203,11,275,1.0
E1,M03,101-0,E,SF-101,A,202204,12,284,0.0
E1,M03,101-0,E,SF-101,A,202205,13,293,0.0
E1,M03,101-0,E,SF-101,A,202206,14,302,0.0
E1,M03,101-0,E,SF-101,A,202207,15,312,0.0
E1,M03,101-0,E,SF-101,A,202208,16,321,0.0
E1,M03,101-0,E,SF-101,A,202209,17,330,0.0
E1,M03,101-0,E,SF-101,A,202210,18,339,1.0
E1,M03,101-0,E,SF-101,A,202211,19,348,0.0
E1,M03,101-0,E,SF-101,A,202212,20,357,0.0
E1,M03,101-0,E,SF-101,A,202301,21,366,1.0
E1,M03,101-0,E,SF-101,A,202302,22,375,0.0
E1,M03,101-0,E,SF-101,A,202303,23,384,1.0
E1,M03,101-0,E,SF-101,A,202304,24,393,1.0
E1,M03,101-0,E,SF-101,A,202305,25,403,0.0
E1,M03,101-0,E,SF-101,A,202306,26,412,0.0
E1,M03,101-0,E,SF-101,A,202307,27,421,0.0
E1,M03,101-0,E,SF-101,A,202308,28,430,0.0
E1,M03,101-0,E,SF-101,A,202309,29,439,0.0
E1,M03,101-0,E,SF-101,A,202310,30,448,0.0
E1,M03,101-0,E,SF-101,A,202311,31,457,1.0
E1,M03,101-0,E,SF-101,A,202312,32,466,1.0
E1,M03,101-0,E,SF-101,A,202401,33,475,0.0
E1,M03,101-0,E,SF-101,A,202402,34,484,1.0
E1,M03,101-0,E,SF-101,A,202403,35,494,0.0
E1,M03,101-0,E,SF-101,A,202404,36,503,0.0
E1,M03,101-0,E,SF-101,A,202405,37,512,0.0
E1,M03,101-0,E,SF-101,A,202406,38,521,0.0
E1,M03,101-0,E,SF-101,A,202407,39,530,1.0
E1,M03,101-0,E,SF-101,A,202408,40,539,0.0
E1,M03,101-0,E,SF-101,A,202409,41,548,1.0
E1,M03,101-0,E,SF-101,A,202410,42,557,1.0
E1,M03,101-0,E,SF-101,A,202411,43,566,0.0
E1,M03,101-0,E,SF-101,A,202412,44,575,0.0
E1,M03,102-0,A,SF-102,A,202104,0,850,3.0
E1,M03,102-0,A,SF-102,A,202105,1,894,1.0
E1,M03,102-0,A,SF-102,A,202106,2,938,2.0
E1,M03,102-0,A,SF-102,A,202107,3,983,2.0
E1,M03,102-0,A,SF-102,A,202108,4,1027,0.0
E1,M03,102-0,A,SF-102,A,202109,5,1071,4.0
E1,M03,102-0,A,SF-102,A,202110,6,1115,2.0
E1,M03,102-0,A,SF-102,A,202111,7,1159,0.0
E1,M03,102-0,A,SF-102,A,202112,8,1204,1.0
E1,M03,102-0,A,SF-102,A,202201,9,1248,1.0
E1,M03,102-0,A,SF-102,A,202202,10,1292,0.0
E1,M03,102-0,A,SF-102,A,202203,11,1336,0.0
E1,M03,102-0,A,SF-102,A,202204,12,1380,2.0
E1,M03,102-0,A,SF-102,A,202205,13,1425,1.0
E1,M03,102-0,A,SF-102,A,202206,14,1469,2.0
E1,M03,102-0,A,SF-102,A,202207,15,1513,2.0
E1,M03,102-0,A,SF-102,A,202208,16,1557,1.0
E1,M03,102-0,A,SF-102,A,202209,17,1601,1.0
E1,M03,102-0,A,SF-102,A,202210,18,1646,4.0
E1,M03,102-0,A,SF-102,A,202211,19,1690,1.0
E1,M03,102-0,A,SF-102,A,202212,20,1734,1.0
E1,M03,102-0,A,SF-102,A,202301,21,1778,1.0
E1,M03,102-0,A,SF-102,A,202302,22,1822,3.0
E1,M03,102-0,A,SF-102,A,202303,23,1867,3.0
E1,M03,102-0,A,SF-102,A,202304,24,1911,5.0
E1,M03,102-0,A,SF-102,A,202305,25,1955,3.0
E1,M03,102-0,A,SF-102,A,202306,26,1999,1.0
E1,M03,102-0,A,SF-102,A,202307,27,2043,7.0
E1,M03,102-0,A,SF-102,A,202308,28,2088,1.0
E1,M03,102-0,A,SF-102,A,202309,29,2132,2.0
E1,M03,102-0,A,SF-102,A,202310,30,2176,1.0
E1,M03,102-0,A,SF-102,A,202311,31,2220,0.0
E1,M03,102-0,A,SF-102,A,202312,32,2264,1.0
E1,M03,102-0,A,SF-102,A,202401,33,2309,2.0
E1,M03,102-0,A,SF-102,A,202402,34,2353,2.0
E1,M03,102-0,A,SF-102,A,202403,35,2397,1.0
E1,M03,102-0,A,SF-102,A,202404,36,2441,3.0
E1,M03,102-0,A,SF-102,A,202405,37,2485,2.0
E1,M03,102-0,A,SF-102,A,202406,38,2530,4.0
E1,M03,102-0,A,SF-102,A,202407,39,2574,4.0
E1,M03,102-0,A,SF-102,A,202408,40,2618,4.0
E1,M03,102-0,A,SF-102,A,202409,41,2662,2.0
E1,M03,102-0,A,SF-102,A,202410,42,2706,5.0
E1,M03,102-0,A,SF-102,A,202411,43,2751,2.0
E1,M03,102-0,A,SF-102,A,202412,44,2795,6.0
E1,M03,102-0,ALL,SF-102,A,202104,0,2500,6.0
E1,M03,102-0,ALL,SF-102,A,202105,1,2630,3.0
E1,M03,102-0,ALL,SF-102,A,202106,2,2760,3.0
E1,M03,102-0,ALL,SF-102,A,202107,3,2890,2.0
E1,M03,102-0,ALL,SF-102,A,202108,4,3020,3.0
E1,M03,102-0,ALL,SF-102,A,202109,5,3150,6.0
E1,M03,102-0,ALL,SF-102,A,202110,6,3280,2.0
E1,M03,102-0,ALL,SF-102,A,202111,7,3410,0.0
E1,M03,102-0,ALL,SF-102,A,202112,8,3540,3.0
E1,M03,102-0,ALL,SF-102,A,202201,9,3670,5.0
E1,M03,102-0,ALL,SF-102,A,202202,10,3800,4.0
E1,M03,102-0,ALL,SF-102,A,202203,11,3930,3.0
E1,M03,102-0,ALL,SF-102,A,202204,12,4060,3.0
E1,M03,102-0,ALL,SF-102,A,202205,13,4190,4.0
E1,M03,102-0,ALL,SF-102,A,202206,14,4320,5.0
E1,M03,102-0,ALL,SF-102,A,202207,15,4450,6.0
E1,M03,102-0,ALL,SF-102,A,202208,16,4580,4.0
E1,M03,102-0,ALL,SF-102,A,202209,17,4710,3.0
E1,M03,102-0,ALL,SF-102,A,202210,18,4840,11.0
E1,M03,102-0,ALL,SF-102,A,202211,19,4970,1.0
E1,M03,102-0,ALL,SF-102,A,202212,20,5100,7.0
E1,M03,102-0,ALL,SF-102,A,202301,21,5230,7.0
E1,M03,102-0,ALL,SF-102,A,202302,22,5360,4.0
E1,M03,102-0,ALL,SF-102,A,202303,23,5490,6.0
E1,M03,102-0,ALL,SF-102,A,202304,24,5620,11.0
E1,M03,102-0,ALL,SF-102,A,202305,25,5750,8.0
E1,M03,102-0,ALL,SF-102,A,202306,26,5880,4.0
E1,M03,102-0,ALL,SF-102,A,202307,27,6010,10.0
E1,M03,102-0,ALL,SF-102,A,202308,28,6140,6.0
E1,M03,102-0,ALL,SF-102,A,202309,29,6270,4.0
E1,M03,102-0,ALL,SF-102,A,202310,30,6400,6.0
E1,M03,102-0,ALL,SF-102,A,202311,31,6530,5.0
E1,M03,102-0,ALL,SF-102,A,202312,32,6660,2.0
E1,M03,102-0,ALL,SF-102,A,202401,33,6790,4.0
E1,M03,102-0,ALL,SF-102,A,202402,34,6920,7.0
E1,M03,102-0,ALL,SF-102,A,202403,35,7050,7.0
E1,M03,102-0,ALL,SF-102,A,202404,36,7180,10.0
E1,M03,102-0,ALL,SF-102,A,202405,37,7310,8.0
E1,M03,102-0,ALL,SF-102,A,202406,38,7440,12.0
E1,M03,102-0,ALL,SF-102,A,202407,39,7570,9.0
E1,M03,102-0,ALL,SF-102,A,202408,40,7700,12.0
E1,M03,102-0,ALL,SF-102,A,202409,41,7830,6.0
E1,M03,102-0,ALL,SF-102,A,202410,42,7960,11.0
E1,M03,102-0,ALL,SF-102,A,202411,43,8090,7.0
E1,M03,102-0,ALL,SF-102,A,202412,44,8220,6.0
E1,M03,102-0,B,SF-102,A,202104,0,600,3.0
E1,M03,102-0,B,SF-102,A,202105,1,631,1.0
E1,M03,102-0,B,SF-102,A,202106,2,662,0.0
E1,M03,102-0,B,SF-102,A,202107,3,694,0.0
E1,M03,102-0,B,SF-102,A,202108,4,725,0.0
E1,M03,102-0,B,SF-102,A,202109,5,756,2.0
E1,M03,102-0,B,SF-102,A,202110,6,787,0.0
E1,M03,102-0,B,SF-102,A,202111,7,818,0.0
E1,M03,102-0,B,SF-102,A,202112,8,850,0.0
E1,M03,102-0,B,SF-102,A,202201,9,881,1.0
E1,M03,102-0,B,SF-102,A,202202,10,912,2.0
E1,M03,102-0,B,SF-102,A,202203,11,943,2.0
E1,M03,102-0,B,SF-102,A,202204,12,974,0.0
E1,M03,102-0,B,SF-102,A,202205,13,1006,2.0
E1,M03,102-0,B,SF-102,A,202206,14,1037,2.0
E1,M03,102-0,B,SF-102,A,202207,15,1068,0.0
E1,M03,102-0,B,SF-102,A,202208,16,1099,1.0
E1,M03,102-0,B,SF-102,A,202209,17,1130,1.0
E1,M03,102-0,B,SF-102,A,202210,18,1162,2.0
E1,M03,102-0,B,SF-102,A,202211,19,1193,0.0
E1,M03,102-0,B,SF-102,A,202212,20,1224,1.0
E1,M03,102-0,B,SF-102,A,202301,21,1255,1.0
E1,M03,102-0,B,SF-102,A,202302,22,1286,1.0
E1,M03,102-0,B,SF-102,A,202303,23,1318,0.0
E1,M03,102-0,B,SF-102,A,202304,24,1349,1.0
E1,M03,102-0,B,SF-102,A,202305,25,1380,1.0
E1,M03,102-0,B,SF-102,A,202306,26,1411,3.0
E1,M03,102-0,B,SF-102,A,202307,27,1442,2.0
E1,M03,102-0,B,SF-102,A,202308,28,1474,5.0
E1,M03,102-0,B,SF-102,A,202309,29,1505,1.0
E1,M03,102-0,B,SF-102,A,202310,30,1536,1.0
E1,M03,102-0,B,SF-102,A,202311,31,1567,1.0
E1,M03,102-0,B,SF-102,A,202312,32,1598,1.0
E1,M03,102-0,B,SF-102,A,202401,33,1630,0.0
E1,M03,102-0,B,SF-102,A,202402,34,1661,2.0
E1,M03,102-0,B,SF-102,A,202403,35,1692,3.0
E1,M03,102-0,B,SF-102,A,202404,36,1723,1.0
E1,M03,102-0,B,SF-102,A,202405,37,1754,3.0
E1,M03,102-0,B,SF-102,A,202406,38,1786,4.0
E1,M03,102-0,B,SF-102,A,202407,39,1817,3.0
E1,M03,102-0,B,SF-102,A,202408,40,1848,5.0
E1,M03,102-0,B,SF-102,A,202409,41,1879,1.0
E1,M03,102-0,B,SF-102,A,202410,42,1910,2.0
E1,M03,102-0,B,SF-102,A,202411,43,1942,3.0
E1,M03,102-0,B,SF-102,A,202412,44,1973,0.0
E1,M03,102-0,C,SF-102,A,202106,2,552,1.0
E1,M03,102-0,C,SF-102,A,202107,3,578,0.0
E1,M03,102-0,C,SF-102,A,202108,4,604,2.0
E1,M03,102-0,C,SF-102,A,202109,5,630,0.0
E1,M03,102-0,C,SF-102,A,202110,6,656,0.0
E1,M03,102-0,C,SF-102,A,202111,7,682,0.0
E1,M03,102-0,C,SF-102,A,202112,8,708,2.0
E1,M03,102-0,C,SF-102,A,202201,9,734,2.0
E1,M03,102-0,C,SF-102,A,202202,10,760,2.0
E1,M03,102-0,C,SF-102,A,202203,11,786,0.0
E1,M03,102-0,C,SF-102,A,202204,12,812,0.0
E1,M03,102-0,C,SF-102,A,202205,13,838,0.0
E1,M03,102-0,C,SF-102,A,202206,14,864,0.0
E1,M03,102-0,C,SF-102,A,202207,15,890,0.0
E1,M03,102-0,C,SF-102,A,202208,16,916,0.0
E1,M03,102-0,C,SF-102,A,202209,17,942,0.0
E1,M03,102-0,C,SF-102,A,202210,18,968,4.0
E1,M03,102-0,C,SF-102,A,202211,19,994,0.0
E1,M03,102-0,C,SF-102,A,202212,20,1020,3.0
E1,M03,102-0,C,SF-102,A,202301,21,1046,2.0
E1,M03,102-0,C,SF-102,A,202302,22,1072,0.0
E1,M03,102-0,C,SF-102,A,202303,23,1098,1.0
E1,M03,102-0,C,SF-102,A,202304,24,1124,3.0
E1,M03,102-0,C,SF-102,A,202305,25,1150,2.0
E1,M03,102-0,C,SF-102,A,202306,26,1176,0.0
E1,M03,102-0,C,SF-102,A,202307,27,1202,1.0
E1,M03,102-0,C,SF-102,A,202308,28,1228,0.0
E1,M03,102-0,C,SF-102,A,202309,29,1254,0.0
E1,M03,102-0,C,SF-102,A,202310,30,1280,2.0
E1,M03,102-0,C,SF-102,A,202311,31,1306,3.0
E1,M03,102-0,C,SF-102,A,202312,32,1332,0.0
E1,M03,102-0,C,SF-102,A,202401,33,1358,1.0
E1,M03,102-0,C,SF-102,A,202402,34,1384,1.0
E1,M03,102-0,C,SF-102,A,202403,35,1410,3.0
E1,M03,102-0,C,SF-102,A,202404,36,1436,4.0
E1,M03,102-0,C,SF-102,A,202405,37,1462,1.0
E1,M03,102-0,C,SF-102,A,202406,38,1488,3.0
E1,M03,102-0,C,SF-102,A,202407,39,1514,2.0
E1,M03,102-0,C,SF-102,A,202408,40,1540,2.0
E1,M03,102-0,C,SF-102,A,202409,41,1566,3.0
E1,M03,102-0,C,SF-102,A,202410,42,1592,2.0
E1,M03,102-0,C,SF-102,A,202411,43,1618,2.0
E1,M03,102-0,D,SF-102,A,202105,1,394,1.0
E1,M03,102-0,D,SF-102,A,202106,2,414,0.0
E1,M03,102-0,D,SF-102,A,202107,3,434,0.0
E1,M03,102-0,D,SF-102,A,202108,4,453,1.0
E1,M03,102-0,D,SF-102,A,202109,5,472,0.0
E1,M03,102-0,D,SF-102,A,202110,6,492,0.0
E1,M03,102-0,D,SF-102,A,202111,7,512,0.0
E1,M03,102-0,D,SF-102,A,202112,8,531,0.0
E1,M03,102-0,D,SF-102,A,202201,9,550,1.0
E1,M03,102-0,D,SF-102,A,202202,10,570,0.0
E1,M03,102-0,D,SF-102,A,202203,11,590,1.0
E1,M03,102-0,D,SF-102,A,202204,12,609,1.0
E1,M03,102-0,D,SF-102,A,202205,13,628,1.0
E1,M03,102-0,D,SF-102,A,202206,14,648,1.0
E1,M03,102-0,D,SF-102,A,202207,15,668,2.0
E1,M03,102-0,D,SF-102,A,202208,16,687,2.0
E1,M03,102-0,D,SF-102,A,202209,17,706,1.0
E1,M03,102-0,D,SF-102,A,202210,18,726,1.0
E1,M03,102-0,D,SF-102,A,202211,19,746,0.0
E1,M03,102-0,D,SF-102,A,202212,20,765,2.0
E1,M03,102-0,D,SF-102,A,202301,21,784,3.0
E1,M03,102-0,D,SF-102,A,202302,22,804,0.0
E1,M03,102-0,D,SF-102,A,202303,23,824,2.0
E1,M03,102-0,D,SF-102,A,202304,24,843,2.0
E1,M03,102-0,D,SF-102,A,202305,25,862,2.0
E1,M03,102-0,D,SF-102,A,202306,26,882,0.0
E1,M03,102-0,D,SF-102,A,202307,27,902,0.0
E1,M03,102-0,D,SF-102,A,202308,28,921,0.0
E1,M03,102-0,D,SF-102,A,202309,29,940,0.0
E1,M03,102-0,D,SF-102,A,202310,30,960,2.0
E1,M03,102-0,D,SF-102,A,202311,31,980,1.0
E1,M03,102-0,D,SF-102,A,202312,32,999,0.0
E1,M03,102-0,D,SF-102,A,202401,33,1018,0.0
E1,M03,102-0,D,SF-102,A,202402,34,1038,1.0
E1,M03,102-0,D,SF-102,A,202403,35,1058,0.0
E1,M03,102-0,D,SF-102,A,202404,36,1077,2.0
E1,M03,102-0,D,SF-102,A,202405,37,1096,0.0
E1,M03,102-0,D,SF-102,A,202406,38,1116,1.0
E1,M03,102-0,D,SF-102,A,202407,39,1136,0.0
E1,M03,102-0,D,SF-102,A,202408,40,1155,1.0
E1,M03,102-0,D,SF-102,A,202409,41,1174,0.0
E1,M03,102-0,D,SF-102,A,202410,42,1194,1.0
E1,M03,102-0,E,SF-102,A,202112,8,248,0.0
E1,M03,102-0,E,SF-102,A,202201,9,257,0.0
E1,M03,102-0,E,SF-102,A,202202,10,266,0.0
E1,M03,102-0,E,SF-102,A,202203,11,275,0.0
E1,M03,102-0,E,SF-102,A,202204,12,284,0.0
E1,M03,102-0,E,SF-102,A,202205,13,293,0.0
E1,M03,102-0,E,SF-102,A,202206,14,302,0.0
E1,M03,102-0,E,SF-102,A,202207,15,312,2.0
E1,M03,102-0,E,SF-102,A,202208,16,321,0.0
E1,M03,102-0,E,SF-102,A,202209,17,330,0.0
E1,M03,102-0,E,SF-102,A,202210,18,339,0.0
E1,M03,102-0,E,SF-102,A,202211,19,348,0.0
E1,M03,102-0,E,SF-102,A,202212,20,357,0.0
E1,M03,102-0,E,SF-102,A,202301,21,366,0.0
E1,M03,102-0,E,SF-102,A,202302,22,375,0.0
E1,M03,102-0,E,SF-102,A,202303,23,384,0.0
E1,M03,102-0,E,SF-102,A,202304,24,393,0.0
E1,M03,102-0,E,SF-102,A,202305,25,403,0.0
E1,M03,102-0,E,SF-102,A,202306,26,412,0.0
E1,M03,102-0,E,SF-102,A,202307,27,421,0.0
E1,M03,102-0,E,SF-102,A,202308,28,430,0.0
E1,M03,102-0,E,SF-102,A,202309,29,439,1.0
E1,M03,102-0,E,SF-102,A,202310,30,448,0.0
E1,M03,102-0,E,SF-102,A,202311,31,457,0.0
E1,M03,102-0,E,SF-102,A,202312,32,466,0.0
E1,M03,102-0,E,SF-102,A,202401,33,475,1.0
E1,M03,102-0,E,SF-102,A,202402,34,484,1.0
E1,M03,102-0,E,SF-102,A,202403,35,494,0.0
E1,M03,102-0,E,SF-102,A,202404,36,503,0.0
E1,M03,102-0,E,SF-102,A,202405,37,512,2.0
E1,M03,102-0,E,SF-102,A,202406,38,521,0.0
E1,M03,102-0,E,SF-102,A,202407,39,530,0.0
E1,M03,102-0,E,SF-102,A,202408,40,539,0.0
E1,M03,102-0,E,SF-102,A,202409,41,548,0.0
E1,M03,102-0,E,SF-102,A,202410,42,557,1.0
E1,M03,102-0,E,SF-102,A,202411,43,566,0.0
E1,M03,102-0,E,SF-102,A,202412,44,575,0.0
E1,M03,103-0,A,SF-103,A,202104,0,850,1.0
E1,M03,103-0,A,SF-103,A,202105,1,894,1.0
E1,M03,103-0,A,SF-103,A,202106,2,938,1.0
E1,M03,103-0,A,SF-103,A,202107,3,983,1.0
E1,M03,103-0,A,SF-103,A,202108,4,1027,2.0
E1,M03,103-0,A,SF-103,A,202109,5,1071,1.0
E1,M03,103-0,A,SF-103,A,202110,6,1115,0.0
E1,M03,103-0,A,SF-103,A,202111,7,1159,0.0
E1,M03,103-0,A,SF-103,A,202112,8,1204,2.0
E1,M03,103-0,A,SF-103,A,202201,9,1248,0.0
E1,M03,103-0,A,SF-103,A,202202,10,1292,1.0
E1,M03,103-0,A,SF-103,A,202203,11,1336,2.0
E1,M03,103-0,A,SF-103,A,202204,12,1380,1.0
E1,M03,103-0,A,SF-103,A,202205,13,1425,0.0
E1,M03,103-0,A,SF-103,A,202206,14,1469,1.0
E1,M03,103-0,A,SF-103,A,202207,15,1513,1.0
E1,M03,103-0,A,SF-103,A,202208,16,1557,1.0
E1,M03,103-0,A,SF-103,A,202209,17,1601,0.0
E1,M03,103-0,A,SF-103,A,202210,18,1646,0.0
E1,M03,103-0,A,SF-103,A,202211,19,1690,1.0
E1,M03,103-0,A,SF-103,A,202212,20,1734,2.0
E1,M03,103-0,A,SF-103,A,202301,21,1778,3.0
E1,M03,103-0,A,SF-103,A,202302,22,1822,0.0
E1,M03,103-0,A,SF-103,A,202303,23,1867,0.0
E1,M03,103-0,A,SF-103,A,202304,24,1911,1.0
E1,M03,103-0,A,SF-103,A,202305,25,1955,0.0
E1,M03,103-0,A,SF-103,A,202306,26,1999,2.0
E1,M03,103-0,A,SF-103,A,202307,27,2043,1.0
E1,M03,103-0,A,SF-103,A,202308,28,2088,1.0
E1,M03,103-0,A,SF-103,A,202309,29,2132,3.0
E1,M03,103-0,A,SF-103,A,202310,30,2176,2.0
E1,M03,103-0,A,SF-103,A,202311,31,2220,2.0
E1,M03,103-0,A,SF-103,A,202312,32,2264,2.0
E1,M03,103-0,A,SF-103,A,202401,33,2309,4.0
E1,M03,103-0,A,SF-103,A,202402,34,2353,3.0
E1,M03,103-0,A,SF-103,A,202403,35,2397,1.0
E1,M03,103-0,A,SF-103,A,202404,36,2441,2.0
E1,M03,103-0,A,SF-103,A,202405,37,2485,2.0
E1,M03,103-0,A,SF-103,A,202406,38,2530,1.0
E1,M03,103-0,A,SF-103,A,202407,39,2574,3.0
E1,M03,103-0,A,SF-103,A,202408,40,2618,2.0
E1,M03,103-0,A,SF-103,A,202409,41,2662,4.0
E1,M03,103-0,A,SF-103,A,202410,42,2706,1.0
E1,M03,103-0,A,SF-103,A,202411,43,2751,2.0
E1,M03,103-0,A,SF-103,A,202412,44,2795,3.0
E1,M03,103-0,ALL,SF-103,A,202104,0,2500,3.0
E1,M03,103-0,ALL,SF-103,A,202105,1,2630,3.0
E1,M03,103-0,ALL,SF-103,A,202106,2,2760,2.0
E1,M03,103-0,ALL,SF-103,A,202107,3,2890,2.0
E1,M03,103-0,ALL,SF-103,A,202108,4,3020,3.0
E1,M03,103-0,ALL,SF-103,A,202109,5,3150,1.0
E1,M03,103-0,ALL,SF-103,A,202110,6,3280,2.0
E1,M03,103-0,ALL,SF-103,A,202111,7,3410,2.0
E1,M03,103-0,ALL,SF-103,A,202112,8,3540,4.0
E1,M03,103-0,ALL,SF-103,A,202201,9,3670,0.0
E1,M03,103-0,ALL,SF-103,A,202202,10,3800,3.0
E1,M03,103-0,ALL,SF-103,A,202203,11,3930,4.0
E1,M03,103-0,ALL,SF-103,A,202204,12,4060,3.0
E1,M03,103-0,ALL,SF-103,A,202205,13,4190,2.0
E1,M03,103-0,ALL,SF-103,A,202206,14,4320,1.0
E1,M03,103-0,ALL,SF-103,A,202207,15,4450,3.0
E1,M03,103-0,ALL,SF-103,A,202208,16,4580,3.0
E1,M03,103-0,ALL,SF-103,A,202209,17,4710,0.0
E1,M03,103-0,ALL,SF-103,A,202210,18,4840,0.0
E1,M03,103-0,ALL,SF-103,A,202211,19,4970,4.0
E1,M03,103-0,ALL,SF-103,A,202212,20,5100,5.0
E1,M03,103-0,ALL,SF-103,A,202301,21,5230,6.0
E1,M03,103-0,ALL,SF-103,A,202302,22,5360,4.0
E1,M03,103-0,ALL,SF-103,A,202303,23,5490,1.0
E1,M03,103-0,ALL,SF-103,A,202304,24,5620,5.0
E1,M03,103-0,ALL,SF-103,A,202305,25,5750,3.0
E1,M03,103-0,ALL,SF-103,A,202306,26,5880,6.0
E1,M03,103-0,ALL,SF-103,A,202307,27,6010,4.0
E1,M03,103-0,ALL,SF-103,A,202308,28,6140,3.0
E1,M03,103-0,ALL,SF-103,A,202309,29,6270,8.0
E1,M03,103-0,ALL,SF-103,A,202310,30,6400,4.0
E1,M03,103-0,ALL,SF-103,A,202311,31,6530,5.0
E1,M03,103-0,ALL,SF-103,A,202312,32,6660,3.0
E1,M03,103-0,ALL,SF-103,A,202401,33,6790,8.0
E1,M03,103-0,ALL,SF-103,A,202402,34,6920,7.0
E1,M03,103-0,ALL,SF-103,A,202403,35,7050,5.0
E1,M03,103-0,ALL,SF-103,A,202404,36,7180,5.0
E1,M03,103-0,ALL,SF-103,A,202405,37,7310,8.0
E1,M03,103-0,ALL,SF-103,A,202406,38,7440,4.0
E1,M03,103-0,ALL,SF-103,A,202407,39,7570,5.0
E1,M03,103-0,ALL,SF-103,A,202408,40,7700,7.0
E1,M03,103-0,ALL,SF-103,A,202409,41,7830,6.0
E1,M03,103-0,ALL,SF-103,A,202410,42,7960,6.0
E1,M03,103-0,ALL,SF-103,A,202411,43,8090,2.0
E1,M03,103-0,ALL,SF-103,A,202412,44,8220,4.0
E1,M03,103-0,B,SF-103,A,202105,1,631,1.0
E1,M03,103-0,B,SF-103,A,202106,2,662,1.0
E1,M03,103-0,B,SF-103,A,202107,3,694,1.0
E1,M03,103-0,B,SF-103,A,202108,4,725,0.0
E1,M03,103-0,B,SF-103,A,202109,5,756,0.0
E1,M03,103-0,B,SF-103,A,202110,6,787,2.0
E1,M03,103-0,B,SF-103,A,202111,7,818,0.0
E1,M03,103-0,B,SF-103,A,202112,8,850,2.0
E1,M03,103-0,B,SF-103,A,202201,9,881,0.0
E1,M03,103-0,B,SF-103,A,202202,10,912,0.0
E1,M03,103-0,B,SF-103,A,202203,11,943,1.0
E1,M03,103-0,B,SF-103,A,202204,12,974,1.0
E1,M03,103-0,B,SF-103,A,202205,13,1006,1.0
E1,M03,103-0,B,SF-103,A,202206,14,1037,0.0
E1,M03,103-0,B,SF-103,A,202207,15,1068,0.0
E1,M03,103-0,B,SF-103,A,202208,16,1099,1.0
E1,M03,103-0,B,SF-103,A,202209,17,1130,0.0
E1,M03,103-0,B,SF-103,A,202210,18,1162,0.0
E1,M03,103-0,B,SF-103,A,202211,19,1193,1.0
E1,M03,103-0,B,SF-103,A,202212,20,1224,1.0
E1,M03,103-0,B,SF-103,A,202301,21,1255,2.0
E1,M03,103-0,B,SF-103,A,202302,22,1286,3.0
E1,M03,103-0,B,SF-103,A,202303,23,1318,1.0
E1,M03,103-0,B,SF-103,A,202304,24,1349,2.0
E1,M03,103-0,B,SF-103,A,202305,25,1380,1.0
E1,M03,103-0,B,SF-103,A,202306,26,1411,3.0
E1,M03,103-0,B,SF-103,A,202307,27,1442,0.0
E1,M03,103-0,B,SF-103,A,202308,28,1474,1.0
E1,M03,103-0,B,SF-103,A,202309,29,1505,5.0
E1,M03,103-0,B,SF-103,A,202310,30,1536,1.0
E1,M03,103-0,B,SF-103,A,202311,31,1567,0.0
E1,M03,103-0,B,SF-103,A,202312,32,1598,1.0
E1,M03,103-0,B,SF-103,A,202401,33,1630,0.0
E1,M03,103-0,B,SF-103,A,202402,34,1661,1.0
E1,M03,103-0,B,SF-103,A,202403,35,1692,0.0
E1,M03,103-0,B,SF-103,A,202404,36,1723,2.0
E1,M03,103-0,B,SF-103,A,202405,37,1754,3.0
E1,M03,103-0,B,SF-103,A,202406,38,1786,3.0
E1,M03,103-0,B,SF-103,A,202407,39,1817,1.0
E1,M03,103-0,B,SF-103,A,202408,40,1848,2.0
E1,M03,103-0,B,SF-103,A,202409,41,1879,0.0
E1,M03,103-0,B,SF-103,A,202410,42,1910,1.0
E1,M03,103-0,B,SF-103,A,202411,43,1942,0.0
E1,M03,103-0,B,SF-103,A,202412,44,1973,1.0
E1,M03,103-0,C,SF-103,A,202104,0,500,1.0
E1,M03,103-0,C,SF-103,A,202106,2,552,0.0
E1,M03,103-0,C,SF-103,A,202107,3,578,0.0
E1,M03,103-0,C,SF-103,A,202108,4,604,1.0
E1,M03,103-0,C,SF-103,A,202109,5,630,0.0
E1,M03,103-0,C,SF-103,A,202110,6,656,0.0
E1,M03,103-0,C,SF-103,A,202111,7,682,1.0
E1,M03,103-0,C,SF-103,A,202112,8,708,0.0
E1,M03,103-0,C,SF-103,A,202201,9,734,0.0
E1,M03,103-0,C,SF-103,A,202202,10,760,2.0
E1,M03,103-0,C,SF-103,A,202203,11,786,0.0
E1,M03,103-0,C,SF-103,A,202204,12,812,0.0
E1,M03,103-0,C,SF-103,A,202205,13,838,1.0
E1,M03,103-0,C,SF-103,A,202206,14,864,0.0
E1,M03,103-0,C,SF-103,A,202207,15,890,2.0
E1,M03,103-0,C,SF-103,A,202208,16,916,0.0
E1,M03,103-0,C,SF-103,A,202209,17,942,0.0
E1,M03,103-0,C,SF-103,A,202210,18,968,0.0
E1,M03,103-0,C,SF-103,A,202211,19,994,1.0
E1,M03,103-0,C,SF-103,A,202212,20,1020,0.0
E1,M03,103-0,C,SF-103,A,202301,21,1046,0.0
E1,M03,103-0,C,SF-103,A,202302,22,1072,1.0
E1,M03,103-0,C,SF-103,A,202303,23,1098,0.0
E1,M03,103-0,C,SF-103,A,202304,24,1124,1.0
E1,M03,103-0,C,SF-103,A,202305,25,1150,1.0
E1,M03,103-0,C,SF-103,A,202306,26,1176,1.0
E1,M03,103-0,C,SF-103,A,202307,27,1202,1.0
E1,M03,103-0,C,SF-103,A,202308,28,1228,1.0
E1,M03,103-0,C,SF-103,A,202309,29,1254,0.0
E1,M03,103-0,C,SF-103,A,202310,30,1280,0.0
E1,M03,103-0,C,SF-103,A,202311,31,1306,1.0
E1,M03,103-0,C,SF-103,A,202312,32,1332,0.0
E1,M03,103-0,C,SF-103,A,202401,33,1358,2.0
E1,M03,103-0,C,SF-103,A,202402,34,1384,0.0
E1,M03,103-0,C,SF-103,A,202403,35,1410,3.0
E1,M03,103-0,C,SF-103,A,202404,36,1436,1.0
E1,M03,103-0,C,SF-103,A,202405,37,1462,1.0
E1,M03,103-0,C,SF-103,A,202406,38,1488,0.0
E1,M03,103-0,C,SF-103,A,202407,39,1514,0.0
E1,M03,103-0,C,SF-103,A,202408,40,1540,0.0
E1,M03,103-0,C,SF-103,A,202409,41,1566,2.0
E1,M03,103-0,C,SF-103,A,202410,42,1592,1.0
E1,M03,103-0,C,SF-103,A,202411,43,1618,0.0
E1,M03,103-0,D,SF-103,A,202104,0,375,1.0
E1,M03,103-0,D,SF-103,A,202105,1,394,1.0
E1,M03,103-0,D,SF-103,A,202106,2,414,0.0
E1,M03,103-0,D,SF-103,A,202107,3,434,0.0
E1,M03,103-0,D,SF-103,A,202108,4,453,0.0
E1,M03,103-0,D,SF-103,A,202109,5,472,0.0
E1,M03,103-0,D,SF-103,A,202110,6,492,0.0
E1,M03,103-0,D,SF-103,A,202111,7,512,1.0
E1,M03,103-0,D,SF-103,A,202112,8,531,0.0
E1,M03,103-0,D,SF-103,A,202201,9,550,0.0
E1,M03,103-0,D,SF-103,A,202202,10,570,0.0
E1,M03,103-0,D,SF-103,A,202203,11,590,0.0
E1,M03,103-0,D,SF-103,A,202204,12,609,1.0
E1,M03,103-0,D,SF-103,A,202205,13,628,0.0
E1,M03,103-0,D,SF-103,A,202206,14,648,0.0
E1,M03,103-0,D,SF-103,A,202207,15,668,0.0
E1,M03,103-0,D,SF-103,A,202208,16,687,1.0
E1,M03,103-0,D,SF-103,A,202209,17,706,0.0
E1,M03,103-0,D,SF-103,A,202210,18,726,0.0
E1,M03,103-0,D,SF-103,A,202211,19,746,0.0
E1,M03,103-0,D,SF-103,A,202212,20,765,1.0
E1,M03,103-0,D,SF-103,A,202301,21,784,0.0
E1,M03,103-0,D,SF-103,A,202302,22,804,0.0
E1,M03,103-0,D,SF-103,A,202303,23,824,0.0
E1,M03,103-0,D,SF-103,A,202304,24,843,0.0
E1,M03,103-0,D,SF-103,A,202305,25,862,1.0
E1,M03,103-0,D,SF-103,A,202306,26,882,0.0
E1,M03,103-0,D,SF-103,A,202307,27,902,1.0
E1,M03,103-0,D,SF-103,A,202308,28,921,0.0
E1,M03,103-0,D,SF-103,A,202309,29,940,0.0
E1,M03,103-0,D,SF-103,A,202310,30,960,0.0
E1,M03,103-0,D,SF-103,A,202311,31,980,2.0
E1,M03,103-0,D,SF-103,A,202312,32,999,0.0
E1,M03,103-0,D,SF-103,A,202401,33,1018,1.0
E1,M03,103-0,D,SF-103,A,202402,34,1038,3.0
E1,M03,103-0,D,SF-103,A,202403,35,1058,1.0
E1,M03,103-0,D,SF-103,A,202404,36,1077,0.0
E1,M03,103-0,D,SF-103,A,202405,37,1096,2.0
E1,M03,103-0,D,SF-103,A,202406,38,1116,0.0
E1,M03,103-0,D,SF-103,A,202407,39,1136,1.0
E1,M03,103-0,D,SF-103,A,202408,40,1155,2.0
E1,M03,103-0,D,SF-103,A,202409,41,1174,0.0
E1,M03,103-0,D,SF-103,A,202410,42,1194,2.0
E1,M03,103-0,E,SF-103,A,202112,8,248,0.0
E1,M03,103-0,E,SF-103,A,202201,9,257,0.0
E1,M03,103-0,E,SF-103,A,202202,10,266,0.0
E1,M03,103-0,E,SF-103,A,202203,11,275,1.0
E1,M03,103-0,E,SF-103,A,202204,12,284,0.0
E1,M03,103-0,E,SF-103,A,202205,13,293,0.0
E1,M03,103-0,E,SF-103,A,202206,14,302,0.0
E1,M03,103-0,E,SF-103,A,202207,15,312,0.0
E1,M03,103-0,E,SF-103,A,202208,16,321,0.0
E1,M03,103-0,E,SF-103,A,202209,17,330,0.0
E1,M03,103-0,E,SF-103,A,202210,18,339,0.0
E1,M03,103-0,E,SF-103,A,202211,19,348,1.0
E1,M03,103-0,E,SF-103,A,202212,20,357,1.0
E1,M03,103-0,E,SF-103,A,202301,21,366,1.0
E1,M03,103-0,E,SF-103,A,202302,22,375,0.0
E1,M03,103-0,E,SF-103,A,202303,23,384,0.0
E1,M03,103-0,E,SF-103,A,202304,24,393,1.0
E1,M03,103-0,E,SF-103,A,202305,25,403,0.0
E1,M03,103-0,E,SF-103,A,202306,26,412,0.0
E1,M03,103-0,E,SF-103,A,202307,27,421,1.0
E1,M03,103-0,E,SF-103,A,202308,28,430,0.0
E1,M03,103-0,E,SF-103,A,202309,29,439,0.0
E1,M03,103-0,E,SF-103,A,202310,30,448,1.0
E1,M03,103-0,E,SF-103,A,202311,31,457,0.0
E1,M03,103-0,E,SF-103,A,202312,32,466,0.0
E1,M03,103-0,E,SF-103,A,202401,33,475,1.0
E1,M03,103-0,E,SF-103,A,202402,34,484,0.0
E1,M03,103-0,E,SF-103,A,202403,35,494,0.0
E1,M03,103-0,E,SF-103,A,202404,36,503,0.0
E1,M03,103-0,E,SF-103,A,202405,37,512,0.0
E1,M03,103-0,E,SF-103,A,202406,38,521,0.0
E1,M03,103-0,E,SF-103,A,202407,39,530,0.0
E1,M03,103-0,E,SF-103,A,202408,40,539,1.0
E1,M03,103-0,E,SF-103,A,202409,41,548,0.0
E1,M03,103-0,E,SF-103,A,202410,42,557,1.0
E1,M03,103-0,E,SF-103,A,202411,43,566,0.0
E1,M03,103-0,E,SF-103,A,202412,44,575,0.0
E1,M03,103-1,A,SF-103,A,202104,0,850,1.0
E1,M03,103-1,A,SF-103,A,202106,2,938,3.0
E1,M03,103-1,A,SF-103,A,202107,3,983,1.0
E1,M03,103-1,A,SF-103,A,202108,4,1027,0.0
E1,M03,103-1,A,SF-103,A,202109,5,1071,1.0
E1,M03,103-1,A,SF-103,A,202110,6,1115,0.0
E1,M03,103-1,A,SF-103,A,202111,7,1159,2.0
E1,M03,103-1,A,SF-103,A,202112,8,1204,0.0
E1,M03,103-1,A,SF-103,A,202201,9,1248,1.0
E1,M03,103-1,A,SF-103,A,202202,10,1292,0.0
E1,M03,103-1,A,SF-103,A,202203,11,1336,1.0
E1,M03,103-1,A,SF-103,A,202204,12,1380,0.0
E1,M03,103-1,A,SF-103,A,202205,13,1425,1.0
E1,M03,103-1,A,SF-103,A,202206,14,1469,1.0
E1,M03,103-1,A,SF-103,A,202207,15,1513,1.0
E1,M03,103-1,A,SF-103,A,202208,16,1557,0.0
E1,M03,103-1,A,SF-103,A,202209,17,1601,2.0
E1,M03,103-1,A,SF-103,A,202210,18,1646,1.0
E1,M03,103-1,A,SF-103,A,202211,19,1690,1.0
E1,M03,103-1,A,SF-103,A,202212,20,1734,1.0
E1,M03,103-1,A,SF-103,A,202301,21,1778,0.0
E1,M03,103-1,A,SF-103,A,202302,22,1822,2.0
E1,M03,103-1,A,SF-103,A,202303,23,1867,0.0
E1,M03,103-1,A,SF-103,A,202304,24,1911,2.0
E1,M03,103-1,A,SF-103,A,202305,25,1955,1.0
E1,M03,103-1,A,SF-103,A,202306,26,1999,2.0
E1,M03,103-1,A,SF-103,A,202307,27,2043,1.0
E1,M03,103-1,A,SF-103,A,202308,28,2088,0.0
E1,M03,103-1,A,SF-103,A,202309,29,2132,3.0
E1,M03,103-1,A,SF-103,A,202310,30,2176,2.0
E1,M03,103-1,A,SF-103,A,202311,31,2220,2.0
E1,M03,103-1,A,SF-103,A,202312,32,2264,3.0
E1,M03,103-1,A,SF-103,A,202401,33,2309,0.0
E1,M03,103-1,A,SF-103,A,202402,34,2353,4.0
E1,M03,103-1,A,SF-103,A,202403,35,2397,1.0
E1,M03,103-1,A,SF-103,A,202404,36,2441,3.0
E1,M03,103-1,A,SF-103,A,202405,37,2485,4.0
E1,M03,103-1,A,SF-103,A,202406,38,2530,5.0
E1,M03,103-1,A,SF-103,A,202407,39,2574,1.0
E1,M03,103-1,A,SF-103,A,202408,40,2618,1.0
E1,M03,103-1,A,SF-103,A,202409,41,2662,4.0
E1,M03,103-1,A,SF-103,A,202410,42,2706,4.0
E1,M03,103-1,A,SF-103,A,202411,43,2751,0.0
E1,M03,103-1,A,SF-103,A,202412,44,2795,1.0
E1,M03,103-1,ALL,SF-103,A,202104,0,2500,2.0
E1,M03,103-1,ALL,SF-103,A,202105,1,2630,0.0
E1,M03,103-1,ALL,SF-103,A,202106,2,2760,6.0
E1,M03,103-1,ALL,SF-103,A,202107,3,2890,5.0
E1,M03,103-1,ALL,SF-103,A,202108,4,3020,0.0
E1,M03,103-1,ALL,SF-103,A,202109,5,3150,6.0
E1,M03,103-1,ALL,SF-103,A,202110,6,3280,0.0
E1,M03,103-1,ALL,SF-103,A,202111,7,3410,4.0
E1,M03,103-1,ALL,SF-103,A,202112,8,3540,5.0
E1,M03,103-1,ALL,SF-103,A,202201,9,3670,3.0
E1,M03,103-1,ALL,SF-103,A,202202,10,3800,3.0
E1,M03,103-1,ALL,SF-103,A,202203,11,3930,2.0
E1,M03,103-1,ALL,SF-103,A,202204,12,4060,1.0
E1,M03,103-1,ALL,SF-103,A,202205,13,4190,3.0
E1,M03,103-1,ALL,SF-103,A,202206,14,4320,2.0
E1,M03,103-1,ALL,SF-103,A,202207,15,4450,2.0
E1,M03,103-1,ALL,SF-103,A,202208,16,4580,3.0
E1,M03,103-1,ALL,SF-103,A,202209,17,4710,5.0
E1,M03,103-1,ALL,SF-103,A,202210,18,4840,3.0
E1,M03,103-1,ALL,SF-103,A,202211,19,4970,2.0
E1,M03,103-1,ALL,SF-103,A,202212,20,5100,2.0
E1,M03,103-1,ALL,SF-103,A,202301,21,5230,0.0
E1,M03,103-1,ALL,SF-103,A,202302,22,5360,5.0
E1,M03,103-1,ALL,SF-103,A,202303,23,5490,5.0
E1,M03,103-1,ALL,SF-103,A,202304,24,5620,5.0
E1,M03,103-1,ALL,SF-103,A,202305,25,5750,4.0
E1,M03,103-1,ALL,SF-103,A,202306,26,5880,4.0
E1,M03,103-1,ALL,SF-103,A,202307,27,6010,4.0
E1,M03,103-1,ALL,SF-103,A,202308,28,6140,0.0
E1,M03,103-1,ALL,SF-103,A,202309,29,6270,5.0
E1,M03,103-1,ALL,SF-103,A,202310,30,6400,3.0
E1,M03,103-1,ALL,SF-103,A,202311,31,6530,6.0
E1,M03,103-1,ALL,SF-103,A,202312,32,6660,5.0
E1,M03,103-1,ALL,SF-103,A,202401,33,6790,4.0
E1,M03,103-1,ALL,SF-103,A,202402,34,6920,7.0
E1,M03,103-1,ALL,SF-103,A,202403,35,7050,6.0
E1,M03,103-1,ALL,SF-103,A,202404,36,7180,11.0
E1,M03,103-1,ALL,SF-103,A,202405,37,7310,6.0
E1,M03,103-1,ALL,SF-103,A,202406,38,7440,7.0
E1,M03,103-1,ALL,SF-103,A,202407,39,7570,4.0
E1,M03,103-1,ALL,SF-103,A,202408,40,7700,6.0
E1,M03,103-1,ALL,SF-103,A,202409,41,7830,8.0
E1,M03,103-1,ALL,SF-103,A,202410,42,7960,8.0
E1,M03,103-1,ALL,SF-103,A,202411,43,8090,2.0
E1,M03,103-1,ALL,SF-103,A,202412,44,8220,3.0
E1,M03,103-1,B,SF-103,A,202106,2,662,1.0
E1,M03,103-1,B,SF-103,A,202107,3,694,2.0
E1,M03,103-1,B,SF-103,A,202108,4,725,0.0
E1,M03,103-1,B,SF-103,A,202109,5,756,3.0
E1,M03,103-1,B,SF-103,A,202110,6,787,0.0
E1,M03,103-1,B,SF-103,A,202111,7,818,0.0
E1,M03,103-1,B,SF-103,A,202112,8,850,3.0
E1,M03,103-1,B,SF-103,A,202201,9,881,1.0
E1,M03,103-1,B,SF-103,A,202202,10,912,1.0
E1,M03,103-1,B,SF-103,A,202203,11,943,0.0
E1,M03,103-1,B,SF-103,A,202204,12,974,0.0
E1,M03,103-1,B,SF-103,A,202205,13,1006,0.0
E1,M03,103-1,B,SF-103,A,202206,14,1037,1.0
E1,M03,103-1,B,SF-103,A,202207,15,1068,0.0
E1,M03,103-1,B,SF-103,A,202208,16,1099,0.0
E1,M03,103-1,B,SF-103,A,202209,17,1130,1.0
E1,M03,103-1,B,SF-103,A,202210,18,1162,1.0
E1,M03,103-1,B,SF-103,A,202211,19,1193,1.0
E1,M03,103-1,B,SF-103,A,202212,20,1224,0.0
E1,M03,103-1,B,SF-103,A,202301,21,1255,0.0
E1,M03,103-1,B,SF-103,A,202302,22,1286,1.0
E1,M03,103-1,B,SF-103,A,202303,23,1318,4.0
E1,M03,103-1,B,SF-103,A,202304,24,1349,2.0
E1,M03,103-1,B,SF-103,A,202305,25,1380,2.0
E1,M03,103-1,B,SF-103,A,202306,26,1411,1.0
E1,M03,103-1,B,SF-103,A,202307,27,1442,1.0
E1,M03,103-1,B,SF-103,A,202308,28,1474,0.0
E1,M03,103-1,B,SF-103,A,202309,29,1505,2.0
E1,M03,103-1,B,SF-103,A,202310,30,1536,0.0
E1,M03,103-1,B,SF-103,A,202311,31,1567,2.0
E1,M03,103-1,B,SF-103,A,202312,32,1598,0.0
E1,M03,103-1,B,SF-103,A,202401,33,1630,2.0
E1,M03,103-1,B,SF-103,A,202402,34,1661,1.0
E1,M03,103-1,B,SF-103,A,202403,35,1692,1.0
E1,M03,103-1,B,SF-103,A,202404,36,1723,6.0
E1,M03,103-1,B,SF-103,A,202405,37,1754,1.0
E1,M03,103-1,B,SF-103,A,202406,38,1786,0.0
E1,M03,103-1,B,SF-103,A,202407,39,1817,1.0
E1,M03,103-1,B,SF-103,A,202408,40,1848,2.0
E1,M03,103-1,B,SF-103,A,202409,41,1879,2.0
E1,M03,103-1,B,SF-103,A,202410,42,1910,2.0
E1,M03,103-1,B,SF-103,A,202411,43,1942,1.0
E1,M03,103-1,B,SF-103,A,202412,44,1973,1.0
E1,M03,103-1,C,SF-103,A,202104,0,500,1.0
E1,M03,103-1,C,SF-103,A,202106,2,552,0.0
E1,M03,103-1,C,SF-103,A,202107,3,578,0.0
E1,M03,103-1,C,SF-103,A,202108,4,604,0.0
E1,M03,103-1,C,SF-103,A,202109,5,630,1.0
E1,M03,103-1,C,SF-103,A,202110,6,656,0.0
E1,M03,103-1,C,SF-103,A,202111,7,682,2.0
E1,M03,103-1,C,SF-103,A,202112,8,708,2.0
E1,M03,103-1,C,SF-103,A,202201,9,734,1.0
E1,M03,103-1,C,SF-103,A,202202,10,760,2.0
E1,M03,103-1,C,SF-103,A,202203,11,786,0.0
E1,M03,103-1,C,SF-103,A,202204,12,812,1.0
E1,M03,103-1,C,SF-103,A,202205,13,838,0.0
E1,M03,103-1,C,SF-103,A,202206,14,864,0.0
E1,M03,103-1,C,SF-103,A,202207,15,890,1.0
E1,M03,103-1,C,SF-103,A,202208,16,916,0.0
E1,M03,103-1,C,SF-103,A,202209,17,942,1.0
E1,M03,103-1,C,SF-103,A,202210,18,968,1.0
E1,M03,103-1,C,SF-103,A,202211,19,994,0.0
E1,M03,103-1,C,SF-103,A,202212,20,1020,0.0
E1,M03,103-1,C,SF-103,A,202301,21,1046,0.0
E1,M03,103-1,C,SF-103,A,202302,22,1072,1.0
E1,M03,103-1,C,SF-103,A,202303,23,1098,0.0
E1,M03,103-1,C,SF-103,A,202304,24,1124,0.0
E1,M03,103-1,C,SF-103,A,202305,25,1150,0.0
E1,M03,103-1,C,SF-103,A,202306,26,1176,0.0
E1,M03,103-1,C,SF-103,A,202307,27,1202,1.0
E1,M03,103-1,C,SF-103,A,202308,28,1228,0.0
E1,M03,103-1,C,SF-103,A,202309,29,1254,0.0
E1,M03,103-1,C,SF-103,A,202310,30,1280,1.0
E1,M03,103-1,C,SF-103,A,202311,31,1306,1.0
E1,M03,103-1,C,SF-103,A,202312,32,1332,1.0
E1,M03,103-1,C,SF-103,A,202401,33,1358,2.0
E1,M03,103-1,C,SF-103,A,202402,34,1384,0.0
E1,M03,103-1,C,SF-103,A,202403,35,1410,4.0
E1,M03,103-1,C,SF-103,A,202404,36,1436,2.0
E1,M03,103-1,C,SF-103,A,202405,37,1462,0.0
E1,M03,103-1,C,SF-103,A,202406,38,1488,0.0
E1,M03,103-1,C,SF-103,A,202407,39,1514,1.0
E1,M03,103-1,C,SF-103,A,202408,40,1540,2.0
E1,M03,103-1,C,SF-103,A,202409,41,1566,1.0
E1,M03,103-1,C,SF-103,A,202410,42,1592,1.0
E1,M03,103-1,C,SF-103,A,202411,43,1618,1.0
E1,M03,103-1,D,SF-103,A,202106,2,414,2.0
E1,M03,103-1,D,SF-103,A,202107,3,434,2.0
E1,M03,103-1,D,SF-103,A,202108,4,453,0.0
E1,M03,103-1,D,SF-103,A,202109,5,472,1.0
E1,M03,103-1,D,SF-103,A,202110,6,492,0.0
E1,M03,103-1,D,SF-103,A,202111,7,512,0.0
E1,M03,103-1,D,SF-103,A,202112,8,531,0.0
E1,M03,103-1,D,SF-103,A,202201,9,550,0.0
E1,M03,103-1,D,SF-103,A,202202,10,570,0.0
E1,M03,103-1,D,SF-103,A,202203,11,590,0.0
E1,M03,103-1,D,SF-103,A,202204,12,609,0.0
E1,M03,103-1,D,SF-103,A,202205,13,628,1.0
E1,M03,103-1,D,SF-103,A,202206,14,648,0.0
E1,M03,103-1,D,SF-103,A,202207,15,668,0.0
E1,M03,103-1,D,SF-103,A,202208,16,687,3.0
E1,M03,103-1,D,SF-103,A,202209,17,706,0.0
E1,M03,103-1,D,SF-103,A,202210,18,726,0.0
E1,M03,103-1,D,SF-103,A,202211,19,746,0.0
E1,M03,103-1,D,SF-103,A,202212,20,765,1.0
E1,M03,103-1,D,SF-103,A,202301,21,784,0.0
E1,M03,103-1,D,SF-103,A,202302,22,804,0.0
E1,M03,103-1,D,SF-103,A,202303,23,824,1.0
E1,M03,103-1,D,SF-103,A,202304,24,843,0.0
E1,M03,103-1,D,SF-103,A,202305,25,862,1.0
E1,M03,103-1,D,SF-103,A,202306,26,882,1.0
E1,M03,103-1,D,SF-103,A,202307,27,902,1.0
E1,M03,103-1,D,SF-103,A,202308,28,921,0.0
E1,M03,103-1,D,SF-103,A,202309,29,940,0.0
E1,M03,103-1,D,SF-103,A,202310,30,960,0.0
E1,M03,103-1,D,SF-103,A,202311,31,980,1.0
E1,M03,103-1,D,SF-103,A,202312,32,999,1.0
E1,M03,103-1,D,SF-103,A,202401,33,1018,0.0
E1,M03,103-1,D,SF-103,A,202402,34,1038,1.0
E1,M03,103-1,D,SF-103,A,202403,35,1058,0.0
E1,M03,103-1,D,SF-103,A,202404,36,1077,0.0
E1,M03,103-1,D,SF-103,A,202405,37,1096,0.0
E1,M03,103-1,D,SF-103,A,202406,38,1116,2.0
E1,M03,103-1,D,SF-103,A,202407,39,1136,1.0
E1,M03,103-1,D,SF-103,A,202408,40,1155,0.0
E1,M03,103-1,D,SF-103,A,202409,41,1174,1.0
E1,M03,103-1,D,SF-103,A,202410,42,1194,1.0
E1,M03,103-1,E,SF-103,A,202112,8,248,0.0
E1,M03,103-1,E,SF-103,A,202201,9,257,0.0
E1,M03,103-1,E,SF-103,A,202202,10,266,0.0
E1,M03,103-1,E,SF-103,A,202203,11,275,1.0
E1,M03,103-1,E,SF-103,A,202204,12,284,0.0
E1,M03,103-1,E,SF-103,A,202205,13,293,1.0
E1,M03,103-1,E,SF-103,A,202206,14,302,0.0
E1,M03,103-1,E,SF-103,A,202207,15,312,0.0
E1,M03,103-1,E,SF-103,A,202208,16,321,0.0
E1,M03,103-1,E,SF-103,A,202209,17,330,1.0
E1,M03,103-1,E,SF-103,A,202210,18,339,0.0
E1,M03,103-1,E,SF-103,A,202211,19,348,0.0
E1,M03,103-1,E,SF-103,A,202212,20,357,0.0
E1,M03,103-1,E,SF-103,A,202301,21,366,0.0
E1,M03,103-1,E,SF-103,A,202302,22,375,1.0
E1,M03,103-1,E,SF-103,A,202303,23,384,0.0
E1,M03,103-1,E,SF-103,A,202304,24,393,1.0
E1,M03,103-1,E,SF-103,A,202305,25,403,0.0
E1,M03,103-1,E,SF-103,A,202306,26,412,0.0
E1,M03,103-1,E,SF-103,A,202307,27,421,0.0
E1,M03,103-1,E,SF-103,A,202308,28,430,0.0
E1,M03,103-1,E,SF-103,A,202309,29,439,0.0
E1,M03,103-1,E,SF-103,A,202310,30,448,0.0
E1,M03,103-1,E,SF-103,A,202311,31,457,0.0
E1,M03,103-1,E,SF-103,A,202312,32,466,0.0
E1,M03,103-1,E,SF-103,A,202401,33,475,0.0
E1,M03,103-1,E,SF-103,A,202402,34,484,1.0
E1,M03,103-1,E,SF-103,A,202403,35,494,0.0
E1,M03,103-1,E,SF-103,A,202404,36,503,0.0
E1,M03,103-1,E,SF-103,A,202405,37,512,1.0
E1,M03,103-1,E,SF-103,A,202406,38,521,0.0
E1,M03,103-1,E,SF-103,A,202407,39,530,0.0
E1,M03,103-1,E,SF-103,A,202408,40,539,1.0
E1,M03,103-1,E,SF-103,A,202409,41,548,0.0
E1,M03,103-1,E,SF-103,A,202410,42,557,0.0
E1,M03,103-1,E,SF-103,A,202411,43,566,0.0
E1,M03,103-1,E,SF-103,A,202412,44,575,1.0
E1,M03,104-0,A,SF-104,A,202105,1,894,1.0
E1,M03,104-0,A,SF-104,A,202106,2,938,0.0
E1,M03,104-0,A,SF-104,A,202107,3,983,0.0
E1,M03,104-0,A,SF-104,A,202108,4,1027,3.0
E1,M03,104-0,A,SF-104,A,202109,5,1071,1.0
E1,M03,104-0,A,SF-104,A,202110,6,1115,5.0
E1,M03,104-0,A,SF-104,A,202111,7,1159,3.0
E1,M03,104-0,A,SF-104,A,202112,8,1204,2.0
E1,M03,104-0,A,SF-104,A,202201,9,1248,1.0
E1,M03,104-0,A,SF-104,A,202202,10,1292,0.0
E1,M03,104-0,A,SF-104,A,202203,11,1336,0.0
E1,M03,104-0,A,SF-104,A,202204,12,1380,1.0
E1,M03,104-0,A,SF-104,A,202205,13,1425,2.0
E1,M03,104-0,A,SF-104,A,202206,14,1469,2.0
E1,M03,104-0,A,SF-104,A,202207,15,1513,2.0
E1,M03,104-0,A,SF-104,A,202208,16,1557,3.0
E1,M03,104-0,A,SF-104,A,202209,17,1601,0.0
E1,M03,104-0,A,SF-104,A,202210,18,1646,1.0
E1,M03,104-0,A,SF-104,A,202211,19,1690,0.0
E1,M03,104-0,A,SF-104,A,202212,20,1734,3.0
E1,M03,104-0,A,SF-104,A,202301,21,1778,0.0
E1,M03,104-0,A,SF-104,A,202302,22,1822,1.0
E1,M03,104-0,A,SF-104,A,202303,23,1867,2.0
E1,M03,104-0,A,SF-104,A,202304,24,1911,0.0
E1,M03,104-0,A,SF-104,A,202305,25,1955,2.0
E1,M03,104-0,A,SF-104,A,202306,26,1999,4.0
E1,M03,104-0,A,SF-104,A,202307,27,2043,0.0
E1,M03,104-0,A,SF-104,A,202308,28,2088,2.0
E1,M03,104-0,A,SF-104,A,202309,29,2132,4.0
E1,M03,104-0,A,SF-104,A,202310,30,2176,0.0
E1,M03,104-0,A,SF-104,A,202311,31,2220,1.0
E1,M03,104-0,A,SF-104,A,202312,32,2264,2.0
E1,M03,104-0,A,SF-104,A,202401,33,2309,0.0
E1,M03,104-0,A,SF-104,A,202402,34,2353,1.0
E1,M03,104-0,A,SF-104,A,202403,35,2397,2.0
E1,M03,104-0,A,SF-104,A,202404,36,2441,5.0
E1,M03,104-0,A,SF-104,A,202405,37,2485,1.0
E1,M03,104-0,A,SF-104,A,202406,38,2530,2.0
E1,M03,104-0,A,SF-104,A,202407,39,2574,2.0
E1,M03,104-0,A,SF-104,A,202408,40,2618,2.0
E1,M03,104-0,A,SF-104,A,202409,41,2662,2.0
E1,M03,104-0,A,SF-104,A,202410,42,2706,4.0
E1,M03,104-0,A,SF-104,A,202411,43,2751,1.0
E1,M03,104-0,A,SF-104,A,202412,44,2795,2.0
E1,M03,104-0,ALL,SF-104,A,202104,0,2500,2.0
E1,M03,104-0,ALL,SF-104,A,202105,1,2630,2.0
E1,M03,104-0,ALL,SF-104,A,202106,2,2760,1.0
E1,M03,104-0,ALL,SF-104,A,202107,3,2890,2.0
E1,M03,104-0,ALL,SF-104,A,202108,4,3020,4.0
E1,M03,104-0,ALL,SF-104,A,202109,5,3150,2.0
E1,M03,104-0,ALL,SF-104,A,202110,6,3280,5.0
E1,M03,104-0,ALL,SF-104,A,202111,7,3410,4.0
E1,M03,104-0,ALL,SF-104,A,202112,8,3540,2.0
E1,M03,104-0,ALL,SF-104,A,202201,9,3670,6.0
E1,M03,104-0,ALL,SF-104,A,202202,10,3800,3.0
E1,M03,104-0,ALL,SF-104,A,202203,11,3930,3.0
E1,M03,104-0,ALL,SF-104,A,202204,12,4060,8.0
E1,M03,104-0,ALL,SF-104,A,202205,13,4190,5.0
E1,M03,104-0,ALL,SF-104,A,202206,14,4320,5.0
E1,M03,104-0,ALL,SF-104,A,202207,15,4450,4.0
E1,M03,104-0,ALL,SF-104,A,202208,16,4580,6.0
E1,M03,104-0,ALL,SF-104,A,202209,17,4710,4.0
E1,M03,104-0,ALL,SF-104,A,202210,18,4840,4.0
E1,M03,104-0,ALL,SF-104,A,202211,19,4970,2.0
E1,M03,104-0,ALL,SF-104,A,202212,20,5100,10.0
E1,M03,104-0,ALL,SF-104,A,202301,21,5230,5.0
E1,M03,104-0,ALL,SF-104,A,202302,22,5360,3.0
E1,M03,104-0,ALL,SF-104,A,202303,23,5490,8.0
E1,M03,104-0,ALL,SF-104,A,202304,24,5620,7.0
E1,M03,104-0,ALL,SF-104,A,202305,25,5750,7.0
E1,M03,104-0,ALL,SF-104,A,202306,26,5880,9.0
E1,M03,104-0,ALL,SF-104,A,202307,27,6010,5.0
E1,M03,104-0,ALL,SF-104,A,202308,28,6140,5.0
E1,M03,104-0,ALL,SF-104,A,202309,29,6270,7.0
E1,M03,104-0,ALL,SF-104,A,202310,30,6400,4.0
E1,M03,104-0,ALL,SF-104,A,202311,31,6530,7.0
E1,M03,104-0,ALL,SF-104,A,202312,32,6660,4.0
E1,M03,104-0,ALL,SF-104,A,202401,33,6790,6.0
E1,M03,104-0,ALL,SF-104,A,202402,34,6920,8.0
E1,M03,104-0,ALL,SF-104,A,202403,35,7050,7.0
E1,M03,104-0,ALL,SF-104,A,202404,36,7180,13.0
E1,M03,104-0,ALL,SF-104,A,202405,37,7310,5.0
E1,M03,104-0,ALL,SF-104,A,202406,38,7440,6.0
E1,M03,104-0,ALL,SF-104,A,202407,39,7570,9.0
E1,M03,104-0,ALL,SF-104,A,202408,40,7700,12.0
E1,M03,104-0,ALL,SF-104,A,202409,41,7830,8.0
E1,M03,104-0,ALL,SF-104,A,202410,42,7960,12.0
E1,M03,104-0,ALL,SF-104,A,202411,43,8090,3.0
E1,M03,104-0,ALL,SF-104,A,202412,44,8220,3.0
E1,M03,104-0,B,SF-104,A,202104,0,600,1.0
E1,M03,104-0,B,SF-104,A,202105,1,631,1.0
E1,M03,104-0,B,SF-104,A,202106,2,662,0.0
E1,M03,104-0,B,SF-104,A,202107,3,694,1.0
E1,M03,104-0,B,SF-104,A,202108,4,725,1.0
E1,M03,104-0,B,SF-104,A,202109,5,756,0.0
E1,M03,104-0,B,SF-104,A,202110,6,787,0.0
E1,M03,104-0,B,SF-104,A,202111,7,818,1.0
E1,M03,104-0,B,SF-104,A,202112,8,850,0.0
E1,M03,104-0,B,SF-104,A,202201,9,881,2.0
E1,M03,104-0,B,SF-104,A,202202,10,912,1.0
E1,M03,104-0,B,SF-104,A,202203,11,943,0.0
E1,M03,104-0,B,SF-104,A,202204,12,974,2.0
E1,M03,104-0,B,SF-104,A,202205,13,1006,1.0
E1,M03,104-0,B,SF-104,A,202206,14,1037,0.0
E1,M03,104-0,B,SF-104,A,202207,15,1068,1.0
E1,M03,104-0,B,SF-104,A,202208,16,1099,0.0
E1,M03,104-0,B,SF-104,A,202209,17,1130,0.0
E1,M03,104-0,B,SF-104,A,202210,18,1162,2.0
E1,M03,104-0,B,SF-104,A,202211,19,1193,0.0
E1,M03,104-0,B,SF-104,A,202212,20,1224,2.0
E1,M03,104-0,B,SF-104,A,202301,21,1255,2.0
E1,M03,104-0,B,SF-104,A,202302,22,1286,0.0
E1,M03,104-0,B,SF-104,A,202303,23,1318,0.0
E1,M03,104-0,B,SF-104,A,202304,24,1349,0.0
E1,M03,104-0,B,SF-104,A,202305,25,1380,1.0
E1,M03,104-0,B,SF-104,A,202306,26,1411,2.0
E1,M03,104-0,B,SF-104,A,202307,27,1442,2.0
E1,M03,104-0,B,SF-104,A,202308,28,1474,1.0
E1,M03,104-0,B,SF-104,A,202309,29,1505,1.0
E1,M03,104-0,B,SF-104,A,202310,30,1536,1.0
E1,M03,104-0,B,SF-104,A,202311,31,1567,2.0
E1,M03,104-0,B,SF-104,A,202312,32,1598,2.0
E1,M03,104-0,B,SF-104,A,202401,33,1630,2.0
E1,M03,104-0,B,SF-104,A,202402,34,1661,3.0
E1,M03,104-0,B,SF-104,A,202403,35,1692,3.0
E1,M03,104-0,B,SF-104,A,202404,36,1723,4.0
E1,M03,104-0,B,SF-104,A,202405,37,1754,0.0
E1,M03,104-0,B,SF-104,A,202406,38,1786,1.0
E1,M03,104-0,B,SF-104,A,202407,39,1817,1.0
E1,M03,104-0,B,SF-104,A,202408,40,1848,4.0
E1,M03,104-0,B,SF-104,A,202409,41,1879,2.0
E1,M03,104-0,B,SF-104,A,202410,42,1910,3.0
E1,M03,104-0,B,SF-104,A,202411,43,1942,1.0
E1,M03,104-0,B,SF-104,A,202412,44,1973,1.0
E1,M03,104-0,C,SF-104,A,202104,0,500,1.0
E1,M03,104-0,C,SF-104,A,202106,2,552,0.0
E1,M03,104-0,C,SF-104,A,202107,3,578,0.0
E1,M03,104-0,C,SF-104,A,202108,4,604,0.0
E1,M03,104-0,C,SF-104,A,202109,5,630,1.0
E1,M03,104-0,C,SF-104,A,202110,6,656,0.0
E1,M03,104-0,C,SF-104,A,202111,7,682,0.0
E1,M03,104-0,C,SF-104,A,202112,8,708,0.0
E1,M03,104-0,C,SF-104,A,202201,9,734,2.0
E1,M03,104-0,C,SF-104,A,202202,10,760,1.0
E1,M03,104-0,C,SF-104,A,202203,11,786,1.0
E1,M03,104-0,C,SF-104,A,202204,12,812,1.0
E1,M03,104-0,C,SF-104,A,202205,13,838,2.0
E1,M03,104-0,C,SF-104,A,202206,14,864,3.0
E1,M03,104-0,C,SF-104,A,202207,15,890,1.0
E1,M03,104-0,C,SF-104,A,202208,16,916,0.0
E1,M03,104-0,C,SF-104,A,202209,17,942,1.0
E1,M03,104-0,C,SF-104,A,202210,18,968,1.0
E1,M03,104-0,C,SF-104,A,202211,19,994,2.0
E1,M03,104-0,C,SF-104,A,202212,20,1020,3.0
E1,M03,104-0,C,SF-104,A,202301,21,1046,2.0
E1,M03,104-0,C,SF-104,A,202302,22,1072,0.0
E1,M03,104-0,C,SF-104,A,202303,23,1098,2.0
E1,M03,104-0,C,SF-104,A,202304,24,1124,3.0
E1,M03,104-0,C,SF-104,A,202305,25,1150,3.0
E1,M03,104-0,C,SF-104,A,202306,26,1176,3.0
E1,M03,104-0,C,SF-104,A,202307,27,1202,1.0
E1,M03,104-0,C,SF-104,A,202308,28,1228,1.0
E1,M03,104-0,C,SF-104,A,202309,29,1254,0.0
E1,M03,104-0,C,SF-104,A,202310,30,1280,1.0
E1,M03,104-0,C,SF-104,A,202311,31,1306,4.0
E1,M03,104-0,C,SF-104,A,202312,32,1332,0.0
E1,M03,104-0,C,SF-104,A,202401,33,1358,3.0
E1,M03,104-0,C,SF-104,A,202402,34,1384,4.0
E1,M03,104-0,C,SF-104,A,202403,35,1410,1.0
E1,M03,104-0,C,SF-104,A,202404,36,1436,2.0
E1,M03,104-0,C,SF-104,A,202405,37,1462,1.0
E1,M03,104-0,C,SF-104,A,202406,38,1488,1.0
E1,M03,104-0,C,SF-104,A,202407,39,1514,2.0
E1,M03,104-0,C,SF-104,A,202408,40,1540,2.0
E1,M03,104-0,C,SF-104,A,202409,41,1566,2.0
E1,M03,104-0,C,SF-104,A,202410,42,1592,2.0
E1,M03,104-0,C,SF-104,A,202411,43,1618,0.0
E1,M03,104-0,D,SF-104,A,202106,2,414,1.0
E1,M03,104-0,D,SF-104,A,202107,3,434,1.0
E1,M03,104-0,D,SF-104,A,202108,4,453,0.0
E1,M03,104-0,D,SF-104,A,202109,5,472,0.0
E1,M03,104-0,D,SF-104,A,202110,6,492,0.0
E1,M03,104-0,D,SF-104,A,202111,7,512,0.0
E1,M03,104-0,D,SF-104,A,202112,8,531,0.0
E1,M03,104-0,D,SF-104,A,202201,9,550,0.0
E1,M03,104-0,D,SF-104,A,202202,10,570,1.0
E1,M03,104-0,D,SF-104,A,202203,11,590,1.0
E1,M03,104-0,D,SF-104,A,202204,12,609,2.0
E1,M03,104-0,D,SF-104,A,202205,13,628,0.0
E1,M03,104-0,D,SF-104,A,202206,14,648,0.0
E1,M03,104-0,D,SF-104,A,202207,15,668,0.0
E1,M03,104-0,D,SF-104,A,202208,16,687,2.0
E1,M03,104-0,D,SF-104,A,202209,17,706,1.0
E1,M03,104-0,D,SF-104,A,202210,18,726,0.0
E1,M03,104-0,D,SF-104,A,202211,19,746,0.0
E1,M03,104-0,D,SF-104,A,202212,20,765,2.0
E1,M03,104-0,D,SF-104,A,202301,21,784,1.0
E1,M03,104-0,D,SF-104,A,202302,22,804,2.0
E1,M03,104-0,D,SF-104,A,202303,23,824,2.0
E1,M03,104-0,D,SF-104,A,202304,24,843,3.0
E1,M03,104-0,D,SF-104,A,202305,25,862,1.0
E1,M03,104-0,D,SF-104,A,202306,26,882,0.0
E1,M03,104-0,D,SF-104,A,202307,27,902,0.0
E1,M03,104-0,D,SF-104,A,202308,28,921,1.0
E1,M03,104-0,D,SF-104,A,202309,29,940,0.0
E1,M03,104-0,D,SF-104,A,202310,30,960,1.0
E1,M03,104-0,D,SF-104,A,202311,31,980,0.0
E1,M03,104-0,D,SF-104,A,202312,32,999,0.0
E1,M03,104-0,D,SF-104,A,202401,33,1018,1.0
E1,M03,104-0,D,SF-104,A,202402,34,1038,0.0
E1,M03,104-0,D,SF-104,A,202403,35,1058,1.0
E1,M03,104-0,D,SF-104,A,202404,36,1077,2.0
E1,M03,104-0,D,SF-104,A,202405,37,1096,3.0
E1,M03,104-0,D,SF-104,A,202406,38,1116,1.0
E1,M03,104-0,D,SF-104,A,202407,39,1136,1.0
E1,M03,104-0,D,SF-104,A,202408,40,1155,3.0
E1,M03,104-0,D,SF-104,A,202409,41,1174,2.0
E1,M03,104-0,D,SF-104,A,202410,42,1194,2.0
E1,M03,104-0,E,SF-104,A,202112,8,248,0.0
E1,M03,104-0,E,SF-104,A,202201,9,257,1.0
E1,M03,104-0,E,SF-104,A,202202,10,266,0.0
E1,M03,104-0,E,SF-104,A,202203,11,275,1.0
E1,M03,104-0,E,SF-104,A,202204,12,284,2.0
E1,M03,104-0,E,SF-104,A,202205,13,293,0.0
E1,M03,104-0,E,SF-104,A,202206,14,302,0.0
E1,M03,104-0,E,SF-104,A,202207,15,312,0.0
E1,M03,104-0,E,SF-104,A,202208,16,321,1.0
E1,M03,104-0,E,SF-104,A,202209,17,330,2.0
E1,M03,104-0,E,SF-104,A,202210,18,339,0.0
E1,M03,104-0,E,SF-104,A,202211,19,348,0.0
E1,M03,104-0,E,SF-104,A,202212,20,357,0.0
E1,M03,104-0,E,SF-104,A,202301,21,366,0.0
E1,M03,104-0,E,SF-104,A,202302,22,375,0.0
E1,M03,104-0,E,SF-104,A,202303,23,384,2.0
E1,M03,104-0,E,SF-104,A,202304,24,393,1.0
E1,M03,104-0,E,SF-104,A,202305,25,403,0.0
E1,M03,104-0,E,SF-104,A,202306,26,412,0.0
E1,M03,104-0,E,SF-104,A,202307,27,421,2.0
E1,M03,104-0,E,SF-104,A,202308,28,430,0.0
E1,M03,104-0,E,SF-104,A,202309,29,439,2.0
E1,M03,104-0,E,SF-104,A,202310,30,448,1.0
E1,M03,104-0,E,SF-104,A,202311,31,457,0.0
E1,M03,104-0,E,SF-104,A,202312,32,466,0.0
E1,M03,104-0,E,SF-104,A,202401,33,475,0.0
E1,M03,104-0,E,SF-104,A,202402,34,484,0.0
E1,M03,104-0,E,SF-104,A,202403,35,494,0.0
E1,M03,104-0,E,SF-104,A,202404,36,503,0.0
E1,M03,104-0,E,SF-104,A,202405,37,512,0.0
E1,M03,104-0,E,SF-104,A,202406,38,521,1.0
E1,M03,104-0,E,SF-104,A,202407,39,530,3.0
E1,M03,104-0,E,SF-104,A,202408,40,539,1.0
E1,M03,104-0,E,SF-104,A,202409,41,548,0.0
E1,M03,104-0,E,SF-104,A,202410,42,557,1.0
E1,M03,104-0,E,SF-104,A,202411,43,566,1.0
E1,M03,104-0,E,SF-104,A,202412,44,575,0.0
E1,M03,105-0,A,SF-105,A,202104,0,850,1.0
E1,M03,105-0,A,SF-105,A,202106,2,938,0.0
E1,M03,105-0,A,SF-105,A,202107,3,983,0.0
E1,M03,105-0,A,SF-105,A,202108,4,1027,0.0
E1,M03,105-0,A,SF-105,A,202109,5,1071,1.0
E1,M03,105-0,A,SF-105,A,202110,6,1115,0.0
E1,M03,105-0,A,SF-105,A,202111,7,1159,1.0
E1,M03,105-0,A,SF-105,A,202112,8,1204,0.0
E1,M03,105-0,A,SF-105,A,202201,9,1248,1.0
E1,M03,105-0,A,SF-105,A,202202,10,1292,1.0
E1,M03,105-0,A,SF-105,A,202203,11,1336,0.0
E1,M03,105-0,A,SF-105,A,202204,12,1380,0.0
E1,M03,105-0,A,SF-105,A,202205,13,1425,0.0
E1,M03,105-0,A,SF-105,A,202206,14,1469,0.0
E1,M03,105-0,A,SF-105,A,202207,15,1513,1.0
E1,M03,105-0,A,SF-105,A,202208,16,1557,0.0
E1,M03,105-0,A,SF-105,A,202209,17,1601,0.0
E1,M03,105-0,A,SF-105,A,202210,18,1646,0.0
E1,M03,105-0,A,SF-105,A,202211,19,1690,1.0
E1,M03,105-0,A,SF-105,A,202212,20,1734,0.0
E1,M03,105-0,A,SF-105,A,202301,21,1778,1.0
E1,M03,105-0,A,SF-105,A,202302,22,1822,1.0
E1,M03,105-0,A,SF-105,A,202303,23,1867,0.0
E1,M03,105-0,A,SF-105,A,202304,24,1911,0.0
E1,M03,105-0,A,SF-105,A,202305,25,1955,1.0
E1,M03,105-0,A,SF-105,A,202306,26,1999,1.0
E1,M03,105-0,A,SF-105,A,202307,27,2043,1.0
E1,M03,105-0,A,SF-105,A,202308,28,2088,0.0
E1,M03,105-0,A,SF-105,A,202309,29,2132,0.0
E1,M03,105-0,A,SF-105,A,202310,30,2176,1.0
E1,M03,105-0,A,SF-105,A,202311,31,2220,0.0
E1,M03,105-0,A,SF-105,A,202312,32,2264,1.0
E1,M03,105-0,A,SF-105,A,202401,33,2309,2.0
E1,M03,105-0,A,SF-105,A,202402,34,2353,0.0
E1,M03,105-0,A,SF-105,A,202403,35,2397,1.0
E1,M03,105-0,A,SF-105,A,202404,36,2441,1.0
E1,M03,105-0,A,SF-105,A,202405,37,2485,0.0
E1,M03,105-0,A,SF-105,A,202406,38,2530,0.0
E1,M03,105-0,A,SF-105,A,202407,39,2574,1.0
E1,M03,105-0,A,SF-105,A,202408,40,2618,0.0
E1,M03,105-0,A,SF-105,A,202409,41,2662,1.0
E1,M03,105-0,A,SF-105,A,202410,42,2706,0.0
E1,M03,105-0,A,SF-105,A,202411,43,2751,1.0
E1,M03,105-0,A,SF-105,A,202412,44,2795,1.0
E1,M03,105-0,ALL,SF-105,A,202104,0,2500,1.0
E1,M03,105-0,ALL,SF-105,A,202105,1,2630,1.0
E1,M03,105-0,ALL,SF-105,A,202106,2,2760,0.0
E1,M03,105-0,ALL,SF-105,A,202107,3,2890,0.0
E1,M03,105-0,ALL,SF-105,A,202108,4,3020,0.0
E1,M03,105-0,ALL,SF-105,A,202109,5,3150,1.0
E1,M03,105-0,ALL,SF-105,A,202110,6,3280,0.0
E1,M03,105-0,ALL,SF-105,A,202111,7,3410,3.0
E1,M03,105-0,ALL,SF-105,A,202112,8,3540,2.0
E1,M03,105-0,ALL,SF-105,A,202201,9,3670,1.0
E1,M03,105-0,ALL,SF-105,A,202202,10,3800,2.0
E1,M03,105-0,ALL,SF-105,A,202203,11,3930,1.0
E1,M03,105-0,ALL,SF-105,A,202204,12,4060,2.0
E1,M03,105-0,ALL,SF-105,A,202205,13,4190,0.0
E1,M03,105-0,ALL,SF-105,A,202206,14,4320,1.0
E1,M03,105-0,ALL,SF-105,A,202207,15,4450,1.0
E1,M03,105-0,ALL,SF-105,A,202208,16,4580,1.0
E1,M03,105-0,ALL,SF-105,A,202209,17,4710,0.0
E1,M03,105-0,ALL,SF-105,A,202210,18,4840,0.0
E1,M03,105-0,ALL,SF-105,A,202211,19,4970,2.0
E1,M03,105-0,ALL,SF-105,A,202212,20,5100,0.0
E1,M03,105-0,ALL,SF-105,A,202301,21,5230,4.0
E1,M03,105-0,ALL,SF-105,A,202302,22,5360,2.0
E1,M03,105-0,ALL,SF-105,A,202303,23,5490,0.0
E1,M03,105-0,ALL,SF-105,A,202304,24,5620,1.0
E1,M03,105-0,ALL,SF-105,A,202305,25,5750,3.0
E1,M03,105-0,ALL,SF-105,A,202306,26,5880,1.0
E1,M03,105-0,ALL,SF-105,A,202307,27,6010,3.0
E1,M03,105-0,ALL,SF-105,A,202308,28,6140,1.0
E1,M03,105-0,ALL,SF-105,A,202309,29,6270,2.0
E1,M03,105-0,ALL,SF-105,A,202310,30,6400,2.0
E1,M03,105-0,ALL,SF-105,A,202311,31,6530,1.0
E1,M03,105-0,ALL,SF-105,A,202312,32,6660,3.0
E1,M03,105-0,ALL,SF-105,A,202401,33,6790,6.0
E1,M03,105-0,ALL,SF-105,A,202402,34,6920,1.0
E1,M03,105-0,ALL,SF-105,A,202403,35,7050,1.0
E1,M03,105-0,ALL,SF-105,A,202404,36,7180,1.0
E1,M03,105-0,ALL,SF-105,A,202405,37,7310,1.0
E1,M03,105-0,ALL,SF-105,A,202406,38,7440,2.0
E1,M03,105-0,ALL,SF-105,A,202407,39,7570,4.0
E1,M03,105-0,ALL,SF-105,A,202408,40,7700,2.0
E1,M03,105-0,ALL,SF-105,A,202409,41,7830,2.0
E1,M03,105-0,ALL,SF-105,A,202410,42,7960,0.0
E1,M03,105-0,ALL,SF-105,A,202411,43,8090,3.0
E1,M03,105-0,ALL,SF-105,A,202412,44,8220,2.0
E1,M03,105-0,B,SF-105,A,202105,1,631,1.0
E1,M03,105-0,B,SF-105,A,202106,2,662,0.0
E1,M03,105-0,B,SF-105,A,202107,3,694,0.0
E1,M03,105-0,B,SF-105,A,202108,4,725,0.0
E1,M03,105-0,B,SF-105,A,202109,5,756,0.0
E1,M03,105-0,B,SF-105,A,202110,6,787,0.0
E1,M03,105-0,B,SF-105,A,202111,7,818,1.0
E1,M03,105-0,B,SF-105,A,202112,8,850,0.0
E1,M03,105-0,B,SF-105,A,202201,9,881,0.0
E1,M03,105-0,B,SF-105,A,202202,10,912,0.0
E1,M03,105-0,B,SF-105,A,202203,11,943,1.0
E1,M03,105-0,B,SF-105,A,202204,12,974,0.0
E1,M03,105-0,B,SF-105,A,202205,13,1006,0.0
E1,M03,105-0,B,SF-105,A,202206,14,1037,1.0
E1,M03,105-0,B,SF-105,A,202207,15,1068,0.0
E1,M03,105-0,B,SF-105,A,202208,16,1099,0.0
E1,M03,105-0,B,SF-105,A,202209,17,1130,0.0
E1,M03,105-0,B,SF-105,A,202210,18,1162,0.0
E1,M03,105-0,B,SF-105,A,202211,19,1193,0.0
E1,M03,105-0,B,SF-105,A,202212,20,1224,0.0
E1,M03,105-0,B,SF-105,A,202301,21,1255,0.0
E1,M03,105-0,B,SF-105,A,202302,22,1286,1.0
E1,M03,105-0,B,SF-105,A,202303,23,1318,0.0
E1,M03,105-0,B,SF-105,A,202304,24,1349,0.0
E1,M03,105-0,B,SF-105,A,202305,25,1380,0.0
E1,M03,105-0,B,SF-105,A,202306,26,1411,0.0
E1,M03,105-0,B,SF-105,A,202307,27,1442,0.0
E1,M03,105-0,B,SF-105,A,202308,28,1474,1.0
E1,M03,105-0,B,SF-105,A,202309,29,1505,2.0
E1,M03,105-0,B,SF-105,A,202310,30,1536,1.0
E1,M03,105-0,B,SF-105,A,202311,31,1567,1.0
E1,M03,105-0,B,SF-105,A,202312,32,1598,1.0
E1,M03,105-0,B,SF-105,A,202401,33,1630,1.0
E1,M03,105-0,B,SF-105,A,202402,34,1661,0.0
E1,M03,105-0,B,SF-105,A,202403,35,1692,0.0
E1,M03,105-0,B,SF-105,A,202404,36,1723,0.0
E1,M03,105-0,B,SF-105,A,202405,37,1754,0.0
E1,M03,105-0,B,SF-105,A,202406,38,1786,0.0
E1,M03,105-0,B,SF-105,A,202407,39,1817,2.0
E1,M03,105-0,B,SF-105,A,202408,40,1848,0.0
E1,M03,105-0,B,SF-105,A,202409,41,1879,0.0
E1,M03,105-0,B,SF-105,A,202410,42,1910,0.0
E1,M03,105-0,B,SF-105,A,202411,43,1942,1.0
E1,M03,105-0,B,SF-105,A,202412,44,1973,1.0
E1,M03,105-0,C,SF-105,A,202106,2,552,0.0
E1,M03,105-0,C,SF-105,A,202107,3,578,0.0
E1,M03,105-0,C,SF-105,A,202108,4,604,0.0
E1,M03,105-0,C,SF-105,A,202109,5,630,0.0
E1,M03,105-0,C,SF-105,A,202110,6,656,0.0
E1,M03,105-0,C,SF-105,A,202111,7,682,0.0
E1,M03,105-0,C,SF-105,A,202112,8,708,1.0
E1,M03,105-0,C,SF-105,A,202201,9,734,0.0
E1,M03,105-0,C,SF-105,A,202202,10,760,0.0
E1,M03,105-0,C,SF-105,A,202203,11,786,0.0
E1,M03,105-0,C,SF-105,A,202204,12,812,0.0
E1,M03,105-0,C,SF-105,A,202205,13,838,0.0
E1,M03,105-0,C,SF-105,A,202206,14,864,0.0
E1,M03,105-0,C,SF-105,A,202207,15,890,0.0
E1,M03,105-0,C,SF-105,A,202208,16,916,0.0
E1,M03,105-0,C,SF-105,A,202209,17,942,0.0
E1,M03,105-0,C,SF-105,A,202210,18,968,0.0
E1,M03,105-0,C,SF-105,A,202211,19,994,0.0
E1,M03,105-0,C,SF-105,A,202212,20,1020,0.0
E1,M03,105-0,C,SF-105,A,202301,21,1046,2.0
E1,M03,105-0,C,SF-105,A,202302,22,1072,0.0
E1,M03,105-0,C,SF-105,A,202303,23,1098,0.0
E1,M03,105-0,C,SF-105,A,202304,24,1124,0.0
E1,M03,105-0,C,SF-105,A,202305,25,1150,2.0
E1,M03,105-0,C,SF-105,A,202306,26,1176,0.0
E1,M03,105-0,C,SF-105,A,202307,27,1202,1.0
E1,M03,105-0,C,SF-105,A,202308,28,1228,0.0
E1,M03,105-0,C,SF-105,A,202309,29,1254,0.0
E1,M03,105-0,C,SF-105,A,202310,30,1280,0.0
E1,M03,105-0,C,SF-105,A,202311,31,1306,0.0
E1,M03,105-0,C,SF-105,A,202312,32,1332,1.0
E1,M03,105-0,C,SF-105,A,202401,33,1358,0.0
E1,M03,105-0,C,SF-105,A,202402,34,1384,0.0
E1,M03,105-0,C,SF-105,A,202403,35,1410,0.0
E1,M03,105-0,C,SF-105,A,202404,36,1436,0.0
E1,M03,105-0,C,SF-105,A,202405,37,1462,0.0
E1,M03,105-0,C,SF-105,A,202406,38,1488,0.0
E1,M03,105-0,C,SF-105,A,202407,39,1514,1.0
E1,M03,105-0,C,SF-105,A,202408,40,1540,0.0
E1,M03,105-0,C,SF-105,A,202409,41,1566,0.0
E1,M03,105-0,C,SF-105,A,202410,42,1592,0.0
E1,M03,105-0,C,SF-105,A,202411,43,1618,1.0
E1,M03,105-0,D,SF-105,A,202106,2,414,0.0
E1,M03,105-0,D,SF-105,A,202107,3,434,0.0
E1,M03,105-0,D,SF-105,A,202108,4,453,0.0
E1,M03,105-0,D,SF-105,A,202109,5,472,0.0
E1,M03,105-0,D,SF-105,A,202110,6,492,0.0
E1,M03,105-0,D,SF-105,A,202111,7,512,1.0
E1,M03,105-0,D,SF-105,A,202112,8,531,0.0
E1,M03,105-0,D,SF-105,A,202201,9,550,0.0
E1,M03,105-0,D,SF-105,A,202202,10,570,1.0
E1,M03,105-0,D,SF-105,A,202203,11,590,0.0
E1,M03,105-0,D,SF-105,A,202204,12,609,2.0
E1,M03,105-0,D,SF-105,A,202205,13,628,0.0
E1,M03,105-0,D,SF-105,A,202206,14,648,0.0
E1,M03,105-0,D,SF-105,A,202207,15,668,0.0
E1,M03,105-0,D,SF-105,A,202208,16,687,1.0
E1,M03,105-0,D,SF-105,A,202209,17,706,0.0
E1,M03,105-0,D,SF-105,A,202210,18,726,0.0
E1,M03,105-0,D,SF-105,A,202211,19,746,1.0
E1,M03,105-0,D,SF-105,A,202212,20,765,0.0
E1,M03,105-0,D,SF-105,A,202301,21,784,0.0
E1,M03,105-0,D,SF-105,A,202302,22,804,0.0
E1,M03,105-0,D,SF-105,A,202303,23,824,0.0
E1,M03,105-0,D,SF-105,A,202304,24,843,1.0
E1,M03,105-0,D,SF-105,A,202305,25,862,0.0
E1,M03,105-0,D,SF-105,A,202306,26,882,0.0
E1,M03,105-0,D,SF-105,A,202307,27,902,1.0
E1,M03,105-0,D,SF-105,A,202308,28,921,0.0
E1,M03,105-0,D,SF-105,A,202309,29,940,0.0
E1,M03,105-0,D,SF-105,A,202310,30,960,0.0
E1,M03,105-0,D,SF-105,A,202311,31,980,0.0
E1,M03,105-0,D,SF-105,A,202312,32,999,0.0
E1,M03,105-0,D,SF-105,A,202401,33,1018,3.0
E1,M03,105-0,D,SF-105,A,202402,34,1038,1.0
E1,M03,105-0,D,SF-105,A,202403,35,1058,0.0
E1,M03,105-0,D,SF-105,A,202404,36,1077,0.0
E1,M03,105-0,D,SF-105,A,202405,37,1096,0.0
E1,M03,105-0,D,SF-105,A,202406,38,1116,0.0
E1,M03,105-0,D,SF-105,A,202407,39,1136,0.0
E1,M03,105-0,D,SF-105,A,202408,40,1155,1.0
E1,M03,105-0,D,SF-105,A,202409,41,1174,0.0
E1,M03,105-0,D,SF-105,A,202410,42,1194,0.0
E1,M03,105-0,E,SF-105,A,202112,8,248,1.0
E1,M03,105-0,E,SF-105,A,202201,9,257,0.0
E1,M03,105-0,E,SF-105,A,202202,10,266,0.0
E1,M03,105-0,E,SF-105,A,202203,11,275,0.0
E1,M03,105-0,E,SF-105,A,202204,12,284,0.0
E1,M03,105-0,E,SF-105,A,202205,13,293,0.0
E1,M03,105-0,E,SF-105,A,202206,14,302,0.0
E1,M03,105-0,E,SF-105,A,202207,15,312,0.0
E1,M03,105-0,E,SF-105,A,202208,16,321,0.0
E1,M03,105-0,E,SF-105,A,202209,17,330,0.0
E1,M03,105-0,E,SF-105,A,202210,18,339,0.0
E1,M03,105-0,E,SF-105,A,202211,19,348,0.0
E1,M03,105-0,E,SF-105,A,202212,20,357,0.0
E1,M03,105-0,E,SF-105,A,202301,21,366,1.0
E1,M03,105-0,E,SF-105,A,202302,22,375,0.0
E1,M03,105-0,E,SF-105,A,202303,23,384,0.0
E1,M03,105-0,E,SF-105,A,202304,24,393,0.0
E1,M03,105-0,E,SF-105,A,202305,25,403,0.0
E1,M03,105-0,E,SF-105,A,202306,26,412,0.0
E1,M03,105-0,E,SF-105,A,202307,27,421,0.0
E1,M03,105-0,E,SF-105,A,202308,28,430,0.0
E1,M03,105-0,E,SF-105,A,202309,29,439,0.0
E1,M03,105-0,E,SF-105,A,202310,30,448,0.0
E1,M03,105-0,E,SF-105,A,202311,31,457,0.0
E1,M03,105-0,E,SF-105,A,202312,32,466,0.0
E1,M03,105-0,E,SF-105,A,202401,33,475,0.0
E1,M03,105-0,E,SF-105,A,202402,34,484,0.0
E1,M03,105-0,E,SF-105,A,202403,35,494,0.0
E1,M03,105-0,E,SF-105,A,202404,36,503,0.0
E1,M03,105-0,E,SF-105,A,202405,37,512,1.0
E1,M03,105-0,E,SF-105,A,202406,38,521,2.0
E1,M03,105-0,E,SF-105,A,202407,39,530,0.0
E1,M03,105-0,E,SF-105,A,202408,40,539,1.0
E1,M03,105-0,E,SF-105,A,202409,41,548,1.0
E1,M03,105-0,E,SF-105,A,202410,42,557,0.0
E1,M03,105-0,E,SF-105,A,202411,43,566,0.0
E1,M03,105-0,E,SF-105,A,202412,44,575,0.0
E1,M04,100-0,A,SF-100,A,202107,1,894,2.0
E1,M04,100-0,A,SF-100,A,202108,2,938,1.0
E1,M04,100-0,A,SF-100,A,202109,3,983,0.0
E1,M04,100-0,A,SF-100,A,202110,4,1027,1.0
E1,M04,100-0,A,SF-100,A,202111,5,1071,1.0
E1,M04,100-0,A,SF-100,A,202112,6,1115,1.0
E1,M04,100-0,A,SF-100,A,202201,7,1159,3.0
E1,M04,100-0,A,SF-100,A,202202,8,1204,1.0
E1,M04,100-0,A,SF-100,A,202203,9,1248,1.0
E1,M04,100-0,A,SF-100,A,202204,10,1292,0.0
E1,M04,100-0,A,SF-100,A,202205,11,1336,1.0
E1,M04,100-0,A,SF-100,A,202206,12,1380,2.0
E1,M04,100-0,A,SF-100,A,202207,13,1425,3.0
E1,M04,100-0,A,SF-100,A,202208,14,1469,3.0
E1,M04,100-0,A,SF-100,A,202209,15,1513,2.0
E1,M04,100-0,A,SF-100,A,202210,16,1557,2.0
E1,M04,100-0,A,SF-100,A,202211,17,1601,3.0
E1,M04,100-0,A,SF-100,A,202212,18,1646,4.0
E1,M04,100-0,A,SF-100,A,202301,19,1690,4.0
E1,M04,100-0,A,SF-100,A,202302,20,1734,3.0
E1,M04,100-0,A,SF-100,A,202303,21,1778,2.0
E1,M04,100-0,A,SF-100,A,202304,22,1822,1.0
E1,M04,100-0,A,SF-100,A,202305,23,1867,5.0
E1,M04,100-0,A,SF-100,A,202306,24,1911,5.0
E1,M04,100-0,A,SF-100,A,202307,25,1955,3.0
E1,M04,100-0,A,SF-100,A,202308,26,1999,4.0
E1,M04,100-0,A,SF-100,A,202309,27,2043,1.0
E1,M04,100-0,A,SF-100,A,202310,28,2088,2.0
E1,M04,100-0,A,SF-100,A,202311,29,2132,4.0
E1,M04,100-0,A,SF-100,A,202312,30,2176,1.0
E1,M04,100-0,A,SF-100,A,202401,31,2220,1.0
E1,M04,100-0,A,SF-100,A,202402,32,2264,2.0
E1,M04,100-0,A,SF-100,A,202403,33,2309,6.0
E1,M04,100-0,A,SF-100,A,202404,34,2353,4.0
E1,M04,100-0,A,SF-100,A,202405,35,2397,2.0
E1,M04,100-0,A,SF-100,A,202406,36,2441,2.0
E1,M04,100-0,A,SF-100,A,202407,37,2485,2.0
E1,M04,100-0,A,SF-100,A,202408,38,2530,3.0
E1,M04,100-0,A,SF-100,A,202409,39,2574,0.0
E1,M04,100-0,A,SF-100,A,202410,40,2618,2.0
E1,M04,100-0,A,SF-100,A,202411,41,2662,1.0
E1,M04,100-0,A,SF-100,A,202412,42,2706,2.0
E1,M04,100-0,ALL,SF-100,A,202106,0,2500,0.0
E1,M04,100-0,ALL,SF-100,A,202107,1,2630,6.0
E1,M04,100-0,ALL,SF-100,A,202108,2,2760,5.0
E1,M04,100-0,ALL,SF-100,A,202109,3,2890,2.0
E1,M04,100-0,ALL,SF-100,A,202110,4,3020,3.0
E1,M04,100-0,ALL,SF-100,A,202111,5,3150,2.0
E1,M04,100-0,ALL,SF-100,A,202112,6,3280,1.0
E1,M04,100-0,ALL,SF-100,A,202201,7,3410,5.0
E1,M04,100-0,ALL,SF-100,A,202202,8,3540,4.0
E1,M04,100-0,ALL,SF-100,A,202203,9,3670,6.0
E1,M04,100-0,ALL,SF-100,A,202204,10,3800,7.0
E1,M04,100-0,ALL,SF-100,A,202205,11,3930,3.0
E1,M04,100-0,ALL,SF-100,A,202206,12,4060,8.0
E1,M04,100-0,ALL,SF-100,A,202207,13,4190,6.0
E1,M04,100-0,ALL,SF-100,A,202208,14,4320,8.0
E1,M04,100-0,ALL,SF-100,A,202209,15,4450,6.0
E1,M04,100-0,ALL,SF-100,A,202210,16,4580,9.0
E1,M04,100-0,ALL,SF-100,A,202211,17,4710,3.0
E1,M04,100-0,ALL,SF-100,A,202212,18,4840,7.0
E1,M04,100-0,ALL,SF-100,A,202301,19,4970,8.0
E1,M04,100-0,ALL,SF-100,A,202302,20,5100,5.0
E1,M04,100-0,ALL,SF-100,A,202303,21,5230,8.0
E1,M04,100-0,ALL,SF-100,A,202304,22,5360,9.0
E1,M04,100-0,ALL,SF-100,A,202305,23,5490,10.0
E1,M04,100-0,ALL,SF-100,A,202306,24,5620,10.0
E1,M04,100-0,ALL,SF-100,A,202307,25,5750,6.0
E1,M04,100-0,ALL,SF-100,A,202308,26,5880,9.0
E1,M04,100-0,ALL,SF-100,A,202309,27,6010,6.0
E1,M04,100-0,ALL,SF-100,A,202310,28,6140,5.0
E1,M04,100-0,ALL,SF-100,A,202311,29,6270,8.0
E1,M04,100-0,ALL,SF-100,A,202312,30,6400,4.0
E1,M04,100-0,ALL,SF-100,A,202401,31,6530,10.0
E1,M04,100-0,ALL,SF-100,A,202402,32,6660,9.0
E1,M04,100-0,ALL,SF-100,A,202403,33,6790,11.0
E1,M04,100-0,ALL,SF-100,A,202404,34,6920,11.0
E1,M04,100-0,ALL,SF-100,A,202405,35,7050,7.0
E1,M04,100-0,ALL,SF-100,A,202406,36,7180,9.0
E1,M04,100-0,ALL,SF-100,A,202407,37,7310,9.0
E1,M04,100-0,ALL,SF-100,A,202408,38,7440,7.0
E1,M04,100-0,ALL,SF-100,A,202409,39,7570,7.0
E1,M04,100-0,ALL,SF-100,A,202410,40,7700,7.0
E1,M04,100-0,ALL,SF-100,A,202411,41,7830,3.0
E1,M04,100-0,ALL,SF-100,A,202412,42,7960,3.0
E1,M04,100-0,B,SF-100,A,202108,2,662,2.0
E1,M04,100-0,B,SF-100,A,202109,3,694,0.0
E1,M04,100-0,B,SF-100,A,202110,4,725,2.0
E1,M04,100-0,B,SF-100,A,202111,5,756,0.0
E1,M04,100-0,B,SF-100,A,202112,6,787,0.0
E1,M04,100-0,B,SF-100,A,202201,7,818,1.0
E1,M04,100-0,B,SF-100,A,202202,8,850,0.0
E1,M04,100-0,B,SF-100,A,202203,9,881,1.0
E1,M04,100-0,B,SF-100,A,202204,10,912,3.0
E1,M04,100-0,B,SF-100,A,202205,11,943,1.0
E1,M04,100-0,B,SF-100,A,202206,12,974,3.0
E1,M04,100-0,B,SF-100,A,202207,13,1006,2.0
E1,M04,100-0,B,SF-100,A,202208,14,1037,2.0
E1,M04,100-0,B,SF-100,A,202209,15,1068,0.0
E1,M04,100-0,B,SF-100,A,202210,16,1099,4.0
E1,M04,100-0,B,SF-100,A,202211,17,1130,0.0
E1,M04,100-0,B,SF-100,A,202212,18,1162,1.0
E1,M04,100-0,B,SF-100,A,202301,19,1193,2.0
E1,M04,100-0,B,SF-100,A,202302,20,1224,0.0
E1,M04,100-0,B,SF-100,A,202303,21,1255,2.0
E1,M04,100-0,B,SF-100,A,202304,22,1286,4.0
E1,M04,100-0,B,SF-100,A,202305,23,1318,2.0
E1,M04,100-0,B,SF-100,A,202306,24,1349,2.0
E1,M04,100-0,B,SF-100,A,202307,25,1380,3.0
E1,M04,100-0,B,SF-100,A,202308,26,1411,4.0
E1,M04,100-0,B,SF-100,A,202309,27,1442,2.0
E1,M04,100-0,B,SF-100,A,202310,28,1474,2.0
E1,M04,100-0,B,SF-100,A,202311,29,1505,2.0
E1,M04,100-0,B,SF-100,A,202312,30,1536,1.0
E1,M04,100-0,B,SF-100,A,202401,31,1567,2.0
E1,M04,100-0,B,SF-100,A,202402,32,1598,1.0
E1,M04,100-0,B,SF-100,A,202403,33,1630,0.0
E1,M04,100-0,B,SF-100,A,202404,34,1661,2.0
E1,M04,100-0,B,SF-100,A,202405,35,1692,2.0
E1,M04,100-0,B,SF-100,A,202406,36,1723,3.0
E1,M04,100-0,B,SF-100,A,202407,37,1754,4.0
E1,M04,100-0,B,SF-100,A,202408,38,1786,1.0
E1,M04,100-0,B,SF-100,A,202409,39,1817,2.0
E1,M04,100-0,B,SF-100,A,202410,40,1848,1.0
E1,M04,100-0,B,SF-100,A,202411,41,1879,1.0
E1,M04,100-0,B,SF-100,A,202412,42,1910,1.0
E1,M04,100-0,C,SF-100,A,202107,1,526,2.0
E1,M04,100-0,C,SF-100,A,202108,2,552,1.0
E1,M04,100-0,C,SF-100,A,202109,3,578,2.0
E1,M04,100-0,C,SF-100,A,202110,4,604,0.0
E1,M04,100-0,C,SF-100,A,202111,5,630,1.0
E1,M04,100-0,C,SF-100,A,202112,6,656,0.0
E1,M04,100-0,C,SF-100,A,202201,7,682,1.0
E1,M04,100-0,C,SF-100,A,202202,8,708,1.0
E1,M04,100-0,C,SF-100,A,202203,9,734,3.0
E1,M04,100-0,C,SF-100,A,202204,10,760,0.0
E1,M04,100-0,C,SF-100,A,202205,11,786,1.0
E1,M04,100-0,C,SF-100,A,202206,12,812,1.0
E1,M04,100-0,C,SF-100,A,202207,13,838,1.0
E1,M04,100-0,C,SF-100,A,202208,14,864,1.0
E1,M04,100-0,C,SF-100,A,202209,15,890,3.0
E1,M04,100-0,C,SF-100,A,202210,16,916,2.0
E1,M04,100-0,C,SF-100,A,202211,17,942,0.0
E1,M04,100-0,C,SF-100,A,202212,18,968,1.0
E1,M04,100-0,C,SF-100,A,202301,19,994,1.0
E1,M04,100-0,C,SF-100,A,202302,20,1020,1.0
E1,M04,100-0,C,SF-100,A,202303,21,1046,2.0
E1,M04,100-0,C,SF-100,A,202304,22,1072,2.0
E1,M04,100-0,C,SF-100,A,202305,23,1098,3.0
E1,M04,100-0,C,SF-100,A,202306,24,1124,0.0
E1,M04,100-0,C,SF-100,A,202307,25,1150,0.0
E1,M04,100-0,C,SF-100,A,202308,26,1176,1.0
E1,M04,100-0,C,SF-100,A,202309,27,1202,3.0
E1,M04,100-0,C,SF-100,A,202310,28,1228,1.0
E1,M04,100-0,C,SF-100,A,202311,29,1254,2.0
E1,M04,100-0,C,SF-100,A,202312,30,1280,2.0
E1,M04,100-0,C,SF-100,A,202401,31,1306,2.0
E1,M04,100-0,C,SF-100,A,202402,32,1332,4.0
E1,M04,100-0,C,SF-100,A,202403,33,1358,1.0
E1,M04,100-0,C,SF-100,A,202404,34,1384,3.0
E1,M04,100-0,C,SF-100,A,202405,35,1410,1.0
E1,M04,100-0,C,SF-100,A,202406,36,1436,2.0
E1,M04,100-0,C,SF-100,A,202407,37,1462,1.0
E1,M04,100-0,C,SF-100,A,202408,38,1488,1.0
E1,M04,100-0,C,SF-100,A,202409,39,1514,1.0
E1,M04,100-0,C,SF-100,A,202410,40,1540,3.0
E1,M04,100-0,C,SF-100,A,202411,41,1566,1.0
E1,M04,100-0,D,SF-100,A,202107,1,394,2.0
E1,M04,100-0,D,SF-100,A,202108,2,414,1.0
E1,M04,100-0,D,SF-100,A,202109,3,434,0.0
E1,M04,100-0,D,SF-100,A,202110,4,453,0.0
E1,M04,100-0,D,SF-100,A,202111,5,472,0.0
E1,M04,100-0,D,SF-100,A,202112,6,492,0.0
E1,M04,100-0,D,SF-100,A,202201,7,512,0.0
E1,M04,100-0,D,SF-100,A,202202,8,531,1.0
E1,M04,100-0,D,SF-100,A,202203,9,550,1.0
E1,M04,100-0,D,SF-100,A,202204,10,570,1.0
E1,M04,100-0,D,SF-100,A,202205,11,590,0.0
E1,M04,100-0,D,SF-100,A,202206,12,609,1.0
E1,M04,100-0,D,SF-100,A,202207,13,628,0.0
E1,M04,100-0,D,SF-100,A,202208,14,648,2.0
E1,M04,100-0,D,SF-100,A,202209,15,668,0.0
E1,M04,100-0,D,SF-100,A,202210,16,687,1.0
E1,M04,100-0,D,SF-100,A,202211,17,706,0.0
E1,M04,100-0,D,SF-100,A,202212,18,726,1.0
E1,M04,100-0,D,SF-100,A,202301,19,746,1.0
E1,M04,100-0,D,SF-100,A,202302,20,765,1.0
E1,M04,100-0,D,SF-100,A,202303,21,784,2.0
E1,M04,100-0,D,SF-100,A,202304,22,804,0.0
E1,M04,100-0,D,SF-100,A,202305,23,824,0.0
E1,M04,100-0,D,SF-100,A,202306,24,843,1.0
E1,M04,100-0,D,SF-100,A,202307,25,862,0.0
E1,M04,100-0,D,SF-100,A,202308,26,882,0.0
E1,M04,100-0,D,SF-100,A,202309,27,902,0.0
E1,M04,100-0,D,SF-100,A,202310,28,921,0.0
E1,M04,100-0,D,SF-100,A,202311,29,940,0.0
E1,M04,100-0,D,SF-100,A,202312,30,960,0.0
E1,M04,100-0,D,SF-100,A,202401,31,980,2.0
E1,M04,100-0,D,SF-100,A,202402,32,999,2.0
E1,M04,100-0,D,SF-100,A,202403,33,1018,3.0
E1,M04,100-0,D,SF-100,A,202404,34,1038,2.0
E1,M04,100-0,D,SF-100,A,202405,35,1058,1.0
E1,M04,100-0,D,SF-100,A,202406,36,1077,1.0
E1,M04,100-0,D,SF-100,A,202407,37,1096,1.0
E1,M04,100-0,D,SF-100,A,202408,38,1116,1.0
E1,M04,100-0,D,SF-100,A,202409,39,1136,1.0
E1,M04,100-0,D,SF-100,A,202410,40,1155,0.0
E1,M04,100-0,E,SF-100,A,202202,8,248,1.0
E1,M04,100-0,E,SF-100,A,202203,9,257,0.0
E1,M04,100-0,E,SF-100,A,202204,10,266,3.0
E1,M04,100-0,E,SF-100,A,202205,11,275,0.0
E1,M04,100-0,E,SF-100,A,202206,12,284,1.0
E1,M04,100-0,E,SF-100,A,202207,13,293,0.0
E1,M04,100-0,E,SF-100,A,202208,14,302,0.0
E1,M04,100-0,E,SF-100,A,202209,15,312,1.0
E1,M04,100-0,E,SF-100,A,202210,16,321,0.0
E1,M04,100-0,E,SF-100,A,202211,17,330,0.0
E1,M04,100-0,E,SF-100,A,202212,18,339,0.0
E1,M04,100-0,E,SF-100,A,202301,19,348,0.0
E1,M04,100-0,E,SF-100,A,202302,20,357,0.0
E1,M04,100-0,E,SF-100,A,202303,21,366,0.0
E1,M04,100-0,E,SF-100,A,202304,22,375,2.0
E1,M04,100-0,E,SF-100,A,202305,23,384,0.0
E1,M04,100-0,E,SF-100,A,202306,24,393,2.0
E1,M04,100-0,E,SF-100,A,202307,25,403,0.0
E1,M04,100-0,E,SF-100,A,202308,26,412,0.0
E1,M04,100-0,E,SF-100,A,202309,27,421,0.0
E1,M04,100-0,E,SF-100,A,202310,28,430,0.0
E1,M04,100-0,E,SF-100,A,202311,29,439,0.0
E1,M04,100-0,E,SF-100,A,202312,30,448,0.0
E1,M04,100-0,E,SF-100,A,202401,31,457,3.0
E1,M04,100-0,E,SF-100,A,202402,32,466,0.0
E1,M04,100-0,E,SF-100,A,202403,33,475,1.0
E1,M04,100-0,E,SF-100,A,202404,34,484,0.0
E1,M04,100-0,E,SF-100,A,202405,35,494,1.0
E1,M04,100-0,E,SF-100,A,202406,36,503,1.0
E1,M04,100-0,E,SF-100,A,202407,37,512,1.0
E1,M04,100-0,E,SF-100,A,202408,38,521,1.0
E1,M04,100-0,E,SF-100,A,202409,39,530,3.0
E1,M04,100-0,E,SF-100,A,202410,40,539,1.0
E1,M04,100-0,E,SF-100,A,202411,41,548,0.0
E1,M04,100-0,E,SF-100,A,202412,42,557,0.0
E1,M04,101-0,A,SF-101,A,202106,0,850,2.0
E1,M04,101-0,A,SF-101,A,202108,2,938,1.0
E1,M04,101-0,A,SF-101,A,202109,3,983,3.0
E1,M04,101-0,A,SF-101,A,202110,4,1027,0.0
E1,M04,101-0,A,SF-101,A,202111,5,1071,1.0
E1,M04,101-0,A,SF-101,A,202112,6,1115,3.0
E1,M04,101-0,A,SF-101,A,202201,7,1159,1.0
E1,M04,101-0,A,SF-101,A,202202,8,1204,0.0
E1,M04,101-0,A,SF-101,A,202203,9,1248,2.0
E1,M04,101-0,A,SF-101,A,202204,10,1292,2.0
E1,M04,101-0,A,SF-101,A,202205,11,1336,1.0
E1,M04,101-0,A,SF-101,A,202206,12,1380,1.0
E1,M04,101-0,A,SF-101,A,202207,13,1425,1.0
E1,M04,101-0,A,SF-101,A,202208,14,1469,1.0
E1,M04,101-0,A,SF-101,A,202209,15,1513,0.0
E1,M04,101-0,A,SF-101,A,202210,16,1557,3.0
E1,M04,101-0,A,SF-101,A,202211,17,1601,1.0
E1,M04,101-0,A,SF-101,A,202212,18,1646,2.0
E1,M04,101-0,A,SF-101,A,202301,19,1690,0.0
E1,M04,101-0,A,SF-101,A,202302,20,1734,4.0
E1,M04,101-0,A,SF-101,A,202303,21,1778,2.0
E1,M04,101-0,A,SF-101,A,202304,22,1822,1.0
E1,M04,101-0,A,SF-101,A,202305,23,1867,1.0
E1,M04,101-0,A,SF-101,A,202306,24,1911,1.0
E1,M04,101-0,A,SF-101,A,202307,25,1955,2.0
E1,M04,101-0,A,SF-101,A,202308,26,1999,2.0
E1,M04,101-0,A,SF-101,A,202309,27,2043,2.0
E1,M04,101-0,A,SF-101,A,202310,28,2088,0.0
E1,M04,101-0,A,SF-101,A,202311,29,2132,0.0
E1,M04,101-0,A,SF-101,A,202312,30,2176,0.0
E1,M04,101-0,A,SF-101,A,202401,31,2220,2.0
E1,M04,101-0,A,SF-101,A,202402,32,2264,0.0
E1,M04,101-0,A,SF-101,A,202403,33,2309,1.0
E1,M04,101-0,A,SF-101,A,202404,34,2353,3.0
E1,M04,101-0,A,SF-101,A,202405,35,2397,3.0
E1,M04,101-0,A,SF-101,A,202406,36,2441,3.0
E1,M04,101-0,A,SF-101,A,202407,37,2485,3.0
E1,M04,101-0,A,SF-101,A,202408,38,2530,4.0
E1,M04,101-0,A,SF-101,A,202409,39,2574,3.0
E1,M04,101-0,A,SF-101,A,202410,40,2618,1.0
E1,M04,101-0,A,SF-101,A,202411,41,2662,4.0
E1,M04,101-0,A,SF-101,A,202412,42,2706,2.0
E1,M04,101-0,ALL,SF-101,A,202106,0,2500,2.0
E1,M04,101-0,ALL,SF-101,A,202107,1,2630,2.0
E1,M04,101-0,ALL,SF-101,A,202108,2,2760,3.0
E1,M04,101-0,ALL,SF-101,A,202109,3,2890,7.0
E1,M04,101-0,ALL,SF-101,A,202110,4,3020,3.0
E1,M04,101-0,ALL,SF-101,A,202111,5,3150,1.0
E1,M04,101-0,ALL,SF-101,A,202112,6,3280,5.0
E1,M04,101-0,ALL,SF-101,A,202201,7,3410,3.0
E1,M04,101-0,ALL,SF-101,A,202202,8,3540,2.0
E1,M04,101-0,ALL,SF-101,A,202203,9,3670,5.0
E1,M04,101-0,ALL,SF-101,A,202204,10,3800,2.0
E1,M04,101-0,ALL,SF-101,A,202205,11,3930,3.0
E1,M04,101-0,ALL,SF-101,A,202206,12,4060,2.0
E1,M04,101-0,ALL,SF-101,A,202207,13,4190,4.0
E1,M04,101-0,ALL,SF-101,A,202208,14,4320,6.0
E1,M04,101-0,ALL,SF-101,A,202209,15,4450,2.0
E1,M04,101-0,ALL,SF-101,A,202210,16,4580,3.0
E1,M04,101-0,ALL,SF-101,A,202211,17,4710,3.0
E1,M04,101-0,ALL,SF-101,A,202212,18,4840,6.0
E1,M04,101-0,ALL,SF-101,A,202301,19,4970,4.0
E1,M04,101-0,ALL,SF-101,A,202302,20,5100,7.0
E1,M04,101-0,ALL,SF-101,A,202303,21,5230,8.0
E1,M04,101-0,ALL,SF-101,A,202304,22,5360,8.0
E1,M04,101-0,ALL,SF-101,A,202305,23,5490,4.0
E1,M04,101-0,ALL,SF-101,A,202306,24,5620,5.0
E1,M04,101-0,ALL,SF-101,A,202307,25,5750,5.0
E1,M04,101-0,ALL,SF-101,A,202308,26,5880,6.0
E1,M04,101-0,ALL,SF-101,A,202309,27,6010,5.0
E1,M04,101-0,ALL,SF-101,A,202310,28,6140,3.0
E1,M04,101-0,ALL,SF-101,A,202311,29,6270,3.0
E1,M04,101-0,ALL,SF-101,A,202312,30,6400,2.0
E1,M04,101-0,ALL,SF-101,A,202401,31,6530,7.0
E1,M04,101-0,ALL,SF-101,A,202402,32,6660,5.0
E1,M04,101-0,ALL,SF-101,A,202403,33,6790,4.0
E1,M04,101-0,ALL,SF-101,A,202404,34,6920,5.0
E1,M04,101-0,ALL,SF-101,A,202405,35,7050,7.0
E1,M04,101-0,ALL,SF-101,A,202406,36,7180,9.0
E1,M04,101-0,ALL,SF-101,A,202407,37,7310,13.0
E1,M04,101-0,ALL,SF-101,A,202408,38,7440,7.0
E1,M04,101-0,ALL,SF-101,A,202409,39,7570,10.0
E1,M04,101-0,ALL,SF-101,A,202410,40,7700,4.0
E1,M04,101-0,ALL,SF-101,A,202411,41,7830,8.0
E1,M04,101-0,ALL,SF-101,A,202412,42,7960,3.0
E1,M04,101-0,B,SF-101,A,202107,1,631,1.0
E1,M04,101-0,B,SF-101,A,202108,2,662,0.0
E1,M04,101-0,B,SF-101,A,202109,3,694,2.0
E1,M04,101-0,B,SF-101,A,202110,4,725,0.0
E1,M04,101-0,B,SF-101,A,202111,5,756,0.0
E1,M04,101-0,B,SF-101,A,202112,6,787,1.0
E1,M04,101-0,B,SF-101,A,202201,7,818,0.0
E1,M04,101-0,B,SF-101,A,202202,8,850,1.0
E1,M04,101-0,B,SF-101,A,202203,9,881,1.0
E1,M04,101-0,B,SF-101,A,202204,10,912,0.0
E1,M04,101-0,B,SF-101,A,202205,11,943,1.0
E1,M04,101-0,B,SF-101,A,202206,12,974,1.0
E1,M04,101-0,B,SF-101,A,202207,13,1006,2.0
E1,M04,101-0,B,SF-101,A,202208,14,1037,1.0
E1,M04,101-0,B,SF-101,A,202209,15,1068,0.0
E1,M04,101-0,B,SF-101,A,202210,16,1099,0.0
E1,M04,101-0,B,SF-101,A,202211,17,1130,1.0
E1,M04,101-0,B,SF-101,A,202212,18,1162,2.0
E1,M04,101-0,B,SF-101,A,202301,19,1193,2.0
E1,M04,101-0,B,SF-101,A,202302,20,1224,1.0
E1,M04,101-0,B,SF-101,A,202303,21,1255,2.0
E1,M04,101-0,B,SF-101,A,202304,22,1286,4.0
E1,M04,101-0,B,SF-101,A,202305,23,1318,0.0
E1,M04,101-0,B,SF-101,A,202306,24,1349,3.0
E1,M04,101-0,B,SF-101,A,202307,25,1380,1.0
E1,M04,101-0,B,SF-101,A,202308,26,1411,2.0
E1,M04,101-0,B,SF-101,A,202309,27,1442,1.0
E1,M04,101-0,B,SF-101,A,202310,28,1474,0.0
E1,M04,101-0,B,SF-101,A,202311,29,1505,3.0
E1,M04,101-0,B,SF-101,A,202312,30,1536,1.0
E1,M04,101-0,B,SF-101,A,202401,31,1567,2.0
E1,M04,101-0,B,SF-101,A,202402,32,1598,0.0
E1,M04,101-0,B,SF-101,A,202403,33,1630,1.0
E1,M04,101-0,B,SF-101,A,202404,34,1661,0.0
E1,M04,101-0,B,SF-101,A,202405,35,1692,2.0
E1,M04,101-0,B,SF-101,A,202406,36,1723,3.0
E1,M04,101-0,B,SF-101,A,202407,37,1754,4.0
E1,M04,101-0,B,SF-101,A,202408,38,1786,1.0
E1,M04,101-0,B,SF-101,A,202409,39,1817,0.0
E1,M04,101-0,B,SF-101,A,202410,40,1848,1.0
E1,M04,101-0,B,SF-101,A,202411,41,1879,1.0
E1,M04,101-0,B,SF-101,A,202412,42,1910,0.0
E1,M04,101-0,C,SF-101,A,202107,1,526,1.0
E1,M04,101-0,C,SF-101,A,202108,2,552,0.0
E1,M04,101-0,C,SF-101,A,202109,3,578,0.0
E1,M04,101-0,C,SF-101,A,202110,4,604,1.0
E1,M04,101-0,C,SF-101,A,202111,5,630,0.0
E1,M04,101-0,C,SF-101,A,202112,6,656,0.0
E1,M04,101-0,C,SF-101,A,202201,7,682,1.0
E1,M04,101-0,C,SF-101,A,202202,8,708,1.0
E1,M04,101-0,C,SF-101,A,202203,9,734,1.0
E1,M04,101-0,C,SF-101,A,202204,10,760,0.0
E1,M04,101-0,C,SF-101,A,202205,11,786,1.0
E1,M04,101-0,C,SF-101,A,202206,12,812,0.0
E1,M04,101-0,C,SF-101,A,202207,13,838,0.0
E1,M04,101-0,C,SF-101,A,202208,14,864,3.0
E1,M04,101-0,C,SF-101,A,202209,15,890,0.0
E1,M04,101-0,C,SF-101,A,202210,16,916,0.0
E1,M04,101-0,C,SF-101,A,202211,17,942,0.0
E1,M04,101-0,C,SF-101,A,202212,18,968,1.0
E1,M04,101-0,C,SF-101,A,202301,19,994,0.0
E1,M04,101-0,C,SF-101,A,202302,20,1020,2.0
E1,M04,101-0,C,SF-101,A,202303,21,1046,4.0
E1,M04,101-0,C,SF-101,A,202304,22,1072,0.0
E1,M04,101-0,C,SF-101,A,202305,23,1098,1.0
E1,M04,101-0,C,SF-101,A,202306,24,1124,0.0
E1,M04,101-0,C,SF-101,A,202307,25,1150,2.0
E1,M04,101-0,C,SF-101,A,202308,26,1176,0.0
E1,M04,101-0,C,SF-101,A,202309,27,1202,1.0
E1,M04,101-0,C,SF-101,A,202310,28,1228,1.0
E1,M04,101-0,C,SF-101,A,202311,29,1254,0.0
E1,M04,101-0,C,SF-101,A,202312,30,1280,1.0
E1,M04,101-0,C,SF-101,A,202401,31,1306,2.0
E1,M04,101-0,C,SF-101,A,202402,32,1332,2.0
E1,M04,101-0,C,SF-101,A,202403,33,1358,1.0
E1,M04,101-0,C,SF-101,A,202404,34,1384,0.0
E1,M04,101-0,C,SF-101,A,202405,35,1410,1.0
E1,M04,101-0,C,SF-101,A,202406,36,1436,1.0
E1,M04,101-0,C,SF-101,A,202407,37,1462,3.0
E1,M04,101-0,C,SF-101,A,202408,38,1488,2.0
E1,M04,101-0,C,SF-101,A,202409,39,1514,5.0
E1,M04,101-0,C,SF-101,A,202410,40,1540,1.0
E1,M04,101-0,C,SF-101,A,202411,41,1566,1.0
E1,M04,101-0,D,SF-101,A,202108,2,414,2.0
E1,M04,101-0,D,SF-101,A,202109,3,434,2.0
E1,M04,101-0,D,SF-101,A,202110,4,453,2.0
E1,M04,101-0,D,SF-101,A,202111,5,472,0.0
E1,M04,101-0,D,SF-101,A,202112,6,492,1.0
E1,M04,101-0,D,SF-101,A,202201,7,512,1.0
E1,M04,101-0,D,SF-101,A,202202,8,531,0.0
E1,M04,101-0,D,SF-101,A,202203,9,550,0.0
E1,M04,101-0,D,SF-101,A,202204,10,570,0.0
E1,M04,101-0,D,SF-101,A,202205,11,590,0.0
E1,M04,101-0,D,SF-101,A,202206,12,609,0.0
E1,M04,101-0,D,SF-101,A,202207,13,628,0.0
E1,M04,101-0,D,SF-101,A,202208,14,648,1.0
E1,M04,101-0,D,SF-101,A,202209,15,668,1.0
E1,M04,101-0,D,SF-101,A,202210,16,687,0.0
E1,M04,101-0,D,SF-101,A,202211,17,706,0.0
E1,M04,101-0,D,SF-101,A,202212,18,726,1.0
E1,M04,101-0,D,SF-101,A,202301,19,746,1.0
E1,M04,101-0,D,SF-101,A,202302,20,765,0.0
E1,M04,101-0,D,SF-101,A,202303,21,784,0.0
E1,M04,101-0,D,SF-101,A,202304,22,804,2.0
E1,M04,101-0,D,SF-101,A,202305,23,824,1.0
E1,M04,101-0,D,SF-101,A,202306,24,843,1.0
E1,M04,101-0,D,SF-101,A,202307,25,862,0.0
E1,M04,101-0,D,SF-101,A,202308,26,882,2.0
E1,M04,101-0,D,SF-101,A,202309,27,902,1.0
E1,M04,101-0,D,SF-101,A,202310,28,921,2.0
E1,M04,101-0,D,SF-101,A,202311,29,940,0.0
E1,M04,101-0,D,SF-101,A,202312,30,960,0.0
E1,M04,101-0,D,SF-101,A,202401,31,980,1.0
E1,M04,101-0,D,SF-101,A,202402,32,999,2.0
E1,M04,101-0,D,SF-101,A,202403,33,1018,0.0
E1,M04,101-0,D,SF-101,A,202404,34,1038,1.0
E1,M04,101-0,D,SF-101,A,202405,35,1058,1.0
E1,M04,101-0,D,SF-101,A,202406,36,1077,2.0
E1,M04,101-0,D,SF-101,A,202407,37,1096,2.0
E1,M04,101-0,D,SF-101,A,202408,38,1116,0.0
E1,M04,101-0,D,SF-101,A,202409,39,1136,1.0
E1,M04,101-0,D,SF-101,A,202410,40,1155,1.0
E1,M04,101-0,E,SF-101,A,202202,8,248,0.0
E1,M04,101-0,E,SF-101,A,202203,9,257,1.0
E1,M04,101-0,E,SF-101,A,202204,10,266,0.0
E1,M04,101-0,E,SF-101,A,202205,11,275,0.0
E1,M04,101-0,E,SF-101,A,202206,12,284,0.0
E1,M04,101-0,E,SF-101,A,202207,13,293,1.0
E1,M04,101-0,E,SF-101,A,202208,14,302,0.0
E1,M04,101-0,E,SF-101,A,202209,15,312,1.0
E1,M04,101-0,E,SF-101,A,202210,16,321,0.0
E1,M04,101-0,E,SF-101,A,202211,17,330,1.0
E1,M04,101-0,E,SF-101,A,202212,18,339,0.0
E1,M04,101-0,E,SF-101,A,202301,19,348,1.0
E1,M04,101-0,E,SF-101,A,202302,20,357,0.0
E1,M04,101-0,E,SF-101,A,202303,21,366,0.0
E1,M04,101-0,E,SF-101,A,202304,22,375,1.0
E1,M04,101-0,E,SF-101,A,202305,23,384,1.0
E1,M04,101-0,E,SF-101,A,202306,24,393,0.0
E1,M04,101-0,E,SF-101,A,202307,25,403,0.0
E1,M04,101-0,E,SF-101,A,202308,26,412,0.0
E1,M04,101-0,E,SF-101,A,202309,27,421,0.0
E1,M04,101-0,E,SF-101,A,202310,28,430,0.0
E1,M04,101-0,E,SF-101,A,202311,29,439,0.0
E1,M04,101-0,E,SF-101,A,202312,30,448,0.0
E1,M04,101-0,E,SF-101,A,202401,31,457,0.0
E1,M04,101-0,E,SF-101,A,202402,32,466,1.0
E1,M04,101-0,E,SF-101,A,202403,33,475,1.0
E1,M04,101-0,E,SF-101,A,202404,34,484,1.0
E1,M04,101-0,E,SF-101,A,202405,35,494,0.0
E1,M04,101-0,E,SF-101,A,202406,36,503,0.0
E1,M04,101-0,E,SF-101,A,202407,37,512,1.0
E1,M04,101-0,E,SF-101,A,202408,38,521,0.0
E1,M04,101-0,E,SF-101,A,202409,39,530,1.0
E1,M04,101-0,E,SF-101,A,202410,40,539,0.0
E1,M04,101-0,E,SF-101,A,202411,41,548,2.0
E1,M04,101-0,E,SF-101,A,202412,42,557,1.0
E1,M04,102-0,A,SF-102,A,202106,0,850,1.0
E1,M04,102-0,A,SF-102,A,202107,1,894,2.0
E1,M04,102-0,A,SF-102,A,202108,2,938,0.0
E1,M04,102-0,A,SF-102,A,202109,3,983,2.0
E1,M04,102-0,A,SF-102,A,202110,4,1027,1.0
E1,M04,102-0,A,SF-102,A,202111,5,1071,2.0
E1,M04,102-0,A,SF-102,A,202112,6,1115,1.0
E1,M04,102-0,A,SF-102,A,202201,7,1159,1.0
E1,M04,102-0,A,SF-102,A,202202,8,1204,3.0
E1,M04,102-0,A,SF-102,A,202203,9,1248,1.0
E1,M04,102-0,A,SF-102,A,202204,10,1292,1.0
E1,M04,102-0,A,SF-102,A,202205,11,1336,2.0
E1,M04,102-0,A,SF-102,A,202206,12,1380,0.0
E1,M04,102-0,A,SF-102,A,202207,13,1425,0.0
E1,M04,102-0,A,SF-102,A,202208,14,1469,0.0
E1,M04,102-0,A,SF-102,A,202209,15,1513,3.0
E1,M04,102-0,A,SF-102,A,202210,16,1557,4.0
E1,M04,102-0,A,SF-102,A,202211,17,1601,2.0
E1,M04,102-0,A,SF-102,A,202212,18,1646,2.0
E1,M04,102-0,A,SF-102,A,202301,19,1690,4.0
E1,M04,102-0,A,SF-102,A,202302,20,1734,1.0
E1,M04,102-0,A,SF-102,A,202303,21,1778,1.0
E1,M04,102-0,A,SF-102,A,202304,22,1822,2.0
E1,M04,102-0,A,SF-102,A,202305,23,1867,2.0
E1,M04,102-0,A,SF-102,A,202306,24,1911,1.0
E1,M04,102-0,A,SF-102,A,202307,25,1955,2.0
E1,M04,102-0,A,SF-102,A,202308,26,1999,3.0
E1,M04,102-0,A,SF-102,A,202309,27,2043,7.0
E1,M04,102-0,A,SF-102,A,202310,28,2088,3.0
E1,M04,102-0,A,SF-102,A,202311,29,2132,1.0
E1,M04,102-0,A,SF-102,A,202312,30,2176,0.0
E1,M04,102-0,A,SF-102,A,202401,31,2220,3.0
E1,M04,102-0,A,SF-102,A,202402,32,2264,4.0
E1,M04,102-0,A,SF-102,A,202403,33,2309,6.0
E1,M04,102-0,A,SF-102,A,202404,34,2353,4.0
E1,M04,102-0,A,SF-102,A,202405,35,2397,1.0
E1,M04,102-0,A,SF-102,A,202406,36,2441,3.0
E1,M04,102-0,A,SF-102,A,202407,37,2485,2.0
E1,M04,102-0,A,SF-102,A,202408,38,2530,3.0
E1,M04,102-0,A,SF-102,A,202409,39,2574,2.0
E1,M04,102-0,A,SF-102,A,202410,40,2618,4.0
E1,M04,102-0,A,SF-102,A,202411,41,2662,2.0
E1,M04,102-0,A,SF-102,A,202412,42,2706,2.0
E1,M04,102-0,ALL,SF-102,A,202106,0,2500,3.0
E1,M04,102-0,ALL,SF-102,A,202107,1,2630,4.0
E1,M04,102-0,ALL,SF-102,A,202108,2,2760,3.0
E1,M04,102-0,ALL,SF-102,A,202109,3,2890,3.0
E1,M04,102-0,ALL,SF-102,A,202110,4,3020,2.0
E1,M04,102-0,ALL,SF-102,A,202111,5,3150,3.0
E1,M04,102-0,ALL,SF-102,A,202112,6,3280,4.0
E1,M04,102-0,ALL,SF-102,A,202201,7,3410,7.0
E1,M04,102-0,ALL,SF-102,A,202202,8,3540,4.0
E1,M04,102-0,ALL,SF-102,A,202203,9,3670,3.0
E1,M04,102-0,ALL,SF-102,A,202204,10,3800,4.0
E1,M04,102-0,ALL,SF-102,A,202205,11,3930,3.0
E1,M04,102-0,ALL,SF-102,A,202206,12,4060,3.0
E1,M04,102-0,ALL,SF-102,A,202207,13,4190,0.0
E1,M04,102-0,ALL,SF-102,A,202208,14,4320,4.0
E1,M04,102-0,ALL,SF-102,A,202209,15,4450,5.0
E1,M04,102-0,ALL,SF-102,A,202210,16,4580,10.0
E1,M04,102-0,ALL,SF-102,A,202211,17,4710,7.0
E1,M04,102-0,ALL,SF-102,A,202212,18,4840,4.0
E1,M04,102-0,ALL,SF-102,A,202301,19,4970,13.0
E1,M04,102-0,ALL,SF-102,A,202302,20,5100,3.0
E1,M04,102-0,ALL,SF-102,A,202303,21,5230,6.0
E1,M04,102-0,ALL,SF-102,A,202304,22,5360,5.0
E1,M04,102-0,ALL,SF-102,A,202305,23,5490,6.0
E1,M04,102-0,ALL,SF-102,A,202306,24,5620,7.0
E1,M04,102-0,ALL,SF-102,A,202307,25,5750,6.0
E1,M04,102-0,ALL,SF-102,A,202308,26,5880,5.0
E1,M04,102-0,ALL,SF-102,A,202309,27,6010,10.0
E1,M04,102-0,ALL,SF-102,A,202310,28,6140,7.0
E1,M04,102-0,ALL,SF-102,A,202311,29,6270,5.0
E1,M04,102-0,ALL,SF-102,A,202312,30,6400,6.0
E1,M04,102-0,ALL,SF-102,A,202401,31,6530,7.0
E1,M04,102-0,ALL,SF-102,A,202402,32,6660,7.0
E1,M04,102-0,ALL,SF-102,A,202403,33,6790,11.0
E1,M04,102-0,ALL,SF-102,A,202404,34,6920,8.0
E1,M04,102-0,ALL,SF-102,A,202405,35,7050,6.0
E1,M04,102-0,ALL,SF-102,A,202406,36,7180,7.0
E1,M04,102-0,ALL,SF-102,A,202407,37,7310,6.0
E1,M04,102-0,ALL,SF-102,A,202408,38,7440,6.0
E1,M04,102-0,ALL,SF-102,A,202409,39,7570,6.0
E1,M04,102-0,ALL,SF-102,A,202410,40,7700,9.0
E1,M04,102-0,ALL,SF-102,A,202411,41,7830,5.0
E1,M04,102-0,ALL,SF-102,A,202412,42,7960,4.0
E1,M04,102-0,B,SF-102,A,202106,0,600,1.0
E1,M04,102-0,B,SF-102,A,202107,1,631,1.0
E1,M04,102-0,B,SF-102,A,202108,2,662,1.0
E1,M04,102-0,B,SF-102,A,202109,3,694,1.0
E1,M04,102-0,B,SF-102,A,202110,4,725,0.0
E1,M04,102-0,B,SF-102,A,202111,5,756,0.0
E1,M04,102-0,B,SF-102,A,202112,6,787,1.0
E1,M04,102-0,B,SF-102,A,202201,7,818,2.0
E1,M04,102-0,B,SF-102,A,202202,8,850,1.0
E1,M04,102-0,B,SF-102,A,202203,9,881,2.0
E1,M04,102-0,B,SF-102,A,202204,10,912,1.0
E1,M04,102-0,B,SF-102,A,202205,11,943,1.0
E1,M04,102-0,B,SF-102,A,202206,12,974,2.0
E1,M04,102-0,B,SF-102,A,202207,13,1006,0.0
E1,M04,102-0,B,SF-102,A,202208,14,1037,1.0
E1,M04,102-0,B,SF-102,A,202209,15,1068,1.0
E1,M04,102-0,B,SF-102,A,202210,16,1099,3.0
E1,M04,102-0,B,SF-102,A,202211,17,1130,1.0
E1,M04,102-0,B,SF-102,A,202212,18,1162,0.0
E1,M04,102-0,B,SF-102,A,202301,19,1193,4.0
E1,M04,102-0,B,SF-102,A,202302,20,1224,2.0
E1,M04,102-0,B,SF-102,A,202303,21,1255,3.0
E1,M04,102-0,B,SF-102,A,202304,22,1286,3.0
E1,M04,102-0,B,SF-102,A,202305,23,1318,3.0
E1,M04,102-0,B,SF-102,A,202306,24,1349,1.0
E1,M04,102-0,B,SF-102,A,202307,25,1380,1.0
E1,M04,102-0,B,SF-102,A,202308,26,1411,1.0
E1,M04,102-0,B,SF-102,A,202309,27,1442,0.0
E1,M04,102-0,B,SF-102,A,202310,28,1474,1.0
E1,M04,102-0,B,SF-102,A,202311,29,1505,2.0
E1,M04,102-0,B,SF-102,A,202312,30,1536,4.0
E1,M04,102-0,B,SF-102,A,202401,31,1567,1.0
E1,M04,102-0,B,SF-102,A,202402,32,1598,1.0
E1,M04,102-0,B,SF-102,A,202403,33,1630,1.0
E1,M04,102-0,B,SF-102,A,202404,34,1661,2.0
E1,M04,102-0,B,SF-102,A,202405,35,1692,2.0
E1,M04,102-0,B,SF-102,A,202406,36,1723,3.0
E1,M04,102-0,B,SF-102,A,202407,37,1754,0.0
E1,M04,102-0,B,SF-102,A,202408,38,1786,2.0
E1,M04,102-0,B,SF-102,A,202409,39,1817,0.0
E1,M04,102-0,B,SF-102,A,202410,40,1848,2.0
E1,M04,102-0,B,SF-102,A,202411,41,1879,2.0
E1,M04,102-0,B,SF-102,A,202412,42,1910,1.0
E1,M04,102-0,C,SF-102,A,202106,0,500,1.0
E1,M04,102-0,C,SF-102,A,202107,1,526,1.0
E1,M04,102-0,C,SF-102,A,202108,2,552,0.0
E1,M04,102-0,C,SF-102,A,202109,3,578,0.0
E1,M04,102-0,C,SF-102,A,202110,4,604,0.0
E1,M04,102-0,C,SF-102,A,202111,5,630,1.0
E1,M04,102-0,C,SF-102,A,202112,6,656,2.0
E1,M04,102-0,C,SF-102,A,202201,7,682,3.0
E1,M04,102-0,C,SF-102,A,202202,8,708,0.0
E1,M04,102-0,C,SF-102,A,202203,9,734,0.0
E1,M04,102-0,C,SF-102,A,202204,10,760,1.0
E1,M04,102-0,C,SF-102,A,202205,11,786,0.0
E1,M04,102-0,C,SF-102,A,202206,12,812,1.0
E1,M04,102-0,C,SF-102,A,202207,13,838,0.0
E1,M04,102-0,C,SF-102,A,202208,14,864,2.0
E1,M04,102-0,C,SF-102,A,202209,15,890,1.0
E1,M04,102-0,C,SF-102,A,202210,16,916,1.0
E1,M04,102-0,C,SF-102,A,202211,17,942,4.0
E1,M04,102-0,C,SF-102,A,202212,18,968,1.0
E1,M04,102-0,C,SF-102,A,202301,19,994,5.0
E1,M04,102-0,C,SF-102,A,202302,20,1020,0.0
E1,M04,102-0,C,SF-102,A,202303,21,1046,1.0
E1,M04,102-0,C,SF-102,A,202304,22,1072,0.0
E1,M04,102-0,C,SF-102,A,202305,23,1098,0.0
E1,M04,102-0,C,SF-102,A,202306,24,1124,2.0
E1,M04,102-0,C,SF-102,A,202307,25,1150,1.0
E1,M04,102-0,C,SF-102,A,202308,26,1176,0.0
E1,M04,102-0,C,SF-102,A,202309,27,1202,0.0
E1,M04,102-0,C,SF-102,A,202310,28,1228,1.0
E1,M04,102-0,C,SF-102,A,202311,29,1254,1.0
E1,M04,102-0,C,SF-102,A,202312,30,1280,1.0
E1,M04,102-0,C,SF-102,A,202401,31,1306,2.0
E1,M04,102-0,C,SF-102,A,202402,32,1332,1.0
E1,M04,102-0,C,SF-102,A,202403,33,1358,3.0
E1,M04,102-0,C,SF-102,A,202404,34,1384,1.0
E1,M04,102-0,C,SF-102,A,202405,35,1410,0.0
E1,M04,102-0,C,SF-102,A,202406,36,1436,1.0
E1,M04,102-0,C,SF-102,A,202407,37,1462,3.0
E1,M04,102-0,C,SF-102,A,202408,38,1488,0.0
E1,M04,102-0,C,SF-102,A,202409,39,1514,2.0
E1,M04,102-0,C,SF-102,A,202410,40,1540,2.0
E1,M04,102-0,C,SF-102,A,202411,41,1566,1.0
E1,M04,102-0,D,SF-102,A,202108,2,414,2.0
E1,M04,102-0,D,SF-102,A,202109,3,434,0.0
E1,M04,102-0,D,SF-102,A,202110,4,453,1.0
E1,M04,102-0,D,SF-102,A,202111,5,472,0.0
E1,M04,102-0,D,SF-102,A,202112,6,492,0.0
E1,M04,102-0,D,SF-102,A,202201,7,512,1.0
E1,M04,102-0,D,SF-102,A,202202,8,531,0.0
E1,M04,102-0,D,SF-102,A,202203,9,550,0.0
E1,M04,102-0,D,SF-102,A,202204,10,570,1.0
E1,M04,102-0,D,SF-102,A,202205,11,590,0.0
E1,M04,102-0,D,SF-102,A,202206,12,609,0.0
E1,M04,102-0,D,SF-102,A,202207,13,628,0.0
E1,M04,102-0,D,SF-102,A,202208,14,648,1.0
E1,M04,102-0,D,SF-102,A,202209,15,668,0.0
E1,M04,102-0,D,SF-102,A,202210,16,687,1.0
E1,M04,102-0,D,SF-102,A,202211,17,706,0.0
E1,M04,102-0,D,SF-102,A,202212,18,726,1.0
E1,M04,102-0,D,SF-102,A,202301,19,746,0.0
E1,M04,102-0,D,SF-102,A,202302,20,765,0.0
E1,M04,102-0,D,SF-102,A,202303,21,784,1.0
E1,M04,102-0,D,SF-102,A,202304,22,804,0.0
E1,M04,102-0,D,SF-102,A,202305,23,824,1.0
E1,M04,102-0,D,SF-102,A,202306,24,843,3.0
E1,M04,102-0,D,SF-102,A,202307,25,862,0.0
E1,M04,102-0,D,SF-102,A,202308,26,882,0.0
E1,M04,102-0,D,SF-102,A,202309,27,902,2.0
E1,M04,102-0,D,SF-102,A,202310,28,921,2.0
E1,M04,102-0,D,SF-102,A,202311,29,940,1.0
E1,M04,102-0,D,SF-102,A,202312,30,960,0.0
E1,M04,102-0,D,SF-102,A,202401,31,980,1.0
E1,M04,102-0,D,SF-102,A,202402,32,999,1.0
E1,M04,102-0,D,SF-102,A,202403,33,1018,0.0
E1,M04,102-0,D,SF-102,A,202404,34,1038,0.0
E1,M04,102-0,D,SF-102,A,202405,35,1058,2.0
E1,M04,102-0,D,SF-102,A,202406,36,1077,0.0
E1,M04,102-0,D,SF-102,A,202407,37,1096,1.0
E1,M04,102-0,D,SF-102,A,202408,38,1116,0.0
E1,M04,102-0,D,SF-102,A,202409,39,1136,2.0
E1,M04,102-0,D,SF-102,A,202410,40,1155,0.0
E1,M04,102-0,E,SF-102,A,202202,8,248,0.0
E1,M04,102-0,E,SF-102,A,202203,9,257,0.0
E1,M04,102-0,E,SF-102,A,202204,10,266,0.0
E1,M04,102-0,E,SF-102,A,202205,11,275,0.0
E1,M04,102-0,E,SF-102,A,202206,12,284,0.0
E1,M04,102-0,E,SF-102,A,202207,13,293,0.0
E1,M04,102-0,E,SF-102,A,202208,14,302,0.0
E1,M04,102-0,E,SF-102,A,202209,15,312,0.0
E1,M04,102-0,E,SF-102,A,202210,16,321,1.0
E1,M04,102-0,E,SF-102,A,202211,17,330,0.0
E1,M04,102-0,E,SF-102,A,202212,18,339,0.0
E1,M04,102-0,E,SF-102,A,202301,19,348,0.0
E1,M04,102-0,E,SF-102,A,202302,20,357,0.0
E1,M04,102-0,E,SF-102,A,202303,21,366,0.0
E1,M04,102-0,E,SF-102,A,202304,22,375,0.0
E1,M04,102-0,E,SF-102,A,202305,23,384,0.0
E1,M04,102-0,E,SF-102,A,202306,24,393,0.0
E1,M04,102-0,E,SF-102,A,202307,25,403,2.0
E1,M04,102-0,E,SF-102,A,202308,26,412,1.0
E1,M04,102-0,E,SF-102,A,202309,27,421,1.0
E1,M04,102-0,E,SF-102,A,202310,28,430,0.0
E1,M04,102-0,E,SF-102,A,202311,29,439,0.0
E1,M04,102-0,E,SF-102,A,202312,30,448,1.0
E1,M04,102-0,E,SF-102,A,202401,31,457,0.0
E1,M04,102-0,E,SF-102,A,202402,32,466,0.0
E1,M04,102-0,E,SF-102,A,202403,33,475,1.0
E1,M04,102-0,E,SF-102,A,202404,34,484,1.0
E1,M04,102-0,E,SF-102,A,202405,35,494,1.0
E1,M04,102-0,E,SF-102,A,202406,36,503,0.0
E1,M04,102-0,E,SF-102,A,202407,37,512,0.0
E1,M04,102-0,E,SF-102,A,202408,38,521,1.0
E1,M04,102-0,E,SF-102,A,202409,39,530,0.0
E1,M04,102-0,E,SF-102,A,202410,40,539,1.0
E1,M04,102-0,E,SF-102,A,202411,41,548,0.0
E1,M04,102-0,E,SF-102,A,202412,42,557,1.0
E1,M04,103-0,A,SF-103,A,202106,0,850,1.0
E1,M04,103-0,A,SF-103,A,202108,2,938,0.0
E1,M04,103-0,A,SF-103,A,202109,3,983,0.0
E1,M04,103-0,A,SF-103,A,202110,4,1027,1.0
E1,M04,103-0,A,SF-103,A,202111,5,1071,1.0
E1,M04,103-0,A,SF-103,A,202112,6,1115,1.0
E1,M04,103-0,A,SF-103,A,202201,7,1159,0.0
E1,M04,103-0,A,SF-103,A,202202,8,1204,1.0
E1,M04,103-0,A,SF-103,A,202203,9,1248,0.0
E1,M04,103-0,A,SF-103,A,202204,10,1292,2.0
E1,M04,103-0,A,SF-103,A,202205,11,1336,1.0
E1,M04,103-0,A,SF-103,A,202206,12,1380,2.0
E1,M04,103-0,A,SF-103,A,202207,13,1425,4.0
E1,M04,103-0,A,SF-103,A,202208,14,1469,1.0
E1,M04,103-0,A,SF-103,A,202209,15,1513,2.0
E1,M04,103-0,A,SF-103,A,202210,16,1557,3.0
E1,M04,103-0,A,SF-103,A,202211,17,1601,1.0
E1,M04,103-0,A,SF-103,A,202212,18,1646,1.0
E1,M04,103-0,A,SF-103,A,202301,19,1690,0.0
E1,M04,103-0,A,SF-103,A,202302,20,1734,4.0
E1,M04,103-0,A,SF-103,A,202303,21,1778,0.0
E1,M04,103-0,A,SF-103,A,202304,22,1822,5.0
E1,M04,103-0,A,SF-103,A,202305,23,1867,4.0
E1,M04,103-0,A,SF-103,A,202306,24,1911,0.0
E1,M04,103-0,A,SF-103,A,202307,25,1955,2.0
E1,M04,103-0,A,SF-103,A,202308,26,1999,2.0
E1,M04,103-0,A,SF-103,A,202309,27,2043,0.0
E1,M04,103-0,A,SF-103,A,202310,28,2088,0.0
E1,M04,103-0,A,SF-103,A,202311,29,2132,0.0
E1,M04,103-0,A,SF-103,A,202312,30,2176,2.0
E1,M04,103-0,A,SF-103,A,202401,31,2220,2.0
E1,M04,103-0,A,SF-103,A,202402,32,2264,1.0
E1,M04,103-0,A,SF-103,A,202403,33,2309,1.0
E1,M04,103-0,A,SF-103,A,202404,34,2353,1.0
E1,M04,103-0,A,SF-103,A,202405,35,2397,3.0
E1,M04,103-0,A,SF-103,A,202406,36,2441,1.0
E1,M04,103-0,A,SF-103,A,202407,37,2485,2.0
E1,M04,103-0,A,SF-103,A,202408,38,2530,0.0
E1,M04,103-0,A,SF-103,A,202409,39,2574,1.0
E1,M04,103-0,A,SF-103,A,202410,40,2618,3.0
E1,M04,103-0,A,SF-103,A,202411,41,2662,3.0
E1,M04,103-0,A,SF-103,A,202412,42,2706,1.0
E1,M04,103-0,ALL,SF-103,A,202106,0,2500,1.0
E1,M04,103-0,ALL,SF-103,A,202107,1,2630,2.0
E1,M04,103-0,ALL,SF-103,A,202108,2,2760,3.0
E1,M04,103-0,ALL,SF-103,A,202109,3,2890,3.0
E1,M04,103-0,ALL,SF-103,A,202110,4,3020,2.0
E1,M04,103-0,ALL,SF-103,A,202111,5,3150,1.0
E1,M04,103-0,ALL,SF-103,A,202112,6,3280,2.0
E1,M04,103-0,ALL,SF-103,A,202201,7,3410,0.0
E1,M04,103-0,ALL,SF-103,A,202202,8,3540,5.0
E1,M04,103-0,ALL,SF-103,A,202203,9,3670,2.0
E1,M04,103-0,ALL,SF-103,A,202204,10,3800,6.0
E1,M04,103-0,ALL,SF-103,A,202205,11,3930,4.0
E1,M04,103-0,ALL,SF-103,A,202206,12,4060,4.0
E1,M04,103-0,ALL,SF-103,A,202207,13,4190,5.0
E1,M04,103-0,ALL,SF-103,A,202208,14,4320,2.0
E1,M04,103-0,ALL,SF-103,A,202209,15,4450,5.0
E1,M04,103-0,ALL,SF-103,A,202210,16,4580,3.0
E1,M04,103-0,ALL,SF-103,A,202211,17,4710,1.0
E1,M04,103-0,ALL,SF-103,A,202212,18,4840,1.0
E1,M04,103-0,ALL,SF-103,A,202301,19,4970,1.0
E1,M04,103-0,ALL,SF-103,A,202302,20,5100,6.0
E1,M04,103-0,ALL,SF-103,A,202303,21,5230,3.0
E1,M04,103-0,ALL,SF-103,A,202304,22,5360,5.0
E1,M04,103-0,ALL,SF-103,A,202305,23,5490,5.0
E1,M04,103-0,ALL,SF-103,A,202306,24,5620,3.0
E1,M04,103-0,ALL,SF-103,A,202307,25,5750,5.0
E1,M04,103-0,ALL,SF-103,A,202308,26,5880,7.0
E1,M04,103-0,ALL,SF-103,A,202309,27,6010,2.0
E1,M04,103-0,ALL,SF-103,A,202310,28,6140,3.0
E1,M04,103-0,ALL,SF-103,A,202311,29,6270,1.0
E1,M04,103-0,ALL,SF-103,A,202312,30,6400,4.0
E1,M04,103-0,ALL,SF-103,A,202401,31,6530,5.0
E1,M04,103-0,ALL,SF-103,A,202402,32,6660,5.0
E1,M04,103-0,ALL,SF-103,A,202403,33,6790,5.0
E1,M04,103-0,ALL,SF-103,A,202404,34,6920,3.0
E1,M04,103-0,ALL,SF-103,A,202405,35,7050,10.0
E1,M04,103-0,ALL,SF-103,A,202406,36,7180,5.0
E1,M04,103-0,ALL,SF-103,A,202407,37,7310,9.0
E1,M04,103-0,ALL,SF-103,A,202408,38,7440,4.0
E1,M04,103-0,ALL,SF-103,A,202409,39,7570,2.0
E1,M04,103-0,ALL,SF-103,A,202410,40,7700,8.0
E1,M04,103-0,ALL,SF-103,A,202411,41,7830,6.0
E1,M04,103-0,ALL,SF-103,A,202412,42,7960,1.0
E1,M04,103-0,B,SF-103,A,202107,1,631,1.0
E1,M04,103-0,B,SF-103,A,202108,2,662,2.0
E1,M04,103-0,B,SF-103,A,202109,3,694,1.0
E1,M04,103-0,B,SF-103,A,202110,4,725,0.0
E1,M04,103-0,B,SF-103,A,202111,5,756,0.0
E1,M04,103-0,B,SF-103,A,202112,6,787,0.0
E1,M04,103-0,B,SF-103,A,202201,7,818,0.0
E1,M04,103-0,B,SF-103,A,202202,8,850,1.0
E1,M04,103-0,B,SF-103,A,202203,9,881,0.0
E1,M04,103-0,B,SF-103,A,202204,10,912,3.0
E1,M04,103-0,B,SF-103,A,202205,11,943,0.0
E1,M04,103-0,B,SF-103,A,202206,12,974,1.0
E1,M04,103-0,B,SF-103,A,202207,13,1006,0.0
E1,M04,103-0,B,SF-103,A,202208,14,1037,0.0
E1,M04,103-0,B,SF-103,A,202209,15,1068,1.0
E1,M04,103-0,B,SF-103,A,202210,16,1099,0.0
E1,M04,103-0,B,SF-103,A,202211,17,1130,0.0
E1,M04,103-0,B,SF-103,A,202212,18,1162,0.0
E1,M04,103-0,B,SF-103,A,202301,19,1193,0.0
E1,M04,103-0,B,SF-103,A,202302,20,1224,0.0
E1,M04,103-0,B,SF-103,A,202303,21,1255,2.0
E1,M04,103-0,B,SF-103,A,202304,22,1286,0.0
E1,M04,103-0,B,SF-103,A,202305,23,1318,1.0
E1,M04,103-0,B,SF-103,A,202306,24,1349,0.0
E1,M04,103-0,B,SF-103,A,202307,25,1380,1.0
E1,M04,103-0,B,SF-103,A,202308,26,1411,0.0
E1,M04,103-0,B,SF-103,A,202309,27,1442,0.0
E1,M04,103-0,B,SF-103,A,202310,28,1474,1.0
E1,M04,103-0,B,SF-103,A,202311,29,1505,0.0
E1,M04,103-0,B,SF-103,A,202312,30,1536,0.0
E1,M04,103-0,B,SF-103,A,202401,31,1567,2.0
E1,M04,103-0,B,SF-103,A,202402,32,1598,1.0
E1,M04,103-0,B,SF-103,A,202403,33,1630,2.0
E1,M04,103-0,B,SF-103,A,202404,34,1661,0.0
E1,M04,103-0,B,SF-103,A,202405,35,1692,3.0
E1,M04,103-0,B,SF-103,A,202406,36,1723,2.0
E1,M04,103-0,B,SF-103,A,202407,37,1754,2.0
E1,M04,103-0,B,SF-103,A,202408,38,1786,3.0
E1,M04,103-0,B,SF-103,A,202409,39,1817,0.0
E1,M04,103-0,B,SF-103,A,202410,40,1848,3.0
E1,M04,103-0,B,SF-103,A,202411,41,1879,2.0
E1,M04,103-0,B,SF-103,A,202412,42,1910,0.0
E1,M04,103-0,C,SF-103,A,202108,2,552,0.0
E1,M04,103-0,C,SF-103,A,202109,3,578,2.0
E1,M04,103-0,C,SF-103,A,202110,4,604,0.0
E1,M04,103-0,C,SF-103,A,202111,5,630,0.0
E1,M04,103-0,C,SF-103,A,202112,6,656,0.0
E1,M04,103-0,C,SF-103,A,202201,7,682,0.0
E1,M04,103-0,C,SF-103,A,202202,8,708,0.0
E1,M04,103-0,C,SF-103,A,202203,9,734,1.0
E1,M04,103-0,C,SF-103,A,202204,10,760,1.0
E1,M04,103-0,C,SF-103,A,202205,11,786,1.0
E1,M04,103-0,C,SF-103,A,202206,12,812,1.0
E1,M04,103-0,C,SF-103,A,202207,13,838,0.0
E1,M04,103-0,C,SF-103,A,202208,14,864,1.0
E1,M04,103-0,C,SF-103,A,202209,15,890,2.0
E1,M04,103-0,C,SF-103,A,202210,16,916,0.0
E1,M04,103-0,C,SF-103,A,202211,17,942,0.0
E1,M04,103-0,C,SF-103,A,202212,18,968,0.0
E1,M04,103-0,C,SF-103,A,202301,19,994,1.0
E1,M04,103-0,C,SF-103,A,202302,20,1020,0.0
E1,M04,103-0,C,SF-103,A,202303,21,1046,1.0
E1,M04,103-0,C,SF-103,A,202304,22,1072,0.0
E1,M04,103-0,C,SF-103,A,202305,23,1098,0.0
E1,M04,103-0,C,SF-103,A,202306,24,1124,1.0
E1,M04,103-0,C,SF-103,A,202307,25,1150,1.0
E1,M04,103-0,C,SF-103,A,202308,26,1176,2.0
E1,M04,103-0,C,SF-103,A,202309,27,1202,1.0
E1,M04,103-0,C,SF-103,A,202310,28,1228,0.0
E1,M04,103-0,C,SF-103,A,202311,29,1254,0.0
E1,M04,103-0,C,SF-103,A,202312,30,1280,1.0
E1,M04,103-0,C,SF-103,A,202401,31,1306,0.0
E1,M04,103-0,C,SF-103,A,202402,32,1332,2.0
E1,M04,103-0,C,SF-103,A,202403,33,1358,0.0
E1,M04,103-0,C,SF-103,A,202404,34,1384,1.0
E1,M04,103-0,C,SF-103,A,202405,35,1410,1.0
E1,M04,103-0,C,SF-103,A,202406,36,1436,1.0
E1,M04,103-0,C,SF-103,A,202407,37,1462,3.0
E1,M04,103-0,C,SF-103,A,202408,38,1488,0.0
E1,M04,103-0,C,SF-103,A,202409,39,1514,0.0
E1,M04,103-0,C,SF-103,A,202410,40,1540,2.0
E1,M04,103-0,C,SF-103,A,202411,41,1566,1.0
E1,M04,103-0,D,SF-103,A,202107,1,394,1.0
E1,M04,103-0,D,SF-103,A,202108,2,414,1.0
E1,M04,103-0,D,SF-103,A,202109,3,434,0.0
E1,M04,103-0,D,SF-103,A,202110,4,453,1.0
E1,M04,103-0,D,SF-103,A,202111,5,472,0.0
E1,M04,103-0,D,SF-103,A,202112,6,492,1.0
E1,M04,103-0,D,SF-103,A,202201,7,512,0.0
E1,M04,103-0,D,SF-103,A,202202,8,531,2.0
E1,M04,103-0,D,SF-103,A,202203,9,550,1.0
E1,M04,103-0,D,SF-103,A,202204,10,570,0.0
E1,M04,103-0,D,SF-103,A,202205,11,590,1.0
E1,M04,103-0,D,SF-103,A,202206,12,609,0.0
E1,M04,103-0,D,SF-103,A,202207,13,628,1.0
E1,M04,103-0,D,SF-103,A,202208,14,648,0.0
E1,M04,103-0,D,SF-103,A,202209,15,668,0.0
E1,M04,103-0,D,SF-103,A,202210,16,687,0.0
E1,M04,103-0,D,SF-103,A,202211,17,706,0.0
E1,M04,103-0,D,SF-103,A,202212,18,726,0.0
E1,M04,103-0,D,SF-103,A,202301,19,746,0.0
E1,M04,103-0,D,SF-103,A,202302,20,765,1.0
E1,M04,103-0,D,SF-103,A,202303,21,784,0.0
E1,M04,103-0,D,SF-103,A,202304,22,804,0.0
E1,M04,103-0,D,SF-103,A,202305,23,824,0.0
E1,M04,103-0,D,SF-103,A,202306,24,843,1.0
E1,M04,103-0,D,SF-103,A,202307,25,862,0.0
E1,M04,103-0,D,SF-103,A,202308,26,882,1.0
E1,M04,103-0,D,SF-103,A,202309,27,902,1.0
E1,M04,103-0,D,SF-103,A,202310,28,921,2.0
E1,M04,103-0,D,SF-103,A,202311,29,940,0.0
E1,M04,103-0,D,SF-103,A,202312,30,960,1.0
E1,M04,103-0,D,SF-103,A,202401,31,980,1.0
E1,M04,103-0,D,SF-103,A,202402,32,999,0.0
E1,M04,103-0,D,SF-103,A,202403,33,1018,1.0
E1,M04,103-0,D,SF-103,A,202404,34,1038,0.0
E1,M04,103-0,D,SF-103,A,202405,35,1058,2.0
E1,M04,103-0,D,SF-103,A,202406,36,1077,0.0
E1,M04,103-0,D,SF-103,A,202407,37,1096,1.0
E1,M04,103-0,D,SF-103,A,202408,38,1116,1.0
E1,M04,103-0,D,SF-103,A,202409,39,1136,1.0
E1,M04,103-0,D,SF-103,A,202410,40,1155,0.0
E1,M04,103-0,E,SF-103,A,202202,8,248,1.0
E1,M04,103-0,E,SF-103,A,202203,9,257,0.0
E1,M04,103-0,E,SF-103,A,202204,10,266,0.0
E1,M04,103-0,E,SF-103,A,202205,11,275,1.0
E1,M04,103-0,E,SF-103,A,202206,12,284,0.0
E1,M04,103-0,E,SF-103,A,202207,13,293,0.0
E1,M04,103-0,E,SF-103,A,202208,14,302,0.0
E1,M04,103-0,E,SF-103,A,202209,15,312,0.0
E1,M04,103-0,E,SF-103,A,202210,16,321,0.0
E1,M04,103-0,E,SF-103,A,202211,17,330,0.0
E1,M04,103-0,E,SF-103,A,202212,18,339,0.0
E1,M04,103-0,E,SF-103,A,202301,19,348,0.0
E1,M04,103-0,E,SF-103,A,202302,20,357,1.0
E1,M04,103-0,E,SF-103,A,202303,21,366,0.0
E1,M04,103-0,E,SF-103,A,202304,22,375,0.0
E1,M04,103-0,E,SF-103,A,202305,23,384,0.0
E1,M04,103-0,E,SF-103,A,202306,24,393,1.0
E1,M04,103-0,E,SF-103,A,202307,25,403,1.0
E1,M04,103-0,E,SF-103,A,202308,26,412,2.0
E1,M04,103-0,E,SF-103,A,202309,27,421,0.0
E1,M04,103-0,E,SF-103,A,202310,28,430,0.0
E1,M04,103-0,E,SF-103,A,202311,29,439,1.0
E1,M04,103-0,E,SF-103,A,202312,30,448,0.0
E1,M04,103-0,E,SF-103,A,202401,31,457,0.0
E1,M04,103-0,E,SF-103,A,202402,32,466,1.0
E1,M04,103-0,E,SF-103,A,202403,33,475,1.0
E1,M04,103-0,E,SF-103,A,202404,34,484,1.0
E1,M04,103-0,E,SF-103,A,202405,35,494,1.0
E1,M04,103-0,E,SF-103,A,202406,36,503,1.0
E1,M04,103-0,E,SF-103,A,202407,37,512,1.0
E1,M04,103-0,E,SF-103,A,202408,38,521,0.0
E1,M04,103-0,E,SF-103,A,202409,39,530,0.0
E1,M04,103-0,E,SF-103,A,202410,40,539,0.0
E1,M04,103-0,E,SF-103,A,202411,41,548,0.0
E1,M04,103-0,E,SF-103,A,202412,42,557,0.0
E1,M04,103-1,A,SF-103,A,202106,0,850,1.0
E1,M04,103-1,A,SF-103,A,202108,2,938,1.0
E1,M04,103-1,A,SF-103,A,202109,3,983,3.0
E1,M04,103-1,A,SF-103,A,202110,4,1027,1.0
E1,M04,103-1,A,SF-103,A,202111,5,1071,0.0
E1,M04,103-1,A,SF-103,A,202112,6,1115,0.0
E1,M04,103-1,A,SF-103,A,202201,7,1159,0.0
E1,M04,103-1,A,SF-103,A,202202,8,1204,1.0
E1,M04,103-1,A,SF-103,A,202203,9,1248,1.0
E1,M04,103-1,A,SF-103,A,202204,10,1292,2.0
E1,M04,103-1,A,SF-103,A,202205,11,1336,1.0
E1,M04,103-1,A,SF-103,A,202206,12,1380,2.0
E1,M04,103-1,A,SF-103,A,202207,13,1425,3.0
E1,M04,103-1,A,SF-103,A,202208,14,1469,0.0
E1,M04,103-1,A,SF-103,A,202209,15,1513,0.0
E1,M04,103-1,A,SF-103,A,202210,16,1557,1.0
E1,M04,103-1,A,SF-103,A,202211,17,1601,1.0
E1,M04,103-1,A,SF-103,A,202212,18,1646,1.0
E1,M04,103-1,A,SF-103,A,202301,19,1690,2.0
E1,M04,103-1,A,SF-103,A,202302,20,1734,1.0
E1,M04,103-1,A,SF-103,A,202303,21,1778,0.0
E1,M04,103-1,A,SF-103,A,202304,22,1822,4.0
E1,M04,103-1,A,SF-103,A,202305,23,1867,1.0
E1,M04,103-1,A,SF-103,A,202306,24,1911,0.0
E1,M04,103-1,A,SF-103,A,202307,25,1955,1.0
E1,M04,103-1,A,SF-103,A,202308,26,1999,1.0
E1,M04,103-1,A,SF-103,A,202309,27,2043,0.0
E1,M04,103-1,A,SF-103,A,202310,28,2088,1.0
E1,M04,103-1,A,SF-103,A,202311,29,2132,2.0
E1,M04,103-1,A,SF-103,A,202312,30,2176,2.0
E1,M04,103-1,A,SF-103,A,202401,31,2220,1.0
E1,M04,103-1,A,SF-103,A,202402,32,2264,0.0
E1,M04,103-1,A,SF-103,A,202403,33,2309,2.0
E1,M04,103-1,A,SF-103,A,202404,34,2353,0.0
E1,M04,103-1,A,SF-103,A,202405,35,2397,1.0
E1,M04,103-1,A,SF-103,A,202406,36,2441,1.0
E1,M04,103-1,A,SF-103,A,202407,37,2485,0.0
E1,M04,103-1,A,SF-103,A,202408,38,2530,1.0
E1,M04,103-1,A,SF-103,A,202409,39,2574,1.0
E1,M04,103-1,A,SF-103,A,202410,40,2618,1.0
E1,M04,103-1,A,SF-103,A,202411,41,2662,2.0
E1,M04,103-1,A,SF-103,A,202412,42,2706,3.0
E1,M04,103-1,ALL,SF-103,A,202106,0,2500,3.0
E1,M04,103-1,ALL,SF-103,A,202107,1,2630,1.0
E1,M04,103-1,ALL,SF-103,A,202108,2,2760,1.0
E1,M04,103-1,ALL,SF-103,A,202109,3,2890,4.0
E1,M04,103-1,ALL,SF-103,A,202110,4,3020,1.0
E1,M04,103-1,ALL,SF-103,A,202111,5,3150,0.0
E1,M04,103-1,ALL,SF-103,A,202112,6,3280,3.0
E1,M04,103-1,ALL,SF-103,A,202201,7,3410,1.0
E1,M04,103-1,ALL,SF-103,A,202202,8,3540,3.0
E1,M04,103-1,ALL,SF-103,A,202203,9,3670,2.0
E1,M04,103-1,ALL,SF-103,A,202204,10,3800,5.0
E1,M04,103-1,ALL,SF-103,A,202205,11,3930,3.0
E1,M04,103-1,ALL,SF-103,A,202206,12,4060,7.0
E1,M04,103-1,ALL,SF-103,A,202207,13,4190,5.0
E1,M04,103-1,ALL,SF-103,A,202208,14,4320,5.0
E1,M04,103-1,ALL,SF-103,A,202209,15,4450,4.0
E1,M04,103-1,ALL,SF-103,A,202210,16,4580,2.0
E1,M04,103-1,ALL,SF-103,A,202211,17,4710,4.0
E1,M04,103-1,ALL,SF-103,A,202212,18,4840,1.0
E1,M04,103-1,ALL,SF-103,A,202301,19,4970,5.0
E1,M04,103-1,ALL,SF-103,A,202302,20,5100,5.0
E1,M04,103-1,ALL,SF-103,A,202303,21,5230,6.0
E1,M04,103-1,ALL,SF-103,A,202304,22,5360,8.0
E1,M04,103-1,ALL,SF-103,A,202305,23,5490,4.0
E1,M04,103-1,ALL,SF-103,A,202306,24,5620,1.0
E1,M04,103-1,ALL,SF-103,A,202307,25,5750,3.0
E1,M04,103-1,ALL,SF-103,A,202308,26,5880,6.0
E1,M04,103-1,ALL,SF-103,A,202309,27,6010,5.0
E1,M04,103-1,ALL,SF-103,A,202310,28,6140,7.0
E1,M04,103-1,ALL,SF-103,A,202311,29,6270,3.0
E1,M04,103-1,ALL,SF-103,A,202312,30,6400,3.0
E1,M04,103-1,ALL,SF-103,A,202401,31,6530,3.0
E1,M04,103-1,ALL,SF-103,A,202402,32,6660,4.0
E1,M04,103-1,ALL,SF-103,A,202403,33,6790,4.0
E1,M04,103-1,ALL,SF-103,A,202404,34,6920,3.0
E1,M04,103-1,ALL,SF-103,A,202405,35,7050,4.0
E1,M04,103-1,ALL,SF-103,A,202406,36,7180,1.0
E1,M04,103-1,ALL,SF-103,A,202407,37,7310,3.0
E1,M04,103-1,ALL,SF-103,A,202408,38,7440,4.0
E1,M04,103-1,ALL,SF-103,A,202409,39,7570,6.0
E1,M04,103-1,ALL,SF-103,A,202410,40,7700,5.0
E1,M04,103-1,ALL,SF-103,A,202411,41,7830,6.0
E1,M04,103-1,ALL,SF-103,A,202412,42,7960,4.0
E1,M04,103-1,B,SF-103,A,202106,0,600,1.0
E1,M04,103-1,B,SF-103,A,202107,1,631,1.0
E1,M04,103-1,B,SF-103,A,202108,2,662,0.0
E1,M04,103-1,B,SF-103,A,202109,3,694,0.0
E1,M04,103-1,B,SF-103,A,202110,4,725,0.0
E1,M04,103-1,B,SF-103,A,202111,5,756,0.0
E1,M04,103-1,B,SF-103,A,202112,6,787,2.0
E1,M04,103-1,B,SF-103,A,202201,7,818,0.0
E1,M04,103-1,B,SF-103,A,202202,8,850,0.0
E1,M04,103-1,B,SF-103,A,202203,9,881,1.0
E1,M04,103-1,B,SF-103,A,202204,10,912,0.0
E1,M04,103-1,B,SF-103,A,202205,11,943,0.0
E1,M04,103-1,B,SF-103,A,202206,12,974,1.0
E1,M04,103-1,B,SF-103,A,202207,13,1006,0.0
E1,M04,103-1,B,SF-103,A,202208,14,1037,1.0
E1,M04,103-1,B,SF-103,A,202209,15,1068,2.0
E1,M04,103-1,B,SF-103,A,202210,16,1099,0.0
E1,M04,103-1,B,SF-103,A,202211,17,1130,2.0
E1,M04,103-1,B,SF-103,A,202212,18,1162,0.0
E1,M04,103-1,B,SF-103,A,202301,19,1193,1.0
E1,M04,103-1,B,SF-103,A,202302,20,1224,1.0
E1,M04,103-1,B,SF-103,A,202303,21,1255,2.0
E1,M04,103-1,B,SF-103,A,202304,22,1286,1.0
E1,M04,103-1,B,SF-103,A,202305,23,1318,1.0
E1,M04,103-1,B,SF-103,A,202306,24,1349,0.0
E1,M04,103-1,B,SF-103,A,202307,25,1380,2.0
E1,M04,103-1,B,SF-103,A,202308,26,1411,1.0
E1,M04,103-1,B,SF-103,A,202309,27,1442,1.0
E1,M04,103-1,B,SF-103,A,202310,28,1474,2.0
E1,M04,103-1,B,SF-103,A,202311,29,1505,0.0
E1,M04,103-1,B,SF-103,A,202312,30,1536,0.0
E1,M04,103-1,B,SF-103,A,202401,31,1567,0.0
E1,M04,103-1,B,SF-103,A,202402,32,1598,1.0
E1,M04,103-1,B,SF-103,A,202403,33,1630,1.0
E1,M04,103-1,B,SF-103,A,202404,34,1661,1.0
E1,M04,103-1,B,SF-103,A,202405,35,1692,1.0
E1,M04,103-1,B,SF-103,A,202406,36,1723,0.0
E1,M04,103-1,B,SF-103,A,202407,37,1754,1.0
E1,M04,103-1,B,SF-103,A,202408,38,1786,1.0
E1,M04,103-1,B,SF-103,A,202409,39,1817,4.0
E1,M04,103-1,B,SF-103,A,202410,40,1848,1.0
E1,M04,103-1,B,SF-103,A,202411,41,1879,2.0
E1,M04,103-1,B,SF-103,A,202412,42,1910,1.0
E1,M04,103-1,C,SF-103,A,202106,0,500,1.0
E1,M04,103-1,C,SF-103,A,202108,2,552,0.0
E1,M04,103-1,C,SF-103,A,202109,3,578,0.0
E1,M04,103-1,C,SF-103,A,202110,4,604,0.0
E1,M04,103-1,C,SF-103,A,202111,5,630,0.0
E1,M04,103-1,C,SF-103,A,202112,6,656,0.0
E1,M04,103-1,C,SF-103,A,202201,7,682,1.0
E1,M04,103-1,C,SF-103,A,202202,8,708,1.0
E1,M04,103-1,C,SF-103,A,202203,9,734,0.0
E1,M04,103-1,C,SF-103,A,202204,10,760,1.0
E1,M04,103-1,C,SF-103,A,202205,11,786,0.0
E1,M04,103-1,C,SF-103,A,202206,12,812,1.0
E1,M04,103-1,C,SF-103,A,202207,13,838,2.0
E1,M04,103-1,C,SF-103,A,202208,14,864,2.0
E1,M04,103-1,C,SF-103,A,202209,15,890,1.0
E1,M04,103-1,C,SF-103,A,202210,16,916,0.0
E1,M04,103-1,C,SF-103,A,202211,17,942,1.0
E1,M04,103-1,C,SF-103,A,202212,18,968,0.0
E1,M04,103-1,C,SF-103,A,202301,19,994,2.0
E1,M04,103-1,C,SF-103,A,202302,20,1020,2.0
E1,M04,103-1,C,SF-103,A,202303,21,1046,1.0
E1,M04,103-1,C,SF-103,A,202304,22,1072,1.0
E1,M04,103-1,C,SF-103,A,202305,23,1098,1.0
E1,M04,103-1,C,SF-103,A,202306,24,1124,0.0
E1,M04,103-1,C,SF-103,A,202307,25,1150,0.0
E1,M04,103-1,C,SF-103,A,202308,26,1176,0.0
E1,M04,103-1,C,SF-103,A,202309,27,1202,2.0
E1,M04,103-1,C,SF-103,A,202310,28,1228,3.0
E1,M04,103-1,C,SF-103,A,202311,29,1254,1.0
E1,M04,103-1,C,SF-103,A,202312,30,1280,0.0
E1,M04,103-1,C,SF-103,A,202401,31,1306,2.0
E1,M04,103-1,C,SF-103,A,202402,32,1332,0.0
E1,M04,103-1,C,SF-103,A,202403,33,1358,0.0
E1,M04,103-1,C,SF-103,A,202404,34,1384,0.0
E1,M04,103-1,C,SF-103,A,202405,35,1410,2.0
E1,M04,103-1,C,SF-103,A,202406,36,1436,0.0
E1,M04,103-1,C,SF-103,A,202407,37,1462,0.0
E1,M04,103-1,C,SF-103,A,202408,38,1488,2.0
E1,M04,103-1,C,SF-103,A,202409,39,1514,0.0
E1,M04,103-1,C,SF-103,A,202410,40,1540,3.0
E1,M04,103-1,C,SF-103,A,202411,41,1566,1.0
E1,M04,103-1,D,SF-103,A,202108,2,414,0.0
E1,M04,103-1,D,SF-103,A,202109,3,434,1.0
E1,M04,103-1,D,SF-103,A,202110,4,453,0.0
E1,M04,103-1,D,SF-103,A,202111,5,472,0.0
E1,M04,103-1,D,SF-103,A,202112,6,492,1.0
E1,M04,103-1,D,SF-103,A,202201,7,512,0.0
E1,M04,103-1,D,SF-103,A,202202,8,531,1.0
E1,M04,103-1,D,SF-103,A,202203,9,550,0.0
E1,M04,103-1,D,SF-103,A,202204,10,570,2.0
E1,M04,103-1,D,SF-103,A,202205,11,590,1.0
E1,M04,103-1,D,SF-103,A,202206,12,609,2.0
E1,M04,103-1,D,SF-103,A,202207,13,628,0.0
E1,M04,103-1,D,SF-103,A,202208,14,648,2.0
E1,M04,103-1,D,SF-103,A,202209,15,668,1.0
E1,M04,103-1,D,SF-103,A,202210,16,687,1.0
E1,M04,103-1,D,SF-103,A,202211,17,706,0.0
E1,M04,103-1,D,SF-103,A,202212,18,726,0.0
E1,M04,103-1,D,SF-103,A,202301,19,746,0.0
E1,M04,103-1,D,SF-103,A,202302,20,765,0.0
E1,M04,103-1,D,SF-103,A,202303,21,784,3.0
E1,M04,103-1,D,SF-103,A,202304,22,804,1.0
E1,M04,103-1,D,SF-103,A,202305,23,824,0.0
E1,M04,103-1,D,SF-103,A,202306,24,843,1.0
E1,M04,103-1,D,SF-103,A,202307,25,862,0.0
E1,M04,103-1,D,SF-103,A,202308,26,882,4.0
E1,M04,103-1,D,SF-103,A,202309,27,902,1.0
E1,M04,103-1,D,SF-103,A,202310,28,921,0.0
E1,M04,103-1,D,SF-103,A,202311,29,940,0.0
E1,M04,103-1,D,SF-103,A,202312,30,960,0.0
E1,M04,103-1,D,SF-103,A,202401,31,980,0.0
E1,M04,103-1,D,SF-103,A,202402,32,999,1.0
E1,M04,103-1,D,SF-103,A,202403,33,1018,1.0
E1,M04,103-1,D,SF-103,A,202404,34,1038,2.0
E1,M04,103-1,D,SF-103,A,202405,35,1058,0.0
E1,M04,103-1,D,SF-103,A,202406,36,1077,0.0
E1,M04,103-1,D,SF-103,A,202407,37,1096,1.0
E1,M04,103-1,D,SF-103,A,202408,38,1116,0.0
E1,M04,103-1,D,SF-103,A,202409,39,1136,1.0
E1,M04,103-1,D,SF-103,A,202410,40,1155,0.0
E1,M04,103-1,E,SF-103,A,202202,8,248,0.0
E1,M04,103-1,E,SF-103,A,202203,9,257,0.0
E1,M04,103-1,E,SF-103,A,202204,10,266,0.0
E1,M04,103-1,E,SF-103,A,202205,11,275,1.0
E1,M04,103-1,E,SF-103,A,202206,12,284,1.0
E1,M04,103-1,E,SF-103,A,202207,13,293,0.0
E1,M04,103-1,E,SF-103,A,202208,14,302,0.0
E1,M04,103-1,E,SF-103,A,202209,15,312,0.0
E1,M04,103-1,E,SF-103,A,202210,16,321,0.0
E1,M04,103-1,E,SF-103,A,202211,17,330,0.0
E1,M04,103-1,E,SF-103,A,202212,18,339,0.0
E1,M04,103-1,E,SF-103,A,202301,19,348,0.0
E1,M04,103-1,E,SF-103,A,202302,20,357,1.0
E1,M04,103-1,E,SF-103,A,202303,21,366,0.0
E1,M04,103-1,E,SF-103,A,202304,22,375,1.0
E1,M04,103-1,E,SF-103,A,202305,23,384,1.0
E1,M04,103-1,E,SF-103,A,202306,24,393,0.0
E1,M04,103-1,E,SF-103,A,202307,25,403,0.0
E1,M04,103-1,E,SF-103,A,202308,26,412,0.0
E1,M04,103-1,E,SF-103,A,202309,27,421,1.0
E1,M04,103-1,E,SF-103,A,202310,28,430,1.0
E1,M04,103-1,E,SF-103,A,202311,29,439,0.0
E1,M04,103-1,E,SF-103,A,202312,30,448,1.0
E1,M04,103-1,E,SF-103,A,202401,31,457,0.0
E1,M04,103-1,E,SF-103,A,202402,32,466,2.0
E1,M04,103-1,E,SF-103,A,202403,33,475,0.0
E1,M04,103-1,E,SF-103,A,202404,34,484,0.0
E1,M04,103-1,E,SF-103,A,202405,35,494,0.0
E1,M04,103-1,E,SF-103,A,202406,36,503,0.0
E1,M04,103-1,E,SF-103,A,202407,37,512,1.0
E1,M04,103-1,E,SF-103,A,202408,38,521,0.0
E1,M04,103-1,E,SF-103,A,202409,39,530,0.0
E1,M04,103-1,E,SF-103,A,202410,40,539,0.0
E1,M04,103-1,E,SF-103,A,202411,41,548,1.0
E1,M04,103-1,E,SF-103,A,202412,42,557,0.0
E1,M04,104-0,A,SF-104,A,202106,0,850,4.0
E1,M04,104-0,A,SF-104,A,202107,1,894,6.0
E1,M04,104-0,A,SF-104,A,202108,2,938,2.0
E1,M04,104-0,A,SF-104,A,202109,3,983,1.0
E1,M04,104-0,A,SF-104,A,202110,4,1027,6.0
E1,M04,104-0,A,SF-104,A,202111,5,1071,1.0
E1,M04,104-0,A,SF-104,A,202112,6,1115,5.0
E1,M04,104-0,A,SF-104,A,202201,7,1159,4.0
E1,M04,104-0,A,SF-104,A,202202,8,1204,2.0
E1,M04,104-0,A,SF-104,A,202203,9,1248,2.0
E1,M04,104-0,A,SF-104,A,202204,10,1292,5.0
E1,M04,104-0,A,SF-104,A,202205,11,1336,1.0
E1,M04,104-0,A,SF-104,A,202206,12,1380,0.0
E1,M04,104-0,A,SF-104,A,202207,13,1425,7.0
E1,M04,104-0,A,SF-104,A,202208,14,1469,5.0
E1,M04,104-0,A,SF-104,A,202209,15,1513,5.0
E1,M04,104-0,A,SF-104,A,202210,16,1557,4.0
E1,M04,104-0,A,SF-104,A,202211,17,1601,5.0
E1,M04,104-0,A,SF-104,A,202212,18,1646,3.0
E1,M04,104-0,A,SF-104,A,202301,19,1690,3.0
E1,M04,104-0,A,SF-104,A,202302,20,1734,1.0
E1,M04,104-0,A,SF-104,A,202303,21,1778,4.0
E1,M04,104-0,A,SF-104,A,202304,22,1822,7.0
E1,M04,104-0,A,SF-104,A,202305,23,1867,4.0
E1,M04,104-0,A,SF-104,A,202306,24,1911,6.0
E1,M04,104-0,A,SF-104,A,202307,25,1955,6.0
E1,M04,104-0,A,SF-104,A,202308,26,1999,9.0
E1,M04,104-0,A,SF-104,A,202309,27,2043,6.0
E1,M04,104-0,A,SF-104,A,202310,28,2088,4.0
E1,M04,104-0,A,SF-104,A,202311,29,2132,7.0
E1,M04,104-0,A,SF-104,A,202312,30,2176,9.0
E1,M04,104-0,A,SF-104,A,202401,31,2220,8.0
E1,M04,104-0,A,SF-104,A,202402,32,2264,4.0
E1,M04,104-0,A,SF-104,A,202403,33,2309,9.0
E1,M04,104-0,A,SF-104,A,202404,34,2353,7.0
E1,M04,104-0,A,SF-104,A,202405,35,2397,7.0
E1,M04,104-0,A,SF-104,A,202406,36,2441,5.0
E1,M04,104-0,A,SF-104,A,202407,37,2485,5.0
E1,M04,104-0,A,SF-104,A,202408,38,2530,3.0
E1,M04,104-0,A,SF-104,A,202409,39,2574,5.0
E1,M04,104-0,A,SF-104,A,202410,40,2618,8.0
E1,M04,104-0,A,SF-104,A,202411,41,2662,13.0
E1,M04,104-0,A,SF-104,A,202412,42,2706,7.0
E1,M04,104-0,ALL,SF-104,A,202106,0,2500,12.0
E1,M04,104-0,ALL,SF-104,A,202107,1,2630,11.0
E1,M04,104-0,ALL,SF-104,A,202108,2,2760,7.0
E1,M04,104-0,ALL,SF-104,A,202109,3,2890,5.0
E1,M04,104-0,ALL,SF-104,A,202110,4,3020,9.0
E1,M04,104-0,ALL,SF-104,A,202111,5,3150,7.0
E1,M04,104-0,ALL,SF-104,A,202112,6,3280,11.0
E1,M04,104-0,ALL,SF-104,A,202201,7,3410,6.0
E1,M04,104-0,ALL,SF-104,A,202202,8,3540,5.0
E1,M04,104-0,ALL,SF-104,A,202203,9,3670,10.0
E1,M04,104-0,ALL,SF-104,A,202204,10,3800,11.0
E1,M04,104-0,ALL,SF-104,A,202205,11,3930,7.0
E1,M04,104-0,ALL,SF-104,A,202206,12,4060,10.0
E1,M04,104-0,ALL,SF-104,A,202207,13,4190,10.0
E1,M04,104-0,ALL,SF-104,A,202208,14,4320,18.0
E1,M04,104-0,ALL,SF-104,A,202209,15,4450,14.0
E1,M04,104-0,ALL,SF-104,A,202210,16,4580,14.0
E1,M04,104-0,ALL,SF-104,A,202211,17,4710,17.0
E1,M04,104-0,ALL,SF-104,A,202212,18,4840,9.0
E1,M04,104-0,ALL,SF-104,A,202301,19,4970,11.0
E1,M04,104-0,ALL,SF-104,A,202302,20,5100,11.0
E1,M04,104-0,ALL,SF-104,A,202303,21,5230,17.0
E1,M04,104-0,ALL,SF-104,A,202304,22,5360,21.0
E1,M04,104-0,ALL,SF-104,A,202305,23,5490,17.0
E1,M04,104-0,ALL,SF-104,A,202306,24,5620,15.0
E1,M04,104-0,ALL,SF-104,A,202307,25,5750,12.0
E1,M04,104-0,ALL,SF-104,A,202308,26,5880,23.0
E1,M04,104-0,ALL,SF-104,A,202309,27,6010,22.0
E1,M04,104-0,ALL,SF-104,A,202310,28,6140,15.0
E1,M04,104-0,ALL,SF-104,A,202311,29,6270,21.0
E1,M04,104-0,ALL,SF-104,A,202312,30,6400,20.0
E1,M04,104-0,ALL,SF-104,A,202401,31,6530,21.0
E1,M04,104-0,ALL,SF-104,A,202402,32,6660,13.0
E1,M04,104-0,ALL,SF-104,A,202403,33,6790,29.0
E1,M04,104-0,ALL,SF-104,A,202404,34,6920,19.0
E1,M04,104-0,ALL,SF-104,A,202405,35,7050,28.0
E1,M04,104-0,ALL,SF-104,A,202406,36,7180,18.0
E1,M04,104-0,ALL,SF-104,A,202407,37,7310,22.0
E1,M04,104-0,ALL,SF-104,A,202408,38,7440,13.0
E1,M04,104-0,ALL,SF-104,A,202409,39,7570,20.0
E1,M04,104-0,ALL,SF-104,A,202410,40,7700,25.0
E1,M04,104-0,ALL,SF-104,A,202411,41,7830,25.0
E1,M04,104-0,ALL,SF-104,A,202412,42,7960,10.0
E1,M04,104-0,B,SF-104,A,202106,0,600,3.0
E1,M04,104-0,B,SF-104,A,202107,1,631,1.0
E1,M04,104-0,B,SF-104,A,202108,2,662,3.0
E1,M04,104-0,B,SF-104,A,202109,3,694,1.0
E1,M04,104-0,B,SF-104,A,202110,4,725,1.0
E1,M04,104-0,B,SF-104,A,202111,5,756,4.0
E1,M04,104-0,B,SF-104,A,202112,6,787,3.0
E1,M04,104-0,B,SF-104,A,202201,7,818,1.0
E1,M04,104-0,B,SF-104,A,202202,8,850,1.0
E1,M04,104-0,B,SF-104,A,202203,9,881,3.0
E1,M04,104-0,B,SF-104,A,202204,10,912,3.0
E1,M04,104-0,B,SF-104,A,202205,11,943,3.0
E1,M04,104-0,B,SF-104,A,202206,12,974,1.0
E1,M04,104-0,B,SF-104,A,202207,13,1006,0.0
E1,M04,104-0,B,SF-104,A,202208,14,1037,6.0
E1,M04,104-0,B,SF-104,A,202209,15,1068,1.0
E1,M04,104-0,B,SF-104,A,202210,16,1099,4.0
E1,M04,104-0,B,SF-104,A,202211,17,1130,5.0
E1,M04,104-0,B,SF-104,A,202212,18,1162,3.0
E1,M04,104-0,B,SF-104,A,202301,19,1193,2.0
E1,M04,104-0,B,SF-104,A,202302,20,1224,3.0
E1,M04,104-0,B,SF-104,A,202303,21,1255,4.0
E1,M04,104-0,B,SF-104,A,202304,22,1286,3.0
E1,M04,104-0,B,SF-104,A,202305,23,1318,5.0
E1,M04,104-0,B,SF-104,A,202306,24,1349,1.0
E1,M04,104-0,B,SF-104,A,202307,25,1380,2.0
E1,M04,104-0,B,SF-104,A,202308,26,1411,5.0
E1,M04,104-0,B,SF-104,A,202309,27,1442,6.0
E1,M04,104-0,B,SF-104,A,202310,28,1474,3.0
E1,M04,104-0,B,SF-104,A,202311,29,1505,5.0
E1,M04,104-0,B,SF-104,A,202312,30,1536,3.0
E1,M04,104-0,B,SF-104,A,202401,31,1567,3.0
E1,M04,104-0,B,SF-104,A,202402,32,1598,5.0
E1,M04,104-0,B,SF-104,A,202403,33,1630,6.0
E1,M04,104-0,B,SF-104,A,202404,34,1661,5.0
E1,M04,104-0,B,SF-104,A,202405,35,1692,5.0
E1,M04,104-0,B,SF-104,A,202406,36,1723,5.0
E1,M04,104-0,B,SF-104,A,202407,37,1754,3.0
E1,M04,104-0,B,SF-104,A,202408,38,1786,4.0
E1,M04,104-0,B,SF-104,A,202409,39,1817,6.0
E1,M04,104-0,B,SF-104,A,202410,40,1848,8.0
E1,M04,104-0,B,SF-104,A,202411,41,1879,6.0
E1,M04,104-0,B,SF-104,A,202412,42,1910,2.0
E1,M04,104-0,C,SF-104,A,202106,0,500,4.0
E1,M04,104-0,C,SF-104,A,202107,1,526,2.0
E1,M04,104-0,C,SF-104,A,202108,2,552,2.0
E1,M04,104-0,C,SF-104,A,202109,3,578,1.0
E1,M04,104-0,C,SF-104,A,202110,4,604,1.0
E1,M04,104-0,C,SF-104,A,202111,5,630,1.0
E1,M04,104-0,C,SF-104,A,202112,6,656,0.0
E1,M04,104-0,C,SF-104,A,202201,7,682,0.0
E1,M04,104-0,C,SF-104,A,202202,8,708,0.0
E1,M04,104-0,C,SF-104,A,202203,9,734,4.0
E1,M04,104-0,C,SF-104,A,202204,10,760,1.0
E1,M04,104-0,C,SF-104,A,202205,11,786,3.0
E1,M04,104-0,C,SF-104,A,202206,12,812,4.0
E1,M04,104-0,C,SF-104,A,202207,13,838,3.0
E1,M04,104-0,C,SF-104,A,202208,14,864,2.0
E1,M04,104-0,C,SF-104,A,202209,15,890,3.0
E1,M04,104-0,C,SF-104,A,202210,16,916,5.0
E1,M04,104-0,C,SF-104,A,202211,17,942,3.0
E1,M04,104-0,C,SF-104,A,202212,18,968,2.0
E1,M04,104-0,C,SF-104,A,202301,19,994,3.0
E1,M04,104-0,C,SF-104,A,202302,20,1020,2.0
E1,M04,104-0,C,SF-104,A,202303,21,1046,5.0
E1,M04,104-0,C,SF-104,A,202304,22,1072,6.0
E1,M04,104-0,C,SF-104,A,202305,23,1098,5.0
E1,M04,104-0,C,SF-104,A,202306,24,1124,2.0
E1,M04,104-0,C,SF-104,A,202307,25,1150,1.0
E1,M04,104-0,C,SF-104,A,202308,26,1176,6.0
E1,M04,104-0,C,SF-104,A,202309,27,1202,4.0
E1,M04,104-0,C,SF-104,A,202310,28,1228,4.0
E1,M04,104-0,C,SF-104,A,202311,29,1254,4.0
E1,M04,104-0,C,SF-104,A,202312,30,1280,5.0
E1,M04,104-0,C,SF-104,A,202401,31,1306,4.0
E1,M04,104-0,C,SF-104,A,202402,32,1332,2.0
E1,M04,104-0,C,SF-104,A,202403,33,1358,7.0
E1,M04,104-0,C,SF-104,A,202404,34,1384,3.0
E1,M04,104-0,C,SF-104,A,202405,35,1410,8.0
E1,M04,104-0,C,SF-104,A,202406,36,1436,4.0
E1,M04,104-0,C,SF-104,A,202407,37,1462,4.0
E1,M04,104-0,C,SF-104,A,202408,38,1488,3.0
E1,M04,104-0,C,SF-104,A,202409,39,1514,5.0
E1,M04,104-0,C,SF-104,A,202410,40,1540,4.0
E1,M04,104-0,C,SF-104,A,202411,41,1566,4.0
E1,M04,104-0,D,SF-104,A,202106,0,375,1.0
E1,M04,104-0,D,SF-104,A,202107,1,394,2.0
E1,M04,104-0,D,SF-104,A,202108,2,414,0.0
E1,M04,104-0,D,SF-104,A,202109,3,434,2.0
E1,M04,104-0,D,SF-104,A,202110,4,453,1.0
E1,M04,104-0,D,SF-104,A,202111,5,472,1.0
E1,M04,104-0,D,SF-104,A,202112,6,492,3.0
E1,M04,104-0,D,SF-104,A,202201,7,512,1.0
E1,M04,104-0,D,SF-104,A,202202,8,531,2.0
E1,M04,104-0,D,SF-104,A,202203,9,550,1.0
E1,M04,104-0,D,SF-104,A,202204,10,570,2.0
E1,M04,104-0,D,SF-104,A,202205,11,590,0.0
E1,M04,104-0,D,SF-104,A,202206,12,609,4.0
E1,M04,104-0,D,SF-104,A,202207,13,628,0.0
E1,M04,104-0,D,SF-104,A,202208,14,648,3.0
E1,M04,104-0,D,SF-104,A,202209,15,668,3.0
E1,M04,104-0,D,SF-104,A,202210,16,687,0.0
E1,M04,104-0,D,SF-104,A,202211,17,706,2.0
E1,M04,104-0,D,SF-104,A,202212,18,726,0.0
E1,M04,104-0,D,SF-104,A,202301,19,746,1.0
E1,M04,104-0,D,SF-104,A,202302,20,765,2.0
E1,M04,104-0,D,SF-104,A,202303,21,784,1.0
E1,M04,104-0,D,SF-104,A,202304,22,804,4.0
E1,M04,104-0,D,SF-104,A,202305,23,824,2.0
E1,M04,104-0,D,SF-104,A,202306,24,843,4.0
E1,M04,104-0,D,SF-104,A,202307,25,862,2.0
E1,M04,104-0,D,SF-104,A,202308,26,882,2.0
E1,M04,104-0,D,SF-104,A,202309,27,902,6.0
E1,M04,104-0,D,SF-104,A,202310,28,921,3.0
E1,M04,104-0,D,SF-104,A,202311,29,940,3.0
E1,M04,104-0,D,SF-104,A,202312,30,960,1.0
E1,M04,104-0,D,SF-104,A,202401,31,980,4.0
E1,M04,104-0,D,SF-104,A,202402,32,999,1.0
E1,M04,104-0,D,SF-104,A,202403,33,1018,5.0
E1,M04,104-0,D,SF-104,A,202404,34,1038,3.0
E1,M04,104-0,D,SF-104,A,202405,35,1058,3.0
E1,M04,104-0,D,SF-104,A,202406,36,1077,2.0
E1,M04,104-0,D,SF-104,A,202407,37,1096,6.0
E1,M04,104-0,D,SF-104,A,202408,38,1116,3.0
E1,M04,104-0,D,SF-104,A,202409,39,1136,3.0
E1,M04,104-0,D,SF-104,A,202410,40,1155,2.0
E1,M04,104-0,E,SF-104,A,202202,8,248,0.0
E1,M04,104-0,E,SF-104,A,202203,9,257,0.0
E1,M04,104-0,E,SF-104,A,202204,10,266,0.0
E1,M04,104-0,E,SF-104,A,202205,11,275,0.0
E1,M04,104-0,E,SF-104,A,202206,12,284,1.0
E1,M04,104-0,E,SF-104,A,202207,13,293,0.0
E1,M04,104-0,E,SF-104,A,202208,14,302,2.0
E1,M04,104-0,E,SF-104,A,202209,15,312,2.0
E1,M04,104-0,E,SF-104,A,202210,16,321,1.0
E1,M04,104-0,E,SF-104,A,202211,17,330,2.0
E1,M04,104-0,E,SF-104,A,202212,18,339,1.0
E1,M04,104-0,E,SF-104,A,202301,19,348,2.0
E1,M04,104-0,E,SF-104,A,202302,20,357,3.0
E1,M04,104-0,E,SF-104,A,202303,21,366,3.0
E1,M04,104-0,E,SF-104,A,202304,22,375,1.0
E1,M04,104-0,E,SF-104,A,202305,23,384,1.0
E1,M04,104-0,E,SF-104,A,202306,24,393,2.0
E1,M04,104-0,E,SF-104,A,202307,25,403,1.0
E1,M04,104-0,E,SF-104,A,202308,26,412,1.0
E1,M04,104-0,E,SF-104,A,202309,27,421,0.0
E1,M04,104-0,E,SF-104,A,202310,28,430,1.0
E1,M04,104-0,E,SF-104,A,202311,29,439,2.0
E1,M04,104-0,E,SF-104,A,202312,30,448,2.0
E1,M04,104-0,E,SF-104,A,202401,31,457,2.0
E1,M04,104-0,E,SF-104,A,202402,32,466,1.0
E1,M04,104-0,E,SF-104,A,202403,33,475,2.0
E1,M04,104-0,E,SF-104,A,202404,34,484,1.0
E1,M04,104-0,E,SF-104,A,202405,35,494,5.0
E1,M04,104-0,E,SF-104,A,202406,36,503,2.0
E1,M04,104-0,E,SF-104,A,202407,37,512,4.0
E1,M04,104-0,E,SF-104,A,202408,38,521,0.0
E1,M04,104-0,E,SF-104,A,202409,39,530,1.0
E1,M04,104-0,E,SF-104,A,202410,40,539,3.0
E1,M04,104-0,E,SF-104,A,202411,41,548,2.0
E1,M04,104-0,E,SF-104,A,202412,42,557,1.0
E1,M04,104-1,A,SF-104,A,202106,0,850,3.0
E1,M04,104-1,A,SF-104,A,202107,1,894,4.0
E1,M04,104-1,A,SF-104,A,202108,2,938,5.0
E1,M04,104-1,A,SF-104,A,202109,3,983,0.0
E1,M04,104-1,A,SF-104,A,202110,4,1027,6.0
E1,M04,104-1,A,SF-104,A,202111,5,1071,0.0
E1,M04,104-1,A,SF-104,A,202112,6,1115,6.0
E1,M04,104-1,A,SF-104,A,202201,7,1159,5.0
E1,M04,104-1,A,SF-104,A,202202,8,1204,2.0
E1,M04,104-1,A,SF-104,A,202203,9,1248,3.0
E1,M04,104-1,A,SF-104,A,202204,10,1292,1.0
E1,M04,104-1,A,SF-104,A,202205,11,1336,3.0
E1,M04,104-1,A,SF-104,A,202206,12,1380,3.0
E1,M04,104-1,A,SF-104,A,202207,13,1425,1.0
E1,M04,104-1,A,SF-104,A,202208,14,1469,7.0
E1,M04,104-1,A,SF-104,A,202209,15,1513,8.0
E1,M04,104-1,A,SF-104,A,202210,16,1557,4.0
E1,M04,104-1,A,SF-104,A,202211,17,1601,4.0
E1,M04,104-1,A,SF-104,A,202212,18,1646,3.0
E1,M04,104-1,A,SF-104,A,202301,19,1690,5.0
E1,M04,104-1,A,SF-104,A,202302,20,1734,14.0
E1,M04,104-1,A,SF-104,A,202303,21,1778,8.0
E1,M04,104-1,A,SF-104,A,202304,22,1822,1.0
E1,M04,104-1,A,SF-104,A,202305,23,1867,6.0
E1,M04,104-1,A,SF-104,A,202306,24,1911,9.0
E1,M04,104-1,A,SF-104,A,202307,25,1955,8.0
E1,M04,104-1,A,SF-104,A,202308,26,1999,1.0
E1,M04,104-1,A,SF-104,A,202309,27,2043,7.0
E1,M04,104-1,A,SF-104,A,202310,28,2088,11.0
E1,M04,104-1,A,SF-104,A,202311,29,2132,7.0
E1,M04,104-1,A,SF-104,A,202312,30,2176,4.0
E1,M04,104-1,A,SF-104,A,202401,31,2220,9.0
E1,M04,104-1,A,SF-104,A,202402,32,2264,6.0
E1,M04,104-1,A,SF-104,A,202403,33,2309,3.0
E1,M04,104-1,A,SF-104,A,202404,34,2353,8.0
E1,M04,104-1,A,SF-104,A,202405,35,2397,11.0
E1,M04,104-1,A,SF-104,A,202406,36,2441,15.0
E1,M04,104-1,A,SF-104,A,202407,37,2485,8.0
E1,M04,104-1,A,SF-104,A,202408,38,2530,6.0
E1,M04,104-1,A,SF-104,A,202409,39,2574,6.0
E1,M04,104-1,A,SF-104,A,202410,40,2618,8.0
E1,M04,104-1,A,SF-104,A,202411,41,2662,10.0
E1,M04,104-1,A,SF-104,A,202412,42,2706,6.0
E1,M04,104-1,ALL,SF-104,A,202106,0,2500,6.0
E1,M04,104-1,ALL,SF-104,A,202107,1,2630,9.0
E1,M04,104-1,ALL,SF-104,A,202108,2,2760,12.0
E1,M04,104-1,ALL,SF-104,A,202109,3,2890,6.0
E1,M04,104-1,ALL,SF-104,A,202110,4,3020,13.0
E1,M04,104-1,ALL,SF-104,A,202111,5,3150,5.0
E1,M04,104-1,ALL,SF-104,A,202112,6,3280,14.0
E1,M04,104-1,ALL,SF-104,A,202201,7,3410,15.0
E1,M04,104-1,ALL,SF-104,A,202202,8,3540,12.0
E1,M04,104-1,ALL,SF-104,A,202203,9,3670,5.0
E1,M04,104-1,ALL,SF-104,A,202204,10,3800,9.0
E1,M04,104-1,ALL,SF-104,A,202205,11,3930,12.0
E1,M04,104-1,ALL,SF-104,A,202206,12,4060,7.0
E1,M04,104-1,ALL,SF-104,A,202207,13,4190,11.0
E1,M04,104-1,ALL,SF-104,A,202208,14,4320,25.0
E1,M04,104-1,ALL,SF-104,A,202209,15,4450,16.0
E1,M04,104-1,ALL,SF-104,A,202210,16,4580,9.0
E1,M04,104-1,ALL,SF-104,A,202211,17,4710,15.0
E1,M04,104-1,ALL,SF-104,A,202212,18,4840,13.0
E1,M04,104-1,ALL,SF-104,A,202301,19,4970,17.0
E1,M04,104-1,ALL,SF-104,A,202302,20,5100,22.0
E1,M04,104-1,ALL,SF-104,A,202303,21,5230,22.0
E1,M04,104-1,ALL,SF-104,A,202304,22,5360,10.0
E1,M04,104-1,ALL,SF-104,A,202305,23,5490,14.0
E1,M04,104-1,ALL,SF-104,A,202306,24,5620,18.0
E1,M04,104-1,ALL,SF-104,A,202307,25,5750,18.0
E1,M04,104-1,ALL,SF-104,A,202308,26,5880,14.0
E1,M04,104-1,ALL,SF-104,A,202309,27,6010,14.0
E1,M04,104-1,ALL,SF-104,A,202310,28,6140,17.0
E1,M04,104-1,ALL,SF-104,A,202311,29,6270,19.0
E1,M04,104-1,ALL,SF-104,A,202312,30,6400,22.0
E1,M04,104-1,ALL,SF-104,A,202401,31,6530,16.0
E1,M04,104-1,ALL,SF-104,A,202402,32,6660,21.0
E1,M04,104-1,ALL,SF-104,A,202403,33,6790,18.0
E1,M04,104-1,ALL,SF-104,A,202404,34,6920,20.0
E1,M04,104-1,ALL,SF-104,A,202405,35,7050,26.0
E1,M04,104-1,ALL,SF-104,A,202406,36,7180,23.0
E1,M04,104-1,ALL,SF-104,A,202407,37,7310,27.0
E1,M04,104-1,ALL,SF-104,A,202408,38,7440,16.0
E1,M04,104-1,ALL,SF-104,A,202409,39,7570,19.0
E1,M04,104-1,ALL,SF-104,A,202410,40,7700,21.0
E1,M04,104-1,ALL,SF-104,A,202411,41,7830,22.0
E1,M04,104-1,ALL,SF-104,A,202412,42,7960,12.0
E1,M04,104-1,B,SF-104,A,202106,0,600,1.0
E1,M04,104-1,B,SF-104,A,202107,1,631,3.0
E1,M04,104-1,B,SF-104,A,202108,2,662,2.0
E1,M04,104-1,B,SF-104,A,202109,3,694,1.0
E1,M04,104-1,B,SF-104,A,202110,4,725,4.0
E1,M04,104-1,B,SF-104,A,202111,5,756,2.0
E1,M04,104-1,B,SF-104,A,202112,6,787,3.0
E1,M04,104-1,B,SF-104,A,202201,7,818,4.0
E1,M04,104-1,B,SF-104,A,202202,8,850,7.0
E1,M04,104-1,B,SF-104,A,202203,9,881,0.0
E1,M04,104-1,B,SF-104,A,202204,10,912,4.0
E1,M04,104-1,B,SF-104,A,202205,11,943,2.0
E1,M04,104-1,B,SF-104,A,202206,12,974,3.0
E1,M04,104-1,B,SF-104,A,202207,13,1006,2.0
E1,M04,104-1,B,SF-104,A,202208,14,1037,5.0
E1,M04,104-1,B,SF-104,A,202209,15,1068,1.0
E1,M04,104-1,B,SF-104,A,202210,16,1099,2.0
E1,M04,104-1,B,SF-104,A,202211,17,1130,2.0
E1,M04,104-1,B,SF-104,A,202212,18,1162,3.0
E1,M04,104-1,B,SF-104,A,202301,19,1193,5.0
E1,M04,104-1,B,SF-104,A,202302,20,1224,1.0
E1,M04,104-1,B,SF-104,A,202303,21,1255,4.0
E1,M04,104-1,B,SF-104,A,202304,22,1286,4.0
E1,M04,104-1,B,SF-104,A,202305,23,1318,1.0
E1,M04,104-1,B,SF-104,A,202306,24,1349,2.0
E1,M04,104-1,B,SF-104,A,202307,25,1380,3.0
E1,M04,104-1,B,SF-104,A,202308,26,1411,4.0
E1,M04,104-1,B,SF-104,A,202309,27,1442,3.0
E1,M04,104-1,B,SF-104,A,202310,28,1474,1.0
E1,M04,104-1,B,SF-104,A,202311,29,1505,7.0
E1,M04,104-1,B,SF-104,A,202312,30,1536,7.0
E1,M04,104-1,B,SF-104,A,202401,31,1567,1.0
E1,M04,104-1,B,SF-104,A,202402,32,1598,6.0
E1,M04,104-1,B,SF-104,A,202403,33,1630,3.0
E1,M04,104-1,B,SF-104,A,202404,34,1661,4.0
E1,M04,104-1,B,SF-104,A,202405,35,1692,8.0
E1,M04,104-1,B,SF-104,A,202406,36,1723,2.0
E1,M04,104-1,B,SF-104,A,202407,37,1754,1.0
E1,M04,104-1,B,SF-104,A,202408,38,1786,2.0
E1,M04,104-1,B,SF-104,A,202409,39,1817,3.0
E1,M04,104-1,B,SF-104,A,202410,40,1848,7.0
E1,M04,104-1,B,SF-104,A,202411,41,1879,5.0
E1,M04,104-1,B,SF-104,A,202412,42,1910,3.0
E1,M04,104-1,C,SF-104,A,202106,0,500,1.0
E1,M04,104-1,C,SF-104,A,202107,1,526,2.0
E1,M04,104-1,C,SF-104,A,202108,2,552,1.0
E1,M04,104-1,C,SF-104,A,202109,3,578,3.0
E1,M04,104-1,C,SF-104,A,202110,4,604,2.0
E1,M04,104-1,C,SF-104,A,202111,5,630,3.0
E1,M04,104-1,C,SF-104,A,202112,6,656,4.0
E1,M04,104-1,C,SF-104,A,202201,7,682,3.0
E1,M04,104-1,C,SF-104,A,202202,8,708,0.0
E1,M04,104-1,C,SF-104,A,202203,9,734,2.0
E1,M04,104-1,C,SF-104,A,202204,10,760,0.0
E1,M04,104-1,C,SF-104,A,202205,11,786,4.0
E1,M04,104-1,C,SF-104,A,202206,12,812,1.0
E1,M04,104-1,C,SF-104,A,202207,13,838,5.0
E1,M04,104-1,C,SF-104,A,202208,14,864,7.0
E1,M04,104-1,C,SF-104,A,202209,15,890,3.0
E1,M04,104-1,C,SF-104,A,202210,16,916,0.0
E1,M04,104-1,C,SF-104,A,202211,17,942,4.0
E1,M04,104-1,C,SF-104,A,202212,18,968,3.0
E1,M04,104-1,C,SF-104,A,202301,19,994,4.0
E1,M04,104-1,C,SF-104,A,202302,20,1020,2.0
E1,M04,104-1,C,SF-104,A,202303,21,1046,5.0
E1,M04,104-1,C,SF-104,A,202304,22,1072,2.0
E1,M04,104-1,C,SF-104,A,202305,23,1098,0.0
E1,M04,104-1,C,SF-104,A,202306,24,1124,4.0
E1,M04,104-1,C,SF-104,A,202307,25,1150,3.0
E1,M04,104-1,C,SF-104,A,202308,26,1176,3.0
E1,M04,104-1,C,SF-104,A,202309,27,1202,3.0
E1,M04,104-1,C,SF-104,A,202310,28,1228,3.0
E1,M04,104-1,C,SF-104,A,202311,29,1254,0.0
E1,M04,104-1,C,SF-104,A,202312,30,1280,5.0
E1,M04,104-1,C,SF-104,A,202401,31,1306,4.0
E1,M04,104-1,C,SF-104,A,202402,32,1332,5.0
E1,M04,104-1,C,SF-104,A,202403,33,1358,3.0
E1,M04,104-1,C,SF-104,A,202404,34,1384,3.0
E1,M04,104-1,C,SF-104,A,202405,35,1410,3.0
E1,M04,104-1,C,SF-104,A,202406,36,1436,3.0
E1,M04,104-1,C,SF-104,A,202407,37,1462,10.0
E1,M04,104-1,C,SF-104,A,202408,38,1488,3.0
E1,M04,104-1,C,SF-104,A,202409,39,1514,4.0
E1,M04,104-1,C,SF-104,A,202410,40,1540,5.0
E1,M04,104-1,C,SF-104,A,202411,41,1566,4.0
E1,M04,104-1,D,SF-104,A,202106,0,375,1.0
E1,M04,104-1,D,SF-104,A,202108,2,414,4.0
E1,M04,104-1,D,SF-104,A,202109,3,434,2.0
E1,M04,104-1,D,SF-104,A,202110,4,453,1.0
E1,M04,104-1,D,SF-104,A,202111,5,472,0.0
E1,M04,104-1,D,SF-104,A,202112,6,492,1.0
E1,M04,104-1,D,SF-104,A,202201,7,512,3.0
E1,M04,104-1,D,SF-104,A,202202,8,531,2.0
E1,M04,104-1,D,SF-104,A,202203,9,550,0.0
E1,M04,104-1,D,SF-104,A,202204,10,570,4.0
E1,M04,104-1,D,SF-104,A,202205,11,590,1.0
E1,M04,104-1,D,SF-104,A,202206,12,609,0.0
E1,M04,104-1,D,SF-104,A,202207,13,628,3.0
E1,M04,104-1,D,SF-104,A,202208,14,648,4.0
E1,M04,104-1,D,SF-104,A,202209,15,668,2.0
E1,M04,104-1,D,SF-104,A,202210,16,687,2.0
E1,M04,104-1,D,SF-104,A,202211,17,706,2.0
E1,M04,104-1,D,SF-104,A,202212,18,726,4.0
E1,M04,104-1,D,SF-104,A,202301,19,746,2.0
E1,M04,104-1,D,SF-104,A,202302,20,765,4.0
E1,M04,104-1,D,SF-104,A,202303,21,784,4.0
E1,M04,104-1,D,SF-104,A,202304,22,804,2.0
E1,M04,104-1,D,SF-104,A,202305,23,824,6.0
E1,M04,104-1,D,SF-104,A,202306,24,843,2.0
E1,M04,104-1,D,SF-104,A,202307,25,862,2.0
E1,M04,104-1,D,SF-104,A,202308,26,882,5.0
E1,M04,104-1,D,SF-104,A,202309,27,902,1.0
E1,M04,104-1,D,SF-104,A,202310,28,921,2.0
E1,M04,104-1,D,SF-104,A,202311,29,940,2.0
E1,M04,104-1,D,SF-104,A,202312,30,960,4.0
E1,M04,104-1,D,SF-104,A,202401,31,980,2.0
E1,M04,104-1,D,SF-104,A,202402,32,999,3.0
E1,M04,104-1,D,SF-104,A,202403,33,1018,6.0
E1,M04,104-1,D,SF-104,A,202404,34,1038,3.0
E1,M04,104-1,D,SF-104,A,202405,35,1058,4.0
E1,M04,104-1,D,SF-104,A,202406,36,1077,3.0
E1,M04,104-1,D,SF-104,A,202407,37,1096,6.0
E1,M04,104-1,D,SF-104,A,202408,38,1116,2.0
E1,M04,104-1,D,SF-104,A,202409,39,1136,2.0
E1,M04,104-1,D,SF-104,A,202410,40,1155,0.0
E1,M04,104-1,E,SF-104,A,202202,8,248,1.0
E1,M04,104-1,E,SF-104,A,202203,9,257,0.0
E1,M04,104-1,E,SF-104,A,202204,10,266,0.0
E1,M04,104-1,E,SF-104,A,202205,11,275,2.0
E1,M04,104-1,E,SF-104,A,202206,12,284,0.0
E1,M04,104-1,E,SF-104,A,202207,13,293,0.0
E1,M04,104-1,E,SF-104,A,202208,14,302,2.0
E1,M04,104-1,E,SF-104,A,202209,15,312,2.0
E1,M04,104-1,E,SF-104,A,202210,16,321,1.0
E1,M04,104-1,E,SF-104,A,202211,17,330,3.0
E1,M04,104-1,E,SF-104,A,202212,18,339,0.0
E1,M04,104-1,E,SF-104,A,202301,19,348,1.0
E1,M04,104-1,E,SF-104,A,202302,20,357,1.0
E1,M04,104-1,E,SF-104,A,202303,21,366,1.0
E1,M04,104-1,E,SF-104,A,202304,22,375,1.0
E1,M04,104-1,E,SF-104,A,202305,23,384,1.0
E1,M04,104-1,E,SF-104,A,202306,24,393,1.0
E1,M04,104-1,E,SF-104,A,202307,25,403,2.0
E1,M04,104-1,E,SF-104,A,202308,26,412,1.0
E1,M04,104-1,E,SF-104,A,202309,27,421,0.0
E1,M04,104-1,E,SF-104,A,202310,28,430,0.0
E1,M04,104-1,E,SF-104,A,202311,29,439,3.0
E1,M04,104-1,E,SF-104,A,202312,30,448,2.0
E1,M04,104-1,E,SF-104,A,202401,31,457,0.0
E1,M04,104-1,E,SF-104,A,202402,32,466,1.0
E1,M04,104-1,E,SF-104,A,202403,33,475,3.0
E1,M04,104-1,E,SF-104,A,202404,34,484,2.0
E1,M04,104-1,E,SF-104,A,202405,35,494,0.0
E1,M04,104-1,E,SF-104,A,202406,36,503,0.0
E1,M04,104-1,E,SF-104,A,202407,37,512,2.0
E1,M04,104-1,E,SF-104,A,202408,38,521,3.0
E1,M04,104-1,E,SF-104,A,202409,39,530,4.0
E1,M04,104-1,E,SF-104,A,202410,40,539,1.0
E1,M04,104-1,E,SF-104,A,202411,41,548,3.0
E1,M04,104-1,E,SF-104,A,202412,42,557,3.0
E1,M04,104-2,A,SF-104,A,202108,2,938,3.0
E1,M04,104-2,A,SF-104,A,202109,3,983,2.0
E1,M04,104-2,A,SF-104,A,202110,4,1027,5.0
E1,M04,104-2,A,SF-104,A,202111,5,1071,3.0
E1,M04,104-2,A,SF-104,A,202112,6,1115,2.0
E1,M04,104-2,A,SF-104,A,202201,7,1159,3.0
E1,M04,104-2,A,SF-104,A,202202,8,1204,1.0
E1,M04,104-2,A,SF-104,A,202203,9,1248,4.0
E1,M04,104-2,A,SF-104,A,202204,10,1292,4.0
E1,M04,104-2,A,SF-104,A,202205,11,1336,5.0
E1,M04,104-2,A,SF-104,A,202206,12,1380,4.0
E1,M04,104-2,A,SF-104,A,202207,13,1425,3.0
E1,M04,104-2,A,SF-104,A,202208,14,1469,5.0
E1,M04,104-2,A,SF-104,A,202209,15,1513,5.0
E1,M04,104-2,A,SF-104,A,202210,16,1557,4.0
E1,M04,104-2,A,SF-104,A,202211,17,1601,5.0
E1,M04,104-2,A,SF-104,A,202212,18,1646,6.0
E1,M04,104-2,A,SF-104,A,202301,19,1690,6.0
E1,M04,104-2,A,SF-104,A,202302,20,1734,7.0
E1,M04,104-2,A,SF-104,A,202303,21,1778,5.0
E1,M04,104-2,A,SF-104,A,202304,22,1822,4.0
E1,M04,104-2,A,SF-104,A,202305,23,1867,7.0
E1,M04,104-2,A,SF-104,A,202306,24,1911,10.0
E1,M04,104-2,A,SF-104,A,202307,25,1955,5.0
E1,M04,104-2,A,SF-104,A,202308,26,1999,3.0
E1,M04,104-2,A,SF-104,A,202309,27,2043,8.0
E1,M04,104-2,A,SF-104,A,202310,28,2088,6.0
E1,M04,104-2,A,SF-104,A,202311,29,2132,7.0
E1,M04,104-2,A,SF-104,A,202312,30,2176,5.0
E1,M04,104-2,A,SF-104,A,202401,31,2220,9.0
E1,M04,104-2,A,SF-104,A,202402,32,2264,8.0
E1,M04,104-2,A,SF-104,A,202403,33,2309,4.0
E1,M04,104-2,A,SF-104,A,202404,34,2353,8.0
E1,M04,104-2,A,SF-104,A,202405,35,2397,6.0
E1,M04,104-2,A,SF-104,A,202406,36,2441,6.0
E1,M04,104-2,A,SF-104,A,202407,37,2485,8.0
E1,M04,104-2,A,SF-104,A,202408,38,2530,11.0
E1,M04,104-2,A,SF-104,A,202409,39,2574,7.0
E1,M04,104-2,A,SF-104,A,202410,40,2618,7.0
E1,M04,104-2,A,SF-104,A,202411,41,2662,9.0
E1,M04,104-2,A,SF-104,A,202412,42,2706,6.0
E1,M04,104-2,ALL,SF-104,A,202106,0,2500,4.0
E1,M04,104-2,ALL,SF-104,A,202107,1,2630,2.0
E1,M04,104-2,ALL,SF-104,A,202108,2,2760,10.0
E1,M04,104-2,ALL,SF-104,A,202109,3,2890,6.0
E1,M04,104-2,ALL,SF-104,A,202110,4,3020,9.0
E1,M04,104-2,ALL,SF-104,A,202111,5,3150,3.0
E1,M04,104-2,ALL,SF-104,A,202112,6,3280,11.0
E1,M04,104-2,ALL,SF-104,A,202201,7,3410,11.0
E1,M04,104-2,ALL,SF-104,A,202202,8,3540,4.0
E1,M04,104-2,ALL,SF-104,A,202203,9,3670,15.0
E1,M04,104-2,ALL,SF-104,A,202204,10,3800,10.0
E1,M04,104-2,ALL,SF-104,A,202205,11,3930,11.0
E1,M04,104-2,ALL,SF-104,A,202206,12,4060,10.0
E1,M04,104-2,ALL,SF-104,A,202207,13,4190,7.0
E1,M04,104-2,ALL,SF-104,A,202208,14,4320,12.0
E1,M04,104-2,ALL,SF-104,A,202209,15,4450,18.0
E1,M04,104-2,ALL,SF-104,A,202210,16,4580,14.0
E1,M04,104-2,ALL,SF-104,A,202211,17,4710,10.0
E1,M04,104-2,ALL,SF-104,A,202212,18,4840,11.0
E1,M04,104-2,ALL,SF-104,A,202301,19,4970,15.0
E1,M04,104-2,ALL,SF-104,A,202302,20,5100,17.0
E1,M04,104-2,ALL,SF-104,A,202303,21,5230,15.0
E1,M04,104-2,ALL,SF-104,A,202304,22,5360,12.0
E1,M04,104-2,ALL,SF-104,A,202305,23,5490,20.0
E1,M04,104-2,ALL,SF-104,A,202306,24,5620,19.0
E1,M04,104-2,ALL,SF-104,A,202307,25,5750,13.0
E1,M04,104-2,ALL,SF-104,A,202308,26,5880,12.0
E1,M04,104-2,ALL,SF-104,A,202309,27,6010,23.0
E1,M04,104-2,ALL,SF-104,A,202310,28,6140,18.0
E1,M04,104-2,ALL,SF-104,A,202311,29,6270,20.0
E1,M04,104-2,ALL,SF-104,A,202312,30,6400,21.0
E1,M04,104-2,ALL,SF-104,A,202401,31,6530,17.0
E1,M04,104-2,ALL,SF-104,A,202402,32,6660,25.0
E1,M04,104-2,ALL,SF-104,A,202403,33,6790,17.0
E1,M04,104-2,ALL,SF-104,A,202404,34,6920,24.0
E1,M04,104-2,ALL,SF-104,A,202405,35,7050,19.0
E1,M04,104-2,ALL,SF-104,A,202406,36,7180,19.0
E1,M04,104-2,ALL,SF-104,A,202407,37,7310,26.0
E1,M04,104-2,ALL,SF-104,A,202408,38,7440,31.0
E1,M04,104-2,ALL,SF-104,A,202409,39,7570,22.0
E1,M04,104-2,ALL,SF-104,A,202410,40,7700,21.0
E1,M04,104-2,ALL,SF-104,A,202411,41,7830,18.0
E1,M04,104-2,ALL,SF-104,A,202412,42,7960,11.0
E1,M04,104-2,B,SF-104,A,202106,0,600,2.0
E1,M04,104-2,B,SF-104,A,202107,1,631,1.0
E1,M04,104-2,B,SF-104,A,202108,2,662,3.0
E1,M04,104-2,B,SF-104,A,202109,3,694,2.0
E1,M04,104-2,B,SF-104,A,202110,4,725,2.0
E1,M04,104-2,B,SF-104,A,202111,5,756,0.0
E1,M04,104-2,B,SF-104,A,202112,6,787,4.0
E1,M04,104-2,B,SF-104,A,202201,7,818,3.0
E1,M04,104-2,B,SF-104,A,202202,8,850,2.0
E1,M04,104-2,B,SF-104,A,202203,9,881,5.0
E1,M04,104-2,B,SF-104,A,202204,10,912,2.0
E1,M04,104-2,B,SF-104,A,202205,11,943,2.0
E1,M04,104-2,B,SF-104,A,202206,12,974,2.0
E1,M04,104-2,B,SF-104,A,202207,13,1006,2.0
E1,M04,104-2,B,SF-104,A,202208,14,1037,2.0
E1,M04,104-2,B,SF-104,A,202209,15,1068,6.0
E1,M04,104-2,B,SF-104,A,202210,16,1099,6.0
E1,M04,104-2,B,SF-104,A,202211,17,1130,0.0
E1,M04,104-2,B,SF-104,A,202212,18,1162,1.0
E1,M04,104-2,B,SF-104,A,202301,19,1193,5.0
E1,M04,104-2,B,SF-104,A,202302,20,1224,3.0
E1,M04,104-2,B,SF-104,A,202303,21,1255,6.0
E1,M04,104-2,B,SF-104,A,202304,22,1286,3.0
E1,M04,104-2,B,SF-104,A,202305,23,1318,4.0
E1,M04,104-2,B,SF-104,A,202306,24,1349,6.0
E1,M04,104-2,B,SF-104,A,202307,25,1380,3.0
E1,M04,104-2,B,SF-104,A,202308,26,1411,4.0
E1,M04,104-2,B,SF-104,A,202309,27,1442,6.0
E1,M04,104-2,B,SF-104,A,202310,28,1474,4.0
E1,M04,104-2,B,SF-104,A,202311,29,1505,4.0
E1,M04,104-2,B,SF-104,A,202312,30,1536,6.0
E1,M04,104-2,B,SF-104,A,202401,31,1567,3.0
E1,M04,104-2,B,SF-104,A,202402,32,1598,7.0
E1,M04,104-2,B,SF-104,A,202403,33,1630,5.0
E1,M04,104-2,B,SF-104,A,202404,34,1661,4.0
E1,M04,104-2,B,SF-104,A,202405,35,1692,3.0
E1,M04,104-2,B,SF-104,A,202406,36,1723,6.0
E1,M04,104-2,B,SF-104,A,202407,37,1754,9.0
E1,M04,104-2,B,SF-104,A,202408,38,1786,6.0
E1,M04,104-2,B,SF-104,A,202409,39,1817,5.0
E1,M04,104-2,B,SF-104,A,202410,40,1848,7.0
E1,M04,104-2,B,SF-104,A,202411,41,1879,6.0
E1,M04,104-2,B,SF-104,A,202412,42,1910,4.0
E1,M04,104-2,C,SF-104,A,202106,0,500,2.0
E1,M04,104-2,C,SF-104,A,202107,1,526,1.0
E1,M04,104-2,C,SF-104,A,202108,2,552,1.0
E1,M04,104-2,C,SF-104,A,202109,3,578,1.0
E1,M04,104-2,C,SF-104,A,202110,4,604,2.0
E1,M04,104-2,C,SF-104,A,202111,5,630,0.0
E1,M04,104-2,C,SF-104,A,202112,6,656,3.0
E1,M04,104-2,C,SF-104,A,202201,7,682,4.0
E1,M04,104-2,C,SF-104,A,202202,8,708,1.0
E1,M04,104-2,C,SF-104,A,202203,9,734,3.0
E1,M04,104-2,C,SF-104,A,202204,10,760,1.0
E1,M04,104-2,C,SF-104,A,202205,11,786,1.0
E1,M04,104-2,C,SF-104,A,202206,12,812,2.0
E1,M04,104-2,C,SF-104,A,202207,13,838,2.0
E1,M04,104-2,C,SF-104,A,202208,14,864,0.0
E1,M04,104-2,C,SF-104,A,202209,15,890,0.0
E1,M04,104-2,C,SF-104,A,202210,16,916,1.0
E1,M04,104-2,C,SF-104,A,202211,17,942,4.0
E1,M04,104-2,C,SF-104,A,202212,18,968,3.0
E1,M04,104-2,C,SF-104,A,202301,19,994,1.0
E1,M04,104-2,C,SF-104,A,202302,20,1020,2.0
E1,M04,104-2,C,SF-104,A,202303,21,1046,1.0
E1,M04,104-2,C,SF-104,A,202304,22,1072,0.0
E1,M04,104-2,C,SF-104,A,202305,23,1098,4.0
E1,M04,104-2,C,SF-104,A,202306,24,1124,1.0
E1,M04,104-2,C,SF-104,A,202307,25,1150,2.0
E1,M04,104-2,C,SF-104,A,202308,26,1176,2.0
E1,M04,104-2,C,SF-104,A,202309,27,1202,6.0
E1,M04,104-2,C,SF-104,A,202310,28,1228,2.0
E1,M04,104-2,C,SF-104,A,202311,29,1254,7.0
E1,M04,104-2,C,SF-104,A,202312,30,1280,4.0
E1,M04,104-2,C,SF-104,A,202401,31,1306,3.0
E1,M04,104-2,C,SF-104,A,202402,32,1332,4.0
E1,M04,104-2,C,SF-104,A,202403,33,1358,5.0
E1,M04,104-2,C,SF-104,A,202404,34,1384,8.0
E1,M04,104-2,C,SF-104,A,202405,35,1410,4.0
E1,M04,104-2,C,SF-104,A,202406,36,1436,2.0
E1,M04,104-2,C,SF-104,A,202407,37,1462,3.0
E1,M04,104-2,C,SF-104,A,202408,38,1488,11.0
E1,M04,104-2,C,SF-104,A,202409,39,1514,5.0
E1,M04,104-2,C,SF-104,A,202410,40,1540,3.0
E1,M04,104-2,C,SF-104,A,202411,41,1566,2.0
E1,M04,104-2,D,SF-104,A,202108,2,414,3.0
E1,M04,104-2,D,SF-104,A,202109,3,434,1.0
E1,M04,104-2,D,SF-104,A,202110,4,453,0.0
E1,M04,104-2,D,SF-104,A,202111,5,472,0.0
E1,M04,104-2,D,SF-104,A,202112,6,492,2.0
E1,M04,104-2,D,SF-104,A,202201,7,512,1.0
E1,M04,104-2,D,SF-104,A,202202,8,531,0.0
E1,M04,104-2,D,SF-104,A,202203,9,550,2.0
E1,M04,104-2,D,SF-104,A,202204,10,570,3.0
E1,M04,104-2,D,SF-104,A,202205,11,590,2.0
E1,M04,104-2,D,SF-104,A,202206,12,609,1.0
E1,M04,104-2,D,SF-104,A,202207,13,628,0.0
E1,M04,104-2,D,SF-104,A,202208,14,648,3.0
E1,M04,104-2,D,SF-104,A,202209,15,668,4.0
E1,M04,104-2,D,SF-104,A,202210,16,687,1.0
E1,M04,104-2,D,SF-104,A,202211,17,706,1.0
E1,M04,104-2,D,SF-104,A,202212,18,726,1.0
E1,M04,104-2,D,SF-104,A,202301,19,746,1.0
E1,M04,104-2,D,SF-104,A,202302,20,765,3.0
E1,M04,104-2,D,SF-104,A,202303,21,784,2.0
E1,M04,104-2,D,SF-104,A,202304,22,804,3.0
E1,M04,104-2,D,SF-104,A,202305,23,824,4.0
E1,M04,104-2,D,SF-104,A,202306,24,843,1.0
E1,M04,104-2,D,SF-104,A,202307,25,862,2.0
E1,M04,104-2,D,SF-104,A,202308,26,882,2.0
E1,M04,104-2,D,SF-104,A,202309,27,902,1.0
E1,M04,104-2,D,SF-104,A,202310,28,921,5.0
E1,M04,104-2,D,SF-104,A,202311,29,940,1.0
E1,M04,104-2,D,SF-104,A,202312,30,960,5.0
E1,M04,104-2,D,SF-104,A,202401,31,980,1.0
E1,M04,104-2,D,SF-104,A,202402,32,999,5.0
E1,M04,104-2,D,SF-104,A,202403,33,1018,0.0
E1,M04,104-2,D,SF-104,A,202404,34,1038,4.0
E1,M04,104-2,D,SF-104,A,202405,35,1058,6.0
E1,M04,104-2,D,SF-104,A,202406,36,1077,2.0
E1,M04,104-2,D,SF-104,A,202407,37,1096,4.0
E1,M04,104-2,D,SF-104,A,202408,38,1116,2.0
E1,M04,104-2,D,SF-104,A,202409,39,1136,5.0
E1,M04,104-2,D,SF-104,A,202410,40,1155,1.0
E1,M04,104-2,E,SF-104,A,202202,8,248,0.0
E1,M04,104-2,E,SF-104,A,202203,9,257,1.0
E1,M04,104-2,E,SF-104,A,202204,10,266,0.0
E1,M04,104-2,E,SF-104,A,202205,11,275,1.0
E1,M04,104-2,E,SF-104,A,202206,12,284,1.0
E1,M04,104-2,E,SF-104,A,202207,13,293,0.0
E1,M04,104-2,E,SF-104,A,202208,14,302,2.0
E1,M04,104-2,E,SF-104,A,202209,15,312,3.0
E1,M04,104-2,E,SF-104,A,202210,16,321,2.0
E1,M04,104-2,E,SF-104,A,202211,17,330,0.0
E1,M04,104-2,E,SF-104,A,202212,18,339,0.0
E1,M04,104-2,E,SF-104,A,202301,19,348,2.0
E1,M04,104-2,E,SF-104,A,202302,20,357,2.0
E1,M04,104-2,E,SF-104,A,202303,21,366,1.0
E1,M04,104-2,E,SF-104,A,202304,22,375,2.0
E1,M04,104-2,E,SF-104,A,202305,23,384,1.0
E1,M04,104-2,E,SF-104,A,202306,24,393,1.0
E1,M04,104-2,E,SF-104,A,202307,25,403,1.0
E1,M04,104-2,E,SF-104,A,202308,26,412,1.0
E1,M04,104-2,E,SF-104,A,202309,27,421,2.0
E1,M04,104-2,E,SF-104,A,202310,28,430,1.0
E1,M04,104-2,E,SF-104,A,202311,29,439,1.0
E1,M04,104-2,E,SF-104,A,202312,30,448,1.0
E1,M04,104-2,E,SF-104,A,202401,31,457,1.0
E1,M04,104-2,E,SF-104,A,202402,32,466,1.0
E1,M04,104-2,E,SF-104,A,202403,33,475,3.0
E1,M04,104-2,E,SF-104,A,202404,34,484,0.0
E1,M04,104-2,E,SF-104,A,202405,35,494,0.0
E1,M04,104-2,E,SF-104,A,202406,36,503,3.0
E1,M04,104-2,E,SF-104,A,202407,37,512,2.0
E1,M04,104-2,E,SF-104,A,202408,38,521,1.0
E1,M04,104-2,E,SF-104,A,202409,39,530,0.0
E1,M04,104-2,E,SF-104,A,202410,40,539,3.0
E1,M04,104-2,E,SF-104,A,202411,41,548,1.0
E1,M04,104-2,E,SF-104,A,202412,42,557,1.0
E1,M04,105-0,A,SF-105,A,202108,2,938,0.0
E1,M04,105-0,A,SF-105,A,202109,3,983,0.0
E1,M04,105-0,A,SF-105,A,202110,4,1027,1.0
E1,M04,105-0,A,SF-105,A,202111,5,1071,0.0
E1,M04,105-0,A,SF-105,A,202112,6,1115,0.0
E1,M04,105-0,A,SF-105,A,202201,7,1159,1.0
E1,M04,105-0,A,SF-105,A,202202,8,1204,0.0
E1,M04,105-0,A,SF-105,A,202203,9,1248,1.0
E1,M04,105-0,A,SF-105,A,202204,10,1292,0.0
E1,M04,105-0,A,SF-105,A,202205,11,1336,0.0
E1,M04,105-0,A,SF-105,A,202206,12,1380,0.0
E1,M04,105-0,A,SF-105,A,202207,13,1425,0.0
E1,M04,105-0,A,SF-105,A,202208,14,1469,0.0
E1,M04,105-0,A,SF-105,A,202209,15,1513,3.0
E1,M04,105-0,A,SF-105,A,202210,16,1557,1.0
E1,M04,105-0,A,SF-105,A,202211,17,1601,2.0
E1,M04,105-0,A,SF-105,A,202212,18,1646,2.0
E1,M04,105-0,A,SF-105,A,202301,19,1690,1.0
E1,M04,105-0,A,SF-105,A,202302,20,1734,0.0
E1,M04,105-0,A,SF-105,A,202303,21,1778,0.0
E1,M04,105-0,A,SF-105,A,202304,22,1822,0.0
E1,M04,105-0,A,SF-105,A,202305,23,1867,0.0
E1,M04,105-0,A,SF-105,A,202306,24,1911,0.0
E1,M04,105-0,A,SF-105,A,202307,25,1955,0.0
E1,M04,105-0,A,SF-105,A,202308,26,1999,2.0
E1,M04,105-0,A,SF-105,A,202309,27,2043,0.0
E1,M04,105-0,A,SF-105,A,202310,28,2088,1.0
E1,M04,105-0,A,SF-105,A,202311,29,2132,0.0
E1,M04,105-0,A,SF-105,A,202312,30,2176,0.0
E1,M04,105-0,A,SF-105,A,202401,31,2220,0.0
E1,M04,105-0,A,SF-105,A,202402,32,2264,1.0
E1,M04,105-0,A,SF-105,A,202403,33,2309,2.0
E1,M04,105-0,A,SF-105,A,202404,34,2353,0.0
E1,M04,105-0,A,SF-105,A,202405,35,2397,1.0
E1,M04,105-0,A,SF-105,A,202406,36,2441,2.0
E1,M04,105-0,A,SF-105,A,202407,37,2485,0.0
E1,M04,105-0,A,SF-105,A,202408,38,2530,2.0
E1,M04,105-0,A,SF-105,A,202409,39,2574,0.0
E1,M04,105-0,A,SF-105,A,202410,40,2618,0.0
E1,M04,105-0,A,SF-105,A,202411,41,2662,0.0
E1,M04,105-0,A,SF-105,A,202412,42,2706,0.0
E1,M04,105-0,ALL,SF-105,A,202106,0,2500,0.0
E1,M04,105-0,ALL,SF-105,A,202107,1,2630,0.0
E1,M04,105-0,ALL,SF-105,A,202108,2,2760,0.0
E1,M04,105-0,ALL,SF-105,A,202109,3,2890,1.0
E1,M04,105-0,ALL,SF-105,A,202110,4,3020,1.0
E1,M04,105-0,ALL,SF-105,A,202111,5,3150,0.0
E1,M04,105-0,ALL,SF-105,A,202112,6,3280,0.0
E1,M04,105-0,ALL,SF-105,A,202201,7,3410,2.0
E1,M04,105-0,ALL,SF-105,A,202202,8,3540,0.0
E1,M04,105-0,ALL,SF-105,A,202203,9,3670,1.0
E1,M04,105-0,ALL,SF-105,A,202204,10,3800,1.0
E1,M04,105-0,ALL,SF-105,A,202205,11,3930,0.0
E1,M04,105-0,ALL,SF-105,A,202206,12,4060,2.0
E1,M04,105-0,ALL,SF-105,A,202207,13,4190,1.0
E1,M04,105-0,ALL,SF-105,A,202208,14,4320,1.0
E1,M04,105-0,ALL,SF-105,A,202209,15,4450,3.0
E1,M04,105-0,ALL,SF-105,A,202210,16,4580,2.0
E1,M04,105-0,ALL,SF-105,A,202211,17,4710,2.0
E1,M04,105-0,ALL,SF-105,A,202212,18,4840,2.0
E1,M04,105-0,ALL,SF-105,A,202301,19,4970,2.0
E1,M04,105-0,ALL,SF-105,A,202302,20,5100,0.0
E1,M04,105-0,ALL,SF-105,A,202303,21,5230,1.0
E1,M04,105-0,ALL,SF-105,A,202304,22,5360,2.0
E1,M04,105-0,ALL,SF-105,A,202305,23,5490,0.0
E1,M04,105-0,ALL,SF-105,A,202306,24,5620,3.0
E1,M04,105-0,ALL,SF-105,A,202307,25,5750,0.0
E1,M04,105-0,ALL,SF-105,A,202308,26,5880,3.0
E1,M04,105-0,ALL,SF-105,A,202309,27,6010,2.0
E1,M04,105-0,ALL,SF-105,A,202310,28,6140,2.0
E1,M04,105-0,ALL,SF-105,A,202311,29,6270,0.0
E1,M04,105-0,ALL,SF-105,A,202312,30,6400,1.0
E1,M04,105-0,ALL,SF-105,A,202401,31,6530,1.0
E1,M04,105-0,ALL,SF-105,A,202402,32,6660,1.0
E1,M04,105-0,ALL,SF-105,A,202403,33,6790,2.0
E1,M04,105-0,ALL,SF-105,A,202404,34,6920,1.0
E1,M04,105-0,ALL,SF-105,A,202405,35,7050,2.0
E1,M04,105-0,ALL,SF-105,A,202406,36,7180,3.0
E1,M04,105-0,ALL,SF-105,A,202407,37,7310,1.0
E1,M04,105-0,ALL,SF-105,A,202408,38,7440,4.0
E1,M04,105-0,ALL,SF-105,A,202409,39,7570,2.0
E1,M04,105-0,ALL,SF-105,A,202410,40,7700,0.0
E1,M04,105-0,ALL,SF-105,A,202411,41,7830,1.0
E1,M04,105-0,ALL,SF-105,A,202412,42,7960,1.0
E1,M04,105-0,B,SF-105,A,202108,2,662,0.0
E1,M04,105-0,B,SF-105,A,202109,3,694,1.0
E1,M04,105-0,B,SF-105,A,202110,4,725,0.0
E1,M04,105-0,B,SF-105,A,202111,5,756,0.0
E1,M04,105-0,B,SF-105,A,202112,6,787,0.0
E1,M04,105-0,B,SF-105,A,202201,7,818,0.0
E1,M04,105-0,B,SF-105,A,202202,8,850,0.0
E1,M04,105-0,B,SF-105,A,202203,9,881,0.0
E1,M04,105-0,B,SF-105,A,202204,10,912,1.0
E1,M04,105-0,B,SF-105,A,202205,11,943,0.0
E1,M04,105-0,B,SF-105,A,202206,12,974,1.0
E1,M04,105-0,B,SF-105,A,202207,13,1006,0.0
E1,M04,105-0,B,SF-105,A,202208,14,1037,0.0
E1,M04,105-0,B,SF-105,A,202209,15,1068,0.0
E1,M04,105-0,B,SF-105,A,202210,16,1099,0.0
E1,M04,105-0,B,SF-105,A,202211,17,1130,0.0
E1,M04,105-0,B,SF-105,A,202212,18,1162,0.0
E1,M04,105-0,B,SF-105,A,202301,19,1193,1.0
E1,M04,105-0,B,SF-105,A,202302,20,1224,0.0
E1,M04,105-0,B,SF-105,A,202303,21,1255,0.0
E1,M04,105-0,B,SF-105,A,202304,22,1286,1.0
E1,M04,105-0,B,SF-105,A,202305,23,1318,0.0
E1,M04,105-0,B,SF-105,A,202306,24,1349,0.0
E1,M04,105-0,B,SF-105,A,202307,25,1380,0.0
E1,M04,105-0,B,SF-105,A,202308,26,1411,1.0
E1,M04,105-0,B,SF-105,A,202309,27,1442,0.0
E1,M04,105-0,B,SF-105,A,202310,28,1474,0.0
E1,M04,105-0,B,SF-105,A,202311,29,1505,0.0
E1,M04,105-0,B,SF-105,A,202312,30,1536,0.0
E1,M04,105-0,B,SF-105,A,202401,31,1567,0.0
E1,M04,105-0,B,SF-105,A,202402,32,1598,0.0
E1,M04,105-0,B,SF-105,A,202403,33,1630,0.0
E1,M04,105-0,B,SF-105,A,202404,34,1661,0.0
E1,M04,105-0,B,SF-105,A,202405,35,1692,1.0
E1,M04,105-0,B,SF-105,A,202406,36,1723,0.0
E1,M04,105-0,B,SF-105,A,202407,37,1754,1.0
E1,M04,105-0,B,SF-105,A,202408,38,1786,1.0
E1,M04,105-0,B,SF-105,A,202409,39,1817,2.0
E1,M04,105-0,B,SF-105,A,202410,40,1848,0.0
E1,M04,105-0,B,SF-105,A,202411,41,1879,1.0
E1,M04,105-0,B,SF-105,A,202412,42,1910,1.0
E1,M04,105-0,C,SF-105,A,202108,2,552,0.0
E1,M04,105-0,C,SF-105,A,202109,3,578,0.0
E1,M04,105-0,C,SF-105,A,202110,4,604,0.0
E1,M04,105-0,C,SF-105,A,202111,5,630,0.0
E1,M04,105-0,C,SF-105,A,202112,6,656,0.0
E1,M04,105-0,C,SF-105,A,202201,7,682,1.0
E1,M04,105-0,C,SF-105,A,202202,8,708,0.0
E1,M04,105-0,C,SF-105,A,202203,9,734,0.0
E1,M04,105-0,C,SF-105,A,202204,10,760,0.0
E1,M04,105-0,C,SF-105,A,202205,11,786,0.0
E1,M04,105-0,C,SF-105,A,202206,12,812,1.0
E1,M04,105-0,C,SF-105,A,202207,13,838,1.0
E1,M04,105-0,C,SF-105,A,202208,14,864,1.0
E1,M04,105-0,C,SF-105,A,202209,15,890,0.0
E1,M04,105-0,C,SF-105,A,202210,16,916,1.0
E1,M04,105-0,C,SF-105,A,202211,17,942,0.0
E1,M04,105-0,C,SF-105,A,202212,18,968,0.0
E1,M04,105-0,C,SF-105,A,202301,19,994,0.0
E1,M04,105-0,C,SF-105,A,202302,20,1020,0.0
E1,M04,105-0,C,SF-105,A,202303,21,1046,0.0
E1,M04,105-0,C,SF-105,A,202304,22,1072,1.0
E1,M04,105-0,C,SF-105,A,202305,23,1098,0.0
E1,M04,105-0,C,SF-105,A,202306,24,1124,1.0
E1,M04,105-0,C,SF-105,A,202307,25,1150,0.0
E1,M04,105-0,C,SF-105,A,202308,26,1176,0.0
E1,M04,105-0,C,SF-105,A,202309,27,1202,0.0
E1,M04,105-0,C,SF-105,A,202310,28,1228,0.0
E1,M04,105-0,C,SF-105,A,202311,29,1254,0.0
E1,M04,105-0,C,SF-105,A,202312,30,1280,0.0
E1,M04,105-0,C,SF-105,A,202401,31,1306,0.0
E1,M04,105-0,C,SF-105,A,202402,32,1332,0.0
E1,M04,105-0,C,SF-105,A,202403,33,1358,0.0
E1,M04,105-0,C,SF-105,A,202404,34,1384,1.0
E1,M04,105-0,C,SF-105,A,202405,35,1410,0.0
E1,M04,105-0,C,SF-105,A,202406,36,1436,1.0
E1,M04,105-0,C,SF-105,A,202407,37,1462,0.0
E1,M04,105-0,C,SF-105,A,202408,38,1488,1.0
E1,M04,105-0,C,SF-105,A,202409,39,1514,0.0
E1,M04,105-0,C,SF-105,A,202410,40,1540,0.0
E1,M04,105-0,C,SF-105,A,202411,41,1566,0.0
E1,M04,105-0,D,SF-105,A,202108,2,414,0.0
E1,M04,105-0,D,SF-105,A,202109,3,434,0.0
E1,M04,105-0,D,SF-105,A,202110,4,453,0.0
E1,M04,105-0,D,SF-105,A,202111,5,472,0.0
E1,M04,105-0,D,SF-105,A,202112,6,492,0.0
E1,M04,105-0,D,SF-105,A,202201,7,512,0.0
E1,M04,105-0,D,SF-105,A,202202,8,531,0.0
E1,M04,105-0,D,SF-105,A,202203,9,550,0.0
E1,M04,105-0,D,SF-105,A,202204,10,570,0.0
E1,M04,105-0,D,SF-105,A,202205,11,590,0.0
E1,M04,105-0,D,SF-105,A,202206,12,609,0.0
E1,M04,105-0,D,SF-105,A,202207,13,628,0.0
E1,M04,105-0,D,SF-105,A,202208,14,648,0.0
E1,M04,105-0,D,SF-105,A,202209,15,668,0.0
E1,M04,105-0,D,SF-105,A,202210,16,687,0.0
E1,M04,105-0,D,SF-105,A,202211,17,706,0.0
E1,M04,105-0,D,SF-105,A,202212,18,726,0.0
E1,M04,105-0,D,SF-105,A,202301,19,746,0.0
E1,M04,105-0,D,SF-105,A,202302,20,765,0.0
E1,M04,105-0,D,SF-105,A,202303,21,784,1.0
E1,M04,105-0,D,SF-105,A,202304,22,804,0.0
E1,M04,105-0,D,SF-105,A,202305,23,824,0.0
E1,M04,105-0,D,SF-105,A,202306,24,843,1.0
E1,M04,105-0,D,SF-105,A,202307,25,862,0.0
E1,M04,105-0,D,SF-105,A,202308,26,882,0.0
E1,M04,105-0,D,SF-105,A,202309,27,902,2.0
E1,M04,105-0,D,SF-105,A,202310,28,921,1.0
E1,M04,105-0,D,SF-105,A,202311,29,940,0.0
E1,M04,105-0,D,SF-105,A,202312,30,960,0.0
E1,M04,105-0,D,SF-105,A,202401,31,980,0.0
E1,M04,105-0,D,SF-105,A,202402,32,999,0.0
E1,M04,105-0,D,SF-105,A,202403,33,1018,0.0
E1,M04,105-0,D,SF-105,A,202404,34,1038,0.0
E1,M04,105-0,D,SF-105,A,202405,35,1058,0.0
E1,M04,105-0,D,SF-105,A,202406,36,1077,0.0
E1,M04,105-0,D,SF-105,A,202407,37,1096,0.0
E1,M04,105-0,D,SF-105,A,202408,38,1116,0.0
E1,M04,105-0,D,SF-105,A,202409,39,1136,0.0
E1,M04,105-0,D,SF-105,A,202410,40,1155,0.0
E1,M04,105-0,E,SF-105,A,202202,8,248,0.0
E1,M04,105-0,E,SF-105,A,202203,9,257,0.0
E1,M04,105-0,E,SF-105,A,202204,10,266,0.0
E1,M04,105-0,E,SF-105,A,202205,11,275,0.0
E1,M04,105-0,E,SF-105,A,202206,12,284,0.0
E1,M04,105-0,E,SF-105,A,202207,13,293,0.0
E1,M04,105-0,E,SF-105,A,202208,14,302,0.0
E1,M04,105-0,E,SF-105,A,202209,15,312,0.0
E1,M04,105-0,E,SF-105,A,202210,16,321,0.0
E1,M04,105-0,E,SF-105,A,202211,17,330,0.0
E1,M04,105-0,E,SF-105,A,202212,18,339,0.0
E1,M04,105-0,E,SF-105,A,202301,19,348,0.0
E1,M04,105-0,E,SF-105,A,202302,20,357,0.0
E1,M04,105-0,E,SF-105,A,202303,21,366,0.0
E1,M04,105-0,E,SF-105,A,202304,22,375,0.0
E1,M04,105-0,E,SF-105,A,202305,23,384,0.0
E1,M04,105-0,E,SF-105,A,202306,24,393,1.0
E1,M04,105-0,E,SF-105,A,202307,25,403,0.0
E1,M04,105-0,E,SF-105,A,202308,26,412,0.0
E1,M04,105-0,E,SF-105,A,202309,27,421,0.0
E1,M04,105-0,E,SF-105,A,202310,28,430,0.0
E1,M04,105-0,E,SF-105,A,202311,29,439,0.0
E1,M04,105-0,E,SF-105,A,202312,30,448,1.0
E1,M04,105-0,E,SF-105,A,202401,31,457,1.0
E1,M04,105-0,E,SF-105,A,202402,32,466,0.0
E1,M04,105-0,E,SF-105,A,202403,33,475,0.0
E1,M04,105-0,E,SF-105,A,202404,34,484,0.0
E1,M04,105-0,E,SF-105,A,202405,35,494,0.0
E1,M04,105-0,E,SF-105,A,202406,36,503,0.0
E1,M04,105-0,E,SF-105,A,202407,37,512,0.0
E1,M04,105-0,E,SF-105,A,202408,38,521,0.0
E1,M04,105-0,E,SF-105,A,202409,39,530,0.0
E1,M04,105-0,E,SF-105,A,202410,40,539,0.0
E1,M04,105-0,E,SF-105,A,202411,41,548,0.0
E1,M04,105-0,E,SF-105,A,202412,42,557,0.0
E1,M05,100-0,A,SF-100,B,202108,1,894,1.0
E1,M05,100-0,A,SF-100,B,202109,2,938,3.0
E1,M05,100-0,A,SF-100,B,202110,3,983,2.0
E1,M05,100-0,A,SF-100,B,202111,4,1027,1.0
E1,M05,100-0,A,SF-100,B,202112,5,1071,0.0
E1,M05,100-0,A,SF-100,B,202201,6,1115,1.0
E1,M05,100-0,A,SF-100,B,202202,7,1159,2.0
E1,M05,100-0,A,SF-100,B,202203,8,1204,0.0
E1,M05,100-0,A,SF-100,B,202204,9,1248,2.0
E1,M05,100-0,A,SF-100,B,202205,10,1292,1.0
E1,M05,100-0,A,SF-100,B,202206,11,1336,0.0
E1,M05,100-0,A,SF-100,B,202207,12,1380,1.0
E1,M05,100-0,A,SF-100,B,202208,13,1425,3.0
E1,M05,100-0,A,SF-100,B,202209,14,1469,5.0
E1,M05,100-0,A,SF-100,B,202210,15,1513,1.0
E1,M05,100-0,A,SF-100,B,202211,16,1557,4.0
E1,M05,100-0,A,SF-100,B,202212,17,1601,1.0
E1,M05,100-0,A,SF-100,B,202301,18,1646,0.0
E1,M05,100-0,A,SF-100,B,202302,19,1690,4.0
E1,M05,100-0,A,SF-100,B,202303,20,1734,1.0
E1,M05,100-0,A,SF-100,B,202304,21,1778,1.0
E1,M05,100-0,A,SF-100,B,202305,22,1822,2.0
E1,M05,100-0,A,SF-100,B,202306,23,1867,3.0
E1,M05,100-0,A,SF-100,B,202307,24,1911,2.0
E1,M05,100-0,A,SF-100,B,202308,25,1955,7.0
E1,M05,100-0,A,SF-100,B,202309,26,1999,4.0
E1,M05,100-0,A,SF-100,B,202310,27,2043,4.0
E1,M05,100-0,A,SF-100,B,202311,28,2088,4.0
E1,M05,100-0,A,SF-100,B,202312,29,2132,4.0
E1,M05,100-0,A,SF-100,B,202401,30,2176,1.0
E1,M05,100-0,A,SF-100,B,202402,31,2220,4.0
E1,M05,100-0,A,SF-100,B,202403,32,2264,0.0
E1,M05,100-0,A,SF-100,B,202404,33,2309,5.0
E1,M05,100-0,A,SF-100,B,202405,34,2353,1.0
E1,M05,100-0,A,SF-100,B,202406,35,2397,3.0
E1,M05,100-0,A,SF-100,B,202407,36,2441,4.0
E1,M05,100-0,A,SF-100,B,202408,37,2485,4.0
E1,M05,100-0,A,SF-100,B,202409,38,2530,2.0
E1,M05,100-0,A,SF-100,B,202410,39,2574,1.0
E1,M05,100-0,A,SF-100,B,202411,40,2618,0.0
E1,M05,100-0,A,SF-100,B,202412,41,2662,3.0
E1,M05,100-0,ALL,SF-100,B,202107,0,2500,1.0
E1,M05,100-0,ALL,SF-100,B,202108,1,2630,3.0
E1,M05,100-0,ALL,SF-100,B,202109,2,2760,5.0
E1,M05,100-0,ALL,SF-100,B,202110,3,2890,3.0
E1,M05,100-0,ALL,SF-100,B,202111,4,3020,3.0
E1,M05,100-0,ALL,SF-100,B,202112,5,3150,5.0
E1,M05,100-0,ALL,SF-100,B,202201,6,3280,2.0
E1,M05,100-0,ALL,SF-100,B,202202,7,3410,6.0
E1,M05,100-0,ALL,SF-100,B,202203,8,3540,2.0
E1,M05,100-0,ALL,SF-100,B,202204,9,3670,2.0
E1,M05,100-0,ALL,SF-100,B,202205,10,3800,5.0
E1,M05,100-0,ALL,SF-100,B,202206,11,3930,3.0
E1,M05,100-0,ALL,SF-100,B,202207,12,4060,3.0
E1,M05,100-0,ALL,SF-100,B,202208,13,4190,7.0
E1,M05,100-0,ALL,SF-100,B,202209,14,4320,7.0
E1,M05,100-0,ALL,SF-100,B,202210,15,4450,4.0
E1,M05,100-0,ALL,SF-100,B,202211,16,4580,8.0
E1,M05,100-0,ALL,SF-100,B,202212,17,4710,6.0
E1,M05,100-0,ALL,SF-100,B,202301,18,4840,3.0
E1,M05,100-0,ALL,SF-100,B,202302,19,4970,12.0
E1,M05,100-0,ALL,SF-100,B,202303,20,5100,4.0
E1,M05,100-0,ALL,SF-100,B,202304,21,5230,5.0
E1,M05,100-0,ALL,SF-100,B,202305,22,5360,8.0
E1,M05,100-0,ALL,SF-100,B,202306,23,5490,9.0
E1,M05,100-0,ALL,SF-100,B,202307,24,5620,5.0
E1,M05,100-0,ALL,SF-100,B,202308,25,5750,10.0
E1,M05,100-0,ALL,SF-100,B,202309,26,5880,7.0
E1,M05,100-0,ALL,SF-100,B,202310,27,6010,9.0
E1,M05,100-0,ALL,SF-100,B,202311,28,6140,12.0
E1,M05,100-0,ALL,SF-100,B,202312,29,6270,7.0
E1,M05,100-0,ALL,SF-100,B,202401,30,6400,6.0
E1,M05,100-0,ALL,SF-100,B,202402,31,6530,13.0
E1,M05,100-0,ALL,SF-100,B,202403,32,6660,6.0
E1,M05,100-0,ALL,SF-100,B,202404,33,6790,7.0
E1,M05,100-0,ALL,SF-100,B,202405,34,6920,3.0
E1,M05,100-0,ALL,SF-100,B,202406,35,7050,7.0
E1,M05,100-0,ALL,SF-100,B,202407,36,7180,11.0
E1,M05,100-0,ALL,SF-100,B,202408,37,7310,12.0
E1,M05,100-0,ALL,SF-100,B,202409,38,7440,7.0
E1,M05,100-0,ALL,SF-100,B,202410,39,7570,5.0
E1,M05,100-0,ALL,SF-100,B,202411,40,7700,6.0
E1,M05,100-0,ALL,SF-100,B,202412,41,7830,6.0
E1,M05,100-0,B,SF-100,B,202107,0,600,1.0
E1,M05,100-0,B,SF-100,B,202108,1,631,1.0
E1,M05,100-0,B,SF-100,B,202109,2,662,0.0
E1,M05,100-0,B,SF-100,B,202110,3,694,0.0
E1,M05,100-0,B,SF-100,B,202111,4,725,0.0
E1,M05,100-0,B,SF-100,B,202112,5,756,3.0
E1,M05,100-0,B,SF-100,B,202201,6,787,0.0
E1,M05,100-0,B,SF-100,B,202202,7,818,2.0
E1,M05,100-0,B,SF-100,B,202203,8,850,0.0
E1,M05,100-0,B,SF-100,B,202204,9,881,0.0
E1,M05,100-0,B,SF-100,B,202205,10,912,2.0
E1,M05,100-0,B,SF-100,B,202206,11,943,2.0
E1,M05,100-0,B,SF-100,B,202207,12,974,2.0
E1,M05,100-0,B,SF-100,B,202208,13,1006,2.0
E1,M05,100-0,B,SF-100,B,202209,14,1037,1.0
E1,M05,100-0,B,SF-100,B,202210,15,1068,1.0
E1,M05,100-0,B,SF-100,B,202211,16,1099,1.0
E1,M05,100-0,B,SF-100,B,202212,17,1130,3.0
E1,M05,100-0,B,SF-100,B,202301,18,1162,0.0
E1,M05,100-0,B,SF-100,B,202302,19,1193,4.0
E1,M05,100-0,B,SF-100,B,202303,20,1224,2.0
E1,M05,100-0,B,SF-100,B,202304,21,1255,2.0
E1,M05,100-0,B,SF-100,B,202305,22,1286,2.0
E1,M05,100-0,B,SF-100,B,202306,23,1318,2.0
E1,M05,100-0,B,SF-100,B,202307,24,1349,0.0
E1,M05,100-0,B,SF-100,B,202308,25,1380,1.0
E1,M05,100-0,B,SF-100,B,202309,26,1411,2.0
E1,M05,100-0,B,SF-100,B,202310,27,1442,1.0
E1,M05,100-0,B,SF-100,B,202311,28,1474,4.0
E1,M05,100-0,B,SF-100,B,202312,29,1505,2.0
E1,M05,100-0,B,SF-100,B,202401,30,1536,3.0
E1,M05,100-0,B,SF-100,B,202402,31,1567,3.0
E1,M05,100-0,B,SF-100,B,202403,32,1598,6.0
E1,M05,100-0,B,SF-100,B,202404,33,1630,0.0
E1,M05,100-0,B,SF-100,B,202405,34,1661,0.0
E1,M05,100-0,B,SF-100,B,202406,35,1692,3.0
E1,M05,100-0,B,SF-100,B,202407,36,1723,3.0
E1,M05,100-0,B,SF-100,B,202408,37,1754,3.0
E1,M05,100-0,B,SF-100,B,202409,38,1786,0.0
E1,M05,100-0,B,SF-100,B,202410,39,1817,2.0
E1,M05,100-0,B,SF-100,B,202411,40,1848,3.0
E1,M05,100-0,B,SF-100,B,202412,41,1879,2.0
E1,M05,100-0,C,SF-100,B,202109,2,552,1.0
E1,M05,100-0,C,SF-100,B,202110,3,578,1.0
E1,M05,100-0,C,SF-100,B,202111,4,604,2.0
E1,M05,100-0,C,SF-100,B,202112,5,630,2.0
E1,M05,100-0,C,SF-100,B,202201,6,656,1.0
E1,M05,100-0,C,SF-100,B,202202,7,682,1.0
E1,M05,100-0,C,SF-100,B,202203,8,708,1.0
E1,M05,100-0,C,SF-100,B,202204,9,734,0.0
E1,M05,100-0,C,SF-100,B,202205,10,760,2.0
E1,M05,100-0,C,SF-100,B,202206,11,786,1.0
E1,M05,100-0,C,SF-100,B,202207,12,812,0.0
E1,M05,100-0,C,SF-100,B,202208,13,838,2.0
E1,M05,100-0,C,SF-100,B,202209,14,864,0.0
E1,M05,100-0,C,SF-100,B,202210,15,890,0.0
E1,M05,100-0,C,SF-100,B,202211,16,916,1.0
E1,M05,100-0,C,SF-100,B,202212,17,942,1.0
E1,M05,100-0,C,SF-100,B,202301,18,968,1.0
E1,M05,100-0,C,SF-100,B,202302,19,994,2.0
E1,M05,100-0,C,SF-100,B,202303,20,1020,0.0
E1,M05,100-0,C,SF-100,B,202304,21,1046,1.0
E1,M05,100-0,C,SF-100,B,202305,22,1072,4.0
E1,M05,100-0,C,SF-100,B,202306,23,1098,1.0
E1,M05,100-0,C,SF-100,B,202307,24,1124,1.0
E1,M05,100-0,C,SF-100,B,202308,25,1150,0.0
E1,M05,100-0,C,SF-100,B,202309,26,1176,0.0
E1,M05,100-0,C,SF-100,B,202310,27,1202,2.0
E1,M05,100-0,C,SF-100,B,202311,28,1228,1.0
E1,M05,100-0,C,SF-100,B,202312,29,1254,1.0
E1,M05,100-0,C,SF-100,B,202401,30,1280,0.0
E1,M05,100-0,C,SF-100,B,202402,31,1306,3.0
E1,M05,100-0,C,SF-100,B,202403,32,1332,0.0
E1,M05,100-0,C,SF-100,B,202404,33,1358,0.0
E1,M05,100-0,C,SF-100,B,202405,34,1384,1.0
E1,M05,100-0,C,SF-100,B,202406,35,1410,0.0
E1,M05,100-0,C,SF-100,B,202407,36,1436,3.0
E1,M05,100-0,C,SF-100,B,202408,37,1462,3.0
E1,M05,100-0,C,SF-100,B,202409,38,1488,2.0
E1,M05,100-0,C,SF-100,B,202410,39,1514,1.0
E1,M05,100-0,C,SF-100,B,202411,40,1540,2.0
E1,M05,100-0,D,SF-100,B,202108,1,394,1.0
E1,M05,100-0,D,SF-100,B,202109,2,414,1.0
E1,M05,100-0,D,SF-100,B,202110,3,434,0.0
E1,M05,100-0,D,SF-100,B,202111,4,453,0.0
E1,M05,100-0,D,SF-100,B,202112,5,472,0.0
E1,M05,100-0,D,SF-100,B,202201,6,492,0.0
E1,M05,100-0,D,SF-100,B,202202,7,512,1.0
E1,M05,100-0,D,SF-100,B,202203,8,531,0.0
E1,M05,100-0,D,SF-100,B,202204,9,550,0.0
E1,M05,100-0,D,SF-100,B,202205,10,570,0.0
E1,M05,100-0,D,SF-100,B,202206,11,590,0.0
E1,M05,100-0,D,SF-100,B,202207,12,609,0.0
E1,M05,100-0,D,SF-100,B,202208,13,628,0.0
E1,M05,100-0,D,SF-100,B,202209,14,648,0.0
E1,M05,100-0,D,SF-100,B,202210,15,668,1.0
E1,M05,100-0,D,SF-100,B,202211,16,687,1.0
E1,M05,100-0,D,SF-100,B,202212,17,706,0.0
E1,M05,100-0,D,SF-100,B,202301,18,726,1.0
E1,M05,100-0,D,SF-100,B,202302,19,746,2.0
E1,M05,100-0,D,SF-100,B,202303,20,765,0.0
E1,M05,100-0,D,SF-100,B,202304,21,784,0.0
E1,M05,100-0,D,SF-100,B,202305,22,804,0.0
E1,M05,100-0,D,SF-100,B,202306,23,824,2.0
E1,M05,100-0,D,SF-100,B,202307,24,843,2.0
E1,M05,100-0,D,SF-100,B,202308,25,862,1.0
E1,M05,100-0,D,SF-100,B,202309,26,882,0.0
E1,M05,100-0,D,SF-100,B,202310,27,902,1.0
E1,M05,100-0,D,SF-100,B,202311,28,921,1.0
E1,M05,100-0,D,SF-100,B,202312,29,940,0.0
E1,M05,100-0,D,SF-100,B,202401,30,960,2.0
E1,M05,100-0,D,SF-100,B,202402,31,980,2.0
E1,M05,100-0,D,SF-100,B,202403,32,999,0.0
E1,M05,100-0,D,SF-100,B,202404,33,1018,2.0
E1,M05,100-0,D,SF-100,B,202405,34,1038,1.0
E1,M05,100-0,D,SF-100,B,202406,35,1058,0.0
E1,M05,100-0,D,SF-100,B,202407,36,1077,0.0
E1,M05,100-0,D,SF-100,B,202408,37,1096,2.0
E1,M05,100-0,D,SF-100,B,202409,38,1116,2.0
E1,M05,100-0,D,SF-100,B,202410,39,1136,1.0
E1,M05,100-0,E,SF-100,B,202203,8,248,1.0
E1,M05,100-0,E,SF-100,B,202204,9,257,0.0
E1,M05,100-0,E,SF-100,B,202205,10,266,0.0
E1,M05,100-0,E,SF-100,B,202206,11,275,0.0
E1,M05,100-0,E,SF-100,B,202207,12,284,0.0
E1,M05,100-0,E,SF-100,B,202208,13,293,0.0
E1,M05,100-0,E,SF-100,B,202209,14,302,1.0
E1,M05,100-0,E,SF-100,B,202210,15,312,1.0
E1,M05,100-0,E,SF-100,B,202211,16,321,1.0
E1,M05,100-0,E,SF-100,B,202212,17,330,1.0
E1,M05,100-0,E,SF-100,B,202301,18,339,1.0
E1,M05,100-0,E,SF-100,B,202302,19,348,0.0
E1,M05,100-0,E,SF-100,B,202303,20,357,1.0
E1,M05,100-0,E,SF-100,B,202304,21,366,1.0
E1,M05,100-0,E,SF-100,B,202305,22,375,0.0
E1,M05,100-0,E,SF-100,B,202306,23,384,1.0
E1,M05,100-0,E,SF-100,B,202307,24,393,0.0
E1,M05,100-0,E,SF-100,B,202308,25,403,1.0
E1,M05,100-0,E,SF-100,B,202309,26,412,1.0
E1,M05,100-0,E,SF-100,B,202310,27,421,1.0
E1,M05,100-0,E,SF-100,B,202311,28,430,2.0
E1,M05,100-0,E,SF-100,B,202312,29,439,0.0
E1,M05,100-0,E,SF-100,B,202401,30,448,0.0
E1,M05,100-0,E,SF-100,B,202402,31,457,1.0
E1,M05,100-0,E,SF-100,B,202403,32,466,0.0
E1,M05,100-0,E,SF-100,B,202404,33,475,0.0
E1,M05,100-0,E,SF-100,B,202405,34,484,0.0
E1,M05,100-0,E,SF-100,B,202406,35,494,1.0
E1,M05,100-0,E,SF-100,B,202407,36,503,1.0
E1,M05,100-0,E,SF-100,B,202408,37,512,0.0
E1,M05,100-0,E,SF-100,B,202409,38,521,1.0
E1,M05,100-0,E,SF-100,B,202410,39,530,0.0
E1,M05,100-0,E,SF-100,B,202411,40,539,1.0
E1,M05,100-0,E,SF-100,B,202412,41,548,1.0
E1,M05,101-0,A,SF-101,B,202107,0,850,1.0
E1,M05,101-0,A,SF-101,B,202108,1,894,1.0
E1,M05,101-0,A,SF-101,B,202109,2,938,2.0
E1,M05,101-0,A,SF-101,B,202110,3,983,2.0
E1,M05,101-0,A,SF-101,B,202111,4,1027,0.0
E1,M05,101-0,A,SF-101,B,202112,5,1071,3.0
E1,M05,101-0,A,SF-101,B,202201,6,1115,2.0
E1,M05,101-0,A,SF-101,B,202202,7,1159,3.0
E1,M05,101-0,A,SF-101,B,202203,8,1204,5.0
E1,M05,101-0,A,SF-101,B,202204,9,1248,2.0
E1,M05,101-0,A,SF-101,B,202205,10,1292,1.0
E1,M05,101-0,A,SF-101,B,202206,11,1336,0.0
E1,M05,101-0,A,SF-101,B,202207,12,1380,0.0
E1,M05,101-0,A,SF-101,B,202208,13,1425,0.0
E1,M05,101-0,A,SF-101,B,202209,14,1469,0.0
E1,M05,101-0,A,SF-101,B,202210,15,1513,0.0
E1,M05,101-0,A,SF-101,B,202211,16,1557,1.0
E1,M05,101-0,A,SF-101,B,202212,17,1601,2.0
E1,M05,101-0,A,SF-101,B,202301,18,1646,4.0
E1,M05,101-0,A,SF-101,B,202302,19,1690,3.0
E1,M05,101-0,A,SF-101,B,202303,20,1734,1.0
E1,M05,101-0,A,SF-101,B,202304,21,1778,0.0
E1,M05,101-0,A,SF-101,B,202305,22,1822,1.0
E1,M05,101-0,A,SF-101,B,202306,23,1867,1.0
E1,M05,101-0,A,SF-101,B,202307,24,1911,0.0
E1,M05,101-0,A,SF-101,B,202308,25,1955,2.0
E1,M05,101-0,A,SF-101,B,202309,26,1999,0.0
E1,M05,101-0,A,SF-101,B,202310,27,2043,1.0
E1,M05,101-0,A,SF-101,B,202311,28,2088,3.0
E1,M05,101-0,A,SF-101,B,202312,29,2132,2.0
E1,M05,101-0,A,SF-101,B,202401,30,2176,3.0
E1,M05,101-0,A,SF-101,B,202402,31,2220,1.0
E1,M05,101-0,A,SF-101,B,202403,32,2264,1.0
E1,M05,101-0,A,SF-101,B,202404,33,2309,0.0
E1,M05,101-0,A,SF-101,B,202405,34,2353,4.0
E1,M05,101-0,A,SF-101,B,202406,35,2397,0.0
E1,M05,101-0,A,SF-101,B,202407,36,2441,3.0
E1,M05,101-0,A,SF-101,B,202408,37,2485,2.0
E1,M05,101-0,A,SF-101,B,202409,38,2530,1.0
E1,M05,101-0,A,SF-101,B,202410,39,2574,3.0
E1,M05,101-0,A,SF-101,B,202411,40,2618,4.0
E1,M05,101-0,A,SF-101,B,202412,41,2662,2.0
E1,M05,101-0,ALL,SF-101,B,202107,0,2500,5.0
E1,M05,101-0,ALL,SF-101,B,202108,1,2630,4.0
E1,M05,101-0,ALL,SF-101,B,202109,2,2760,3.0
E1,M05,101-0,ALL,SF-101,B,202110,3,2890,3.0
E1,M05,101-0,ALL,SF-101,B,202111,4,3020,0.0
E1,M05,101-0,ALL,SF-101,B,202112,5,3150,3.0
E1,M05,101-0,ALL,SF-101,B,202201,6,3280,3.0
E1,M05,101-0,ALL,SF-101,B,202202,7,3410,6.0
E1,M05,101-0,ALL,SF-101,B,202203,8,3540,8.0
E1,M05,101-0,ALL,SF-101,B,202204,9,3670,4.0
E1,M05,101-0,ALL,SF-101,B,202205,10,3800,2.0
E1,M05,101-0,ALL,SF-101,B,202206,11,3930,2.0
E1,M05,101-0,ALL,SF-101,B,202207,12,4060,5.0
E1,M05,101-0,ALL,SF-101,B,202208,13,4190,4.0
E1,M05,101-0,ALL,SF-101,B,202209,14,4320,2.0
E1,M05,101-0,ALL,SF-101,B,202210,15,4450,4.0
E1,M05,101-0,ALL,SF-101,B,202211,16,4580,6.0
E1,M05,101-0,ALL,SF-101,B,202212,17,4710,6.0
E1,M05,101-0,ALL,SF-101,B,202301,18,4840,6.0
E1,M05,101-0,ALL,SF-101,B,202302,19,4970,6.0
E1,M05,101-0,ALL,SF-101,B,202303,20,5100,4.0
E1,M05,101-0,ALL,SF-101,B,202304,21,5230,5.0
E1,M05,101-0,ALL,SF-101,B,202305,22,5360,8.0
E1,M05,101-0,ALL,SF-101,B,202306,23,5490,6.0
E1,M05,101-0,ALL,SF-101,B,202307,24,5620,3.0
E1,M05,101-0,ALL,SF-101,B,202308,25,5750,5.0
E1,M05,101-0,ALL,SF-101,B,202309,26,5880,1.0
E1,M05,101-0,ALL,SF-101,B,202310,27,6010,3.0
E1,M05,101-0,ALL,SF-101,B,202311,28,6140,6.0
E1,M05,101-0,ALL,SF-101,B,202312,29,6270,2.0
E1,M05,101-0,ALL,SF-101,B,202401,30,6400,6.0
E1,M05,101-0,ALL,SF-101,B,202402,31,6530,2.0
E1,M05,101-0,ALL,SF-101,B,202403,32,6660,2.0
E1,M05,101-0,ALL,SF-101,B,202404,33,6790,3.0
E1,M05,101-0,ALL,SF-101,B,202405,34,6920,6.0
E1,M05,101-0,ALL,SF-101,B,202406,35,7050,5.0
E1,M05,101-0,ALL,SF-101,B,202407,36,7180,7.0
E1,M05,101-0,ALL,SF-101,B,202408,37,7310,3.0
E1,M05,101-0,ALL,SF-101,B,202409,38,7440,5.0
E1,M05,101-0,ALL,SF-101,B,202410,39,7570,6.0
E1,M05,101-0,ALL,SF-101,B,202411,40,7700,7.0
E1,M05,101-0,ALL,SF-101,B,202412,41,7830,3.0
E1,M05,101-0,B,SF-101,B,202107,0,600,3.0
E1,M05,101-0,B,SF-101,B,202108,1,631,1.0
E1,M05,101-0,B,SF-101,B,202109,2,662,1.0
E1,M05,101-0,B,SF-101,B,202110,3,694,1.0
E1,M05,101-0,B,SF-101,B,202111,4,725,0.0
E1,M05,101-0,B,SF-101,B,202112,5,756,0.0
E1,M05,101-0,B,SF-101,B,202201,6,787,0.0
E1,M05,101-0,B,SF-101,B,202202,7,818,1.0
E1,M05,101-0,B,SF-101,B,202203,8,850,1.0
E1,M05,101-0,B,SF-101,B,202204,9,881,0.0
E1,M05,101-0,B,SF-101,B,202205,10,912,0.0
E1,M05,101-0,B,SF-101,B,202206,11,943,2.0
E1,M05,101-0,B,SF-101,B,202207,12,974,3.0
E1,M05,101-0,B,SF-101,B,202208,13,1006,1.0
E1,M05,101-0,B,SF-101,B,202209,14,1037,0.0
E1,M05,101-0,B,SF-101,B,202210,15,1068,3.0
E1,M05,101-0,B,SF-101,B,202211,16,1099,0.0
E1,M05,101-0,B,SF-101,B,202212,17,1130,0.0
E1,M05,101-0,B,SF-101,B,202301,18,1162,0.0
E1,M05,101-0,B,SF-101,B,202302,19,1193,1.0
E1,M05,101-0,B,SF-101,B,202303,20,1224,2.0
E1,M05,101-0,B,SF-101,B,202304,21,1255,2.0
E1,M05,101-0,B,SF-101,B,202305,22,1286,2.0
E1,M05,101-0,B,SF-101,B,202306,23,1318,1.0
E1,M05,101-0,B,SF-101,B,202307,24,1349,1.0
E1,M05,101-0,B,SF-101,B,202308,25,1380,1.0
E1,M05,101-0,B,SF-101,B,202309,26,1411,1.0
E1,M05,101-0,B,SF-101,B,202310,27,1442,1.0
E1,M05,101-0,B,SF-101,B,202311,28,1474,2.0
E1,M05,101-0,B,SF-101,B,202312,29,1505,0.0
E1,M05,101-0,B,SF-101,B,202401,30,1536,1.0
E1,M05,101-0,B,SF-101,B,202402,31,1567,0.0
E1,M05,101-0,B,SF-101,B,202403,32,1598,1.0
E1,M05,101-0,B,SF-101,B,202404,33,1630,3.0
E1,M05,101-0,B,SF-101,B,202405,34,1661,0.0
E1,M05,101-0,B,SF-101,B,202406,35,1692,2.0
E1,M05,101-0,B,SF-101,B,202407,36,1723,2.0
E1,M05,101-0,B,SF-101,B,202408,37,1754,0.0
E1,M05,101-0,B,SF-101,B,202409,38,1786,2.0
E1,M05,101-0,B,SF-101,B,202410,39,1817,3.0
E1,M05,101-0,B,SF-101,B,202411,40,1848,0.0
E1,M05,101-0,B,SF-101,B,202412,41,1879,1.0
E1,M05,101-0,C,SF-101,B,202108,1,526,1.0
E1,M05,101-0,C,SF-101,B,202109,2,552,0.0
E1,M05,101-0,C,SF-101,B,202110,3,578,0.0
E1,M05,101-0,C,SF-101,B,202111,4,604,0.0
E1,M05,101-0,C,SF-101,B,202112,5,630,0.0
E1,M05,101-0,C,SF-101,B,202201,6,656,0.0
E1,M05,101-0,C,SF-101,B,202202,7,682,2.0
E1,M05,101-0,C,SF-101,B,202203,8,708,1.0
E1,M05,101-0,C,SF-101,B,202204,9,734,1.0
E1,M05,101-0,C,SF-101,B,202205,10,760,0.0
E1,M05,101-0,C,SF-101,B,202206,11,786,0.0
E1,M05,101-0,C,SF-101,B,202207,12,812,2.0
E1,M05,101-0,C,SF-101,B,202208,13,838,2.0
E1,M05,101-0,C,SF-101,B,202209,14,864,2.0
E1,M05,101-0,C,SF-101,B,202210,15,890,1.0
E1,M05,101-0,C,SF-101,B,202211,16,916,1.0
E1,M05,101-0,C,SF-101,B,202212,17,942,2.0
E1,M05,101-0,C,SF-101,B,202301,18,968,0.0
E1,M05,101-0,C,SF-101,B,202302,19,994,1.0
E1,M05,101-0,C,SF-101,B,202303,20,1020,0.0
E1,M05,101-0,C,SF-101,B,202304,21,1046,2.0
E1,M05,101-0,C,SF-101,B,202305,22,1072,2.0
E1,M05,101-0,C,SF-101,B,202306,23,1098,2.0
E1,M05,101-0,C,SF-101,B,202307,24,1124,2.0
E1,M05,101-0,C,SF-101,B,202308,25,1150,1.0
E1,M05,101-0,C,SF-101,B,202309,26,1176,0.0
E1,M05,101-0,C,SF-101,B,202310,27,1202,0.0
E1,M05,101-0,C,SF-101,B,202311,28,1228,1.0
E1,M05,101-0,C,SF-101,B,202312,29,1254,0.0
E1,M05,101-0,C,SF-101,B,202401,30,1280,0.0
E1,M05,101-0,C,SF-101,B,202402,31,1306,1.0
E1,M05,101-0,C,SF-101,B,202403,32,1332,0.0
E1,M05,101-0,C,SF-101,B,202404,33,1358,0.0
E1,M05,101-0,C,SF-101,B,202405,34,1384,0.0
E1,M05,101-0,C,SF-101,B,202406,35,1410,2.0
E1,M05,101-0,C,SF-101,B,202407,36,1436,1.0
E1,M05,101-0,C,SF-101,B,202408,37,1462,0.0
E1,M05,101-0,C,SF-101,B,202409,38,1488,1.0
E1,M05,101-0,C,SF-101,B,202410,39,1514,0.0
E1,M05,101-0,C,SF-101,B,202411,40,1540,2.0
E1,M05,101-0,D,SF-101,B,202107,0,375,1.0
E1,M05,101-0,D,SF-101,B,202108,1,394,1.0
E1,M05,101-0,D,SF-101,B,202109,2,414,0.0
E1,M05,101-0,D,SF-101,B,202110,3,434,0.0
E1,M05,101-0,D,SF-101,B,202111,4,453,0.0
E1,M05,101-0,D,SF-101,B,202112,5,472,0.0
E1,M05,101-0,D,SF-101,B,202201,6,492,1.0
E1,M05,101-0,D,SF-101,B,202202,7,512,0.0
E1,M05,101-0,D,SF-101,B,202203,8,531,1.0
E1,M05,101-0,D,SF-101,B,202204,9,550,1.0
E1,M05,101-0,D,SF-101,B,202205,10,570,0.0
E1,M05,101-0,D,SF-101,B,202206,11,590,0.0
E1,M05,101-0,D,SF-101,B,202207,12,609,0.0
E1,M05,101-0,D,SF-101,B,202208,13,628,1.0
E1,M05,101-0,D,SF-101,B,202209,14,648,0.0
E1,M05,101-0,D,SF-101,B,202210,15,668,0.0
E1,M05,101-0,D,SF-101,B,202211,16,687,4.0
E1,M05,101-0,D,SF-101,B,202212,17,706,2.0
E1,M05,101-0,D,SF-101,B,202301,18,726,0.0
E1,M05,101-0,D,SF-101,B,202302,19,746,0.0
E1,M05,101-0,D,SF-101,B,202303,20,765,1.0
E1,M05,101-0,D,SF-101,B,202304,21,784,1.0
E1,M05,101-0,D,SF-101,B,202305,22,804,2.0
E1,M05,101-0,D,SF-101,B,202306,23,824,1.0
E1,M05,101-0,D,SF-101,B,202307,24,843,0.0
E1,M05,101-0,D,SF-101,B,202308,25,862,1.0
E1,M05,101-0,D,SF-101,B,202309,26,882,0.0
E1,M05,101-0,D,SF-101,B,202310,27,902,1.0
E1,M05,101-0,D,SF-101,B,202311,28,921,0.0
E1,M05,101-0,D,SF-101,B,202312,29,940,0.0
E1,M05,101-0,D,SF-101,B,202401,30,960,2.0
E1,M05,101-0,D,SF-101,B,202402,31,980,0.0
E1,M05,101-0,D,SF-101,B,202403,32,999,0.0
E1,M05,101-0,D,SF-101,B,202404,33,1018,0.0
E1,M05,101-0,D,SF-101,B,202405,34,1038,1.0
E1,M05,101-0,D,SF-101,B,202406,35,1058,1.0
E1,M05,101-0,D,SF-101,B,202407,36,1077,1.0
E1,M05,101-0,D,SF-101,B,202408,37,1096,1.0
E1,M05,101-0,D,SF-101,B,202409,38,1116,0.0
E1,M05,101-0,D,SF-101,B,202410,39,1136,0.0
E1,M05,101-0,E,SF-101,B,202203,8,248,0.0
E1,M05,101-0,E,SF-101,B,202204,9,257,0.0
E1,M05,101-0,E,SF-101,B,202205,10,266,1.0
E1,M05,101-0,E,SF-101,B,202206,11,275,0.0
E1,M05,101-0,E,SF-101,B,202207,12,284,0.0
E1,M05,101-0,E,SF-101,B,202208,13,293,0.0
E1,M05,101-0,E,SF-101,B,202209,14,302,0.0
E1,M05,101-0,E,SF-101,B,202210,15,312,0.0
E1,M05,101-0,E,SF-101,B,202211,16,321,0.0
E1,M05,101-0,E,SF-101,B,202212,17,330,0.0
E1,M05,101-0,E,SF-101,B,202301,18,339,2.0
E1,M05,101-0,E,SF-101,B,202302,19,348,1.0
E1,M05,101-0,E,SF-101,B,202303,20,357,0.0
E1,M05,101-0,E,SF-101,B,202304,21,366,0.0
E1,M05,101-0,E,SF-101,B,202305,22,375,1.0
E1,M05,101-0,E,SF-101,B,202306,23,384,1.0
E1,M05,101-0,E,SF-101,B,202307,24,393,0.0
E1,M05,101-0,E,SF-101,B,202308,25,403,0.0
E1,M05,101-0,E,SF-101,B,202309,26,412,0.0
E1,M05,101-0,E,SF-101,B,202310,27,421,0.0
E1,M05,101-0,E,SF-101,B,202311,28,430,0.0
E1,M05,101-0,E,SF-101,B,202312,29,439,0.0
E1,M05,101-0,E,SF-101,B,202401,30,448,0.0
E1,M05,101-0,E,SF-101,B,202402,31,457,0.0
E1,M05,101-0,E,SF-101,B,202403,32,466,0.0
E1,M05,101-0,E,SF-101,B,202404,33,475,0.0
E1,M05,101-0,E,SF-101,B,202405,34,484,1.0
E1,M05,101-0,E,SF-101,B,202406,35,494,0.0
E1,M05,101-0,E,SF-101,B,202407,36,503,0.0
E1,M05,101-0,E,SF-101,B,202408,37,512,0.0
E1,M05,101-0,E,SF-101,B,202409,38,521,1.0
E1,M05,101-0,E,SF-101,B,202410,39,530,0.0
E1,M05,101-0,E,SF-101,B,202411,40,539,1.0
E1,M05,101-0,E,SF-101,B,202412,41,548,0.0
E1,M05,102-0,A,SF-102,B,202107,0,850,3.0
E1,M05,102-0,A,SF-102,B,202108,1,894,1.0
E1,M05,102-0,A,SF-102,B,202109,2,938,3.0
E1,M05,102-0,A,SF-102,B,202110,3,983,3.0
E1,M05,102-0,A,SF-102,B,202111,4,1027,2.0
E1,M05,102-0,A,SF-102,B,202112,5,1071,3.0
E1,M05,102-0,A,SF-102,B,202201,6,1115,4.0
E1,M05,102-0,A,SF-102,B,202202,7,1159,2.0
E1,M05,102-0,A,SF-102,B,202203,8,1204,0.0
E1,M05,102-0,A,SF-102,B,202204,9,1248,2.0
E1,M05,102-0,A,SF-102,B,202205,10,1292,3.0
E1,M05,102-0,A,SF-102,B,202206,11,1336,1.0
E1,M05,102-0,A,SF-102,B,202207,12,1380,0.0
E1,M05,102-0,A,SF-102,B,202208,13,1425,1.0
E1,M05,102-0,A,SF-102,B,202209,14,1469,3.0
E1,M05,102-0,A,SF-102,B,202210,15,1513,2.0
E1,M05,102-0,A,SF-102,B,202211,16,1557,3.0
E1,M05,102-0,A,SF-102,B,202212,17,1601,3.0
E1,M05,102-0,A,SF-102,B,202301,18,1646,0.0
E1,M05,102-0,A,SF-102,B,202302,19,1690,4.0
E1,M05,102-0,A,SF-102,B,202303,20,1734,1.0
E1,M05,102-0,A,SF-102,B,202304,21,1778,2.0
E1,M05,102-0,A,SF-102,B,202305,22,1822,1.0
E1,M05,102-0,A,SF-102,B,202306,23,1867,3.0
E1,M05,102-0,A,SF-102,B,202307,24,1911,3.0
E1,M05,102-0,A,SF-102,B,202308,25,1955,5.0
E1,M05,102-0,A,SF-102,B,202309,26,1999,1.0
E1,M05,102-0,A,SF-102,B,202310,27,2043,3.0
E1,M05,102-0,A,SF-102,B,202311,28,2088,3.0
E1,M05,102-0,A,SF-102,B,202312,29,2132,3.0
E1,M05,102-0,A,SF-102,B,202401,30,2176,2.0
E1,M05,102-0,A,SF-102,B,202402,31,2220,0.0
E1,M05,102-0,A,SF-102,B,202403,32,2264,0.0
E1,M05,102-0,A,SF-102,B,202404,33,2309,4.0
E1,M05,102-0,A,SF-102,B,202405,34,2353,0.0
E1,M05,102-0,A,SF-102,B,202406,35,2397,1.0
E1,M05,102-0,A,SF-102,B,202407,36,2441,5.0
E1,M05,102-0,A,SF-102,B,202408,37,2485,2.0
E1,M05,102-0,A,SF-102,B,202409,38,2530,5.0
E1,M05,102-0,A,SF-102,B,202410,39,2574,2.0
E1,M05,102-0,A,SF-102,B,202411,40,2618,2.0
E1,M05,102-0,A,SF-102,B,202412,41,2662,3.0
E1,M05,102-0,ALL,SF-102,B,202107,0,2500,5.0
E1,M05,102-0,ALL,SF-102,B,202108,1,2630,5.0
E1,M05,102-0,ALL,SF-102,B,202109,2,2760,5.0
E1,M05,102-0,ALL,SF-102,B,202110,3,2890,6.0
E1,M05,102-0,ALL,SF-102,B,202111,4,3020,2.0
E1,M05,102-0,ALL,SF-102,B,202112,5,3150,7.0
E1,M05,102-0,ALL,SF-102,B,202201,6,3280,8.0
E1,M05,102-0,ALL,SF-102,B,202202,7,3410,4.0
E1,M05,102-0,ALL,SF-102,B,202203,8,3540,0.0
E1,M05,102-0,ALL,SF-102,B,202204,9,3670,3.0
E1,M05,102-0,ALL,SF-102,B,202205,10,3800,5.0
E1,M05,102-0,ALL,SF-102,B,202206,11,3930,2.0
E1,M05,102-0,ALL,SF-102,B,202207,12,4060,1.0
E1,M05,102-0,ALL,SF-102,B,202208,13,4190,3.0
E1,M05,102-0,ALL,SF-102,B,202209,14,4320,8.0
E1,M05,102-0,ALL,SF-102,B,202210,15,4450,4.0
E1,M05,102-0,ALL,SF-102,B,202211,16,4580,7.0
E1,M05,102-0,ALL,SF-102,B,202212,17,4710,7.0
E1,M05,102-0,ALL,SF-102,B,202301,18,4840,3.0
E1,M05,102-0,ALL,SF-102,B,202302,19,4970,9.0
E1,M05,102-0,ALL,SF-102,B,202303,20,5100,6.0
E1,M05,102-0,ALL,SF-102,B,202304,21,5230,6.0
E1,M05,102-0,ALL,SF-102,B,202305,22,5360,4.0
E1,M05,102-0,ALL,SF-102,B,202306,23,5490,5.0
E1,M05,102-0,ALL,SF-102,B,202307,24,5620,9.0
E1,M05,102-0,ALL,SF-102,B,202308,25,5750,12.0
E1,M05,102-0,ALL,SF-102,B,202309,26,5880,5.0
E1,M05,102-0,ALL,SF-102,B,202310,27,6010,9.0
E1,M05,102-0,ALL,SF-102,B,202311,28,6140,6.0
E1,M05,102-0,ALL,SF-102,B,202312,29,6270,6.0
E1,M05,102-0,ALL,SF-102,B,202401,30,6400,7.0
E1,M05,102-0,ALL,SF-102,B,202402,31,6530,1.0
E1,M05,102-0,ALL,SF-102,B,202403,32,6660,6.0
E1,M05,102-0,ALL,SF-102,B,202404,33,6790,7.0
E1,M05,102-0,ALL,SF-102,B,202405,34,6920,6.0
E1,M05,102-0,ALL,SF-102,B,202406,35,7050,7.0
E1,M05,102-0,ALL,SF-102,B,202407,36,7180,14.0
E1,M05,102-0,ALL,SF-102,B,202408,37,7310,10.0
E1,M05,102-0,ALL,SF-102,B,202409,38,7440,10.0
E1,M05,102-0,ALL,SF-102,B,202410,39,7570,8.0
E1,M05,102-0,ALL,SF-102,B,202411,40,7700,4.0
E1,M05,102-0,ALL,SF-102,B,202412,41,7830,4.0
E1,M05,102-0,B,SF-102,B,202108,1,631,2.0
E1,M05,102-0,B,SF-102,B,202109,2,662,2.0
E1,M05,102-0,B,SF-102,B,202110,3,694,0.0
E1,M05,102-0,B,SF-102,B,202111,4,725,0.0
E1,M05,102-0,B,SF-102,B,202112,5,756,2.0
E1,M05,102-0,B,SF-102,B,202201,6,787,3.0
E1,M05,102-0,B,SF-102,B,202202,7,818,1.0
E1,M05,102-0,B,SF-102,B,202203,8,850,0.0
E1,M05,102-0,B,SF-102,B,202204,9,881,0.0
E1,M05,102-0,B,SF-102,B,202205,10,912,1.0
E1,M05,102-0,B,SF-102,B,202206,11,943,1.0
E1,M05,102-0,B,SF-102,B,202207,12,974,0.0
E1,M05,102-0,B,SF-102,B,202208,13,1006,1.0
E1,M05,102-0,B,SF-102,B,202209,14,1037,2.0
E1,M05,102-0,B,SF-102,B,202210,15,1068,1.0
E1,M05,102-0,B,SF-102,B,202211,16,1099,2.0
E1,M05,102-0,B,SF-102,B,202212,17,1130,2.0
E1,M05,102-0,B,SF-102,B,202301,18,1162,1.0
E1,M05,102-0,B,SF-102,B,202302,19,1193,2.0
E1,M05,102-0,B,SF-102,B,202303,20,1224,0.0
E1,M05,102-0,B,SF-102,B,202304,21,1255,1.0
E1,M05,102-0,B,SF-102,B,202305,22,1286,2.0
E1,M05,102-0,B,SF-102,B,202306,23,1318,1.0
E1,M05,102-0,B,SF-102,B,202307,24,1349,1.0
E1,M05,102-0,B,SF-102,B,202308,25,1380,4.0
E1,M05,102-0,B,SF-102,B,202309,26,1411,1.0
E1,M05,102-0,B,SF-102,B,202310,27,1442,3.0
E1,M05,102-0,B,SF-102,B,202311,28,1474,1.0
E1,M05,102-0,B,SF-102,B,202312,29,1505,1.0
E1,M05,102-0,B,SF-102,B,202401,30,1536,3.0
E1,M05,102-0,B,SF-102,B,202402,31,1567,0.0
E1,M05,102-0,B,SF-102,B,202403,32,1598,3.0
E1,M05,102-0,B,SF-102,B,202404,33,1630,2.0
E1,M05,102-0,B,SF-102,B,202405,34,1661,1.0
E1,M05,102-0,B,SF-102,B,202406,35,1692,1.0
E1,M05,102-0,B,SF-102,B,202407,36,1723,3.0
E1,M05,102-0,B,SF-102,B,202408,37,1754,3.0
E1,M05,102-0,B,SF-102,B,202409,38,1786,2.0
E1,M05,102-0,B,SF-102,B,202410,39,1817,2.0
E1,M05,102-0,B,SF-102,B,202411,40,1848,1.0
E1,M05,102-0,B,SF-102,B,202412,41,1879,1.0
E1,M05,102-0,C,SF-102,B,202107,0,500,2.0
E1,M05,102-0,C,SF-102,B,202108,1,526,2.0
E1,M05,102-0,C,SF-102,B,202109,2,552,0.0
E1,M05,102-0,C,SF-102,B,202110,3,578,2.0
E1,M05,102-0,C,SF-102,B,202111,4,604,0.0
E1,M05,102-0,C,SF-102,B,202112,5,630,0.0
E1,M05,102-0,C,SF-102,B,202201,6,656,1.0
E1,M05,102-0,C,SF-102,B,202202,7,682,1.0
E1,M05,102-0,C,SF-102,B,202203,8,708,0.0
E1,M05,102-0,C,SF-102,B,202204,9,734,0.0
E1,M05,102-0,C,SF-102,B,202205,10,760,0.0
E1,M05,102-0,C,SF-102,B,202206,11,786,0.0
E1,M05,102-0,C,SF-102,B,202207,12,812,0.0
E1,M05,102-0,C,SF-102,B,202208,13,838,1.0
E1,M05,102-0,C,SF-102,B,202209,14,864,1.0
E1,M05,102-0,C,SF-102,B,202210,15,890,0.0
E1,M05,102-0,C,SF-102,B,202211,16,916,1.0
E1,M05,102-0,C,SF-102,B,202212,17,942,1.0
E1,M05,102-0,C,SF-102,B,202301,18,968,1.0
E1,M05,102-0,C,SF-102,B,202302,19,994,1.0
E1,M05,102-0,C,SF-102,B,202303,20,1020,4.0
E1,M05,102-0,C,SF-102,B,202304,21,1046,2.0
E1,M05,102-0,C,SF-102,B,202305,22,1072,0.0
E1,M05,102-0,C,SF-102,B,202306,23,1098,0.0
E1,M05,102-0,C,SF-102,B,202307,24,1124,4.0
E1,M05,102-0,C,SF-102,B,202308,25,1150,2.0
E1,M05,102-0,C,SF-102,B,202309,26,1176,1.0
E1,M05,102-0,C,SF-102,B,202310,27,1202,2.0
E1,M05,102-0,C,SF-102,B,202311,28,1228,1.0
E1,M05,102-0,C,SF-102,B,202312,29,1254,2.0
E1,M05,102-0,C,SF-102,B,202401,30,1280,0.0
E1,M05,102-0,C,SF-102,B,202402,31,1306,1.0
E1,M05,102-0,C,SF-102,B,202403,32,1332,1.0
E1,M05,102-0,C,SF-102,B,202404,33,1358,0.0
E1,M05,102-0,C,SF-102,B,202405,34,1384,3.0
E1,M05,102-0,C,SF-102,B,202406,35,1410,4.0
E1,M05,102-0,C,SF-102,B,202407,36,1436,5.0
E1,M05,102-0,C,SF-102,B,202408,37,1462,4.0
E1,M05,102-0,C,SF-102,B,202409,38,1488,1.0
E1,M05,102-0,C,SF-102,B,202410,39,1514,2.0
E1,M05,102-0,C,SF-102,B,202411,40,1540,1.0
E1,M05,102-0,D,SF-102,B,202109,2,414,0.0
E1,M05,102-0,D,SF-102,B,202110,3,434,1.0
E1,M05,102-0,D,SF-102,B,202111,4,453,0.0
E1,M05,102-0,D,SF-102,B,202112,5,472,2.0
E1,M05,102-0,D,SF-102,B,202201,6,492,0.0
E1,M05,102-0,D,SF-102,B,202202,7,512,0.0
E1,M05,102-0,D,SF-102,B,202203,8,531,0.0
E1,M05,102-0,D,SF-102,B,202204,9,550,1.0
E1,M05,102-0,D,SF-102,B,202205,10,570,0.0
E1,M05,102-0,D,SF-102,B,202206,11,590,0.0
E1,M05,102-0,D,SF-102,B,202207,12,609,1.0
E1,M05,102-0,D,SF-102,B,202208,13,628,0.0
E1,M05,102-0,D,SF-102,B,202209,14,648,1.0
E1,M05,102-0,D,SF-102,B,202210,15,668,1.0
E1,M05,102-0,D,SF-102,B,202211,16,687,1.0
E1,M05,102-0,D,SF-102,B,202212,17,706,1.0
E1,M05,102-0,D,SF-102,B,202301,18,726,0.0
E1,M05,102-0,D,SF-102,B,202302,19,746,1.0
E1,M05,102-0,D,SF-102,B,202303,20,765,1.0
E1,M05,102-0,D,SF-102,B,202304,21,784,0.0
E1,M05,102-0,D,SF-102,B,202305,22,804,0.0
E1,M05,102-0,D,SF-102,B,202306,23,824,1.0
E1,M05,102-0,D,SF-102,B,202307,24,843,0.0
E1,M05,102-0,D,SF-102,B,202308,25,862,1.0
E1,M05,102-0,D,SF-102,B,202309,26,882,2.0
E1,M05,102-0,D,SF-102,B,202310,27,902,1.0
E1,M05,102-0,D,SF-102,B,202311,28,921,1.0
E1,M05,102-0,D,SF-102,B,202312,29,940,0.0
E1,M05,102-0,D,SF-102,B,202401,30,960,2.0
E1,M05,102-0,D,SF-102,B,202402,31,980,0.0
E1,M05,102-0,D,SF-102,B,202403,32,999,1.0
E1,M05,102-0,D,SF-102,B,202404,33,1018,0.0
E1,M05,102-0,D,SF-102,B,202405,34,1038,2.0
E1,M05,102-0,D,SF-102,B,202406,35,1058,1.0
E1,M05,102-0,D,SF-102,B,202407,36,1077,0.0
E1,M05,102-0,D,SF-102,B,202408,37,1096,0.0
E1,M05,102-0,D,SF-102,B,202409,38,1116,2.0
E1,M05,102-0,D,SF-102,B,202410,39,1136,0.0
E1,M05,102-0,E,SF-102,B,202203,8,248,0.0
E1,M05,102-0,E,SF-102,B,202204,9,257,0.0
E1,M05,102-0,E,SF-102,B,202205,10,266,1.0
E1,M05,102-0,E,SF-102,B,202206,11,275,0.0
E1,M05,102-0,E,SF-102,B,202207,12,284,0.0
E1,M05,102-0,E,SF-102,B,202208,13,293,0.0
E1,M05,102-0,E,SF-102,B,202209,14,302,1.0
E1,M05,102-0,E,SF-102,B,202210,15,312,0.0
E1,M05,102-0,E,SF-102,B,202211,16,321,0.0
E1,M05,102-0,E,SF-102,B,202212,17,330,0.0
E1,M05,102-0,E,SF-102,B,202301,18,339,1.0
E1,M05,102-0,E,SF-102,B,202302,19,348,1.0
E1,M05,102-0,E,SF-102,B,202303,20,357,0.0
E1,M05,102-0,E,SF-102,B,202304,21,366,1.0
E1,M05,102-0,E,SF-102,B,202305,22,375,1.0
E1,M05,102-0,E,SF-102,B,202306,23,384,0.0
E1,M05,102-0,E,SF-102,B,202307,24,393,1.0
E1,M05,102-0,E,SF-102,B,202308,25,403,0.0
E1,M05,102-0,E,SF-102,B,202309,26,412,0.0
E1,M05,102-0,E,SF-102,B,202310,27,421,0.0
E1,M05,102-0,E,SF-102,B,202311,28,430,0.0
E1,M05,102-0,E,SF-102,B,202312,29,439,0.0
E1,M05,102-0,E,SF-102,B,202401,30,448,0.0
E1,M05,102-0,E,SF-102,B,202402,31,457,0.0
E1,M05,102-0,E,SF-102,B,202403,32,466,1.0
E1,M05,102-0,E,SF-102,B,202404,33,475,1.0
E1,M05,102-0,E,SF-102,B,202405,34,484,0.0
E1,M05,102-0,E,SF-102,B,202406,35,494,0.0
E1,M05,102-0,E,SF-102,B,202407,36,503,1.0
E1,M05,102-0,E,SF-102,B,202408,37,512,1.0
E1,M05,102-0,E,SF-102,B,202409,38,521,0.0
E1,M05,102-0,E,SF-102,B,202410,39,530,2.0
E1,M05,102-0,E,SF-102,B,202411,40,539,0.0
E1,M05,102-0,E,SF-102,B,202412,41,548,0.0
E1,M05,103-0,A,SF-103,B,202107,0,850,1.0
E1,M05,103-0,A,SF-103,B,202109,2,938,1.0
E1,M05,103-0,A,SF-103,B,202110,3,983,0.0
E1,M05,103-0,A,SF-103,B,202111,4,1027,2.0
E1,M05,103-0,A,SF-103,B,202112,5,1071,1.0
E1,M05,103-0,A,SF-103,B,202201,6,1115,2.0
E1,M05,103-0,A,SF-103,B,202202,7,1159,1.0
E1,M05,103-0,A,SF-103,B,202203,8,1204,0.0
E1,M05,103-0,A,SF-103,B,202204,9,1248,0.0
E1,M05,103-0,A,SF-103,B,202205,10,1292,0.0
E1,M05,103-0,A,SF-103,B,202206,11,1336,0.0
E1,M05,103-0,A,SF-103,B,202207,12,1380,0.0
E1,M05,103-0,A,SF-103,B,202208,13,1425,2.0
E1,M05,103-0,A,SF-103,B,202209,14,1469,0.0
E1,M05,103-0,A,SF-103,B,202210,15,1513,2.0
E1,M05,103-0,A,SF-103,B,202211,16,1557,2.0
E1,M05,103-0,A,SF-103,B,202212,17,1601,1.0
E1,M05,103-0,A,SF-103,B,202301,18,1646,0.0
E1,M05,103-0,A,SF-103,B,202302,19,1690,3.0
E1,M05,103-0,A,SF-103,B,202303,20,1734,3.0
E1,M05,103-0,A,SF-103,B,202304,21,1778,2.0
E1,M05,103-0,A,SF-103,B,202305,22,1822,1.0
E1,M05,103-0,A,SF-103,B,202306,23,1867,0.0
E1,M05,103-0,A,SF-103,B,202307,24,1911,1.0
E1,M05,103-0,A,SF-103,B,202308,25,1955,0.0
E1,M05,103-0,A,SF-103,B,202309,26,1999,1.0
E1,M05,103-0,A,SF-103,B,202310,27,2043,0.0
E1,M05,103-0,A,SF-103,B,202311,28,2088,3.0
E1,M05,103-0,A,SF-103,B,202312,29,2132,1.0
E1,M05,103-0,A,SF-103,B,202401,30,2176,5.0
E1,M05,103-0,A,SF-103,B,202402,31,2220,0.0
E1,M05,103-0,A,SF-103,B,202403,32,2264,0.0
E1,M05,103-0,A,SF-103,B,202404,33,2309,1.0
E1,M05,103-0,A,SF-103,B,202405,34,2353,1.0
E1,M05,103-0,A,SF-103,B,202406,35,2397,1.0
E1,M05,103-0,A,SF-103,B,202407,36,2441,1.0
E1,M05,103-0,A,SF-103,B,202408,37,2485,2.0
E1,M05,103-0,A,SF-103,B,202409,38,2530,3.0
E1,M05,103-0,A,SF-103,B,202410,39,2574,2.0
E1,M05,103-0,A,SF-103,B,202411,40,2618,0.0
E1,M05,103-0,A,SF-103,B,202412,41,2662,1.0
E1,M05,103-0,ALL,SF-103,B,202107,0,2500,1.0
E1,M05,103-0,ALL,SF-103,B,202108,1,2630,0.0
E1,M05,103-0,ALL,SF-103,B,202109,2,2760,1.0
E1,M05,103-0,ALL,SF-103,B,202110,3,2890,0.0
E1,M05,103-0,ALL,SF-103,B,202111,4,3020,3.0
E1,M05,103-0,ALL,SF-103,B,202112,5,3150,2.0
E1,M05,103-0,ALL,SF-103,B,202201,6,3280,3.0
E1,M05,103-0,ALL,SF-103,B,202202,7,3410,2.0
E1,M05,103-0,ALL,SF-103,B,202203,8,3540,2.0
E1,M05,103-0,ALL,SF-103,B,202204,9,3670,1.0
E1,M05,103-0,ALL,SF-103,B,202205,10,3800,1.0
E1,M05,103-0,ALL,SF-103,B,202206,11,3930,0.0
E1,M05,103-0,ALL,SF-103,B,202207,12,4060,0.0
E1,M05,103-0,ALL,SF-103,B,202208,13,4190,4.0
E1,M05,103-0,ALL,SF-103,B,202209,14,4320,5.0
E1,M05,103-0,ALL,SF-103,B,202210,15,4450,4.0
E1,M05,103-0,ALL,SF-103,B,202211,16,4580,7.0
E1,M05,103-0,ALL,SF-103,B,202212,17,4710,5.0
E1,M05,103-0,ALL,SF-103,B,202301,18,4840,1.0
E1,M05,103-0,ALL,SF-103,B,202302,19,4970,6.0
E1,M05,103-0,ALL,SF-103,B,202303,20,5100,6.0
E1,M05,103-0,ALL,SF-103,B,202304,21,5230,2.0
E1,M05,103-0,ALL,SF-103,B,202305,22,5360,2.0
E1,M05,103-0,ALL,SF-103,B,202306,23,5490,3.0
E1,M05,103-0,ALL,SF-103,B,202307,24,5620,4.0
E1,M05,103-0,ALL,SF-103,B,202308,25,5750,4.0
E1,M05,103-0,ALL,SF-103,B,202309,26,5880,7.0
E1,M05,103-0,ALL,SF-103,B,202310,27,6010,7.0
E1,M05,103-0,ALL,SF-103,B,202311,28,6140,7.0
E1,M05,103-0,ALL,SF-103,B,202312,29,6270,4.0
E1,M05,103-0,ALL,SF-103,B,202401,30,6400,9.0
E1,M05,103-0,ALL,SF-103,B,202402,31,6530,2.0
E1,M05,103-0,ALL,SF-103,B,202403,32,6660,3.0
E1,M05,103-0,ALL,SF-103,B,202404,33,6790,4.0
E1,M05,103-0,ALL,SF-103,B,202405,34,6920,3.0
E1,M05,103-0,ALL,SF-103,B,202406,35,7050,6.0
E1,M05,103-0,ALL,SF-103,B,202407,36,7180,3.0
E1,M05,103-0,ALL,SF-103,B,202408,37,7310,6.0
E1,M05,103-0,ALL,SF-103,B,202409,38,7440,6.0
E1,M05,103-0,ALL,SF-103,B,202410,39,7570,6.0
E1,M05,103-0,ALL,SF-103,B,202411,40,7700,1.0
E1,M05,103-0,ALL,SF-103,B,202412,41,7830,3.0
E1,M05,103-0,B,SF-103,B,202109,2,662,0.0
E1,M05,103-0,B,SF-103,B,202110,3,694,0.0
E1,M05,103-0,B,SF-103,B,202111,4,725,0.0
E1,M05,103-0,B,SF-103,B,202112,5,756,0.0
E1,M05,103-0,B,SF-103,B,202201,6,787,0.0
E1,M05,103-0,B,SF-103,B,202202,7,818,0.0
E1,M05,103-0,B,SF-103,B,202203,8,850,1.0
E1,M05,103-0,B,SF-103,B,202204,9,881,0.0
E1,M05,103-0,B,SF-103,B,202205,10,912,0.0
E1,M05,103-0,B,SF-103,B,202206,11,943,0.0
E1,M05,103-0,B,SF-103,B,202207,12,974,0.0
E1,M05,103-0,B,SF-103,B,202208,13,1006,1.0
E1,M05,103-0,B,SF-103,B,202209,14,1037,3.0
E1,M05,103-0,B,SF-103,B,202210,15,1068,1.0
E1,M05,103-0,B,SF-103,B,202211,16,1099,3.0
E1,M05,103-0,B,SF-103,B,202212,17,1130,0.0
E1,M05,103-0,B,SF-103,B,202301,18,1162,0.0
E1,M05,103-0,B,SF-103,B,202302,19,1193,0.0
E1,M05,103-0,B,SF-103,B,202303,20,1224,0.0
E1,M05,103-0,B,SF-103,B,202304,21,1255,0.0
E1,M05,103-0,B,SF-103,B,202305,22,1286,1.0
E1,M05,103-0,B,SF-103,B,202306,23,1318,0.0
E1,M05,103-0,B,SF-103,B,202307,24,1349,1.0
E1,M05,103-0,B,SF-103,B,202308,25,1380,1.0
E1,M05,103-0,B,SF-103,B,202309,26,1411,4.0
E1,M05,103-0,B,SF-103,B,202310,27,1442,2.0
E1,M05,103-0,B,SF-103,B,202311,28,1474,2.0
E1,M05,103-0,B,SF-103,B,202312,29,1505,2.0
E1,M05,103-0,B,SF-103,B,202401,30,1536,2.0
E1,M05,103-0,B,SF-103,B,202402,31,1567,0.0
E1,M05,103-0,B,SF-103,B,202403,32,1598,1.0
E1,M05,103-0,B,SF-103,B,202404,33,1630,0.0
E1,M05,103-0,B,SF-103,B,202405,34,1661,1.0
E1,M05,103-0,B,SF-103,B,202406,35,1692,2.0
E1,M05,103-0,B,SF-103,B,202407,36,1723,1.0
E1,M05,103-0,B,SF-103,B,202408,37,1754,0.0
E1,M05,103-0,B,SF-103,B,202409,38,1786,1.0
E1,M05,103-0,B,SF-103,B,202410,39,1817,2.0
E1,M05,103-0,B,SF-103,B,202411,40,1848,1.0
E1,M05,103-0,B,SF-103,B,202412,41,1879,1.0
E1,M05,103-0,C,SF-103,B,202109,2,552,0.0
E1,M05,103-0,C,SF-103,B,202110,3,578,0.0
E1,M05,103-0,C,SF-103,B,202111,4,604,0.0
E1,M05,103-0,C,SF-103,B,202112,5,630,1.0
E1,M05,103-0,C,SF-103,B,202201,6,656,1.0
E1,M05,103-0,C,SF-103,B,202202,7,682,0.0
E1,M05,103-0,C,SF-103,B,202203,8,708,0.0
E1,M05,103-0,C,SF-103,B,202204,9,734,0.0
E1,M05,103-0,C,SF-103,B,202205,10,760,0.0
E1,M05,103-0,C,SF-103,B,202206,11,786,0.0
E1,M05,103-0,C,SF-103,B,202207,12,812,0.0
E1,M05,103-0,C,SF-103,B,202208,13,838,1.0
E1,M05,103-0,C,SF-103,B,202209,14,864,2.0
E1,M05,103-0,C,SF-103,B,202210,15,890,0.0
E1,M05,103-0,C,SF-103,B,202211,16,916,1.0
E1,M05,103-0,C,SF-103,B,202212,17,942,2.0
E1,M05,103-0,C,SF-103,B,202301,18,968,1.0
E1,M05,103-0,C,SF-103,B,202302,19,994,0.0
E1,M05,103-0,C,SF-103,B,202303,20,1020,0.0
E1,M05,103-0,C,SF-103,B,202304,21,1046,0.0
E1,M05,103-0,C,SF-103,B,202305,22,1072,0.0
E1,M05,103-0,C,SF-103,B,202306,23,1098,1.0
E1,M05,103-0,C,SF-103,B,202307,24,1124,0.0
E1,M05,103-0,C,SF-103,B,202308,25,1150,2.0
E1,M05,103-0,C,SF-103,B,202309,26,1176,0.0
E1,M05,103-0,C,SF-103,B,202310,27,1202,3.0
E1,M05,103-0,C,SF-103,B,202311,28,1228,1.0
E1,M05,103-0,C,SF-103,B,202312,29,1254,0.0
E1,M05,103-0,C,SF-103,B,202401,30,1280,0.0
E1,M05,103-0,C,SF-103,B,202402,31,1306,1.0
E1,M05,103-0,C,SF-103,B,202403,32,1332,0.0
E1,M05,103-0,C,SF-103,B,202404,33,1358,1.0
E1,M05,103-0,C,SF-103,B,202405,34,1384,0.0
E1,M05,103-0,C,SF-103,B,202406,35,1410,2.0
E1,M05,103-0,C,SF-103,B,202407,36,1436,0.0
E1,M05,103-0,C,SF-103,B,202408,37,1462,1.0
E1,M05,103-0,C,SF-103,B,202409,38,1488,0.0
E1,M05,103-0,C,SF-103,B,202410,39,1514,1.0
E1,M05,103-0,C,SF-103,B,202411,40,1540,0.0
E1,M05,103-0,D,SF-103,B,202109,2,414,0.0
E1,M05,103-0,D,SF-103,B,202110,3,434,0.0
E1,M05,103-0,D,SF-103,B,202111,4,453,1.0
E1,M05,103-0,D,SF-103,B,202112,5,472,0.0
E1,M05,103-0,D,SF-103,B,202201,6,492,0.0
E1,M05,103-0,D,SF-103,B,202202,7,512,1.0
E1,M05,103-0,D,SF-103,B,202203,8,531,1.0
E1,M05,103-0,D,SF-103,B,202204,9,550,1.0
E1,M05,103-0,D,SF-103,B,202205,10,570,1.0
E1,M05,103-0,D,SF-103,B,202206,11,590,0.0
E1,M05,103-0,D,SF-103,B,202207,12,609,0.0
E1,M05,103-0,D,SF-103,B,202208,13,628,0.0
E1,M05,103-0,D,SF-103,B,202209,14,648,0.0
E1,M05,103-0,D,SF-103,B,202210,15,668,1.0
E1,M05,103-0,D,SF-103,B,202211,16,687,1.0
E1,M05,103-0,D,SF-103,B,202212,17,706,2.0
E1,M05,103-0,D,SF-103,B,202301,18,726,0.0
E1,M05,103-0,D,SF-103,B,202302,19,746,1.0
E1,M05,103-0,D,SF-103,B,202303,20,765,2.0
E1,M05,103-0,D,SF-103,B,202304,21,784,0.0
E1,M05,103-0,D,SF-103,B,202305,22,804,0.0
E1,M05,103-0,D,SF-103,B,202306,23,824,2.0
E1,M05,103-0,D,SF-103,B,202307,24,843,0.0
E1,M05,103-0,D,SF-103,B,202308,25,862,0.0
E1,M05,103-0,D,SF-103,B,202309,26,882,1.0
E1,M05,103-0,D,SF-103,B,202310,27,902,2.0
E1,M05,103-0,D,SF-103,B,202311,28,921,1.0
E1,M05,103-0,D,SF-103,B,202312,29,940,1.0
E1,M05,103-0,D,SF-103,B,202401,30,960,2.0
E1,M05,103-0,D,SF-103,B,202402,31,980,1.0
E1,M05,103-0,D,SF-103,B,202403,32,999,2.0
E1,M05,103-0,D,SF-103,B,202404,33,1018,2.0
E1,M05,103-0,D,SF-103,B,202405,34,1038,0.0
E1,M05,103-0,D,SF-103,B,202406,35,1058,0.0
E1,M05,103-0,D,SF-103,B,202407,36,1077,0.0
E1,M05,103-0,D,SF-103,B,202408,37,1096,1.0
E1,M05,103-0,D,SF-103,B,202409,38,1116,2.0
E1,M05,103-0,D,SF-103,B,202410,39,1136,1.0
E1,M05,103-0,E,SF-103,B,202203,8,248,0.0
E1,M05,103-0,E,SF-103,B,202204,9,257,0.0
E1,M05,103-0,E,SF-103,B,202205,10,266,0.0
E1,M05,103-0,E,SF-103,B,202206,11,275,0.0
E1,M05,103-0,E,SF-103,B,202207,12,284,0.0
E1,M05,103-0,E,SF-103,B,202208,13,293,0.0
E1,M05,103-0,E,SF-103,B,202209,14,302,0.0
E1,M05,103-0,E,SF-103,B,202210,15,312,0.0
E1,M05,103-0,E,SF-103,B,202211,16,321,0.0
E1,M05,103-0,E,SF-103,B,202212,17,330,0.0
E1,M05,103-0,E,SF-103,B,202301,18,339,0.0
E1,M05,103-0,E,SF-103,B,202302,19,348,2.0
E1,M05,103-0,E,SF-103,B,202303,20,357,1.0
E1,M05,103-0,E,SF-103,B,202304,21,366,0.0
E1,M05,103-0,E,SF-103,B,202305,22,375,0.0
E1,M05,103-0,E,SF-103,B,202306,23,384,0.0
E1,M05,103-0,E,SF-103,B,202307,24,393,2.0
E1,M05,103-0,E,SF-103,B,202308,25,403,1.0
E1,M05,103-0,E,SF-103,B,202309,26,412,1.0
E1,M05,103-0,E,SF-103,B,202310,27,421,0.0
E1,M05,103-0,E,SF-103,B,202311,28,430,0.0
E1,M05,103-0,E,SF-103,B,202312,29,439,0.0
E1,M05,103-0,E,SF-103,B,202401,30,448,0.0
E1,M05,103-0,E,SF-103,B,202402,31,457,0.0
E1,M05,103-0,E,SF-103,B,202403,32,466,0.0
E1,M05,103-0,E,SF-103,B,202404,33,475,0.0
E1,M05,103-0,E,SF-103,B,202405,34,484,1.0
E1,M05,103-0,E,SF-103,B,202406,35,494,1.0
E1,M05,103-0,E,SF-103,B,202407,36,503,1.0
E1,M05,103-0,E,SF-103,B,202408,37,512,2.0
E1,M05,103-0,E,SF-103,B,202409,38,521,0.0
E1,M05,103-0,E,SF-103,B,202410,39,530,0.0
E1,M05,103-0,E,SF-103,B,202411,40,539,0.0
E1,M05,103-0,E,SF-103,B,202412,41,548,1.0
E1,M05,103-1,A,SF-103,B,202108,1,894,1.0
E1,M05,103-1,A,SF-103,B,202109,2,938,0.0
E1,M05,103-1,A,SF-103,B,202110,3,983,0.0
E1,M05,103-1,A,SF-103,B,202111,4,1027,0.0
E1,M05,103-1,A,SF-103,B,202112,5,1071,0.0
E1,M05,103-1,A,SF-103,B,202201,6,1115,0.0
E1,M05,103-1,A,SF-103,B,202202,7,1159,0.0
E1,M05,103-1,A,SF-103,B,202203,8,1204,1.0
E1,M05,103-1,A,SF-103,B,202204,9,1248,1.0
E1,M05,103-1,A,SF-103,B,202205,10,1292,0.0
E1,M05,103-1,A,SF-103,B,202206,11,1336,1.0
E1,M05,103-1,A,SF-103,B,202207,12,1380,1.0
E1,M05,103-1,A,SF-103,B,202208,13,1425,2.0
E1,M05,103-1,A,SF-103,B,202209,14,1469,1.0
E1,M05,103-1,A,SF-103,B,202210,15,1513,1.0
E1,M05,103-1,A,SF-103,B,202211,16,1557,0.0
E1,M05,103-1,A,SF-103,B,202212,17,1601,0.0
E1,M05,103-1,A,SF-103,B,202301,18,1646,0.0
E1,M05,103-1,A,SF-103,B,202302,19,1690,0.0
E1,M05,103-1,A,SF-103,B,202303,20,1734,3.0
E1,M05,103-1,A,SF-103,B,202304,21,1778,5.0
E1,M05,103-1,A,SF-103,B,202305,22,1822,1.0
E1,M05,103-1,A,SF-103,B,202306,23,1867,0.0
E1,M05,103-1,A,SF-103,B,202307,24,1911,1.0
E1,M05,103-1,A,SF-103,B,202308,25,1955,3.0
E1,M05,103-1,A,SF-103,B,202309,26,1999,3.0
E1,M05,103-1,A,SF-103,B,202310,27,2043,0.0
E1,M05,103-1,A,SF-103,B,202311,28,2088,1.0
E1,M05,103-1,A,SF-103,B,202312,29,2132,5.0
E1,M05,103-1,A,SF-103,B,202401,30,2176,0.0
E1,M05,103-1,A,SF-103,B,202402,31,2220,2.0
E1,M05,103-1,A,SF-103,B,202403,32,2264,2.0
E1,M05,103-1,A,SF-103,B,202404,33,2309,0.0
E1,M05,103-1,A,SF-103,B,202405,34,2353,1.0
E1,M05,103-1,A,SF-103,B,202406,35,2397,3.0
E1,M05,103-1,A,SF-103,B,202407,36,2441,3.0
E1,M05,103-1,A,SF-103,B,202408,37,2485,4.0
E1,M05,103-1,A,SF-103,B,202409,38,2530,2.0
E1,M05,103-1,A,SF-103,B,202410,39,2574,1.0
E1,M05,103-1,A,SF-103,B,202411,40,2618,1.0
E1,M05,103-1,A,SF-103,B,202412,41,2662,1.0
E1,M05,103-1,ALL,SF-103,B,202107,0,2500,1.0
E1,M05,103-1,ALL,SF-103,B,202108,1,2630,2.0
E1,M05,103-1,ALL,SF-103,B,202109,2,2760,2.0
E1,M05,103-1,ALL,SF-103,B,202110,3,2890,1.0
E1,M05,103-1,ALL,SF-103,B,202111,4,3020,0.0
E1,M05,103-1,ALL,SF-103,B,202112,5,3150,1.0
E1,M05,103-1,ALL,SF-103,B,202201,6,3280,0.0
E1,M05,103-1,ALL,SF-103,B,202202,7,3410,2.0
E1,M05,103-1,ALL,SF-103,B,202203,8,3540,1.0
E1,M05,103-1,ALL,SF-103,B,202204,9,3670,5.0
E1,M05,103-1,ALL,SF-103,B,202205,10,3800,2.0
E1,M05,103-1,ALL,SF-103,B,202206,11,3930,3.0
E1,M05,103-1,ALL,SF-103,B,202207,12,4060,4.0
E1,M05,103-1,ALL,SF-103,B,202208,13,4190,4.0
E1,M05,103-1,ALL,SF-103,B,202209,14,4320,7.0
E1,M05,103-1,ALL,SF-103,B,202210,15,4450,2.0
E1,M05,103-1,ALL,SF-103,B,202211,16,4580,4.0
E1,M05,103-1,ALL,SF-103,B,202212,17,4710,1.0
E1,M05,103-1,ALL,SF-103,B,202301,18,4840,5.0
E1,M05,103-1,ALL,SF-103,B,202302,19,4970,2.0
E1,M05,103-1,ALL,SF-103,B,202303,20,5100,5.0
E1,M05,103-1,ALL,SF-103,B,202304,21,5230,6.0
E1,M05,103-1,ALL,SF-103,B,202305,22,5360,5.0
E1,M05,103-1,ALL,SF-103,B,202306,23,5490,5.0
E1,M05,103-1,ALL,SF-103,B,202307,24,5620,4.0
E1,M05,103-1,ALL,SF-103,B,202308,25,5750,6.0
E1,M05,103-1,ALL,SF-103,B,202309,26,5880,4.0
E1,M05,103-1,ALL,SF-103,B,202310,27,6010,4.0
E1,M05,103-1,ALL,SF-103,B,202311,28,6140,4.0
E1,M05,103-1,ALL,SF-103,B,202312,29,6270,11.0
E1,M05,103-1,ALL,SF-103,B,202401,30,6400,4.0
E1,M05,103-1,ALL,SF-103,B,202402,31,6530,4.0
E1,M05,103-1,ALL,SF-103,B,202403,32,6660,3.0
E1,M05,103-1,ALL,SF-103,B,202404,33,6790,1.0
E1,M05,103-1,ALL,SF-103,B,202405,34,6920,5.0
E1,M05,103-1,ALL,SF-103,B,202406,35,7050,3.0
E1,M05,103-1,ALL,SF-103,B,202407,36,7180,6.0
E1,M05,103-1,ALL,SF-103,B,202408,37,7310,5.0
E1,M05,103-1,ALL,SF-103,B,202409,38,7440,5.0
E1,M05,103-1,ALL,SF-103,B,202410,39,7570,5.0
E1,M05,103-1,ALL,SF-103,B,202411,40,7700,2.0
E1,M05,103-1,ALL,SF-103,B,202412,41,7830,2.0
E1,M05,103-1,B,SF-103,B,202107,0,600,1.0
E1,M05,103-1,B,SF-103,B,202108,1,631,1.0
E1,M05,103-1,B,SF-103,B,202109,2,662,1.0
E1,M05,103-1,B,SF-103,B,202110,3,694,0.0
E1,M05,103-1,B,SF-103,B,202111,4,725,0.0
E1,M05,103-1,B,SF-103,B,202112,5,756,1.0
E1,M05,103-1,B,SF-103,B,202201,6,787,0.0
E1,M05,103-1,B,SF-103,B,202202,7,818,0.0
E1,M05,103-1,B,SF-103,B,202203,8,850,0.0
E1,M05,103-1,B,SF-103,B,202204,9,881,3.0
E1,M05,103-1,B,SF-103,B,202205,10,912,0.0
E1,M05,103-1,B,SF-103,B,202206,11,943,1.0
E1,M05,103-1,B,SF-103,B,202207,12,974,1.0
E1,M05,103-1,B,SF-103,B,202208,13,1006,0.0
E1,M05,103-1,B,SF-103,B,202209,14,1037,4.0
E1,M05,103-1,B,SF-103,B,202210,15,1068,0.0
E1,M05,103-1,B,SF-103,B,202211,16,1099,2.0
E1,M05,103-1,B,SF-103,B,202212,17,1130,0.0
E1,M05,103-1,B,SF-103,B,202301,18,1162,0.0
E1,M05,103-1,B,SF-103,B,202302,19,1193,2.0
E1,M05,103-1,B,SF-103,B,202303,20,1224,2.0
E1,M05,103-1,B,SF-103,B,202304,21,1255,1.0
E1,M05,103-1,B,SF-103,B,202305,22,1286,2.0
E1,M05,103-1,B,SF-103,B,202306,23,1318,2.0
E1,M05,103-1,B,SF-103,B,202307,24,1349,1.0
E1,M05,103-1,B,SF-103,B,202308,25,1380,2.0
E1,M05,103-1,B,SF-103,B,202309,26,1411,0.0
E1,M05,103-1,B,SF-103,B,202310,27,1442,2.0
E1,M05,103-1,B,SF-103,B,202311,28,1474,2.0
E1,M05,103-1,B,SF-103,B,202312,29,1505,2.0
E1,M05,103-1,B,SF-103,B,202401,30,1536,1.0
E1,M05,103-1,B,SF-103,B,202402,31,1567,1.0
E1,M05,103-1,B,SF-103,B,202403,32,1598,0.0
E1,M05,103-1,B,SF-103,B,202404,33,1630,0.0
E1,M05,103-1,B,SF-103,B,202405,34,1661,3.0
E1,M05,103-1,B,SF-103,B,202406,35,1692,0.0
E1,M05,103-1,B,SF-103,B,202407,36,1723,0.0
E1,M05,103-1,B,SF-103,B,202408,37,1754,0.0
E1,M05,103-1,B,SF-103,B,202409,38,1786,1.0
E1,M05,103-1,B,SF-103,B,202410,39,1817,0.0
E1,M05,103-1,B,SF-103,B,202411,40,1848,1.0
E1,M05,103-1,B,SF-103,B,202412,41,1879,0.0
E1,M05,103-1,C,SF-103,B,202109,2,552,0.0
E1,M05,103-1,C,SF-103,B,202110,3,578,1.0
E1,M05,103-1,C,SF-103,B,202111,4,604,0.0
E1,M05,103-1,C,SF-103,B,202112,5,630,0.0
E1,M05,103-1,C,SF-103,B,202201,6,656,0.0
E1,M05,103-1,C,SF-103,B,202202,7,682,1.0
E1,M05,103-1,C,SF-103,B,202203,8,708,0.0
E1,M05,103-1,C,SF-103,B,202204,9,734,1.0
E1,M05,103-1,C,SF-103,B,202205,10,760,2.0
E1,M05,103-1,C,SF-103,B,202206,11,786,0.0
E1,M05,103-1,C,SF-103,B,202207,12,812,2.0
E1,M05,103-1,C,SF-103,B,202208,13,838,1.0
E1,M05,103-1,C,SF-103,B,202209,14,864,1.0
E1,M05,103-1,C,SF-103,B,202210,15,890,0.0
E1,M05,103-1,C,SF-103,B,202211,16,916,2.0
E1,M05,103-1,C,SF-103,B,202212,17,942,0.0
E1,M05,103-1,C,SF-103,B,202301,18,968,3.0
E1,M05,103-1,C,SF-103,B,202302,19,994,0.0
E1,M05,103-1,C,SF-103,B,202303,20,1020,0.0
E1,M05,103-1,C,SF-103,B,202304,21,1046,0.0
E1,M05,103-1,C,SF-103,B,202305,22,1072,1.0
E1,M05,103-1,C,SF-103,B,202306,23,1098,0.0
E1,M05,103-1,C,SF-103,B,202307,24,1124,0.0
E1,M05,103-1,C,SF-103,B,202308,25,1150,1.0
E1,M05,103-1,C,SF-103,B,202309,26,1176,0.0
E1,M05,103-1,C,SF-103,B,202310,27,1202,2.0
E1,M05,103-1,C,SF-103,B,202311,28,1228,0.0
E1,M05,103-1,C,SF-103,B,202312,29,1254,2.0
E1,M05,103-1,C,SF-103,B,202401,30,1280,1.0
E1,M05,103-1,C,SF-103,B,202402,31,1306,0.0
E1,M05,103-1,C,SF-103,B,202403,32,1332,0.0
E1,M05,103-1,C,SF-103,B,202404,33,1358,0.0
E1,M05,103-1,C,SF-103,B,202405,34,1384,0.0
E1,M05,103-1,C,SF-103,B,202406,35,1410,0.0
E1,M05,103-1,C,SF-103,B,202407,36,1436,2.0
E1,M05,103-1,C,SF-103,B,202408,37,1462,0.0
E1,M05,103-1,C,SF-103,B,202409,38,1488,2.0
E1,M05,103-1,C,SF-103,B,202410,39,1514,2.0
E1,M05,103-1,C,SF-103,B,202411,40,1540,0.0
E1,M05,103-1,D,SF-103,B,202109,2,414,1.0
E1,M05,103-1,D,SF-103,B,202110,3,434,0.0
E1,M05,103-1,D,SF-103,B,202111,4,453,0.0
E1,M05,103-1,D,SF-103,B,202112,5,472,0.0
E1,M05,103-1,D,SF-103,B,202201,6,492,0.0
E1,M05,103-1,D,SF-103,B,202202,7,512,1.0
E1,M05,103-1,D,SF-103,B,202203,8,531,0.0
E1,M05,103-1,D,SF-103,B,202204,9,550,0.0
E1,M05,103-1,D,SF-103,B,202205,10,570,0.0
E1,M05,103-1,D,SF-103,B,202206,11,590,1.0
E1,M05,103-1,D,SF-103,B,202207,12,609,0.0
E1,M05,103-1,D,SF-103,B,202208,13,628,1.0
E1,M05,103-1,D,SF-103,B,202209,14,648,1.0
E1,M05,103-1,D,SF-103,B,202210,15,668,0.0
E1,M05,103-1,D,SF-103,B,202211,16,687,0.0
E1,M05,103-1,D,SF-103,B,202212,17,706,1.0
E1,M05,103-1,D,SF-103,B,202301,18,726,2.0
E1,M05,103-1,D,SF-103,B,202302,19,746,0.0
E1,M05,103-1,D,SF-103,B,202303,20,765,0.0
E1,M05,103-1,D,SF-103,B,202304,21,784,0.0
E1,M05,103-1,D,SF-103,B,202305,22,804,1.0
E1,M05,103-1,D,SF-103,B,202306,23,824,2.0
E1,M05,103-1,D,SF-103,B,202307,24,843,1.0
E1,M05,103-1,D,SF-103,B,202308,25,862,0.0
E1,M05,103-1,D,SF-103,B,202309,26,882,1.0
E1,M05,103-1,D,SF-103,B,202310,27,902,0.0
E1,M05,103-1,D,SF-103,B,202311,28,921,1.0
E1,M05,103-1,D,SF-103,B,202312,29,940,1.0
E1,M05,103-1,D,SF-103,B,202401,30,960,2.0
E1,M05,103-1,D,SF-103,B,202402,31,980,0.0
E1,M05,103-1,D,SF-103,B,202403,32,999,0.0
E1,M05,103-1,D,SF-103,B,202404,33,1018,1.0
E1,M05,103-1,D,SF-103,B,202405,34,1038,0.0
E1,M05,103-1,D,SF-103,B,202406,35,1058,0.0
E1,M05,103-1,D,SF-103,B,202407,36,1077,0.0
E1,M05,103-1,D,SF-103,B,202408,37,1096,1.0
E1,M05,103-1,D,SF-103,B,202409,38,1116,0.0
E1,M05,103-1,D,SF-103,B,202410,39,1136,0.0
E1,M05,103-1,E,SF-103,B,202203,8,248,0.0
E1,M05,103-1,E,SF-103,B,202204,9,257,0.0
E1,M05,103-1,E,SF-103,B,202205,10,266,0.0
E1,M05,103-1,E,SF-103,B,202206,11,275,0.0
E1,M05,103-1,E,SF-103,B,202207,12,284,0.0
E1,M05,103-1,E,SF-103,B,202208,13,293,0.0
E1,M05,103-1,E,SF-103,B,202209,14,302,0.0
E1,M05,103-1,E,SF-103,B,202210,15,312,1.0
E1,M05,103-1,E,SF-103,B,202211,16,321,0.0
E1,M05,103-1,E,SF-103,B,202212,17,330,0.0
E1,M05,103-1,E,SF-103,B,202301,18,339,0.0
E1,M05,103-1,E,SF-103,B,202302,19,348,0.0
E1,M05,103-1,E,SF-103,B,202303,20,357,0.0
E1,M05,103-1,E,SF-103,B,202304,21,366,0.0
E1,M05,103-1,E,SF-103,B,202305,22,375,0.0
E1,M05,103-1,E,SF-103,B,202306,23,384,1.0
E1,M05,103-1,E,SF-103,B,202307,24,393,1.0
E1,M05,103-1,E,SF-103,B,202308,25,403,0.0
E1,M05,103-1,E,SF-103,B,202309,26,412,0.0
E1,M05,103-1,E,SF-103,B,202310,27,421,0.0
E1,M05,103-1,E,SF-103,B,202311,28,430,0.0
E1,M05,103-1,E,SF-103,B,202312,29,439,1.0
E1,M05,103-1,E,SF-103,B,202401,30,448,0.0
E1,M05,103-1,E,SF-103,B,202402,31,457,1.0
E1,M05,103-1,E,SF-103,B,202403,32,466,1.0
E1,M05,103-1,E,SF-103,B,202404,33,475,0.0
E1,M05,103-1,E,SF-103,B,202405,34,484,1.0
E1,M05,103-1,E,SF-103,B,202406,35,494,0.0
E1,M05,103-1,E,SF-103,B,202407,36,503,1.0
E1,M05,103-1,E,SF-103,B,202408,37,512,0.0
E1,M05,103-1,E,SF-103,B,202409,38,521,0.0
E1,M05,103-1,E,SF-103,B,202410,39,530,2.0
E1,M05,103-1,E,SF-103,B,202411,40,539,0.0
E1,M05,103-1,E,SF-103,B,202412,41,548,1.0
E1,M05,104-0,A,SF-104,B,202107,0,850,2.0
E1,M05,104-0,A,SF-104,B,202108,1,894,2.0
E1,M05,104-0,A,SF-104,B,202109,2,938,2.0
E1,M05,104-0,A,SF-104,B,202110,3,983,2.0
E1,M05,104-0,A,SF-104,B,202111,4,1027,0.0
E1,M05,104-0,A,SF-104,B,202112,5,1071,1.0
E1,M05,104-0,A,SF-104,B,202201,6,1115,3.0
E1,M05,104-0,A,SF-104,B,202202,7,1159,0.0
E1,M05,104-0,A,SF-104,B,202203,8,1204,1.0
E1,M05,104-0,A,SF-104,B,202204,9,1248,1.0
E1,M05,104-0,A,SF-104,B,202205,10,1292,1.0
E1,M05,104-0,A,SF-104,B,202206,11,1336,4.0
E1,M05,104-0,A,SF-104,B,202207,12,1380,0.0
E1,M05,104-0,A,SF-104,B,202208,13,1425,1.0
E1,M05,104-0,A,SF-104,B,202209,14,1469,3.0
E1,M05,104-0,A,SF-104,B,202210,15,1513,0.0
E1,M05,104-0,A,SF-104,B,202211,16,1557,1.0
E1,M05,104-0,A,SF-104,B,202212,17,1601,1.0
E1,M05,104-0,A,SF-104,B,202301,18,1646,0.0
E1,M05,104-0,A,SF-104,B,202302,19,1690,4.0
E1,M05,104-0,A,SF-104,B,202303,20,1734,2.0
E1,M05,104-0,A,SF-104,B,202304,21,1778,5.0
E1,M05,104-0,A,SF-104,B,202305,22,1822,0.0
E1,M05,104-0,A,SF-104,B,202306,23,1867,0.0
E1,M05,104-0,A,SF-104,B,202307,24,1911,2.0
E1,M05,104-0,A,SF-104,B,202308,25,1955,1.0
E1,M05,104-0,A,SF-104,B,202309,26,1999,1.0
E1,M05,104-0,A,SF-104,B,202310,27,2043,3.0
E1,M05,104-0,A,SF-104,B,202311,28,2088,0.0
E1,M05,104-0,A,SF-104,B,202312,29,2132,1.0
E1,M05,104-0,A,SF-104,B,202401,30,2176,5.0
E1,M05,104-0,A,SF-104,B,202402,31,2220,2.0
E1,M05,104-0,A,SF-104,B,202403,32,2264,4.0
E1,M05,104-0,A,SF-104,B,202404,33,2309,3.0
E1,M05,104-0,A,SF-104,B,202405,34,2353,0.0
E1,M05,104-0,A,SF-104,B,202406,35,2397,6.0
E1,M05,104-0,A,SF-104,B,202407,36,2441,1.0
E1,M05,104-0,A,SF-104,B,202408,37,2485,2.0
E1,M05,104-0,A,SF-104,B,202409,38,2530,2.0
E1,M05,104-0,A,SF-104,B,202410,39,2574,4.0
E1,M05,104-0,A,SF-104,B,202411,40,2618,1.0
E1,M05,104-0,A,SF-104,B,202412,41,2662,3.0
E1,M05,104-0,ALL,SF-104,B,202107,0,2500,2.0
E1,M05,104-0,ALL,SF-104,B,202108,1,2630,3.0
E1,M05,104-0,ALL,SF-104,B,202109,2,2760,3.0
E1,M05,104-0,ALL,SF-104,B,202110,3,2890,4.0
E1,M05,104-0,ALL,SF-104,B,202111,4,3020,2.0
E1,M05,104-0,ALL,SF-104,B,202112,5,3150,2.0
E1,M05,104-0,ALL,SF-104,B,202201,6,3280,5.0
E1,M05,104-0,ALL,SF-104,B,202202,7,3410,1.0
E1,M05,104-0,ALL,SF-104,B,202203,8,3540,3.0
E1,M05,104-0,ALL,SF-104,B,202204,9,3670,7.0
E1,M05,104-0,ALL,SF-104,B,202205,10,3800,3.0
E1,M05,104-0,ALL,SF-104,B,202206,11,3930,4.0
E1,M05,104-0,ALL,SF-104,B,202207,12,4060,2.0
E1,M05,104-0,ALL,SF-104,B,202208,13,4190,6.0
E1,M05,104-0,ALL,SF-104,B,202209,14,4320,7.0
E1,M05,104-0,ALL,SF-104,B,202210,15,4450,3.0
E1,M05,104-0,ALL,SF-104,B,202211,16,4580,4.0
E1,M05,104-0,ALL,SF-104,B,202212,17,4710,9.0
E1,M05,104-0,ALL,SF-104,B,202301,18,4840,7.0
E1,M05,104-0,ALL,SF-104,B,202302,19,4970,6.0
E1,M05,104-0,ALL,SF-104,B,202303,20,5100,7.0
E1,M05,104-0,ALL,SF-104,B,202304,21,5230,8.0
E1,M05,104-0,ALL,SF-104,B,202305,22,5360,3.0
E1,M05,104-0,ALL,SF-104,B,202306,23,5490,3.0
E1,M05,104-0,ALL,SF-104,B,202307,24,5620,3.0
E1,M05,104-0,ALL,SF-104,B,202308,25,5750,5.0
E1,M05,104-0,ALL,SF-104,B,202309,26,5880,4.0
E1,M05,104-0,ALL,SF-104,B,202310,27,6010,9.0
E1,M05,104-0,ALL,SF-104,B,202311,28,6140,9.0
E1,M05,104-0,ALL,SF-104,B,202312,29,6270,6.0
E1,M05,104-0,ALL,SF-104,B,202401,30,6400,7.0
E1,M05,104-0,ALL,SF-104,B,202402,31,6530,6.0
E1,M05,104-0,ALL,SF-104,B,202403,32,6660,9.0
E1,M05,104-0,ALL,SF-104,B,202404,33,6790,9.0
E1,M05,104-0,ALL,SF-104,B,202405,34,6920,5.0
E1,M05,104-0,ALL,SF-104,B,202406,35,7050,11.0
E1,M05,104-0,ALL,SF-104,B,202407,36,7180,2.0
E1,M05,104-0,ALL,SF-104,B,202408,37,7310,12.0
E1,M05,104-0,ALL,SF-104,B,202409,38,7440,8.0
E1,M05,104-0,ALL,SF-104,B,202410,39,7570,6.0
E1,M05,104-0,ALL,SF-104,B,202411,40,7700,5.0
E1,M05,104-0,ALL,SF-104,B,202412,41,7830,4.0
E1,M05,104-0,B,SF-104,B,202108,1,631,1.0
E1,M05,104-0,B,SF-104,B,202109,2,662,0.0
E1,M05,104-0,B,SF-104,B,202110,3,694,0.0
E1,M05,104-0,B,SF-104,B,202111,4,725,1.0
E1,M05,104-0,B,SF-104,B,202112,5,756,0.0
E1,M05,104-0,B,SF-104,B,202201,6,787,1.0
E1,M05,104-0,B,SF-104,B,202202,7,818,0.0
E1,M05,104-0,B,SF-104,B,202203,8,850,0.0
E1,M05,104-0,B,SF-104,B,202204,9,881,2.0
E1,M05,104-0,B,SF-104,B,202205,10,912,1.0
E1,M05,104-0,B,SF-104,B,202206,11,943,0.0
E1,M05,104-0,B,SF-104,B,202207,12,974,1.0
E1,M05,104-0,B,SF-104,B,202208,13,1006,2.0
E1,M05,104-0,B,SF-104,B,202209,14,1037,1.0
E1,M05,104-0,B,SF-104,B,202210,15,1068,1.0
E1,M05,104-0,B,SF-104,B,202211,16,1099,1.0
E1,M05,104-0,B,SF-104,B,202212,17,1130,1.0
E1,M05,104-0,B,SF-104,B,202301,18,1162,2.0
E1,M05,104-0,B,SF-104,B,202302,19,1193,1.0
E1,M05,104-0,B,SF-104,B,202303,20,1224,0.0
E1,M05,104-0,B,SF-104,B,202304,21,1255,0.0
E1,M05,104-0,B,SF-104,B,202305,22,1286,0.0
E1,M05,104-0,B,SF-104,B,202306,23,1318,1.0
E1,M05,104-0,B,SF-104,B,202307,24,1349,1.0
E1,M05,104-0,B,SF-104,B,202308,25,1380,1.0
E1,M05,104-0,B,SF-104,B,202309,26,1411,1.0
E1,M05,104-0,B,SF-104,B,202310,27,1442,2.0
E1,M05,104-0,B,SF-104,B,202311,28,1474,2.0
E1,M05,104-0,B,SF-104,B,202312,29,1505,2.0
E1,M05,104-0,B,SF-104,B,202401,30,1536,0.0
E1,M05,104-0,B,SF-104,B,202402,31,1567,0.0
E1,M05,104-0,B,SF-104,B,202403,32,1598,2.0
E1,M05,104-0,B,SF-104,B,202404,33,1630,4.0
E1,M05,104-0,B,SF-104,B,202405,34,1661,2.0
E1,M05,104-0,B,SF-104,B,202406,35,1692,2.0
E1,M05,104-0,B,SF-104,B,202407,36,1723,0.0
E1,M05,104-0,B,SF-104,B,202408,37,1754,7.0
E1,M05,104-0,B,SF-104,B,202409,38,1786,3.0
E1,M05,104-0,B,SF-104,B,202410,39,1817,1.0
E1,M05,104-0,B,SF-104,B,202411,40,1848,2.0
E1,M05,104-0,B,SF-104,B,202412,41,1879,1.0
E1,M05,104-0,C,SF-104,B,202109,2,552,1.0
E1,M05,104-0,C,SF-104,B,202110,3,578,2.0
E1,M05,104-0,C,SF-104,B,202111,4,604,0.0
E1,M05,104-0,C,SF-104,B,202112,5,630,0.0
E1,M05,104-0,C,SF-104,B,202201,6,656,1.0
E1,M05,104-0,C,SF-104,B,202202,7,682,1.0
E1,M05,104-0,C,SF-104,B,202203,8,708,2.0
E1,M05,104-0,C,SF-104,B,202204,9,734,2.0
E1,M05,104-0,C,SF-104,B,202205,10,760,1.0
E1,M05,104-0,C,SF-104,B,202206,11,786,0.0
E1,M05,104-0,C,SF-104,B,202207,12,812,1.0
E1,M05,104-0,C,SF-104,B,202208,13,838,2.0
E1,M05,104-0,C,SF-104,B,202209,14,864,1.0
E1,M05,104-0,C,SF-104,B,202210,15,890,0.0
E1,M05,104-0,C,SF-104,B,202211,16,916,2.0
E1,M05,104-0,C,SF-104,B,202212,17,942,5.0
E1,M05,104-0,C,SF-104,B,202301,18,968,1.0
E1,M05,104-0,C,SF-104,B,202302,19,994,0.0
E1,M05,104-0,C,SF-104,B,202303,20,1020,3.0
E1,M05,104-0,C,SF-104,B,202304,21,1046,1.0
E1,M05,104-0,C,SF-104,B,202305,22,1072,2.0
E1,M05,104-0,C,SF-104,B,202306,23,1098,2.0
E1,M05,104-0,C,SF-104,B,202307,24,1124,0.0
E1,M05,104-0,C,SF-104,B,202308,25,1150,1.0
E1,M05,104-0,C,SF-104,B,202309,26,1176,2.0
E1,M05,104-0,C,SF-104,B,202310,27,1202,1.0
E1,M05,104-0,C,SF-104,B,202311,28,1228,3.0
E1,M05,104-0,C,SF-104,B,202312,29,1254,0.0
E1,M05,104-0,C,SF-104,B,202401,30,1280,0.0
E1,M05,104-0,C,SF-104,B,202402,31,1306,1.0
E1,M05,104-0,C,SF-104,B,202403,32,1332,3.0
E1,M05,104-0,C,SF-104,B,202404,33,1358,2.0
E1,M05,104-0,C,SF-104,B,202405,34,1384,2.0
E1,M05,104-0,C,SF-104,B,202406,35,1410,2.0
E1,M05,104-0,C,SF-104,B,202407,36,1436,0.0
E1,M05,104-0,C,SF-104,B,202408,37,1462,2.0
E1,M05,104-0,C,SF-104,B,202409,38,1488,1.0
E1,M05,104-0,C,SF-104,B,202410,39,1514,1.0
E1,M05,104-0,C,SF-104,B,202411,40,1540,1.0
E1,M05,104-0,D,SF-104,B,202109,2,414,0.0
E1,M05,104-0,D,SF-104,B,202110,3,434,0.0
E1,M05,104-0,D,SF-104,B,202111,4,453,1.0
E1,M05,104-0,D,SF-104,B,202112,5,472,1.0
E1,M05,104-0,D,SF-104,B,202201,6,492,0.0
E1,M05,104-0,D,SF-104,B,202202,7,512,0.0
E1,M05,104-0,D,SF-104,B,202203,8,531,0.0
E1,M05,104-0,D,SF-104,B,202204,9,550,1.0
E1,M05,104-0,D,SF-104,B,202205,10,570,0.0
E1,M05,104-0,D,SF-104,B,202206,11,590,0.0
E1,M05,104-0,D,SF-104,B,202207,12,609,0.0
E1,M05,104-0,D,SF-104,B,202208,13,628,0.0
E1,M05,104-0,D,SF-104,B,202209,14,648,2.0
E1,M05,104-0,D,SF-104,B,202210,15,668,1.0
E1,M05,104-0,D,SF-104,B,202211,16,687,0.0
E1,M05,104-0,D,SF-104,B,202212,17,706,2.0
E1,M05,104-0,D,SF-104,B,202301,18,726,3.0
E1,M05,104-0,D,SF-104,B,202302,19,746,0.0
E1,M05,104-0,D,SF-104,B,202303,20,765,1.0
E1,M05,104-0,D,SF-104,B,202304,21,784,1.0
E1,M05,104-0,D,SF-104,B,202305,22,804,1.0
E1,M05,104-0,D,SF-104,B,202306,23,824,0.0
E1,M05,104-0,D,SF-104,B,202307,24,843,0.0
E1,M05,104-0,D,SF-104,B,202308,25,862,1.0
E1,M05,104-0,D,SF-104,B,202309,26,882,0.0
E1,M05,104-0,D,SF-104,B,202310,27,902,2.0
E1,M05,104-0,D,SF-104,B,202311,28,921,4.0
E1,M05,104-0,D,SF-104,B,202312,29,940,1.0
E1,M05,104-0,D,SF-104,B,202401,30,960,1.0
E1,M05,104-0,D,SF-104,B,202402,31,980,2.0
E1,M05,104-0,D,SF-104,B,202403,32,999,0.0
E1,M05,104-0,D,SF-104,B,202404,33,1018,0.0
E1,M05,104-0,D,SF-104,B,202405,34,1038,1.0
E1,M05,104-0,D,SF-104,B,202406,35,1058,1.0
E1,M05,104-0,D,SF-104,B,202407,36,1077,1.0
E1,M05,104-0,D,SF-104,B,202408,37,1096,1.0
E1,M05,104-0,D,SF-104,B,202409,38,1116,2.0
E1,M05,104-0,D,SF-104,B,202410,39,1136,0.0
E1,M05,104-0,E,SF-104,B,202203,8,248,0.0
E1,M05,104-0,E,SF-104,B,202204,9,257,1.0
E1,M05,104-0,E,SF-104,B,202205,10,266,0.0
E1,M05,104-0,E,SF-104,B,202206,11,275,0.0
E1,M05,104-0,E,SF-104,B,202207,12,284,0.0
E1,M05,104-0,E,SF-104,B,202208,13,293,1.0
E1,M05,104-0,E,SF-104,B,202209,14,302,0.0
E1,M05,104-0,E,SF-104,B,202210,15,312,1.0
E1,M05,104-0,E,SF-104,B,202211,16,321,0.0
E1,M05,104-0,E,SF-104,B,202212,17,330,0.0
E1,M05,104-0,E,SF-104,B,202301,18,339,1.0
E1,M05,104-0,E,SF-104,B,202302,19,348,1.0
E1,M05,104-0,E,SF-104,B,202303,20,357,1.0
E1,M05,104-0,E,SF-104,B,202304,21,366,1.0
E1,M05,104-0,E,SF-104,B,202305,22,375,0.0
E1,M05,104-0,E,SF-104,B,202306,23,384,0.0
E1,M05,104-0,E,SF-104,B,202307,24,393,0.0
E1,M05,104-0,E,SF-104,B,202308,25,403,1.0
E1,M05,104-0,E,SF-104,B,202309,26,412,0.0
E1,M05,104-0,E,SF-104,B,202310,27,421,1.0
E1,M05,104-0,E,SF-104,B,202311,28,430,0.0
E1,M05,104-0,E,SF-104,B,202312,29,439,2.0
E1,M05,104-0,E,SF-104,B,202401,30,448,1.0
E1,M05,104-0,E,SF-104,B,202402,31,457,1.0
E1,M05,104-0,E,SF-104,B,202403,32,466,0.0
E1,M05,104-0,E,SF-104,B,202404,33,475,0.0
E1,M05,104-0,E,SF-104,B,202405,34,484,0.0
E1,M05,104-0,E,SF-104,B,202406,35,494,0.0
E1,M05,104-0,E,SF-104,B,202407,36,503,0.0
E1,M05,104-0,E,SF-104,B,202408,37,512,0.0
E1,M05,104-0,E,SF-104,B,202409,38,521,0.0
E1,M05,104-0,E,SF-104,B,202410,39,530,0.0
E1,M05,104-0,E,SF-104,B,202411,40,539,1.0
E1,M05,104-0,E,SF-104,B,202412,41,548,0.0
E1,M05,104-1,A,SF-104,B,202109,2,938,0.0
E1,M05,104-1,A,SF-104,B,202110,3,983,0.0
E1,M05,104-1,A,SF-104,B,202111,4,1027,0.0
E1,M05,104-1,A,SF-104,B,202112,5,1071,2.0
E1,M05,104-1,A,SF-104,B,202201,6,1115,0.0
E1,M05,104-1,A,SF-104,B,202202,7,1159,2.0
E1,M05,104-1,A,SF-104,B,202203,8,1204,2.0
E1,M05,104-1,A,SF-104,B,202204,9,1248,3.0
E1,M05,104-1,A,SF-104,B,202205,10,1292,1.0
E1,M05,104-1,A,SF-104,B,202206,11,1336,3.0
E1,M05,104-1,A,SF-104,B,202207,12,1380,0.0
E1,M05,104-1,A,SF-104,B,202208,13,1425,0.0
E1,M05,104-1,A,SF-104,B,202209,14,1469,1.0
E1,M05,104-1,A,SF-104,B,202210,15,1513,2.0
E1,M05,104-1,A,SF-104,B,202211,16,1557,2.0
E1,M05,104-1,A,SF-104,B,202212,17,1601,0.0
E1,M05,104-1,A,SF-104,B,202301,18,1646,1.0
E1,M05,104-1,A,SF-104,B,202302,19,1690,4.0
E1,M05,104-1,A,SF-104,B,202303,20,1734,0.0
E1,M05,104-1,A,SF-104,B,202304,21,1778,0.0
E1,M05,104-1,A,SF-104,B,202305,22,1822,2.0
E1,M05,104-1,A,SF-104,B,202306,23,1867,2.0
E1,M05,104-1,A,SF-104,B,202307,24,1911,4.0
E1,M05,104-1,A,SF-104,B,202308,25,1955,0.0
E1,M05,104-1,A,SF-104,B,202309,26,1999,1.0
E1,M05,104-1,A,SF-104,B,202310,27,2043,1.0
E1,M05,104-1,A,SF-104,B,202311,28,2088,2.0
E1,M05,104-1,A,SF-104,B,202312,29,2132,3.0
E1,M05,104-1,A,SF-104,B,202401,30,2176,1.0
E1,M05,104-1,A,SF-104,B,202402,31,2220,2.0
E1,M05,104-1,A,SF-104,B,202403,32,2264,5.0
E1,M05,104-1,A,SF-104,B,202404,33,2309,3.0
E1,M05,104-1,A,SF-104,B,202405,34,2353,0.0
E1,M05,104-1,A,SF-104,B,202406,35,2397,0.0
E1,M05,104-1,A,SF-104,B,202407,36,2441,2.0
E1,M05,104-1,A,SF-104,B,202408,37,2485,2.0
E1,M05,104-1,A,SF-104,B,202409,38,2530,2.0
E1,M05,104-1,A,SF-104,B,202410,39,2574,4.0
E1,M05,104-1,A,SF-104,B,202411,40,2618,2.0
E1,M05,104-1,A,SF-104,B,202412,41,2662,3.0
E1,M05,104-1,ALL,SF-104,B,202107,0,2500,1.0
E1,M05,104-1,ALL,SF-104,B,202108,1,2630,4.0
E1,M05,104-1,ALL,SF-104,B,202109,2,2760,1.0
E1,M05,104-1,ALL,SF-104,B,202110,3,2890,0.0
E1,M05,104-1,ALL,SF-104,B,202111,4,3020,3.0
E1,M05,104-1,ALL,SF-104,B,202112,5,3150,3.0
E1,M05,104-1,ALL,SF-104,B,202201,6,3280,3.0
E1,M05,104-1,ALL,SF-104,B,202202,7,3410,3.0
E1,M05,104-1,ALL,SF-104,B,202203,8,3540,2.0
E1,M05,104-1,ALL,SF-104,B,202204,9,3670,8.0
E1,M05,104-1,ALL,SF-104,B,202205,10,3800,2.0
E1,M05,104-1,ALL,SF-104,B,202206,11,3930,3.0
E1,M05,104-1,ALL,SF-104,B,202207,12,4060,3.0
E1,M05,104-1,ALL,SF-104,B,202208,13,4190,2.0
E1,M05,104-1,ALL,SF-104,B,202209,14,4320,4.0
E1,M05,104-1,ALL,SF-104,B,202210,15,4450,7.0
E1,M05,104-1,ALL,SF-104,B,202211,16,4580,6.0
E1,M05,104-1,ALL,SF-104,B,202212,17,4710,1.0
E1,M05,104-1,ALL,SF-104,B,202301,18,4840,3.0
E1,M05,104-1,ALL,SF-104,B,202302,19,4970,6.0
E1,M05,104-1,ALL,SF-104,B,202303,20,5100,3.0
E1,M05,104-1,ALL,SF-104,B,202304,21,5230,2.0
E1,M05,104-1,ALL,SF-104,B,202305,22,5360,9.0
E1,M05,104-1,ALL,SF-104,B,202306,23,5490,3.0
E1,M05,104-1,ALL,SF-104,B,202307,24,5620,6.0
E1,M05,104-1,ALL,SF-104,B,202308,25,5750,4.0
E1,M05,104-1,ALL,SF-104,B,202309,26,5880,3.0
E1,M05,104-1,ALL,SF-104,B,202310,27,6010,7.0
E1,M05,104-1,ALL,SF-104,B,202311,28,6140,10.0
E1,M05,104-1,ALL,SF-104,B,202312,29,6270,11.0
E1,M05,104-1,ALL,SF-104,B,202401,30,6400,1.0
E1,M05,104-1,ALL,SF-104,B,202402,31,6530,9.0
E1,M05,104-1,ALL,SF-104,B,202403,32,6660,7.0
E1,M05,104-1,ALL,SF-104,B,202404,33,6790,9.0
E1,M05,104-1,ALL,SF-104,B,202405,34,6920,4.0
E1,M05,104-1,ALL,SF-104,B,202406,35,7050,5.0
E1,M05,104-1,ALL,SF-104,B,202407,36,7180,5.0
E1,M05,104-1,ALL,SF-104,B,202408,37,7310,6.0
E1,M05,104-1,ALL,SF-104,B,202409,38,7440,4.0
E1,M05,104-1,ALL,SF-104,B,202410,39,7570,5.0
E1,M05,104-1,ALL,SF-104,B,202411,40,7700,5.0
E1,M05,104-1,ALL,SF-104,B,202412,41,7830,3.0
E1,M05,104-1,B,SF-104,B,202108,1,631,1.0
E1,M05,104-1,B,SF-104,B,202109,2,662,0.0
E1,M05,104-1,B,SF-104,B,202110,3,694,0.0
E1,M05,104-1,B,SF-104,B,202111,4,725,1.0
E1,M05,104-1,B,SF-104,B,202112,5,756,1.0
E1,M05,104-1,B,SF-104,B,202201,6,787,2.0
E1,M05,104-1,B,SF-104,B,202202,7,818,0.0
E1,M05,104-1,B,SF-104,B,202203,8,850,0.0
E1,M05,104-1,B,SF-104,B,202204,9,881,3.0
E1,M05,104-1,B,SF-104,B,202205,10,912,0.0
E1,M05,104-1,B,SF-104,B,202206,11,943,0.0
E1,M05,104-1,B,SF-104,B,202207,12,974,2.0
E1,M05,104-1,B,SF-104,B,202208,13,1006,1.0
E1,M05,104-1,B,SF-104,B,202209,14,1037,2.0
E1,M05,104-1,B,SF-104,B,202210,15,1068,3.0
E1,M05,104-1,B,SF-104,B,202211,16,1099,0.0
E1,M05,104-1,B,SF-104,B,202212,17,1130,0.0
E1,M05,104-1,B,SF-104,B,202301,18,1162,1.0
E1,M05,104-1,B,SF-104,B,202302,19,1193,0.0
E1,M05,104-1,B,SF-104,B,202303,20,1224,1.0
E1,M05,104-1,B,SF-104,B,202304,21,1255,0.0
E1,M05,104-1,B,SF-104,B,202305,22,1286,3.0
E1,M05,104-1,B,SF-104,B,202306,23,1318,1.0
E1,M05,104-1,B,SF-104,B,202307,24,1349,1.0
E1,M05,104-1,B,SF-104,B,202308,25,1380,0.0
E1,M05,104-1,B,SF-104,B,202309,26,1411,0.0
E1,M05,104-1,B,SF-104,B,202310,27,1442,2.0
E1,M05,104-1,B,SF-104,B,202311,28,1474,3.0
E1,M05,104-1,B,SF-104,B,202312,29,1505,4.0
E1,M05,104-1,B,SF-104,B,202401,30,1536,0.0
E1,M05,104-1,B,SF-104,B,202402,31,1567,3.0
E1,M05,104-1,B,SF-104,B,202403,32,1598,1.0
E1,M05,104-1,B,SF-104,B,202404,33,1630,2.0
E1,M05,104-1,B,SF-104,B,202405,34,1661,3.0
E1,M05,104-1,B,SF-104,B,202406,35,1692,1.0
E1,M05,104-1,B,SF-104,B,202407,36,1723,1.0
E1,M05,104-1,B,SF-104,B,202408,37,1754,2.0
E1,M05,104-1,B,SF-104,B,202409,38,1786,2.0
E1,M05,104-1,B,SF-104,B,202410,39,1817,1.0
E1,M05,104-1,B,SF-104,B,202411,40,1848,1.0
E1,M05,104-1,B,SF-104,B,202412,41,1879,0.0
E1,M05,104-1,C,SF-104,B,202107,0,500,1.0
E1,M05,104-1,C,SF-104,B,202108,1,526,1.0
E1,M05,104-1,C,SF-104,B,202109,2,552,1.0
E1,M05,104-1,C,SF-104,B,202110,3,578,0.0
E1,M05,104-1,C,SF-104,B,202111,4,604,1.0
E1,M05,104-1,C,SF-104,B,202112,5,630,0.0
E1,M05,104-1,C,SF-104,B,202201,6,656,1.0
E1,M05,104-1,C,SF-104,B,202202,7,682,0.0
E1,M05,104-1,C,SF-104,B,202203,8,708,0.0
E1,M05,104-1,C,SF-104,B,202204,9,734,1.0
E1,M05,104-1,C,SF-104,B,202205,10,760,1.0
E1,M05,104-1,C,SF-104,B,202206,11,786,0.0
E1,M05,104-1,C,SF-104,B,202207,12,812,1.0
E1,M05,104-1,C,SF-104,B,202208,13,838,1.0
E1,M05,104-1,C,SF-104,B,202209,14,864,0.0
E1,M05,104-1,C,SF-104,B,202210,15,890,2.0
E1,M05,104-1,C,SF-104,B,202211,16,916,2.0
E1,M05,104-1,C,SF-104,B,202212,17,942,0.0
E1,M05,104-1,C,SF-104,B,202301,18,968,0.0
E1,M05,104-1,C,SF-104,B,202302,19,994,2.0
E1,M05,104-1,C,SF-104,B,202303,20,1020,1.0
E1,M05,104-1,C,SF-104,B,202304,21,1046,0.0
E1,M05,104-1,C,SF-104,B,202305,22,1072,0.0
E1,M05,104-1,C,SF-104,B,202306,23,1098,0.0
E1,M05,104-1,C,SF-104,B,202307,24,1124,0.0
E1,M05,104-1,C,SF-104,B,202308,25,1150,1.0
E1,M05,104-1,C,SF-104,B,202309,26,1176,1.0
E1,M05,104-1,C,SF-104,B,202310,27,1202,0.0
E1,M05,104-1,C,SF-104,B,202311,28,1228,3.0
E1,M05,104-1,C,SF-104,B,202312,29,1254,2.0
E1,M05,104-1,C,SF-104,B,202401,30,1280,0.0
E1,M05,104-1,C,SF-104,B,202402,31,1306,1.0
E1,M05,104-1,C,SF-104,B,202403,32,1332,0.0
E1,M05,104-1,C,SF-104,B,202404,33,1358,2.0
E1,M05,104-1,C,SF-104,B,202405,34,1384,0.0
E1,M05,104-1,C,SF-104,B,202406,35,1410,2.0
E1,M05,104-1,C,SF-104,B,202407,36,1436,2.0
E1,M05,104-1,C,SF-104,B,202408,37,1462,2.0
E1,M05,104-1,C,SF-104,B,202409,38,1488,0.0
E1,M05,104-1,C,SF-104,B,202410,39,1514,0.0
E1,M05,104-1,C,SF-104,B,202411,40,1540,1.0
E1,M05,104-1,D,SF-104,B,202108,1,394,2.0
E1,M05,104-1,D,SF-104,B,202109,2,414,0.0
E1,M05,104-1,D,SF-104,B,202110,3,434,0.0
E1,M05,104-1,D,SF-104,B,202111,4,453,1.0
E1,M05,104-1,D,SF-104,B,202112,5,472,0.0
E1,M05,104-1,D,SF-104,B,202201,6,492,0.0
E1,M05,104-1,D,SF-104,B,202202,7,512,1.0
E1,M05,104-1,D,SF-104,B,202203,8,531,0.0
E1,M05,104-1,D,SF-104,B,202204,9,550,0.0
E1,M05,104-1,D,SF-104,B,202205,10,570,0.0
E1,M05,104-1,D,SF-104,B,202206,11,590,0.0
E1,M05,104-1,D,SF-104,B,202207,12,609,0.0
E1,M05,104-1,D,SF-104,B,202208,13,628,0.0
E1,M05,104-1,D,SF-104,B,202209,14,648,0.0
E1,M05,104-1,D,SF-104,B,202210,15,668,0.0
E1,M05,104-1,D,SF-104,B,202211,16,687,1.0
E1,M05,104-1,D,SF-104,B,202212,17,706,1.0
E1,M05,104-1,D,SF-104,B,202301,18,726,0.0
E1,M05,104-1,D,SF-104,B,202302,19,746,0.0
E1,M05,104-1,D,SF-104,B,202303,20,765,0.0
E1,M05,104-1,D,SF-104,B,202304,21,784,0.0
E1,M05,104-1,D,SF-104,B,202305,22,804,1.0
E1,M05,104-1,D,SF-104,B,202306,23,824,0.0
E1,M05,104-1,D,SF-104,B,202307,24,843,0.0
E1,M05,104-1,D,SF-104,B,202308,25,862,2.0
E1,M05,104-1,D,SF-104,B,202309,26,882,1.0
E1,M05,104-1,D,SF-104,B,202310,27,902,4.0
E1,M05,104-1,D,SF-104,B,202311,28,921,0.0
E1,M05,104-1,D,SF-104,B,202312,29,940,2.0
E1,M05,104-1,D,SF-104,B,202401,30,960,0.0
E1,M05,104-1,D,SF-104,B,202402,31,980,3.0
E1,M05,104-1,D,SF-104,B,202403,32,999,0.0
E1,M05,104-1,D,SF-104,B,202404,33,1018,0.0
E1,M05,104-1,D,SF-104,B,202405,34,1038,1.0
E1,M05,104-1,D,SF-104,B,202406,35,1058,2.0
E1,M05,104-1,D,SF-104,B,202407,36,1077,0.0
E1,M05,104-1,D,SF-104,B,202408,37,1096,0.0
E1,M05,104-1,D,SF-104,B,202409,38,1116,0.0
E1,M05,104-1,D,SF-104,B,202410,39,1136,0.0
E1,M05,104-1,E,SF-104,B,202203,8,248,0.0
E1,M05,104-1,E,SF-104,B,202204,9,257,1.0
E1,M05,104-1,E,SF-104,B,202205,10,266,0.0
E1,M05,104-1,E,SF-104,B,202206,11,275,0.0
E1,M05,104-1,E,SF-104,B,202207,12,284,0.0
E1,M05,104-1,E,SF-104,B,202208,13,293,0.0
E1,M05,104-1,E,SF-104,B,202209,14,302,1.0
E1,M05,104-1,E,SF-104,B,202210,15,312,0.0
E1,M05,104-1,E,SF-104,B,202211,16,321,1.0
E1,M05,104-1,E,SF-104,B,202212,17,330,0.0
E1,M05,104-1,E,SF-104,B,202301,18,339,1.0
E1,M05,104-1,E,SF-104,B,202302,19,348,0.0
E1,M05,104-1,E,SF-104,B,202303,20,357,1.0
E1,M05,104-1,E,SF-104,B,202304,21,366,2.0
E1,M05,104-1,E,SF-104,B,202305,22,375,3.0
E1,M05,104-1,E,SF-104,B,202306,23,384,0.0
E1,M05,104-1,E,SF-104,B,202307,24,393,1.0
E1,M05,104-1,E,SF-104,B,202308,25,403,1.0
E1,M05,104-1,E,SF-104,B,202309,26,412,0.0
E1,M05,104-1,E,SF-104,B,202310,27,421,0.0
E1,M05,104-1,E,SF-104,B,202311,28,430,2.0
E1,M05,104-1,E,SF-104,B,202312,29,439,0.0
E1,M05,104-1,E,SF-104,B,202401,30,448,0.0
E1,M05,104-1,E,SF-104,B,202402,31,457,0.0
E1,M05,104-1,E,SF-104,B,202403,32,466,1.0
E1,M05,104-1,E,SF-104,B,202404,33,475,2.0
E1,M05,104-1,E,SF-104,B,202405,34,484,0.0
E1,M05,104-1,E,SF-104,B,202406,35,494,0.0
E1,M05,104-1,E,SF-104,B,202407,36,503,0.0
E1,M05,104-1,E,SF-104,B,202408,37,512,0.0
E1,M05,104-1,E,SF-104,B,202409,38,521,0.0
E1,M05,104-1,E,SF-104,B,202410,39,530,0.0
E1,M05,104-1,E,SF-104,B,202411,40,539,1.0
E1,M05,104-1,E,SF-104,B,202412,41,548,0.0
E1,M05,105-0,A,SF-105,B,202108,1,894,1.0
E1,M05,105-0,A,SF-105,B,202109,2,938,0.0
E1,M05,105-0,A,SF-105,B,202110,3,983,1.0
E1,M05,105-0,A,SF-105,B,202111,4,1027,0.0
E1,M05,105-0,A,SF-105,B,202112,5,1071,0.0
E1,M05,105-0,A,SF-105,B,202201,6,1115,0.0
E1,M05,105-0,A,SF-105,B,202202,7,1159,0.0
E1,M05,105-0,A,SF-105,B,202203,8,1204,0.0
E1,M05,105-0,A,SF-105,B,202204,9,1248,0.0
E1,M05,105-0,A,SF-105,B,202205,10,1292,1.0
E1,M05,105-0,A,SF-105,B,202206,11,1336,0.0
E1,M05,105-0,A,SF-105,B,202207,12,1380,1.0
E1,M05,105-0,A,SF-105,B,202208,13,1425,1.0
E1,M05,105-0,A,SF-105,B,202209,14,1469,0.0
E1,M05,105-0,A,SF-105,B,202210,15,1513,0.0
E1,M05,105-0,A,SF-105,B,202211,16,1557,0.0
E1,M05,105-0,A,SF-105,B,202212,17,1601,1.0
E1,M05,105-0,A,SF-105,B,202301,18,1646,0.0
E1,M05,105-0,A,SF-105,B,202302,19,1690,0.0
E1,M05,105-0,A,SF-105,B,202303,20,1734,2.0
E1,M05,105-0,A,SF-105,B,202304,21,1778,0.0
E1,M05,105-0,A,SF-105,B,202305,22,1822,0.0
E1,M05,105-0,A,SF-105,B,202306,23,1867,1.0
E1,M05,105-0,A,SF-105,B,202307,24,1911,1.0
E1,M05,105-0,A,SF-105,B,202308,25,1955,0.0
E1,M05,105-0,A,SF-105,B,202309,26,1999,3.0
E1,M05,105-0,A,SF-105,B,202310,27,2043,0.0
E1,M05,105-0,A,SF-105,B,202311,28,2088,1.0
E1,M05,105-0,A,SF-105,B,202312,29,2132,0.0
E1,M05,105-0,A,SF-105,B,202401,30,2176,0.0
E1,M05,105-0,A,SF-105,B,202402,31,2220,0.0
E1,M05,105-0,A,SF-105,B,202403,32,2264,0.0
E1,M05,105-0,A,SF-105,B,202404,33,2309,0.0
E1,M05,105-0,A,SF-105,B,202405,34,2353,0.0
E1,M05,105-0,A,SF-105,B,202406,35,2397,2.0
E1,M05,105-0,A,SF-105,B,202407,36,2441,1.0
E1,M05,105-0,A,SF-105,B,202408,37,2485,2.0
E1,M05,105-0,A,SF-105,B,202409,38,2530,0.0
E1,M05,105-0,A,SF-105,B,202410,39,2574,2.0
E1,M05,105-0,A,SF-105,B,202411,40,2618,0.0
E1,M05,105-0,A,SF-105,B,202412,41,2662,1.0
E1,M05,105-0,ALL,SF-105,B,202107,0,2500,0.0
E1,M05,105-0,ALL,SF-105,B,202108,1,2630,1.0
E1,M05,105-0,ALL,SF-105,B,202109,2,2760,1.0
E1,M05,105-0,ALL,SF-105,B,202110,3,2890,2.0
E1,M05,105-0,ALL,SF-105,B,202111,4,3020,0.0
E1,M05,105-0,ALL,SF-105,B,202112,5,3150,0.0
E1,M05,105-0,ALL,SF-105,B,202201,6,3280,1.0
E1,M05,105-0,ALL,SF-105,B,202202,7,3410,4.0
E1,M05,105-0,ALL,SF-105,B,202203,8,3540,2.0
E1,M05,105-0,ALL,SF-105,B,202204,9,3670,1.0
E1,M05,105-0,ALL,SF-105,B,202205,10,3800,1.0
E1,M05,105-0,ALL,SF-105,B,202206,11,3930,1.0
E1,M05,105-0,ALL,SF-105,B,202207,12,4060,1.0
E1,M05,105-0,ALL,SF-105,B,202208,13,4190,3.0
E1,M05,105-0,ALL,SF-105,B,202209,14,4320,0.0
E1,M05,105-0,ALL,SF-105,B,202210,15,4450,2.0
E1,M05,105-0,ALL,SF-105,B,202211,16,4580,2.0
E1,M05,105-0,ALL,SF-105,B,202212,17,4710,1.0
E1,M05,105-0,ALL,SF-105,B,202301,18,4840,0.0
E1,M05,105-0,ALL,SF-105,B,202302,19,4970,2.0
E1,M05,105-0,ALL,SF-105,B,202303,20,5100,2.0
E1,M05,105-0,ALL,SF-105,B,202304,21,5230,0.0
E1,M05,105-0,ALL,SF-105,B,202305,22,5360,1.0
E1,M05,105-0,ALL,SF-105,B,202306,23,5490,1.0
E1,M05,105-0,ALL,SF-105,B,202307,24,5620,1.0
E1,M05,105-0,ALL,SF-105,B,202308,25,5750,1.0
E1,M05,105-0,ALL,SF-105,B,202309,26,5880,5.0
E1,M05,105-0,ALL,SF-105,B,202310,27,6010,1.0
E1,M05,105-0,ALL,SF-105,B,202311,28,6140,2.0
E1,M05,105-0,ALL,SF-105,B,202312,29,6270,1.0
E1,M05,105-0,ALL,SF-105,B,202401,30,6400,1.0
E1,M05,105-0,ALL,SF-105,B,202402,31,6530,2.0
E1,M05,105-0,ALL,SF-105,B,202403,32,6660,2.0
E1,M05,105-0,ALL,SF-105,B,202404,33,6790,2.0
E1,M05,105-0,ALL,SF-105,B,202405,34,6920,0.0
E1,M05,105-0,ALL,SF-105,B,202406,35,7050,3.0
E1,M05,105-0,ALL,SF-105,B,202407,36,7180,1.0
E1,M05,105-0,ALL,SF-105,B,202408,37,7310,7.0
E1,M05,105-0,ALL,SF-105,B,202409,38,7440,2.0
E1,M05,105-0,ALL,SF-105,B,202410,39,7570,3.0
E1,M05,105-0,ALL,SF-105,B,202411,40,7700,0.0
E1,M05,105-0,ALL,SF-105,B,202412,41,7830,3.0
E1,M05,105-0,B,SF-105,B,202109,2,662,0.0
E1,M05,105-0,B,SF-105,B,202110,3,694,0.0
E1,M05,105-0,B,SF-105,B,202111,4,725,0.0
E1,M05,105-0,B,SF-105,B,202112,5,756,0.0
E1,M05,105-0,B,SF-105,B,202201,6,787,0.0
E1,M05,105-0,B,SF-105,B,202202,7,818,1.0
E1,M05,105-0,B,SF-105,B,202203,8,850,0.0
E1,M05,105-0,B,SF-105,B,202204,9,881,0.0
E1,M05,105-0,B,SF-105,B,202205,10,912,0.0
E1,M05,105-0,B,SF-105,B,202206,11,943,0.0
E1,M05,105-0,B,SF-105,B,202207,12,974,0.0
E1,M05,105-0,B,SF-105,B,202208,13,1006,1.0
E1,M05,105-0,B,SF-105,B,202209,14,1037,0.0
E1,M05,105-0,B,SF-105,B,202210,15,1068,1.0
E1,M05,105-0,B,SF-105,B,202211,16,1099,1.0
E1,M05,105-0,B,SF-105,B,202212,17,1130,0.0
E1,M05,105-0,B,SF-105,B,202301,18,1162,0.0
E1,M05,105-0,B,SF-105,B,202302,19,1193,0.0
E1,M05,105-0,B,SF-105,B,202303,20,1224,0.0
E1,M05,105-0,B,SF-105,B,202304,21,1255,0.0
E1,M05,105-0,B,SF-105,B,202305,22,1286,0.0
E1,M05,105-0,B,SF-105,B,202306,23,1318,0.0
E1,M05,105-0,B,SF-105,B,202307,24,1349,0.0
E1,M05,105-0,B,SF-105,B,202308,25,1380,1.0
E1,M05,105-0,B,SF-105,B,202309,26,1411,1.0
E1,M05,105-0,B,SF-105,B,202310,27,1442,0.0
E1,M05,105-0,B,SF-105,B,202311,28,1474,0.0
E1,M05,105-0,B,SF-105,B,202312,29,1505,1.0
E1,M05,105-0,B,SF-105,B,202401,30,1536,0.0
E1,M05,105-0,B,SF-105,B,202402,31,1567,1.0
E1,M05,105-0,B,SF-105,B,202403,32,1598,0.0
E1,M05,105-0,B,SF-105,B,202404,33,1630,0.0
E1,M05,105-0,B,SF-105,B,202405,34,1661,0.0
E1,M05,105-0,B,SF-105,B,202406,35,1692,0.0
E1,M05,105-0,B,SF-105,B,202407,36,1723,0.0
E1,M05,105-0,B,SF-105,B,202408,37,1754,2.0
E1,M05,105-0,B,SF-105,B,202409,38,1786,1.0
E1,M05,105-0,B,SF-105,B,202410,39,1817,0.0
E1,M05,105-0,B,SF-105,B,202411,40,1848,0.0
E1,M05,105-0,B,SF-105,B,202412,41,1879,1.0
E1,M05,105-0,C,SF-105,B,202109,2,552,1.0
E1,M05,105-0,C,SF-105,B,202110,3,578,1.0
E1,M05,105-0,C,SF-105,B,202111,4,604,0.0
E1,M05,105-0,C,SF-105,B,202112,5,630,0.0
E1,M05,105-0,C,SF-105,B,202201,6,656,0.0
E1,M05,105-0,C,SF-105,B,202202,7,682,2.0
E1,M05,105-0,C,SF-105,B,202203,8,708,2.0
E1,M05,105-0,C,SF-105,B,202204,9,734,1.0
E1,M05,105-0,C,SF-105,B,202205,10,760,0.0
E1,M05,105-0,C,SF-105,B,202206,11,786,0.0
E1,M05,105-0,C,SF-105,B,202207,12,812,0.0
E1,M05,105-0,C,SF-105,B,202208,13,838,1.0
E1,M05,105-0,C,SF-105,B,202209,14,864,0.0
E1,M05,105-0,C,SF-105,B,202210,15,890,1.0
E1,M05,105-0,C,SF-105,B,202211,16,916,0.0
E1,M05,105-0,C,SF-105,B,202212,17,942,0.0
E1,M05,105-0,C,SF-105,B,202301,18,968,0.0
E1,M05,105-0,C,SF-105,B,202302,19,994,1.0
E1,M05,105-0,C,SF-105,B,202303,20,1020,0.0
E1,M05,105-0,C,SF-105,B,202304,21,1046,0.0
E1,M05,105-0,C,SF-105,B,202305,22,1072,0.0
E1,M05,105-0,C,SF-105,B,202306,23,1098,0.0
E1,M05,105-0,C,SF-105,B,202307,24,1124,0.0
E1,M05,105-0,C,SF-105,B,202308,25,1150,0.0
E1,M05,105-0,C,SF-105,B,202309,26,1176,1.0
E1,M05,105-0,C,SF-105,B,202310,27,1202,0.0
E1,M05,105-0,C,SF-105,B,202311,28,1228,0.0
E1,M05,105-0,C,SF-105,B,202312,29,1254,0.0
E1,M05,105-0,C,SF-105,B,202401,30,1280,1.0
E1,M05,105-0,C,SF-105,B,202402,31,1306,0.0
E1,M05,105-0,C,SF-105,B,202403,32,1332,2.0
E1,M05,105-0,C,SF-105,B,202404,33,1358,1.0
E1,M05,105-0,C,SF-105,B,202405,34,1384,0.0
E1,M05,105-0,C,SF-105,B,202406,35,1410,0.0
E1,M05,105-0,C,SF-105,B,202407,36,1436,0.0
E1,M05,105-0,C,SF-105,B,202408,37,1462,2.0
E1,M05,105-0,C,SF-105,B,202409,38,1488,0.0
E1,M05,105-0,C,SF-105,B,202410,39,1514,0.0
E1,M05,105-0,C,SF-105,B,202411,40,1540,0.0
E1,M05,105-0,D,SF-105,B,202109,2,414,0.0
E1,M05,105-0,D,SF-105,B,202110,3,434,0.0
E1,M05,105-0,D,SF-105,B,202111,4,453,0.0
E1,M05,105-0,D,SF-105,B,202112,5,472,0.0
E1,M05,105-0,D,SF-105,B,202201,6,492,1.0
E1,M05,105-0,D,SF-105,B,202202,7,512,1.0
E1,M05,105-0,D,SF-105,B,202203,8,531,0.0
E1,M05,105-0,D,SF-105,B,202204,9,550,0.0
E1,M05,105-0,D,SF-105,B,202205,10,570,0.0
E1,M05,105-0,D,SF-105,B,202206,11,590,0.0
E1,M05,105-0,D,SF-105,B,202207,12,609,0.0
E1,M05,105-0,D,SF-105,B,202208,13,628,0.0
E1,M05,105-0,D,SF-105,B,202209,14,648,0.0
E1,M05,105-0,D,SF-105,B,202210,15,668,0.0
E1,M05,105-0,D,SF-105,B,202211,16,687,1.0
E1,M05,105-0,D,SF-105,B,202212,17,706,0.0
E1,M05,105-0,D,SF-105,B,202301,18,726,0.0
E1,M05,105-0,D,SF-105,B,202302,19,746,1.0
E1,M05,105-0,D,SF-105,B,202303,20,765,0.0
E1,M05,105-0,D,SF-105,B,202304,21,784,0.0
E1,M05,105-0,D,SF-105,B,202305,22,804,0.0
E1,M05,105-0,D,SF-105,B,202306,23,824,0.0
E1,M05,105-0,D,SF-105,B,202307,24,843,0.0
E1,M05,105-0,D,SF-105,B,202308,25,862,0.0
E1,M05,105-0,D,SF-105,B,202309,26,882,0.0
E1,M05,105-0,D,SF-105,B,202310,27,902,0.0
E1,M05,105-0,D,SF-105,B,202311,28,921,0.0
E1,M05,105-0,D,SF-105,B,202312,29,940,0.0
E1,M05,105-0,D,SF-105,B,202401,30,960,0.0
E1,M05,105-0,D,SF-105,B,202402,31,980,1.0
E1,M05,105-0,D,SF-105,B,202403,32,999,0.0
E1,M05,105-0,D,SF-105,B,202404,33,1018,1.0
E1,M05,105-0,D,SF-105,B,202405,34,1038,0.0
E1,M05,105-0,D,SF-105,B,202406,35,1058,1.0
E1,M05,105-0,D,SF-105,B,202407,36,1077,0.0
E1,M05,105-0,D,SF-105,B,202408,37,1096,1.0
E1,M05,105-0,D,SF-105,B,202409,38,1116,1.0
E1,M05,105-0,D,SF-105,B,202410,39,1136,0.0
E1,M05,105-0,E,SF-105,B,202203,8,248,0.0
E1,M05,105-0,E,SF-105,B,202204,9,257,0.0
E1,M05,105-0,E,SF-105,B,202205,10,266,0.0
E1,M05,105-0,E,SF-105,B,202206,11,275,1.0
E1,M05,105-0,E,SF-105,B,202207,12,284,0.0
E1,M05,105-0,E,SF-105,B,202208,13,293,0.0
E1,M05,105-0,E,SF-105,B,202209,14,302,0.0
E1,M05,105-0,E,SF-105,B,202210,15,312,0.0
E1,M05,105-0,E,SF-105,B,202211,16,321,0.0
E1,M05,105-0,E,SF-105,B,202212,17,330,0.0
E1,M05,105-0,E,SF-105,B,202301,18,339,0.0
E1,M05,105-0,E,SF-105,B,202302,19,348,0.0
E1,M05,105-0,E,SF-105,B,202303,20,357,0.0
E1,M05,105-0,E,SF-105,B,202304,21,366,0.0
E1,M05,105-0,E,SF-105,B,202305,22,375,1.0
E1,M05,105-0,E,SF-105,B,202306,23,384,0.0
E1,M05,105-0,E,SF-105,B,202307,24,393,0.0
E1,M05,105-0,E,SF-105,B,202308,25,403,0.0
E1,M05,105-0,E,SF-105,B,202309,26,412,0.0
E1,M05,105-0,E,SF-105,B,202310,27,421,1.0
E1,M05,105-0,E,SF-105,B,202311,28,430,1.0
E1,M05,105-0,E,SF-105,B,202312,29,439,0.0
E1,M05,105-0,E,SF-105,B,202401,30,448,0.0
E1,M05,105-0,E,SF-105,B,202402,31,457,0.0
E1,M05,105-0,E,SF-105,B,202403,32,466,0.0
E1,M05,105-0,E,SF-105,B,202404,33,475,0.0
E1,M05,105-0,E,SF-105,B,202405,34,484,0.0
E1,M05,105-0,E,SF-105,B,202406,35,494,0.0
E1,M05,105-0,E,SF-105,B,202407,36,503,0.0
E1,M05,105-0,E,SF-105,B,202408,37,512,0.0
E1,M05,105-0,E,SF-105,B,202409,38,521,0.0
E1,M05,105-0,E,SF-105,B,202410,39,530,1.0
E1,M05,105-0,E,SF-105,B,202411,40,539,0.0
E1,M05,105-0,E,SF-105,B,202412,41,548,1.0
E1,M06,100-0,A,SF-100,B,202108,0,850,5.0
E1,M06,100-0,A,SF-100,B,202109,1,894,1.0
E1,M06,100-0,A,SF-100,B,202110,2,938,2.0
E1,M06,100-0,A,SF-100,B,202111,3,983,1.0
E1,M06,100-0,A,SF-100,B,202112,4,1027,0.0
E1,M06,100-0,A,SF-100,B,202201,5,1071,0.0
E1,M06,100-0,A,SF-100,B,202202,6,1115,3.0
E1,M06,100-0,A,SF-100,B,202203,7,1159,0.0
E1,M06,100-0,A,SF-100,B,202204,8,1204,2.0
E1,M06,100-0,A,SF-100,B,202205,9,1248,0.0
E1,M06,100-0,A,SF-100,B,202206,10,1292,4.0
E1,M06,100-0,A,SF-100,B,202207,11,1336,2.0
E1,M06,100-0,A,SF-100,B,202208,12,1380,2.0
E1,M06,100-0,A,SF-100,B,202209,13,1425,2.0
E1,M06,100-0,A,SF-100,B,202210,14,1469,2.0
E1,M06,100-0,A,SF-100,B,202211,15,1513,2.0
E1,M06,100-0,A,SF-100,B,202212,16,1557,0.0
E1,M06,100-0,A,SF-100,B,202301,17,1601,3.0
E1,M06,100-0,A,SF-100,B,202302,18,1646,1.0
E1,M06,100-0,A,SF-100,B,202303,19,1690,0.0
E1,M06,100-0,A,SF-100,B,202304,20,1734,3.0
E1,M06,100-0,A,SF-100,B,202305,21,1778,0.0
E1,M06,100-0,A,SF-100,B,202306,22,1822,1.0
E1,M06,100-0,A,SF-100,B,202307,23,1867,1.0
E1,M06,100-0,A,SF-100,B,202308,24,1911,2.0
E1,M06,100-0,A,SF-100,B,202309,25,1955,2.0
E1,M06,100-0,A,SF-100,B,202310,26,1999,1.0
E1,M06,100-0,A,SF-100,B,202311,27,2043,1.0
E1,M06,100-0,A,SF-100,B,202312,28,2088,2.0
E1,M06,100-0,A,SF-100,B,202401,29,2132,7.0
E1,M06,100-0,A,SF-100,B,202402,30,2176,1.0
E1,M06,100-0,A,SF-100,B,202403,31,2220,2.0
E1,M06,100-0,A,SF-100,B,202404,32,2264,4.0
E1,M06,100-0,A,SF-100,B,202405,33,2309,2.0
E1,M06,100-0,A,SF-100,B,202406,34,2353,2.0
E1,M06,100-0,A,SF-100,B,202407,35,2397,3.0
E1,M06,100-0,A,SF-100,B,202408,36,2441,3.0
E1,M06,100-0,A,SF-100,B,202409,37,2485,5.0
E1,M06,100-0,A,SF-100,B,202410,38,2530,2.0
E1,M06,100-0,A,SF-100,B,202411,39,2574,2.0
E1,M06,100-0,A,SF-100,B,202412,40,2618,3.0
E1,M06,100-0,ALL,SF-100,B,202108,0,2500,9.0
E1,M06,100-0,ALL,SF-100,B,202109,1,2630,2.0
E1,M06,100-0,ALL,SF-100,B,202110,2,2760,3.0
E1,M06,100-0,ALL,SF-100,B,202111,3,2890,3.0
E1,M06,100-0,ALL,SF-100,B,202112,4,3020,0.0
E1,M06,100-0,ALL,SF-100,B,202201,5,3150,2.0
E1,M06,100-0,ALL,SF-100,B,202202,6,3280,4.0
E1,M06,100-0,ALL,SF-100,B,202203,7,3410,2.0
E1,M06,100-0,ALL,SF-100,B,202204,8,3540,6.0
E1,M06,100-0,ALL,SF-100,B,202205,9,3670,1.0
E1,M06,100-0,ALL,SF-100,B,202206,10,3800,8.0
E1,M06,100-0,ALL,SF-100,B,202207,11,3930,5.0
E1,M06,100-0,ALL,SF-100,B,202208,12,4060,5.0
E1,M06,100-0,ALL,SF-100,B,202209,13,4190,8.0
E1,M06,100-0,ALL,SF-100,B,202210,14,4320,6.0
E1,M06,100-0,ALL,SF-100,B,202211,15,4450,5.0
E1,M06,100-0,ALL,SF-100,B,202212,16,4580,4.0
E1,M06,100-0,ALL,SF-100,B,202301,17,4710,5.0
E1,M06,100-0,ALL,SF-100,B,202302,18,4840,5.0
E1,M06,100-0,ALL,SF-100,B,202303,19,4970,2.0
E1,M06,100-0,ALL,SF-100,B,202304,20,5100,5.0
E1,M06,100-0,ALL,SF-100,B,202305,21,5230,2.0
E1,M06,100-0,ALL,SF-100,B,202306,22,5360,4.0
E1,M06,100-0,ALL,SF-100,B,202307,23,5490,5.0
E1,M06,100-0,ALL,SF-100,B,202308,24,5620,8.0
E1,M06,100-0,ALL,SF-100,B,202309,25,5750,8.0
E1,M06,100-0,ALL,SF-100,B,202310,26,5880,3.0
E1,M06,100-0,ALL,SF-100,B,202311,27,6010,4.0
E1,M06,100-0,ALL,SF-100,B,202312,28,6140,5.0
E1,M06,100-0,ALL,SF-100,B,202401,29,6270,12.0
E1,M06,100-0,ALL,SF-100,B,202402,30,6400,6.0
E1,M06,100-0,ALL,SF-100,B,202403,31,6530,7.0
E1,M06,100-0,ALL,SF-100,B,202404,32,6660,11.0
E1,M06,100-0,ALL,SF-100,B,202405,33,6790,7.0
E1,M06,100-0,ALL,SF-100,B,202406,34,6920,7.0
E1,M06,100-0,ALL,SF-100,B,202407,35,7050,10.0
E1,M06,100-0,ALL,SF-100,B,202408,36,7180,7.0
E1,M06,100-0,ALL,SF-100,B,202409,37,7310,13.0
E1,M06,100-0,ALL,SF-100,B,202410,38,7440,9.0
E1,M06,100-0,ALL,SF-100,B,202411,39,7570,5.0
E1,M06,100-0,ALL,SF-100,B,202412,40,7700,5.0
E1,M06,100-0,B,SF-100,B,202108,0,600,3.0
E1,M06,100-0,B,SF-100,B,202110,2,662,1.0
E1,M06,100-0,B,SF-100,B,202111,3,694,0.0
E1,M06,100-0,B,SF-100,B,202112,4,725,0.0
E1,M06,100-0,B,SF-100,B,202201,5,756,1.0
E1,M06,100-0,B,SF-100,B,202202,6,787,1.0
E1,M06,100-0,B,SF-100,B,202203,7,818,0.0
E1,M06,100-0,B,SF-100,B,202204,8,850,2.0
E1,M06,100-0,B,SF-100,B,202205,9,881,0.0
E1,M06,100-0,B,SF-100,B,202206,10,912,2.0
E1,M06,100-0,B,SF-100,B,202207,11,943,1.0
E1,M06,100-0,B,SF-100,B,202208,12,974,1.0
E1,M06,100-0,B,SF-100,B,202209,13,1006,3.0
E1,M06,100-0,B,SF-100,B,202210,14,1037,1.0
E1,M06,100-0,B,SF-100,B,202211,15,1068,0.0
E1,M06,100-0,B,SF-100,B,202212,16,1099,1.0
E1,M06,100-0,B,SF-100,B,202301,17,1130,0.0
E1,M06,100-0,B,SF-100,B,202302,18,1162,2.0
E1,M06,100-0,B,SF-100,B,202303,19,1193,1.0
E1,M06,100-0,B,SF-100,B,202304,20,1224,0.0
E1,M06,100-0,B,SF-100,B,202305,21,1255,2.0
E1,M06,100-0,B,SF-100,B,202306,22,1286,0.0
E1,M06,100-0,B,SF-100,B,202307,23,1318,2.0
E1,M06,100-0,B,SF-100,B,202308,24,1349,0.0
E1,M06,100-0,B,SF-100,B,202309,25,1380,3.0
E1,M06,100-0,B,SF-100,B,202310,26,1411,0.0
E1,M06,100-0,B,SF-100,B,202311,27,1442,2.0
E1,M06,100-0,B,SF-100,B,202312,28,1474,1.0
E1,M06,100-0,B,SF-100,B,202401,29,1505,2.0
E1,M06,100-0,B,SF-100,B,202402,30,1536,1.0
E1,M06,100-0,B,SF-100,B,202403,31,1567,4.0
E1,M06,100-0,B,SF-100,B,202404,32,1598,1.0
E1,M06,100-0,B,SF-100,B,202405,33,1630,0.0
E1,M06,100-0,B,SF-100,B,202406,34,1661,2.0
E1,M06,100-0,B,SF-100,B,202407,35,1692,3.0
E1,M06,100-0,B,SF-100,B,202408,36,1723,1.0
E1,M06,100-0,B,SF-100,B,202409,37,1754,3.0
E1,M06,100-0,B,SF-100,B,202410,38,1786,2.0
E1,M06,100-0,B,SF-100,B,202411,39,1817,1.0
E1,M06,100-0,B,SF-100,B,202412,40,1848,1.0
E1,M06,100-0,C,SF-100,B,202110,2,552,0.0
E1,M06,100-0,C,SF-100,B,202111,3,578,2.0
E1,M06,100-0,C,SF-100,B,202112,4,604,0.0
E1,M06,100-0,C,SF-100,B,202201,5,630,1.0
E1,M06,100-0,C,SF-100,B,202202,6,656,0.0
E1,M06,100-0,C,SF-100,B,202203,7,682,2.0
E1,M06,100-0,C,SF-100,B,202204,8,708,1.0
E1,M06,100-0,C,SF-100,B,202205,9,734,1.0
E1,M06,100-0,C,SF-100,B,202206,10,760,0.0
E1,M06,100-0,C,SF-100,B,202207,11,786,2.0
E1,M06,100-0,C,SF-100,B,202208,12,812,2.0
E1,M06,100-0,C,SF-100,B,202209,13,838,3.0
E1,M06,100-0,C,SF-100,B,202210,14,864,2.0
E1,M06,100-0,C,SF-100,B,202211,15,890,2.0
E1,M06,100-0,C,SF-100,B,202212,16,916,2.0
E1,M06,100-0,C,SF-100,B,202301,17,942,1.0
E1,M06,100-0,C,SF-100,B,202302,18,968,1.0
E1,M06,100-0,C,SF-100,B,202303,19,994,1.0
E1,M06,100-0,C,SF-100,B,202304,20,1020,2.0
E1,M06,100-0,C,SF-100,B,202305,21,1046,0.0
E1,M06,100-0,C,SF-100,B,202306,22,1072,1.0
E1,M06,100-0,C,SF-100,B,202307,23,1098,1.0
E1,M06,100-0,C,SF-100,B,202308,24,1124,3.0
E1,M06,100-0,C,SF-100,B,202309,25,1150,2.0
E1,M06,100-0,C,SF-100,B,202310,26,1176,1.0
E1,M06,100-0,C,SF-100,B,202311,27,1202,0.0
E1,M06,100-0,C,SF-100,B,202312,28,1228,2.0
E1,M06,100-0,C,SF-100,B,202401,29,1254,1.0
E1,M06,100-0,C,SF-100,B,202402,30,1280,2.0
E1,M06,100-0,C,SF-100,B,202403,31,1306,1.0
E1,M06,100-0,C,SF-100,B,202404,32,1332,4.0
E1,M06,100-0,C,SF-100,B,202405,33,1358,2.0
E1,M06,100-0,C,SF-100,B,202406,34,1384,2.0
E1,M06,100-0,C,SF-100,B,202407,35,1410,2.0
E1,M06,100-0,C,SF-100,B,202408,36,1436,0.0
E1,M06,100-0,C,SF-100,B,202409,37,1462,1.0
E1,M06,100-0,C,SF-100,B,202410,38,1488,2.0
E1,M06,100-0,C,SF-100,B,202411,39,1514,1.0
E1,M06,100-0,D,SF-100,B,202108,0,375,1.0
E1,M06,100-0,D,SF-100,B,202109,1,394,1.0
E1,M06,100-0,D,SF-100,B,202110,2,414,0.0
E1,M06,100-0,D,SF-100,B,202111,3,434,0.0
E1,M06,100-0,D,SF-100,B,202112,4,453,0.0
E1,M06,100-0,D,SF-100,B,202201,5,472,0.0
E1,M06,100-0,D,SF-100,B,202202,6,492,0.0
E1,M06,100-0,D,SF-100,B,202203,7,512,0.0
E1,M06,100-0,D,SF-100,B,202204,8,531,0.0
E1,M06,100-0,D,SF-100,B,202205,9,550,0.0
E1,M06,100-0,D,SF-100,B,202206,10,570,2.0
E1,M06,100-0,D,SF-100,B,202207,11,590,0.0
E1,M06,100-0,D,SF-100,B,202208,12,609,0.0
E1,M06,100-0,D,SF-100,B,202209,13,628,0.0
E1,M06,100-0,D,SF-100,B,202210,14,648,0.0
E1,M06,100-0,D,SF-100,B,202211,15,668,1.0
E1,M06,100-0,D,SF-100,B,202212,16,687,1.0
E1,M06,100-0,D,SF-100,B,202301,17,706,0.0
E1,M06,100-0,D,SF-100,B,202302,18,726,0.0
E1,M06,100-0,D,SF-100,B,202303,19,746,0.0
E1,M06,100-0,D,SF-100,B,202304,20,765,0.0
E1,M06,100-0,D,SF-100,B,202305,21,784,0.0
E1,M06,100-0,D,SF-100,B,202306,22,804,1.0
E1,M06,100-0,D,SF-100,B,202307,23,824,1.0
E1,M06,100-0,D,SF-100,B,202308,24,843,2.0
E1,M06,100-0,D,SF-100,B,202309,25,862,0.0
E1,M06,100-0,D,SF-100,B,202310,26,882,1.0
E1,M06,100-0,D,SF-100,B,202311,27,902,0.0
E1,M06,100-0,D,SF-100,B,202312,28,921,0.0
E1,M06,100-0,D,SF-100,B,202401,29,940,2.0
E1,M06,100-0,D,SF-100,B,202402,30,960,2.0
E1,M06,100-0,D,SF-100,B,202403,31,980,0.0
E1,M06,100-0,D,SF-100,B,202404,32,999,2.0
E1,M06,100-0,D,SF-100,B,202405,33,1018,3.0
E1,M06,100-0,D,SF-100,B,202406,34,1038,1.0
E1,M06,100-0,D,SF-100,B,202407,35,1058,2.0
E1,M06,100-0,D,SF-100,B,202408,36,1077,0.0
E1,M06,100-0,D,SF-100,B,202409,37,1096,4.0
E1,M06,100-0,D,SF-100,B,202410,38,1116,1.0
E1,M06,100-0,E,SF-100,B,202204,8,248,1.0
E1,M06,100-0,E,SF-100,B,202205,9,257,0.0
E1,M06,100-0,E,SF-100,B,202206,10,266,0.0
E1,M06,100-0,E,SF-100,B,202207,11,275,0.0
E1,M06,100-0,E,SF-100,B,202208,12,284,0.0
E1,M06,100-0,E,SF-100,B,202209,13,293,0.0
E1,M06,100-0,E,SF-100,B,202210,14,302,1.0
E1,M06,100-0,E,SF-100,B,202211,15,312,0.0
E1,M06,100-0,E,SF-100,B,202212,16,321,0.0
E1,M06,100-0,E,SF-100,B,202301,17,330,1.0
E1,M06,100-0,E,SF-100,B,202302,18,339,1.0
E1,M06,100-0,E,SF-100,B,202303,19,348,0.0
E1,M06,100-0,E,SF-100,B,202304,20,357,0.0
E1,M06,100-0,E,SF-100,B,202305,21,366,0.0
E1,M06,100-0,E,SF-100,B,202306,22,375,1.0
E1,M06,100-0,E,SF-100,B,202307,23,384,0.0
E1,M06,100-0,E,SF-100,B,202308,24,393,1.0
E1,M06,100-0,E,SF-100,B,202309,25,403,1.0
E1,M06,100-0,E,SF-100,B,202310,26,412,0.0
E1,M06,100-0,E,SF-100,B,202311,27,421,1.0
E1,M06,100-0,E,SF-100,B,202312,28,430,0.0
E1,M06,100-0,E,SF-100,B,202401,29,439,0.0
E1,M06,100-0,E,SF-100,B,202402,30,448,0.0
E1,M06,100-0,E,SF-100,B,202403,31,457,0.0
E1,M06,100-0,E,SF-100,B,202404,32,466,0.0
E1,M06,100-0,E,SF-100,B,202405,33,475,0.0
E1,M06,100-0,E,SF-100,B,202406,34,484,0.0
E1,M06,100-0,E,SF-100,B,202407,35,494,0.0
E1,M06,100-0,E,SF-100,B,202408,36,503,3.0
E1,M06,100-0,E,SF-100,B,202409,37,512,0.0
E1,M06,100-0,E,SF-100,B,202410,38,521,2.0
E1,M06,100-0,E,SF-100,B,202411,39,530,1.0
E1,M06,100-0,E,SF-100,B,202412,40,539,1.0
E1,M06,101-0,A,SF-101,B,202110,2,938,1.0
E1,M06,101-0,A,SF-101,B,202111,3,983,2.0
E1,M06,101-0,A,SF-101,B,202112,4,1027,1.0
E1,M06,101-0,A,SF-101,B,202201,5,1071,0.0
E1,M06,101-0,A,SF-101,B,202202,6,1115,0.0
E1,M06,101-0,A,SF-101,B,202203,7,1159,0.0
E1,M06,101-0,A,SF-101,B,202204,8,1204,0.0
E1,M06,101-0,A,SF-101,B,202205,9,1248,1.0
E1,M06,101-0,A,SF-101,B,202206,10,1292,1.0
E1,M06,101-0,A,SF-101,B,202207,11,1336,1.0
E1,M06,101-0,A,SF-101,B,202208,12,1380,2.0
E1,M06,101-0,A,SF-101,B,202209,13,1425,1.0
E1,M06,101-0,A,SF-101,B,202210,14,1469,1.0
E1,M06,101-0,A,SF-101,B,202211,15,1513,1.0
E1,M06,101-0,A,SF-101,B,202212,16,1557,3.0
E1,M06,101-0,A,SF-101,B,202301,17,1601,1.0
E1,M06,101-0,A,SF-101,B,202302,18,1646,0.0
E1,M06,101-0,A,SF-101,B,202303,19,1690,3.0
E1,M06,101-0,A,SF-101,B,202304,20,1734,1.0
E1,M06,101-0,A,SF-101,B,202305,21,1778,3.0
E1,M06,101-0,A,SF-101,B,202306,22,1822,0.0
E1,M06,101-0,A,SF-101,B,202307,23,1867,2.0
E1,M06,101-0,A,SF-101,B,202308,24,1911,1.0
E1,M06,101-0,A,SF-101,B,202309,25,1955,2.0
E1,M06,101-0,A,SF-101,B,202310,26,1999,2.0
E1,M06,101-0,A,SF-101,B,202311,27,2043,1.0
E1,M06,101-0,A,SF-101,B,202312,28,2088,4.0
E1,M06,101-0,A,SF-101,B,202401,29,2132,1.0
E1,M06,101-0,A,SF-101,B,202402,30,2176,1.0
E1,M06,101-0,A,SF-101,B,202403,31,2220,4.0
E1,M06,101-0,A,SF-101,B,202404,32,2264,3.0
E1,M06,101-0,A,SF-101,B,202405,33,2309,2.0
E1,M06,101-0,A,SF-101,B,202406,34,2353,5.0
E1,M06,101-0,A,SF-101,B,202407,35,2397,1.0
E1,M06,101-0,A,SF-101,B,202408,36,2441,3.0
E1,M06,101-0,A,SF-101,B,202409,37,2485,1.0
E1,M06,101-0,A,SF-101,B,202410,38,2530,0.0
E1,M06,101-0,A,SF-101,B,202411,39,2574,2.0
E1,M06,101-0,A,SF-101,B,202412,40,2618,1.0
E1,M06,101-0,ALL,SF-101,B,202108,0,2500,2.0
E1,M06,101-0,ALL,SF-101,B,202109,1,2630,1.0
E1,M06,101-0,ALL,SF-101,B,202110,2,2760,4.0
E1,M06,101-0,ALL,SF-101,B,202111,3,2890,3.0
E1,M06,101-0,ALL,SF-101,B,202112,4,3020,6.0
E1,M06,101-0,ALL,SF-101,B,202201,5,3150,0.0
E1,M06,101-0,ALL,SF-101,B,202202,6,3280,2.0
E1,M06,101-0,ALL,SF-101,B,202203,7,3410,3.0
E1,M06,101-0,ALL,SF-101,B,202204,8,3540,2.0
E1,M06,101-0,ALL,SF-101,B,202205,9,3670,2.0
E1,M06,101-0,ALL,SF-101,B,202206,10,3800,4.0
E1,M06,101-0,ALL,SF-101,B,202207,11,3930,4.0
E1,M06,101-0,ALL,SF-101,B,202208,12,4060,3.0
E1,M06,101-0,ALL,SF-101,B,202209,13,4190,3.0
E1,M06,101-0,ALL,SF-101,B,202210,14,4320,3.0
E1,M06,101-0,ALL,SF-101,B,202211,15,4450,3.0
E1,M06,101-0,ALL,SF-101,B,202212,16,4580,7.0
E1,M06,101-0,ALL,SF-101,B,202301,17,4710,5.0
E1,M06,101-0,ALL,SF-101,B,202302,18,4840,3.0
E1,M06,101-0,ALL,SF-101,B,202303,19,4970,3.0
E1,M06,101-0,ALL,SF-101,B,202304,20,5100,3.0
E1,M06,101-0,ALL,SF-101,B,202305,21,5230,6.0
E1,M06,101-0,ALL,SF-101,B,202306,22,5360,4.0
E1,M06,101-0,ALL,SF-101,B,202307,23,5490,7.0
E1,M06,101-0,ALL,SF-101,B,202308,24,5620,2.0
E1,M06,101-0,ALL,SF-101,B,202309,25,5750,6.0
E1,M06,101-0,ALL,SF-101,B,202310,26,5880,7.0
E1,M06,101-0,ALL,SF-101,B,202311,27,6010,3.0
E1,M06,101-0,ALL,SF-101,B,202312,28,6140,5.0
E1,M06,101-0,ALL,SF-101,B,202401,29,6270,3.0
E1,M06,101-0,ALL,SF-101,B,202402,30,6400,6.0
E1,M06,101-0,ALL,SF-101,B,202403,31,6530,10.0
E1,M06,101-0,ALL,SF-101,B,202404,32,6660,7.0
E1,M06,101-0,ALL,SF-101,B,202405,33,6790,4.0
E1,M06,101-0,ALL,SF-101,B,202406,34,6920,15.0
E1,M06,101-0,ALL,SF-101,B,202407,35,7050,2.0
E1,M06,101-0,ALL,SF-101,B,202408,36,7180,5.0
E1,M06,101-0,ALL,SF-101,B,202409,37,7310,6.0
E1,M06,101-0,ALL,SF-101,B,202410,38,7440,5.0
E1,M06,101-0,ALL,SF-101,B,202411,39,7570,3.0
E1,M06,101-0,ALL,SF-101,B,202412,40,7700,2.0
E1,M06,101-0,B,SF-101,B,202108,0,600,1.0
E1,M06,101-0,B,SF-101,B,202109,1,631,1.0
E1,M06,101-0,B,SF-101,B,202110,2,662,2.0
E1,M06,101-0,B,SF-101,B,202111,3,694,0.0
E1,M06,101-0,B,SF-101,B,202112,4,725,2.0
E1,M06,101-0,B,SF-101,B,202201,5,756,0.0
E1,M06,101-0,B,SF-101,B,202202,6,787,1.0
E1,M06,101-0,B,SF-101,B,202203,7,818,0.0
E1,M06,101-0,B,SF-101,B,202204,8,850,0.0
E1,M06,101-0,B,SF-101,B,202205,9,881,0.0
E1,M06,101-0,B,SF-101,B,202206,10,912,2.0
E1,M06,101-0,B,SF-101,B,202207,11,943,1.0
E1,M06,101-0,B,SF-101,B,202208,12,974,0.0
E1,M06,101-0,B,SF-101,B,202209,13,1006,0.0
E1,M06,101-0,B,SF-101,B,202210,14,1037,0.0
E1,M06,101-0,B,SF-101,B,202211,15,1068,1.0
E1,M06,101-0,B,SF-101,B,202212,16,1099,1.0
E1,M06,101-0,B,SF-101,B,202301,17,1130,1.0
E1,M06,101-0,B,SF-101,B,202302,18,1162,2.0
E1,M06,101-0,B,SF-101,B,202303,19,1193,0.0
E1,M06,101-0,B,SF-101,B,202304,20,1224,0.0
E1,M06,101-0,B,SF-101,B,202305,21,1255,1.0
E1,M06,101-0,B,SF-101,B,202306,22,1286,0.0
E1,M06,101-0,B,SF-101,B,202307,23,1318,2.0
E1,M06,101-0,B,SF-101,B,202308,24,1349,1.0
E1,M06,101-0,B,SF-101,B,202309,25,1380,2.0
E1,M06,101-0,B,SF-101,B,202310,26,1411,0.0
E1,M06,101-0,B,SF-101,B,202311,27,1442,0.0
E1,M06,101-0,B,SF-101,B,202312,28,1474,1.0
E1,M06,101-0,B,SF-101,B,202401,29,1505,0.0
E1,M06,101-0,B,SF-101,B,202402,30,1536,1.0
E1,M06,101-0,B,SF-101,B,202403,31,1567,2.0
E1,M06,101-0,B,SF-101,B,202404,32,1598,1.0
E1,M06,101-0,B,SF-101,B,202405,33,1630,0.0
E1,M06,101-0,B,SF-101,B,202406,34,1661,1.0
E1,M06,101-0,B,SF-101,B,202407,35,1692,0.0
E1,M06,101-0,B,SF-101,B,202408,36,1723,1.0
E1,M06,101-0,B,SF-101,B,202409,37,1754,2.0
E1,M06,101-0,B,SF-101,B,202410,38,1786,1.0
E1,M06,101-0,B,SF-101,B,202411,39,1817,0.0
E1,M06,101-0,B,SF-101,B,202412,40,1848,1.0
E1,M06,101-0,C,SF-101,B,202110,2,552,0.0
E1,M06,101-0,C,SF-101,B,202111,3,578,0.0
E1,M06,101-0,C,SF-101,B,202112,4,604,3.0
E1,M06,101-0,C,SF-101,B,202201,5,630,0.0
E1,M06,101-0,C,SF-101,B,202202,6,656,1.0
E1,M06,101-0,C,SF-101,B,202203,7,682,1.0
E1,M06,101-0,C,SF-101,B,202204,8,708,1.0
E1,M06,101-0,C,SF-101,B,202205,9,734,0.0
E1,M06,101-0,C,SF-101,B,202206,10,760,1.0
E1,M06,101-0,C,SF-101,B,202207,11,786,1.0
E1,M06,101-0,C,SF-101,B,202208,12,812,0.0
E1,M06,101-0,C,SF-101,B,202209,13,838,0.0
E1,M06,101-0,C,SF-101,B,202210,14,864,1.0
E1,M06,101-0,C,SF-101,B,202211,15,890,0.0
E1,M06,101-0,C,SF-101,B,202212,16,916,3.0
E1,M06,101-0,C,SF-101,B,202301,17,942,3.0
E1,M06,101-0,C,SF-101,B,202302,18,968,0.0
E1,M06,101-0,C,SF-101,B,202303,19,994,0.0
E1,M06,101-0,C,SF-101,B,202304,20,1020,0.0
E1,M06,101-0,C,SF-101,B,202305,21,1046,1.0
E1,M06,101-0,C,SF-101,B,202306,22,1072,1.0
E1,M06,101-0,C,SF-101,B,202307,23,1098,1.0
E1,M06,101-0,C,SF-101,B,202308,24,1124,0.0
E1,M06,101-0,C,SF-101,B,202309,25,1150,1.0
E1,M06,101-0,C,SF-101,B,202310,26,1176,3.0
E1,M06,101-0,C,SF-101,B,202311,27,1202,0.0
E1,M06,101-0,C,SF-101,B,202312,28,1228,0.0
E1,M06,101-0,C,SF-101,B,202401,29,1254,1.0
E1,M06,101-0,C,SF-101,B,202402,30,1280,1.0
E1,M06,101-0,C,SF-101,B,202403,31,1306,3.0
E1,M06,101-0,C,SF-101,B,202404,32,1332,0.0
E1,M06,101-0,C,SF-101,B,202405,33,1358,1.0
E1,M06,101-0,C,SF-101,B,202406,34,1384,5.0
E1,M06,101-0,C,SF-101,B,202407,35,1410,1.0
E1,M06,101-0,C,SF-101,B,202408,36,1436,0.0
E1,M06,101-0,C,SF-101,B,202409,37,1462,1.0
E1,M06,101-0,C,SF-101,B,202410,38,1488,3.0
E1,M06,101-0,C,SF-101,B,202411,39,1514,0.0
E1,M06,101-0,D,SF-101,B,202108,0,375,1.0
E1,M06,101-0,D,SF-101,B,202110,2,414,1.0
E1,M06,101-0,D,SF-101,B,202111,3,434,1.0
E1,M06,101-0,D,SF-101,B,202112,4,453,0.0
E1,M06,101-0,D,SF-101,B,202201,5,472,0.0
E1,M06,101-0,D,SF-101,B,202202,6,492,0.0
E1,M06,101-0,D,SF-101,B,202203,7,512,2.0
E1,M06,101-0,D,SF-101,B,202204,8,531,1.0
E1,M06,101-0,D,SF-101,B,202205,9,550,0.0
E1,M06,101-0,D,SF-101,B,202206,10,570,0.0
E1,M06,101-0,D,SF-101,B,202207,11,590,1.0
E1,M06,101-0,D,SF-101,B,202208,12,609,0.0
E1,M06,101-0,D,SF-101,B,202209,13,628,1.0
E1,M06,101-0,D,SF-101,B,202210,14,648,1.0
E1,M06,101-0,D,SF-101,B,202211,15,668,1.0
E1,M06,101-0,D,SF-101,B,202212,16,687,0.0
E1,M06,101-0,D,SF-101,B,202301,17,706,0.0
E1,M06,101-0,D,SF-101,B,202302,18,726,1.0
E1,M06,101-0,D,SF-101,B,202303,19,746,0.0
E1,M06,101-0,D,SF-101,B,202304,20,765,2.0
E1,M06,101-0,D,SF-101,B,202305,21,784,1.0
E1,M06,101-0,D,SF-101,B,202306,22,804,2.0
E1,M06,101-0,D,SF-101,B,202307,23,824,2.0
E1,M06,101-0,D,SF-101,B,202308,24,843,0.0
E1,M06,101-0,D,SF-101,B,202309,25,862,0.0
E1,M06,101-0,D,SF-101,B,202310,26,882,1.0
E1,M06,101-0,D,SF-101,B,202311,27,902,2.0
E1,M06,101-0,D,SF-101,B,202312,28,921,0.0
E1,M06,101-0,D,SF-101,B,202401,29,940,1.0
E1,M06,101-0,D,SF-101,B,202402,30,960,2.0
E1,M06,101-0,D,SF-101,B,202403,31,980,0.0
E1,M06,101-0,D,SF-101,B,202404,32,999,1.0
E1,M06,101-0,D,SF-101,B,202405,33,1018,1.0
E1,M06,101-0,D,SF-101,B,202406,34,1038,4.0
E1,M06,101-0,D,SF-101,B,202407,35,1058,0.0
E1,M06,101-0,D,SF-101,B,202408,36,1077,1.0
E1,M06,101-0,D,SF-101,B,202409,37,1096,2.0
E1,M06,101-0,D,SF-101,B,202410,38,1116,0.0
E1,M06,101-0,E,SF-101,B,202204,8,248,0.0
E1,M06,101-0,E,SF-101,B,202205,9,257,1.0
E1,M06,101-0,E,SF-101,B,202206,10,266,0.0
E1,M06,101-0,E,SF-101,B,202207,11,275,0.0
E1,M06,101-0,E,SF-101,B,202208,12,284,1.0
E1,M06,101-0,E,SF-101,B,202209,13,293,1.0
E1,M06,101-0,E,SF-101,B,202210,14,302,0.0
E1,M06,101-0,E,SF-101,B,202211,15,312,0.0
E1,M06,101-0,E,SF-101,B,202212,16,321,0.0
E1,M06,101-0,E,SF-101,B,202301,17,330,0.0
E1,M06,101-0,E,SF-101,B,202302,18,339,0.0
E1,M06,101-0,E,SF-101,B,202303,19,348,0.0
E1,M06,101-0,E,SF-101,B,202304,20,357,0.0
E1,M06,101-0,E,SF-101,B,202305,21,366,0.0
E1,M06,101-0,E,SF-101,B,202306,22,375,1.0
E1,M06,101-0,E,SF-101,B,202307,23,384,0.0
E1,M06,101-0,E,SF-101,B,202308,24,393,0.0
E1,M06,101-0,E,SF-101,B,202309,25,403,1.0
E1,M06,101-0,E,SF-101,B,202310,26,412,1.0
E1,M06,101-0,E,SF-101,B,202311,27,421,0.0
E1,M06,101-0,E,SF-101,B,202312,28,430,0.0
E1,M06,101-0,E,SF-101,B,202401,29,439,0.0
E1,M06,101-0,E,SF-101,B,202402,30,448,1.0
E1,M06,101-0,E,SF-101,B,202403,31,457,1.0
E1,M06,101-0,E,SF-101,B,202404,32,466,2.0
E1,M06,101-0,E,SF-101,B,202405,33,475,0.0
E1,M06,101-0,E,SF-101,B,202406,34,484,0.0
E1,M06,101-0,E,SF-101,B,202407,35,494,0.0
E1,M06,101-0,E,SF-101,B,202408,36,503,0.0
E1,M06,101-0,E,SF-101,B,202409,37,512,0.0
E1,M06,101-0,E,SF-101,B,202410,38,521,1.0
E1,M06,101-0,E,SF-101,B,202411,39,530,1.0
E1,M06,101-0,E,SF-101,B,202412,40,539,0.0
E1,M06,102-0,A,SF-102,B,202108,0,850,2.0
E1,M06,102-0,A,SF-102,B,202109,1,894,3.0
E1,M06,102-0,A,SF-102,B,202110,2,938,1.0
E1,M06,102-0,A,SF-102,B,202111,3,983,2.0
E1,M06,102-0,A,SF-102,B,202112,4,1027,4.0
E1,M06,102-0,A,SF-102,B,202201,5,1071,3.0
E1,M06,102-0,A,SF-102,B,202202,6,1115,2.0
E1,M06,102-0,A,SF-102,B,202203,7,1159,2.0
E1,M06,102-0,A,SF-102,B,202204,8,1204,2.0
E1,M06,102-0,A,SF-102,B,202205,9,1248,0.0
E1,M06,102-0,A,SF-102,B,202206,10,1292,4.0
E1,M06,102-0,A,SF-102,B,202207,11,1336,5.0
E1,M06,102-0,A,SF-102,B,202208,12,1380,4.0
E1,M06,102-0,A,SF-102,B,202209,13,1425,5.0
E1,M06,102-0,A,SF-102,B,202210,14,1469,4.0
E1,M06,102-0,A,SF-102,B,202211,15,1513,4.0
E1,M06,102-0,A,SF-102,B,202212,16,1557,4.0
E1,M06,102-0,A,SF-102,B,202301,17,1601,8.0
E1,M06,102-0,A,SF-102,B,202302,18,1646,5.0
E1,M06,102-0,A,SF-102,B,202303,19,1690,3.0
E1,M06,102-0,A,SF-102,B,202304,20,1734,6.0
E1,M06,102-0,A,SF-102,B,202305,21,1778,6.0
E1,M06,102-0,A,SF-102,B,202306,22,1822,6.0
E1,M06,102-0,A,SF-102,B,202307,23,1867,11.0
E1,M06,102-0,A,SF-102,B,202308,24,1911,2.0
E1,M06,102-0,A,SF-102,B,202309,25,1955,2.0
E1,M06,102-0,A,SF-102,B,202310,26,1999,9.0
E1,M06,102-0,A,SF-102,B,202311,27,2043,3.0
E1,M06,102-0,A,SF-102,B,202312,28,2088,6.0
E1,M06,102-0,A,SF-102,B,202401,29,2132,7.0
E1,M06,102-0,A,SF-102,B,202402,30,2176,4.0
E1,M06,102-0,A,SF-102,B,202403,31,2220,12.0
E1,M06,102-0,A,SF-102,B,202404,32,2264,7.0
E1,M06,102-0,A,SF-102,B,202405,33,2309,5.0
E1,M06,102-0,A,SF-102,B,202406,34,2353,8.0
E1,M06,102-0,A,SF-102,B,202407,35,2397,3.0
E1,M06,102-0,A,SF-102,B,202408,36,2441,8.0
E1,M06,102-0,A,SF-102,B,202409,37,2485,9.0
E1,M06,102-0,A,SF-102,B,202410,38,2530,8.0
E1,M06,102-0,A,SF-102,B,202411,39,2574,7.0
E1,M06,102-0,A,SF-102,B,202412,40,2618,9.0
E1,M06,102-0,ALL,SF-102,B,202108,0,2500,5.0
E1,M06,102-0,ALL,SF-102,B,202109,1,2630,7.0
E1,M06,102-0,ALL,SF-102,B,202110,2,2760,9.0
E1,M06,102-0,ALL,SF-102,B,202111,3,2890,7.0
E1,M06,102-0,ALL,SF-102,B,202112,4,3020,14.0
E1,M06,102-0,ALL,SF-102,B,202201,5,3150,6.0
E1,M06,102-0,ALL,SF-102,B,202202,6,3280,8.0
E1,M06,102-0,ALL,SF-102,B,202203,7,3410,6.0
E1,M06,102-0,ALL,SF-102,B,202204,8,3540,7.0
E1,M06,102-0,ALL,SF-102,B,202205,9,3670,5.0
E1,M06,102-0,ALL,SF-102,B,202206,10,3800,8.0
E1,M06,102-0,ALL,SF-102,B,202207,11,3930,15.0
E1,M06,102-0,ALL,SF-102,B,202208,12,4060,9.0
E1,M06,102-0,ALL,SF-102,B,202209,13,4190,10.0
E1,M06,102-0,ALL,SF-102,B,202210,14,4320,16.0
E1,M06,102-0,ALL,SF-102,B,202211,15,4450,11.0
E1,M06,102-0,ALL,SF-102,B,202212,16,4580,9.0
E1,M06,102-0,ALL,SF-102,B,202301,17,4710,15.0
E1,M06,102-0,ALL,SF-102,B,202302,18,4840,14.0
E1,M06,102-0,ALL,SF-102,B,202303,19,4970,12.0
E1,M06,102-0,ALL,SF-102,B,202304,20,5100,14.0
E1,M06,102-0,ALL,SF-102,B,202305,21,5230,20.0
E1,M06,102-0,ALL,SF-102,B,202306,22,5360,21.0
E1,M06,102-0,ALL,SF-102,B,202307,23,5490,24.0
E1,M06,102-0,ALL,SF-102,B,202308,24,5620,14.0
E1,M06,102-0,ALL,SF-102,B,202309,25,5750,12.0
E1,M06,102-0,ALL,SF-102,B,202310,26,5880,20.0
E1,M06,102-0,ALL,SF-102,B,202311,27,6010,11.0
E1,M06,102-0,ALL,SF-102,B,202312,28,6140,10.0
E1,M06,102-0,ALL,SF-102,B,202401,29,6270,22.0
E1,M06,102-0,ALL,SF-102,B,202402,30,6400,15.0
E1,M06,102-0,ALL,SF-102,B,202403,31,6530,26.0
E1,M06,102-0,ALL,SF-102,B,202404,32,6660,18.0
E1,M06,102-0,ALL,SF-102,B,202405,33,6790,16.0
E1,M06,102-0,ALL,SF-102,B,202406,34,6920,22.0
E1,M06,102-0,ALL,SF-102,B,202407,35,7050,15.0
E1,M06,102-0,ALL,SF-102,B,202408,36,7180,17.0
E1,M06,102-0,ALL,SF-102,B,202409,37,7310,23.0
E1,M06,102-0,ALL,SF-102,B,202410,38,7440,20.0
E1,M06,102-0,ALL,SF-102,B,202411,39,7570,13.0
E1,M06,102-0,ALL,SF-102,B,202412,40,7700,14.0
E1,M06,102-0,B,SF-102,B,202109,1,631,2.0
E1,M06,102-0,B,SF-102,B,202110,2,662,4.0
E1,M06,102-0,B,SF-102,B,202111,3,694,1.0
E1,M06,102-0,B,SF-102,B,202112,4,725,3.0
E1,M06,102-0,B,SF-102,B,202201,5,756,2.0
E1,M06,102-0,B,SF-102,B,202202,6,787,5.0
E1,M06,102-0,B,SF-102,B,202203,7,818,3.0
E1,M06,102-0,B,SF-102,B,202204,8,850,3.0
E1,M06,102-0,B,SF-102,B,202205,9,881,2.0
E1,M06,102-0,B,SF-102,B,202206,10,912,1.0
E1,M06,102-0,B,SF-102,B,202207,11,943,3.0
E1,M06,102-0,B,SF-102,B,202208,12,974,1.0
E1,M06,102-0,B,SF-102,B,202209,13,1006,1.0
E1,M06,102-0,B,SF-102,B,202210,14,1037,4.0
E1,M06,102-0,B,SF-102,B,202211,15,1068,5.0
E1,M06,102-0,B,SF-102,B,202212,16,1099,1.0
E1,M06,102-0,B,SF-102,B,202301,17,1130,4.0
E1,M06,102-0,B,SF-102,B,202302,18,1162,3.0
E1,M06,102-0,B,SF-102,B,202303,19,1193,2.0
E1,M06,102-0,B,SF-102,B,202304,20,1224,2.0
E1,M06,102-0,B,SF-102,B,202305,21,1255,6.0
E1,M06,102-0,B,SF-102,B,202306,22,1286,6.0
E1,M06,102-0,B,SF-102,B,202307,23,1318,3.0
E1,M06,102-0,B,SF-102,B,202308,24,1349,2.0
E1,M06,102-0,B,SF-102,B,202309,25,1380,4.0
E1,M06,102-0,B,SF-102,B,202310,26,1411,4.0
E1,M06,102-0,B,SF-102,B,202311,27,1442,3.0
E1,M06,102-0,B,SF-102,B,202312,28,1474,1.0
E1,M06,102-0,B,SF-102,B,202401,29,1505,6.0
E1,M06,102-0,B,SF-102,B,202402,30,1536,6.0
E1,M06,102-0,B,SF-102,B,202403,31,1567,7.0
E1,M06,102-0,B,SF-102,B,202404,32,1598,5.0
E1,M06,102-0,B,SF-102,B,202405,33,1630,5.0
E1,M06,102-0,B,SF-102,B,202406,34,1661,6.0
E1,M06,102-0,B,SF-102,B,202407,35,1692,1.0
E1,M06,102-0,B,SF-102,B,202408,36,1723,3.0
E1,M06,102-0,B,SF-102,B,202409,37,1754,6.0
E1,M06,102-0,B,SF-102,B,202410,38,1786,4.0
E1,M06,102-0,B,SF-102,B,202411,39,1817,4.0
E1,M06,102-0,B,SF-102,B,202412,40,1848,4.0
E1,M06,102-0,C,SF-102,B,202108,0,500,2.0
E1,M06,102-0,C,SF-102,B,202109,1,526,2.0
E1,M06,102-0,C,SF-102,B,202110,2,552,3.0
E1,M06,102-0,C,SF-102,B,202111,3,578,1.0
E1,M06,102-0,C,SF-102,B,202112,4,604,5.0
E1,M06,102-0,C,SF-102,B,202201,5,630,0.0
E1,M06,102-0,C,SF-102,B,202202,6,656,1.0
E1,M06,102-0,C,SF-102,B,202203,7,682,0.0
E1,M06,102-0,C,SF-102,B,202204,8,708,1.0
E1,M06,102-0,C,SF-102,B,202205,9,734,1.0
E1,M06,102-0,C,SF-102,B,202206,10,760,1.0
E1,M06,102-0,C,SF-102,B,202207,11,786,1.0
E1,M06,102-0,C,SF-102,B,202208,12,812,0.0
E1,M06,102-0,C,SF-102,B,202209,13,838,3.0
E1,M06,102-0,C,SF-102,B,202210,14,864,4.0
E1,M06,102-0,C,SF-102,B,202211,15,890,1.0
E1,M06,102-0,C,SF-102,B,202212,16,916,2.0
E1,M06,102-0,C,SF-102,B,202301,17,942,3.0
E1,M06,102-0,C,SF-102,B,202302,18,968,4.0
E1,M06,102-0,C,SF-102,B,202303,19,994,2.0
E1,M06,102-0,C,SF-102,B,202304,20,1020,3.0
E1,M06,102-0,C,SF-102,B,202305,21,1046,5.0
E1,M06,102-0,C,SF-102,B,202306,22,1072,4.0
E1,M06,102-0,C,SF-102,B,202307,23,1098,7.0
E1,M06,102-0,C,SF-102,B,202308,24,1124,4.0
E1,M06,102-0,C,SF-102,B,202309,25,1150,3.0
E1,M06,102-0,C,SF-102,B,202310,26,1176,2.0
E1,M06,102-0,C,SF-102,B,202311,27,1202,2.0
E1,M06,102-0,C,SF-102,B,202312,28,1228,2.0
E1,M06,102-0,C,SF-102,B,202401,29,1254,6.0
E1,M06,102-0,C,SF-102,B,202402,30,1280,4.0
E1,M06,102-0,C,SF-102,B,202403,31,1306,5.0
E1,M06,102-0,C,SF-102,B,202404,32,1332,2.0
E1,M06,102-0,C,SF-102,B,202405,33,1358,2.0
E1,M06,102-0,C,SF-102,B,202406,34,1384,4.0
E1,M06,102-0,C,SF-102,B,202407,35,1410,3.0
E1,M06,102-0,C,SF-102,B,202408,36,1436,1.0
E1,M06,102-0,C,SF-102,B,202409,37,1462,3.0
E1,M06,102-0,C,SF-102,B,202410,38,1488,3.0
E1,M06,102-0,C,SF-102,B,202411,39,1514,1.0
E1,M06,102-0,D,SF-102,B,202108,0,375,1.0
E1,M06,102-0,D,SF-102,B,202110,2,414,1.0
E1,M06,102-0,D,SF-102,B,202111,3,434,3.0
E1,M06,102-0,D,SF-102,B,202112,4,453,2.0
E1,M06,102-0,D,SF-102,B,202201,5,472,1.0
E1,M06,102-0,D,SF-102,B,202202,6,492,0.0
E1,M06,102-0,D,SF-102,B,202203,7,512,1.0
E1,M06,102-0,D,SF-102,B,202204,8,531,1.0
E1,M06,102-0,D,SF-102,B,202205,9,550,2.0
E1,M06,102-0,D,SF-102,B,202206,10,570,2.0
E1,M06,102-0,D,SF-102,B,202207,11,590,3.0
E1,M06,102-0,D,SF-102,B,202208,12,609,4.0
E1,M06,102-0,D,SF-102,B,202209,13,628,1.0
E1,M06,102-0,D,SF-102,B,202210,14,648,3.0
E1,M06,102-0,D,SF-102,B,202211,15,668,0.0
E1,M06,102-0,D,SF-102,B,202212,16,687,0.0
E1,M06,102-0,D,SF-102,B,202301,17,706,0.0
E1,M06,102-0,D,SF-102,B,202302,18,726,2.0
E1,M06,102-0,D,SF-102,B,202303,19,746,4.0
E1,M06,102-0,D,SF-102,B,202304,20,765,2.0
E1,M06,102-0,D,SF-102,B,202305,21,784,3.0
E1,M06,102-0,D,SF-102,B,202306,22,804,1.0
E1,M06,102-0,D,SF-102,B,202307,23,824,3.0
E1,M06,102-0,D,SF-102,B,202308,24,843,4.0
E1,M06,102-0,D,SF-102,B,202309,25,862,2.0
E1,M06,102-0,D,SF-102,B,202310,26,882,4.0
E1,M06,102-0,D,SF-102,B,202311,27,902,3.0
E1,M06,102-0,D,SF-102,B,202312,28,921,1.0
E1,M06,102-0,D,SF-102,B,202401,29,940,2.0
E1,M06,102-0,D,SF-102,B,202402,30,960,1.0
E1,M06,102-0,D,SF-102,B,202403,31,980,1.0
E1,M06,102-0,D,SF-102,B,202404,32,999,2.0
E1,M06,102-0,D,SF-102,B,202405,33,1018,2.0
E1,M06,102-0,D,SF-102,B,202406,34,1038,4.0
E1,M06,102-0,D,SF-102,B,202407,35,1058,7.0
E1,M06,102-0,D,SF-102,B,202408,36,1077,5.0
E1,M06,102-0,D,SF-102,B,202409,37,1096,2.0
E1,M06,102-0,D,SF-102,B,202410,38,1116,2.0
E1,M06,102-0,E,SF-102,B,202204,8,248,0.0
E1,M06,102-0,E,SF-102,B,202205,9,257,0.0
E1,M06,102-0,E,SF-102,B,202206,10,266,0.0
E1,M06,102-0,E,SF-102,B,202207,11,275,3.0
E1,M06,102-0,E,SF-102,B,202208,12,284,0.0
E1,M06,102-0,E,SF-102,B,202209,13,293,0.0
E1,M06,102-0,E,SF-102,B,202210,14,302,1.0
E1,M06,102-0,E,SF-102,B,202211,15,312,1.0
E1,M06,102-0,E,SF-102,B,202212,16,321,2.0
E1,M06,102-0,E,SF-102,B,202301,17,330,0.0
E1,M06,102-0,E,SF-102,B,202302,18,339,0.0
E1,M06,102-0,E,SF-102,B,202303,19,348,1.0
E1,M06,102-0,E,SF-102,B,202304,20,357,1.0
E1,M06,102-0,E,SF-102,B,202305,21,366,0.0
E1,M06,102-0,E,SF-102,B,202306,22,375,4.0
E1,M06,102-0,E,SF-102,B,202307,23,384,0.0
E1,M06,102-0,E,SF-102,B,202308,24,393,2.0
E1,M06,102-0,E,SF-102,B,202309,25,403,1.0
E1,M06,102-0,E,SF-102,B,202310,26,412,1.0
E1,M06,102-0,E,SF-102,B,202311,27,421,0.0
E1,M06,102-0,E,SF-102,B,202312,28,430,0.0
E1,M06,102-0,E,SF-102,B,202401,29,439,1.0
E1,M06,102-0,E,SF-102,B,202402,30,448,0.0
E1,M06,102-0,E,SF-102,B,202403,31,457,1.0
E1,M06,102-0,E,SF-102,B,202404,32,466,2.0
E1,M06,102-0,E,SF-102,B,202405,33,475,2.0
E1,M06,102-0,E,SF-102,B,202406,34,484,0.0
E1,M06,102-0,E,SF-102,B,202407,35,494,1.0
E1,M06,102-0,E,SF-102,B,202408,36,503,0.0
E1,M06,102-0,E,SF-102,B,202409,37,512,3.0
E1,M06,102-0,E,SF-102,B,202410,38,521,3.0
E1,M06,102-0,E,SF-102,B,202411,39,530,1.0
E1,M06,102-0,E,SF-102,B,202412,40,539,1.0
E1,M06,103-0,A,SF-103,B,202109,1,894,1.0
E1,M06,103-0,A,SF-103,B,202110,2,938,2.0
E1,M06,103-0,A,SF-103,B,202111,3,983,1.0
E1,M06,103-0,A,SF-103,B,202112,4,1027,1.0
E1,M06,103-0,A,SF-103,B,202201,5,1071,0.0
E1,M06,103-0,A,SF-103,B,202202,6,1115,2.0
E1,M06,103-0,A,SF-103,B,202203,7,1159,1.0
E1,M06,103-0,A,SF-103,B,202204,8,1204,2.0
E1,M06,103-0,A,SF-103,B,202205,9,1248,1.0
E1,M06,103-0,A,SF-103,B,202206,10,1292,2.0
E1,M06,103-0,A,SF-103,B,202207,11,1336,2.0
E1,M06,103-0,A,SF-103,B,202208,12,1380,0.0
E1,M06,103-0,A,SF-103,B,202209,13,1425,3.0
E1,M06,103-0,A,SF-103,B,202210,14,1469,2.0
E1,M06,103-0,A,SF-103,B,202211,15,1513,0.0
E1,M06,103-0,A,SF-103,B,202212,16,1557,1.0
E1,M06,103-0,A,SF-103,B,202301,17,1601,1.0
E1,M06,103-0,A,SF-103,B,202302,18,1646,1.0
E1,M06,103-0,A,SF-103,B,202303,19,1690,3.0
E1,M06,103-0,A,SF-103,B,202304,20,1734,4.0
E1,M06,103-0,A,SF-103,B,202305,21,1778,0.0
E1,M06,103-0,A,SF-103,B,202306,22,1822,0.0
E1,M06,103-0,A,SF-103,B,202307,23,1867,1.0
E1,M06,103-0,A,SF-103,B,202308,24,1911,1.0
E1,M06,103-0,A,SF-103,B,202309,25,1955,3.0
E1,M06,103-0,A,SF-103,B,202310,26,1999,0.0
E1,M06,103-0,A,SF-103,B,202311,27,2043,1.0
E1,M06,103-0,A,SF-103,B,202312,28,2088,0.0
E1,M06,103-0,A,SF-103,B,202401,29,2132,1.0
E1,M06,103-0,A,SF-103,B,202402,30,2176,2.0
E1,M06,103-0,A,SF-103,B,202403,31,2220,3.0
E1,M06,103-0,A,SF-103,B,202404,32,2264,1.0
E1,M06,103-0,A,SF-103,B,202405,33,2309,2.0
E1,M06,103-0,A,SF-103,B,202406,34,2353,1.0
E1,M06,103-0,A,SF-103,B,202407,35,2397,2.0
E1,M06,103-0,A,SF-103,B,202408,36,2441,2.0
E1,M06,103-0,A,SF-103,B,202409,37,2485,1.0
E1,M06,103-0,A,SF-103,B,202410,38,2530,0.0
E1,M06,103-0,A,SF-103,B,202411,39,2574,2.0
E1,M06,103-0,A,SF-103,B,202412,40,2618,1.0
E1,M06,103-0,ALL,SF-103,B,202108,0,2500,1.0
E1,M06,103-0,ALL,SF-103,B,202109,1,2630,5.0
E1,M06,103-0,ALL,SF-103,B,202110,2,2760,3.0
E1,M06,103-0,ALL,SF-103,B,202111,3,2890,1.0
E1,M06,103-0,ALL,SF-103,B,202112,4,3020,2.0
E1,M06,103-0,ALL,SF-103,B,202201,5,3150,3.0
E1,M06,103-0,ALL,SF-103,B,202202,6,3280,3.0
E1,M06,103-0,ALL,SF-103,B,202203,7,3410,4.0
E1,M06,103-0,ALL,SF-103,B,202204,8,3540,3.0
E1,M06,103-0,ALL,SF-103,B,202205,9,3670,1.0
E1,M06,103-0,ALL,SF-103,B,202206,10,3800,6.0
E1,M06,103-0,ALL,SF-103,B,202207,11,3930,2.0
E1,M06,103-0,ALL,SF-103,B,202208,12,4060,3.0
E1,M06,103-0,ALL,SF-103,B,202209,13,4190,5.0
E1,M06,103-0,ALL,SF-103,B,202210,14,4320,4.0
E1,M06,103-0,ALL,SF-103,B,202211,15,4450,1.0
E1,M06,103-0,ALL,SF-103,B,202212,16,4580,4.0
E1,M06,103-0,ALL,SF-103,B,202301,17,4710,4.0
E1,M06,103-0,ALL,SF-103,B,202302,18,4840,2.0
E1,M06,103-0,ALL,SF-103,B,202303,19,4970,5.0
E1,M06,103-0,ALL,SF-103,B,202304,20,5100,6.0
E1,M06,103-0,ALL,SF-103,B,202305,21,5230,3.0
E1,M06,103-0,ALL,SF-103,B,202306,22,5360,2.0
E1,M06,103-0,ALL,SF-103,B,202307,23,5490,8.0
E1,M06,103-0,ALL,SF-103,B,202308,24,5620,1.0
E1,M06,103-0,ALL,SF-103,B,202309,25,5750,6.0
E1,M06,103-0,ALL,SF-103,B,202310,26,5880,4.0
E1,M06,103-0,ALL,SF-103,B,202311,27,6010,4.0
E1,M06,103-0,ALL,SF-103,B,202312,28,6140,1.0
E1,M06,103-0,ALL,SF-103,B,202401,29,6270,3.0
E1,M06,103-0,ALL,SF-103,B,202402,30,6400,4.0
E1,M06,103-0,ALL,SF-103,B,202403,31,6530,8.0
E1,M06,103-0,ALL,SF-103,B,202404,32,6660,2.0
E1,M06,103-0,ALL,SF-103,B,202405,33,6790,8.0
E1,M06,103-0,ALL,SF-103,B,202406,34,6920,5.0
E1,M06,103-0,ALL,SF-103,B,202407,35,7050,5.0
E1,M06,103-0,ALL,SF-103,B,202408,36,7180,8.0
E1,M06,103-0,ALL,SF-103,B,202409,37,7310,3.0
E1,M06,103-0,ALL,SF-103,B,202410,38,7440,4.0
E1,M06,103-0,ALL,SF-103,B,202411,39,7570,4.0
E1,M06,103-0,ALL,SF-103,B,202412,40,7700,2.0
E1,M06,103-0,B,SF-103,B,202109,1,631,1.0
E1,M06,103-0,B,SF-103,B,202110,2,662,0.0
E1,M06,103-0,B,SF-103,B,202111,3,694,0.0
E1,M06,103-0,B,SF-103,B,202112,4,725,1.0
E1,M06,103-0,B,SF-103,B,202201,5,756,1.0
E1,M06,103-0,B,SF-103,B,202202,6,787,0.0
E1,M06,103-0,B,SF-103,B,202203,7,818,1.0
E1,M06,103-0,B,SF-103,B,202204,8,850,1.0
E1,M06,103-0,B,SF-103,B,202205,9,881,0.0
E1,M06,103-0,B,SF-103,B,202206,10,912,2.0
E1,M06,103-0,B,SF-103,B,202207,11,943,0.0
E1,M06,103-0,B,SF-103,B,202208,12,974,2.0
E1,M06,103-0,B,SF-103,B,202209,13,1006,1.0
E1,M06,103-0,B,SF-103,B,202210,14,1037,0.0
E1,M06,103-0,B,SF-103,B,202211,15,1068,0.0
E1,M06,103-0,B,SF-103,B,202212,16,1099,2.0
E1,M06,103-0,B,SF-103,B,202301,17,1130,1.0
E1,M06,103-0,B,SF-103,B,202302,18,1162,1.0
E1,M06,103-0,B,SF-103,B,202303,19,1193,1.0
E1,M06,103-0,B,SF-103,B,202304,20,1224,0.0
E1,M06,103-0,B,SF-103,B,202305,21,1255,0.0
E1,M06,103-0,B,SF-103,B,202306,22,1286,1.0
E1,M06,103-0,B,SF-103,B,202307,23,1318,4.0
E1,M06,103-0,B,SF-103,B,202308,24,1349,0.0
E1,M06,103-0,B,SF-103,B,202309,25,1380,1.0
E1,M06,103-0,B,SF-103,B,202310,26,1411,1.0
E1,M06,103-0,B,SF-103,B,202311,27,1442,0.0
E1,M06,103-0,B,SF-103,B,202312,28,1474,0.0
E1,M06,103-0,B,SF-103,B,202401,29,1505,0.0
E1,M06,103-0,B,SF-103,B,202402,30,1536,1.0
E1,M06,103-0,B,SF-103,B,202403,31,1567,2.0
E1,M06,103-0,B,SF-103,B,202404,32,1598,0.0
E1,M06,103-0,B,SF-103,B,202405,33,1630,2.0
E1,M06,103-0,B,SF-103,B,202406,34,1661,2.0
E1,M06,103-0,B,SF-103,B,202407,35,1692,2.0
E1,M06,103-0,B,SF-103,B,202408,36,1723,2.0
E1,M06,103-0,B,SF-103,B,202409,37,1754,1.0
E1,M06,103-0,B,SF-103,B,202410,38,1786,2.0
E1,M06,103-0,B,SF-103,B,202411,39,1817,1.0
E1,M06,103-0,B,SF-103,B,202412,40,1848,0.0
E1,M06,103-0,C,SF-103,B,202108,0,500,1.0
E1,M06,103-0,C,SF-103,B,202109,1,526,2.0
E1,M06,103-0,C,SF-103,B,202110,2,552,1.0
E1,M06,103-0,C,SF-103,B,202111,3,578,0.0
E1,M06,103-0,C,SF-103,B,202112,4,604,0.0
E1,M06,103-0,C,SF-103,B,202201,5,630,1.0
E1,M06,103-0,C,SF-103,B,202202,6,656,1.0
E1,M06,103-0,C,SF-103,B,202203,7,682,2.0
E1,M06,103-0,C,SF-103,B,202204,8,708,0.0
E1,M06,103-0,C,SF-103,B,202205,9,734,0.0
E1,M06,103-0,C,SF-103,B,202206,10,760,1.0
E1,M06,103-0,C,SF-103,B,202207,11,786,0.0
E1,M06,103-0,C,SF-103,B,202208,12,812,0.0
E1,M06,103-0,C,SF-103,B,202209,13,838,0.0
E1,M06,103-0,C,SF-103,B,202210,14,864,1.0
E1,M06,103-0,C,SF-103,B,202211,15,890,1.0
E1,M06,103-0,C,SF-103,B,202212,16,916,1.0
E1,M06,103-0,C,SF-103,B,202301,17,942,1.0
E1,M06,103-0,C,SF-103,B,202302,18,968,0.0
E1,M06,103-0,C,SF-103,B,202303,19,994,1.0
E1,M06,103-0,C,SF-103,B,202304,20,1020,2.0
E1,M06,103-0,C,SF-103,B,202305,21,1046,2.0
E1,M06,103-0,C,SF-103,B,202306,22,1072,0.0
E1,M06,103-0,C,SF-103,B,202307,23,1098,3.0
E1,M06,103-0,C,SF-103,B,202308,24,1124,0.0
E1,M06,103-0,C,SF-103,B,202309,25,1150,1.0
E1,M06,103-0,C,SF-103,B,202310,26,1176,0.0
E1,M06,103-0,C,SF-103,B,202311,27,1202,1.0
E1,M06,103-0,C,SF-103,B,202312,28,1228,0.0
E1,M06,103-0,C,SF-103,B,202401,29,1254,0.0
E1,M06,103-0,C,SF-103,B,202402,30,1280,0.0
E1,M06,103-0,C,SF-103,B,202403,31,1306,2.0
E1,M06,103-0,C,SF-103,B,202404,32,1332,0.0
E1,M06,103-0,C,SF-103,B,202405,33,1358,1.0
E1,M06,103-0,C,SF-103,B,202406,34,1384,2.0
E1,M06,103-0,C,SF-103,B,202407,35,1410,0.0
E1,M06,103-0,C,SF-103,B,202408,36,1436,1.0
E1,M06,103-0,C,SF-103,B,202409,37,1462,0.0
E1,M06,103-0,C,SF-103,B,202410,38,1488,0.0
E1,M06,103-0,C,SF-103,B,202411,39,1514,1.0
E1,M06,103-0,D,SF-103,B,202109,1,394,1.0
E1,M06,103-0,D,SF-103,B,202110,2,414,0.0
E1,M06,103-0,D,SF-103,B,202111,3,434,0.0
E1,M06,103-0,D,SF-103,B,202112,4,453,0.0
E1,M06,103-0,D,SF-103,B,202201,5,472,1.0
E1,M06,103-0,D,SF-103,B,202202,6,492,0.0
E1,M06,103-0,D,SF-103,B,202203,7,512,0.0
E1,M06,103-0,D,SF-103,B,202204,8,531,0.0
E1,M06,103-0,D,SF-103,B,202205,9,550,0.0
E1,M06,103-0,D,SF-103,B,202206,10,570,1.0
E1,M06,103-0,D,SF-103,B,202207,11,590,0.0
E1,M06,103-0,D,SF-103,B,202208,12,609,1.0
E1,M06,103-0,D,SF-103,B,202209,13,628,1.0
E1,M06,103-0,D,SF-103,B,202210,14,648,1.0
E1,M06,103-0,D,SF-103,B,202211,15,668,0.0
E1,M06,103-0,D,SF-103,B,202212,16,687,0.0
E1,M06,103-0,D,SF-103,B,202301,17,706,1.0
E1,M06,103-0,D,SF-103,B,202302,18,726,0.0
E1,M06,103-0,D,SF-103,B,202303,19,746,0.0
E1,M06,103-0,D,SF-103,B,202304,20,765,0.0
E1,M06,103-0,D,SF-103,B,202305,21,784,1.0
E1,M06,103-0,D,SF-103,B,202306,22,804,1.0
E1,M06,103-0,D,SF-103,B,202307,23,824,0.0
E1,M06,103-0,D,SF-103,B,202308,24,843,0.0
E1,M06,103-0,D,SF-103,B,202309,25,862,0.0
E1,M06,103-0,D,SF-103,B,202310,26,882,2.0
E1,M06,103-0,D,SF-103,B,202311,27,902,0.0
E1,M06,103-0,D,SF-103,B,202312,28,921,1.0
E1,M06,103-0,D,SF-103,B,202401,29,940,2.0
E1,M06,103-0,D,SF-103,B,202402,30,960,1.0
E1,M06,103-0,D,SF-103,B,202403,31,980,1.0
E1,M06,103-0,D,SF-103,B,202404,32,999,0.0
E1,M06,103-0,D,SF-103,B,202405,33,1018,3.0
E1,M06,103-0,D,SF-103,B,202406,34,1038,0.0
E1,M06,103-0,D,SF-103,B,202407,35,1058,0.0
E1,M06,103-0,D,SF-103,B,202408,36,1077,1.0
E1,M06,103-0,D,SF-103,B,202409,37,1096,1.0
E1,M06,103-0,D,SF-103,B,202410,38,1116,0.0
E1,M06,103-0,E,SF-103,B,202204,8,248,0.0
E1,M06,103-0,E,SF-103,B,202205,9,257,0.0
E1,M06,103-0,E,SF-103,B,202206,10,266,0.0
E1,M06,103-0,E,SF-103,B,202207,11,275,0.0
E1,M06,103-0,E,SF-103,B,202208,12,284,0.0
E1,M06,103-0,E,SF-103,B,202209,13,293,0.0
E1,M06,103-0,E,SF-103,B,202210,14,302,0.0
E1,M06,103-0,E,SF-103,B,202211,15,312,0.0
E1,M06,103-0,E,SF-103,B,202212,16,321,0.0
E1,M06,103-0,E,SF-103,B,202301,17,330,0.0
E1,M06,103-0,E,SF-103,B,202302,18,339,0.0
E1,M06,103-0,E,SF-103,B,202303,19,348,0.0
E1,M06,103-0,E,SF-103,B,202304,20,357,0.0
E1,M06,103-0,E,SF-103,B,202305,21,366,0.0
E1,M06,103-0,E,SF-103,B,202306,22,375,0.0
E1,M06,103-0,E,SF-103,B,202307,23,384,0.0
E1,M06,103-0,E,SF-103,B,202308,24,393,0.0
E1,M06,103-0,E,SF-103,B,202309,25,403,1.0
E1,M06,103-0,E,SF-103,B,202310,26,412,1.0
E1,M06,103-0,E,SF-103,B,202311,27,421,2.0
E1,M06,103-0,E,SF-103,B,202312,28,430,0.0
E1,M06,103-0,E,SF-103,B,202401,29,439,0.0
E1,M06,103-0,E,SF-103,B,202402,30,448,0.0
E1,M06,103-0,E,SF-103,B,202403,31,457,0.0
E1,M06,103-0,E,SF-103,B,202404,32,466,1.0
E1,M06,103-0,E,SF-103,B,202405,33,475,0.0
E1,M06,103-0,E,SF-103,B,202406,34,484,0.0
E1,M06,103-0,E,SF-103,B,202407,35,494,1.0
E1,M06,103-0,E,SF-103,B,202408,36,503,2.0
E1,M06,103-0,E,SF-103,B,202409,37,512,0.0
E1,M06,103-0,E,SF-103,B,202410,38,521,2.0
E1,M06,103-0,E,SF-103,B,202411,39,530,0.0
E1,M06,103-0,E,SF-103,B,202412,40,539,1.0
E1,M06,103-1,A,SF-103,B,202108,0,850,1.0
E1,M06,103-1,A,SF-103,B,202110,2,938,1.0
E1,M06,103-1,A,SF-103,B,202111,3,983,2.0
E1,M06,103-1,A,SF-103,B,202112,4,1027,3.0
E1,M06,103-1,A,SF-103,B,202201,5,1071,2.0
E1,M06,103-1,A,SF-103,B,202202,6,1115,0.0
E1,M06,103-1,A,SF-103,B,202203,7,1159,0.0
E1,M06,103-1,A,SF-103,B,202204,8,1204,2.0
E1,M06,103-1,A,SF-103,B,202205,9,1248,0.0
E1,M06,103-1,A,SF-103,B,202206,10,1292,0.0
E1,M06,103-1,A,SF-103,B,202207,11,1336,2.0
E1,M06,103-1,A,SF-103,B,202208,12,1380,1.0
E1,M06,103-1,A,SF-103,B,202209,13,1425,2.0
E1,M06,103-1,A,SF-103,B,202210,14,1469,1.0
E1,M06,103-1,A,SF-103,B,202211,15,1513,2.0
E1,M06,103-1,A,SF-103,B,202212,16,1557,2.0
E1,M06,103-1,A,SF-103,B,202301,17,1601,2.0
E1,M06,103-1,A,SF-103,B,202302,18,1646,3.0
E1,M06,103-1,A,SF-103,B,202303,19,1690,1.0
E1,M06,103-1,A,SF-103,B,202304,20,1734,0.0
E1,M06,103-1,A,SF-103,B,202305,21,1778,1.0
E1,M06,103-1,A,SF-103,B,202306,22,1822,0.0
E1,M06,103-1,A,SF-103,B,202307,23,1867,2.0
E1,M06,103-1,A,SF-103,B,202308,24,1911,3.0
E1,M06,103-1,A,SF-103,B,202309,25,1955,1.0
E1,M06,103-1,A,SF-103,B,202310,26,1999,2.0
E1,M06,103-1,A,SF-103,B,202311,27,2043,2.0
E1,M06,103-1,A,SF-103,B,202312,28,2088,1.0
E1,M06,103-1,A,SF-103,B,202401,29,2132,3.0
E1,M06,103-1,A,SF-103,B,202402,30,2176,0.0
E1,M06,103-1,A,SF-103,B,202403,31,2220,2.0
E1,M06,103-1,A,SF-103,B,202404,32,2264,2.0
E1,M06,103-1,A,SF-103,B,202405,33,2309,1.0
E1,M06,103-1,A,SF-103,B,202406,34,2353,0.0
E1,M06,103-1,A,SF-103,B,202407,35,2397,0.0
E1,M06,103-1,A,SF-103,B,202408,36,2441,6.0
E1,M06,103-1,A,SF-103,B,202409,37,2485,5.0
E1,M06,103-1,A,SF-103,B,202410,38,2530,0.0
E1,M06,103-1,A,SF-103,B,202411,39,2574,1.0
E1,M06,103-1,A,SF-103,B,202412,40,2618,2.0
E1,M06,103-1,ALL,SF-103,B,202108,0,2500,1.0
E1,M06,103-1,ALL,SF-103,B,202109,1,2630,0.0
E1,M06,103-1,ALL,SF-103,B,202110,2,2760,3.0
E1,M06,103-1,ALL,SF-103,B,202111,3,2890,6.0
E1,M06,103-1,ALL,SF-103,B,202112,4,3020,3.0
E1,M06,103-1,ALL,SF-103,B,202201,5,3150,2.0
E1,M06,103-1,ALL,SF-103,B,202202,6,3280,1.0
E1,M06,103-1,ALL,SF-103,B,202203,7,3410,2.0
E1,M06,103-1,ALL,SF-103,B,202204,8,3540,3.0
E1,M06,103-1,ALL,SF-103,B,202205,9,3670,3.0
E1,M06,103-1,ALL,SF-103,B,202206,10,3800,1.0
E1,M06,103-1,ALL,SF-103,B,202207,11,3930,4.0
E1,M06,103-1,ALL,SF-103,B,202208,12,4060,1.0
E1,M06,103-1,ALL,SF-103,B,202209,13,4190,5.0
E1,M06,103-1,ALL,SF-103,B,202210,14,4320,3.0
E1,M06,103-1,ALL,SF-103,B,202211,15,4450,4.0
E1,M06,103-1,ALL,SF-103,B,202212,16,4580,4.0
E1,M06,103-1,ALL,SF-103,B,202301,17,4710,7.0
E1,M06,103-1,ALL,SF-103,B,202302,18,4840,3.0
E1,M06,103-1,ALL,SF-103,B,202303,19,4970,3.0
E1,M06,103-1,ALL,SF-103,B,202304,20,5100,0.0
E1,M06,103-1,ALL,SF-103,B,202305,21,5230,5.0
E1,M06,103-1,ALL,SF-103,B,202306,22,5360,2.0
E1,M06,103-1,ALL,SF-103,B,202307,23,5490,5.0
E1,M06,103-1,ALL,SF-103,B,202308,24,5620,7.0
E1,M06,103-1,ALL,SF-103,B,202309,25,5750,2.0
E1,M06,103-1,ALL,SF-103,B,202310,26,5880,4.0
E1,M06,103-1,ALL,SF-103,B,202311,27,6010,4.0
E1,M06,103-1,ALL,SF-103,B,202312,28,6140,4.0
E1,M06,103-1,ALL,SF-103,B,202401,29,6270,5.0
E1,M06,103-1,ALL,SF-103,B,202402,30,6400,4.0
E1,M06,103-1,ALL,SF-103,B,202403,31,6530,7.0
E1,M06,103-1,ALL,SF-103,B,202404,32,6660,5.0
E1,M06,103-1,ALL,SF-103,B,202405,33,6790,7.0
E1,M06,103-1,ALL,SF-103,B,202406,34,6920,2.0
E1,M06,103-1,ALL,SF-103,B,202407,35,7050,4.0
E1,M06,103-1,ALL,SF-103,B,202408,36,7180,8.0
E1,M06,103-1,ALL,SF-103,B,202409,37,7310,8.0
E1,M06,103-1,ALL,SF-103,B,202410,38,7440,3.0
E1,M06,103-1,ALL,SF-103,B,202411,39,7570,5.0
E1,M06,103-1,ALL,SF-103,B,202412,40,7700,2.0
E1,M06,103-1,B,SF-103,B,202110,2,662,1.0
E1,M06,103-1,B,SF-103,B,202111,3,694,3.0
E1,M06,103-1,B,SF-103,B,202112,4,725,0.0
E1,M06,103-1,B,SF-103,B,202201,5,756,0.0
E1,M06,103-1,B,SF-103,B,202202,6,787,1.0
E1,M06,103-1,B,SF-103,B,202203,7,818,1.0
E1,M06,103-1,B,SF-103,B,202204,8,850,0.0
E1,M06,103-1,B,SF-103,B,202205,9,881,1.0
E1,M06,103-1,B,SF-103,B,202206,10,912,1.0
E1,M06,103-1,B,SF-103,B,202207,11,943,1.0
E1,M06,103-1,B,SF-103,B,202208,12,974,0.0
E1,M06,103-1,B,SF-103,B,202209,13,1006,1.0
E1,M06,103-1,B,SF-103,B,202210,14,1037,1.0
E1,M06,103-1,B,SF-103,B,202211,15,1068,1.0
E1,M06,103-1,B,SF-103,B,202212,16,1099,1.0
E1,M06,103-1,B,SF-103,B,202301,17,1130,1.0
E1,M06,103-1,B,SF-103,B,202302,18,1162,0.0
E1,M06,103-1,B,SF-103,B,202303,19,1193,0.0
E1,M06,103-1,B,SF-103,B,202304,20,1224,0.0
E1,M06,103-1,B,SF-103,B,202305,21,1255,1.0
E1,M06,103-1,B,SF-103,B,202306,22,1286,0.0
E1,M06,103-1,B,SF-103,B,202307,23,1318,1.0
E1,M06,103-1,B,SF-103,B,202308,24,1349,2.0
E1,M06,103-1,B,SF-103,B,202309,25,1380,0.0
E1,M06,103-1,B,SF-103,B,202310,26,1411,1.0
E1,M06,103-1,B,SF-103,B,202311,27,1442,1.0
E1,M06,103-1,B,SF-103,B,202312,28,1474,2.0
E1,M06,103-1,B,SF-103,B,202401,29,1505,1.0
E1,M06,103-1,B,SF-103,B,202402,30,1536,1.0
E1,M06,103-1,B,SF-103,B,202403,31,1567,3.0
E1,M06,103-1,B,SF-103,B,202404,32,1598,2.0
E1,M06,103-1,B,SF-103,B,202405,33,1630,3.0
E1,M06,103-1,B,SF-103,B,202406,34,1661,1.0
E1,M06,103-1,B,SF-103,B,202407,35,1692,3.0
E1,M06,103-1,B,SF-103,B,202408,36,1723,2.0
E1,M06,103-1,B,SF-103,B,202409,37,1754,2.0
E1,M06,103-1,B,SF-103,B,202410,38,1786,0.0
E1,M06,103-1,B,SF-103,B,202411,39,1817,2.0
E1,M06,103-1,B,SF-103,B,202412,40,1848,0.0
E1,M06,103-1,C,SF-103,B,202110,2,552,0.0
E1,M06,103-1,C,SF-103,B,202111,3,578,0.0
E1,M06,103-1,C,SF-103,B,202112,4,604,0.0
E1,M06,103-1,C,SF-103,B,202201,5,630,0.0
E1,M06,103-1,C,SF-103,B,202202,6,656,0.0
E1,M06,103-1,C,SF-103,B,202203,7,682,1.0
E1,M06,103-1,C,SF-103,B,202204,8,708,0.0
E1,M06,103-1,C,SF-103,B,202205,9,734,0.0
E1,M06,103-1,C,SF-103,B,202206,10,760,0.0
E1,M06,103-1,C,SF-103,B,202207,11,786,0.0
E1,M06,103-1,C,SF-103,B,202208,12,812,0.0
E1,M06,103-1,C,SF-103,B,202209,13,838,1.0
E1,M06,103-1,C,SF-103,B,202210,14,864,0.0
E1,M06,103-1,C,SF-103,B,202211,15,890,0.0
E1,M06,103-1,C,SF-103,B,202212,16,916,0.0
E1,M06,103-1,C,SF-103,B,202301,17,942,3.0
E1,M06,103-1,C,SF-103,B,202302,18,968,0.0
E1,M06,103-1,C,SF-103,B,202303,19,994,1.0
E1,M06,103-1,C,SF-103,B,202304,20,1020,0.0
E1,M06,103-1,C,SF-103,B,202305,21,1046,1.0
E1,M06,103-1,C,SF-103,B,202306,22,1072,0.0
E1,M06,103-1,C,SF-103,B,202307,23,1098,2.0
E1,M06,103-1,C,SF-103,B,202308,24,1124,0.0
E1,M06,103-1,C,SF-103,B,202309,25,1150,1.0
E1,M06,103-1,C,SF-103,B,202310,26,1176,0.0
E1,M06,103-1,C,SF-103,B,202311,27,1202,1.0
E1,M06,103-1,C,SF-103,B,202312,28,1228,1.0
E1,M06,103-1,C,SF-103,B,202401,29,1254,1.0
E1,M06,103-1,C,SF-103,B,202402,30,1280,3.0
E1,M06,103-1,C,SF-103,B,202403,31,1306,2.0
E1,M06,103-1,C,SF-103,B,202404,32,1332,1.0
E1,M06,103-1,C,SF-103,B,202405,33,1358,2.0
E1,M06,103-1,C,SF-103,B,202406,34,1384,1.0
E1,M06,103-1,C,SF-103,B,202407,35,1410,0.0
E1,M06,103-1,C,SF-103,B,202408,36,1436,0.0
E1,M06,103-1,C,SF-103,B,202409,37,1462,1.0
E1,M06,103-1,C,SF-103,B,202410,38,1488,2.0
E1,M06,103-1,C,SF-103,B,202411,39,1514,1.0
E1,M06,103-1,D,SF-103,B,202110,2,414,1.0
E1,M06,103-1,D,SF-103,B,202111,3,434,1.0
E1,M06,103-1,D,SF-103,B,202112,4,453,0.0
E1,M06,103-1,D,SF-103,B,202201,5,472,0.0
E1,M06,103-1,D,SF-103,B,202202,6,492,0.0
E1,M06,103-1,D,SF-103,B,202203,7,512,0.0
E1,M06,103-1,D,SF-103,B,202204,8,531,0.0
E1,M06,103-1,D,SF-103,B,202205,9,550,0.0
E1,M06,103-1,D,SF-103,B,202206,10,570,0.0
E1,M06,103-1,D,SF-103,B,202207,11,590,1.0
E1,M06,103-1,D,SF-103,B,202208,12,609,0.0
E1,M06,103-1,D,SF-103,B,202209,13,628,0.0
E1,M06,103-1,D,SF-103,B,202210,14,648,0.0
E1,M06,103-1,D,SF-103,B,202211,15,668,1.0
E1,M06,103-1,D,SF-103,B,202212,16,687,0.0
E1,M06,103-1,D,SF-103,B,202301,17,706,0.0
E1,M06,103-1,D,SF-103,B,202302,18,726,0.0
E1,M06,103-1,D,SF-103,B,202303,19,746,1.0
E1,M06,103-1,D,SF-103,B,202304,20,765,0.0
E1,M06,103-1,D,SF-103,B,202305,21,784,1.0
E1,M06,103-1,D,SF-103,B,202306,22,804,1.0
E1,M06,103-1,D,SF-103,B,202307,23,824,0.0
E1,M06,103-1,D,SF-103,B,202308,24,843,0.0
E1,M06,103-1,D,SF-103,B,202309,25,862,0.0
E1,M06,103-1,D,SF-103,B,202310,26,882,1.0
E1,M06,103-1,D,SF-103,B,202311,27,902,0.0
E1,M06,103-1,D,SF-103,B,202312,28,921,0.0
E1,M06,103-1,D,SF-103,B,202401,29,940,0.0
E1,M06,103-1,D,SF-103,B,202402,30,960,0.0
E1,M06,103-1,D,SF-103,B,202403,31,980,0.0
E1,M06,103-1,D,SF-103,B,202404,32,999,0.0
E1,M06,103-1,D,SF-103,B,202405,33,1018,1.0
E1,M06,103-1,D,SF-103,B,202406,34,1038,0.0
E1,M06,103-1,D,SF-103,B,202407,35,1058,1.0
E1,M06,103-1,D,SF-103,B,202408,36,1077,0.0
E1,M06,103-1,D,SF-103,B,202409,37,1096,0.0
E1,M06,103-1,D,SF-103,B,202410,38,1116,1.0
E1,M06,103-1,E,SF-103,B,202204,8,248,1.0
E1,M06,103-1,E,SF-103,B,202205,9,257,2.0
E1,M06,103-1,E,SF-103,B,202206,10,266,0.0
E1,M06,103-1,E,SF-103,B,202207,11,275,0.0
E1,M06,103-1,E,SF-103,B,202208,12,284,0.0
E1,M06,103-1,E,SF-103,B,202209,13,293,1.0
E1,M06,103-1,E,SF-103,B,202210,14,302,1.0
E1,M06,103-1,E,SF-103,B,202211,15,312,0.0
E1,M06,103-1,E,SF-103,B,202212,16,321,1.0
E1,M06,103-1,E,SF-103,B,202301,17,330,1.0
E1,M06,103-1,E,SF-103,B,202302,18,339,0.0
E1,M06,103-1,E,SF-103,B,202303,19,348,0.0
E1,M06,103-1,E,SF-103,B,202304,20,357,0.0
E1,M06,103-1,E,SF-103,B,202305,21,366,1.0
E1,M06,103-1,E,SF-103,B,202306,22,375,1.0
E1,M06,103-1,E,SF-103,B,202307,23,384,0.0
E1,M06,103-1,E,SF-103,B,202308,24,393,2.0
E1,M06,103-1,E,SF-103,B,202309,25,403,0.0
E1,M06,103-1,E,SF-103,B,202310,26,412,0.0
E1,M06,103-1,E,SF-103,B,202311,27,421,0.0
E1,M06,103-1,E,SF-103,B,202312,28,430,0.0
E1,M06,103-1,E,SF-103,B,202401,29,439,0.0
E1,M06,103-1,E,SF-103,B,202402,30,448,0.0
E1,M06,103-1,E,SF-103,B,202403,31,457,0.0
E1,M06,103-1,E,SF-103,B,202404,32,466,0.0
E1,M06,103-1,E,SF-103,B,202405,33,475,0.0
E1,M06,103-1,E,SF-103,B,202406,34,484,0.0
E1,M06,103-1,E,SF-103,B,202407,35,494,0.0
E1,M06,103-1,E,SF-103,B,202408,36,503,0.0
E1,M06,103-1,E,SF-103,B,202409,37,512,0.0
E1,M06,103-1,E,SF-103,B,202410,38,521,0.0
E1,M06,103-1,E,SF-103,B,202411,39,530,1.0
E1,M06,103-1,E,SF-103,B,202412,40,539,0.0
E1,M06,104-0,A,SF-104,B,202108,0,850,1.0
E1,M06,104-0,A,SF-104,B,202109,1,894,2.0
E1,M06,104-0,A,SF-104,B,202110,2,938,0.0
E1,M06,104-0,A,SF-104,B,202111,3,983,1.0
E1,M06,104-0,A,SF-104,B,202112,4,1027,2.0
E1,M06,104-0,A,SF-104,B,202201,5,1071,1.0
E1,M06,104-0,A,SF-104,B,202202,6,1115,2.0
E1,M06,104-0,A,SF-104,B,202203,7,1159,2.0
E1,M06,104-0,A,SF-104,B,202204,8,1204,2.0
E1,M06,104-0,A,SF-104,B,202205,9,1248,0.0
E1,M06,104-0,A,SF-104,B,202206,10,1292,0.0
E1,M06,104-0,A,SF-104,B,202207,11,1336,2.0
E1,M06,104-0,A,SF-104,B,202208,12,1380,3.0
E1,M06,104-0,A,SF-104,B,202209,13,1425,3.0
E1,M06,104-0,A,SF-104,B,202210,14,1469,0.0
E1,M06,104-0,A,SF-104,B,202211,15,1513,1.0
E1,M06,104-0,A,SF-104,B,202212,16,1557,3.0
E1,M06,104-0,A,SF-104,B,202301,17,1601,1.0
E1,M06,104-0,A,SF-104,B,202302,18,1646,0.0
E1,M06,104-0,A,SF-104,B,202303,19,1690,3.0
E1,M06,104-0,A,SF-104,B,202304,20,1734,3.0
E1,M06,104-0,A,SF-104,B,202305,21,1778,2.0
E1,M06,104-0,A,SF-104,B,202306,22,1822,2.0
E1,M06,104-0,A,SF-104,B,202307,23,1867,1.0
E1,M06,104-0,A,SF-104,B,202308,24,1911,2.0
E1,M06,104-0,A,SF-104,B,202309,25,1955,0.0
E1,M06,104-0,A,SF-104,B,202310,26,1999,4.0
E1,M06,104-0,A,SF-104,B,202311,27,2043,1.0
E1,M06,104-0,A,SF-104,B,202312,28,2088,2.0
E1,M06,104-0,A,SF-104,B,202401,29,2132,1.0
E1,M06,104-0,A,SF-104,B,202402,30,2176,3.0
E1,M06,104-0,A,SF-104,B,202403,31,2220,0.0
E1,M06,104-0,A,SF-104,B,202404,32,2264,1.0
E1,M06,104-0,A,SF-104,B,202405,33,2309,4.0
E1,M06,104-0,A,SF-104,B,202406,34,2353,3.0
E1,M06,104-0,A,SF-104,B,202407,35,2397,2.0
E1,M06,104-0,A,SF-104,B,202408,36,2441,1.0
E1,M06,104-0,A,SF-104,B,202409,37,2485,2.0
E1,M06,104-0,A,SF-104,B,202410,38,2530,2.0
E1,M06,104-0,A,SF-104,B,202411,39,2574,2.0
E1,M06,104-0,A,SF-104,B,202412,40,2618,1.0
E1,M06,104-0,ALL,SF-104,B,202108,0,2500,2.0
E1,M06,104-0,ALL,SF-104,B,202109,1,2630,5.0
E1,M06,104-0,ALL,SF-104,B,202110,2,2760,3.0
E1,M06,104-0,ALL,SF-104,B,202111,3,2890,2.0
E1,M06,104-0,ALL,SF-104,B,202112,4,3020,2.0
E1,M06,104-0,ALL,SF-104,B,202201,5,3150,3.0
E1,M06,104-0,ALL,SF-104,B,202202,6,3280,6.0
E1,M06,104-0,ALL,SF-104,B,202203,7,3410,5.0
E1,M06,104-0,ALL,SF-104,B,202204,8,3540,5.0
E1,M06,104-0,ALL,SF-104,B,202205,9,3670,1.0
E1,M06,104-0,ALL,SF-104,B,202206,10,3800,4.0
E1,M06,104-0,ALL,SF-104,B,202207,11,3930,6.0
E1,M06,104-0,ALL,SF-104,B,202208,12,4060,6.0
E1,M06,104-0,ALL,SF-104,B,202209,13,4190,7.0
E1,M06,104-0,ALL,SF-104,B,202210,14,4320,3.0
E1,M06,104-0,ALL,SF-104,B,202211,15,4450,5.0
E1,M06,104-0,ALL,SF-104,B,202212,16,4580,6.0
E1,M06,104-0,ALL,SF-104,B,202301,17,4710,3.0
E1,M06,104-0,ALL,SF-104,B,202302,18,4840,1.0
E1,M06,104-0,ALL,SF-104,B,202303,19,4970,7.0
E1,M06,104-0,ALL,SF-104,B,202304,20,5100,7.0
E1,M06,104-0,ALL,SF-104,B,202305,21,5230,6.0
E1,M06,104-0,ALL,SF-104,B,202306,22,5360,6.0
E1,M06,104-0,ALL,SF-104,B,202307,23,5490,3.0
E1,M06,104-0,ALL,SF-104,B,202308,24,5620,6.0
E1,M06,104-0,ALL,SF-104,B,202309,25,5750,5.0
E1,M06,104-0,ALL,SF-104,B,202310,26,5880,7.0
E1,M06,104-0,ALL,SF-104,B,202311,27,6010,5.0
E1,M06,104-0,ALL,SF-104,B,202312,28,6140,3.0
E1,M06,104-0,ALL,SF-104,B,202401,29,6270,10.0
E1,M06,104-0,ALL,SF-104,B,202402,30,6400,6.0
E1,M06,104-0,ALL,SF-104,B,202403,31,6530,4.0
E1,M06,104-0,ALL,SF-104,B,202404,32,6660,8.0
E1,M06,104-0,ALL,SF-104,B,202405,33,6790,13.0
E1,M06,104-0,ALL,SF-104,B,202406,34,6920,6.0
E1,M06,104-0,ALL,SF-104,B,202407,35,7050,9.0
E1,M06,104-0,ALL,SF-104,B,202408,36,7180,5.0
E1,M06,104-0,ALL,SF-104,B,202409,37,7310,4.0
E1,M06,104-0,ALL,SF-104,B,202410,38,7440,5.0
E1,M06,104-0,ALL,SF-104,B,202411,39,7570,8.0
E1,M06,104-0,ALL,SF-104,B,202412,40,7700,2.0
E1,M06,104-0,B,SF-104,B,202108,0,600,1.0
E1,M06,104-0,B,SF-104,B,202110,2,662,1.0
E1,M06,104-0,B,SF-104,B,202111,3,694,0.0
E1,M06,104-0,B,SF-104,B,202112,4,725,0.0
E1,M06,104-0,B,SF-104,B,202201,5,756,0.0
E1,M06,104-0,B,SF-104,B,202202,6,787,1.0
E1,M06,104-0,B,SF-104,B,202203,7,818,1.0
E1,M06,104-0,B,SF-104,B,202204,8,850,1.0
E1,M06,104-0,B,SF-104,B,202205,9,881,0.0
E1,M06,104-0,B,SF-104,B,202206,10,912,1.0
E1,M06,104-0,B,SF-104,B,202207,11,943,0.0
E1,M06,104-0,B,SF-104,B,202208,12,974,2.0
E1,M06,104-0,B,SF-104,B,202209,13,1006,2.0
E1,M06,104-0,B,SF-104,B,202210,14,1037,0.0
E1,M06,104-0,B,SF-104,B,202211,15,1068,2.0
E1,M06,104-0,B,SF-104,B,202212,16,1099,1.0
E1,M06,104-0,B,SF-104,B,202301,17,1130,0.0
E1,M06,104-0,B,SF-104,B,202302,18,1162,1.0
E1,M06,104-0,B,SF-104,B,202303,19,1193,2.0
E1,M06,104-0,B,SF-104,B,202304,20,1224,1.0
E1,M06,104-0,B,SF-104,B,202305,21,1255,1.0
E1,M06,104-0,B,SF-104,B,202306,22,1286,3.0
E1,M06,104-0,B,SF-104,B,202307,23,1318,0.0
E1,M06,104-0,B,SF-104,B,202308,24,1349,1.0
E1,M06,104-0,B,SF-104,B,202309,25,1380,1.0
E1,M06,104-0,B,SF-104,B,202310,26,1411,1.0
E1,M06,104-0,B,SF-104,B,202311,27,1442,1.0
E1,M06,104-0,B,SF-104,B,202312,28,1474,0.0
E1,M06,104-0,B,SF-104,B,202401,29,1505,3.0
E1,M06,104-0,B,SF-104,B,202402,30,1536,0.0
E1,M06,104-0,B,SF-104,B,202403,31,1567,2.0
E1,M06,104-0,B,SF-104,B,202404,32,1598,2.0
E1,M06,104-0,B,SF-104,B,202405,33,1630,3.0
E1,M06,104-0,B,SF-104,B,202406,34,1661,1.0
E1,M06,104-0,B,SF-104,B,202407,35,1692,1.0
E1,M06,104-0,B,SF-104,B,202408,36,1723,1.0
E1,M06,104-0,B,SF-104,B,202409,37,1754,1.0
E1,M06,104-0,B,SF-104,B,202410,38,1786,2.0
E1,M06,104-0,B,SF-104,B,202411,39,1817,4.0
E1,M06,104-0,B,SF-104,B,202412,40,1848,1.0
E1,M06,104-0,C,SF-104,B,202109,1,526,2.0
E1,M06,104-0,C,SF-104,B,202110,2,552,1.0
E1,M06,104-0,C,SF-104,B,202111,3,578,0.0
E1,M06,104-0,C,SF-104,B,202112,4,604,0.0
E1,M06,104-0,C,SF-104,B,202201,5,630,1.0
E1,M06,104-0,C,SF-104,B,202202,6,656,1.0
E1,M06,104-0,C,SF-104,B,202203,7,682,1.0
E1,M06,104-0,C,SF-104,B,202204,8,708,1.0
E1,M06,104-0,C,SF-104,B,202205,9,734,1.0
E1,M06,104-0,C,SF-104,B,202206,10,760,2.0
E1,M06,104-0,C,SF-104,B,202207,11,786,3.0
E1,M06,104-0,C,SF-104,B,202208,12,812,1.0
E1,M06,104-0,C,SF-104,B,202209,13,838,1.0
E1,M06,104-0,C,SF-104,B,202210,14,864,1.0
E1,M06,104-0,C,SF-104,B,202211,15,890,0.0
E1,M06,104-0,C,SF-104,B,202212,16,916,1.0
E1,M06,104-0,C,SF-104,B,202301,17,942,2.0
E1,M06,104-0,C,SF-104,B,202302,18,968,0.0
E1,M06,104-0,C,SF-104,B,202303,19,994,1.0
E1,M06,104-0,C,SF-104,B,202304,20,1020,1.0
E1,M06,104-0,C,SF-104,B,202305,21,1046,2.0
E1,M06,104-0,C,SF-104,B,202306,22,1072,0.0
E1,M06,104-0,C,SF-104,B,202307,23,1098,1.0
E1,M06,104-0,C,SF-104,B,202308,24,1124,2.0
E1,M06,104-0,C,SF-104,B,202309,25,1150,1.0
E1,M06,104-0,C,SF-104,B,202310,26,1176,1.0
E1,M06,104-0,C,SF-104,B,202311,27,1202,3.0
E1,M06,104-0,C,SF-104,B,202312,28,1228,0.0
E1,M06,104-0,C,SF-104,B,202401,29,1254,4.0
E1,M06,104-0,C,SF-104,B,202402,30,1280,0.0
E1,M06,104-0,C,SF-104,B,202403,31,1306,1.0
E1,M06,104-0,C,SF-104,B,202404,32,1332,3.0
E1,M06,104-0,C,SF-104,B,202405,33,1358,2.0
E1,M06,104-0,C,SF-104,B,202406,34,1384,1.0
E1,M06,104-0,C,SF-104,B,202407,35,1410,2.0
E1,M06,104-0,C,SF-104,B,202408,36,1436,1.0
E1,M06,104-0,C,SF-104,B,202409,37,1462,0.0
E1,M06,104-0,C,SF-104,B,202410,38,1488,0.0
E1,M06,104-0,C,SF-104,B,202411,39,1514,1.0
E1,M06,104-0,D,SF-104,B,202109,1,394,1.0
E1,M06,104-0,D,SF-104,B,202110,2,414,1.0
E1,M06,104-0,D,SF-104,B,202111,3,434,1.0
E1,M06,104-0,D,SF-104,B,202112,4,453,0.0
E1,M06,104-0,D,SF-104,B,202201,5,472,1.0
E1,M06,104-0,D,SF-104,B,202202,6,492,2.0
E1,M06,104-0,D,SF-104,B,202203,7,512,1.0
E1,M06,104-0,D,SF-104,B,202204,8,531,1.0
E1,M06,104-0,D,SF-104,B,202205,9,550,0.0
E1,M06,104-0,D,SF-104,B,202206,10,570,1.0
E1,M06,104-0,D,SF-104,B,202207,11,590,1.0
E1,M06,104-0,D,SF-104,B,202208,12,609,0.0
E1,M06,104-0,D,SF-104,B,202209,13,628,1.0
E1,M06,104-0,D,SF-104,B,202210,14,648,2.0
E1,M06,104-0,D,SF-104,B,202211,15,668,1.0
E1,M06,104-0,D,SF-104,B,202212,16,687,0.0
E1,M06,104-0,D,SF-104,B,202301,17,706,0.0
E1,M06,104-0,D,SF-104,B,202302,18,726,0.0
E1,M06,104-0,D,SF-104,B,202303,19,746,0.0
E1,M06,104-0,D,SF-104,B,202304,20,765,2.0
E1,M06,104-0,D,SF-104,B,202305,21,784,1.0
E1,M06,104-0,D,SF-104,B,202306,22,804,1.0
E1,M06,104-0,D,SF-104,B,202307,23,824,1.0
E1,M06,104-0,D,SF-104,B,202308,24,843,1.0
E1,M06,104-0,D,SF-104,B,202309,25,862,2.0
E1,M06,104-0,D,SF-104,B,202310,26,882,1.0
E1,M06,104-0,D,SF-104,B,202311,27,902,0.0
E1,M06,104-0,D,SF-104,B,202312,28,921,0.0
E1,M06,104-0,D,SF-104,B,202401,29,940,2.0
E1,M06,104-0,D,SF-104,B,202402,30,960,2.0
E1,M06,104-0,D,SF-104,B,202403,31,980,0.0
E1,M06,104-0,D,SF-104,B,202404,32,999,2.0
E1,M06,104-0,D,SF-104,B,202405,33,1018,2.0
E1,M06,104-0,D,SF-104,B,202406,34,1038,1.0
E1,M06,104-0,D,SF-104,B,202407,35,1058,4.0
E1,M06,104-0,D,SF-104,B,202408,36,1077,2.0
E1,M06,104-0,D,SF-104,B,202409,37,1096,1.0
E1,M06,104-0,D,SF-104,B,202410,38,1116,0.0
E1,M06,104-0,E,SF-104,B,202204,8,248,0.0
E1,M06,104-0,E,SF-104,B,202205,9,257,0.0
E1,M06,104-0,E,SF-104,B,202206,10,266,0.0
E1,M06,104-0,E,SF-104,B,202207,11,275,0.0
E1,M06,104-0,E,SF-104,B,202208,12,284,0.0
E1,M06,104-0,E,SF-104,B,202209,13,293,0.0
E1,M06,104-0,E,SF-104,B,202210,14,302,0.0
E1,M06,104-0,E,SF-104,B,202211,15,312,1.0
E1,M06,104-0,E,SF-104,B,202212,16,321,1.0
E1,M06,104-0,E,SF-104,B,202301,17,330,0.0
E1,M06,104-0,E,SF-104,B,202302,18,339,0.0
E1,M06,104-0,E,SF-104,B,202303,19,348,1.0
E1,M06,104-0,E,SF-104,B,202304,20,357,0.0
E1,M06,104-0,E,SF-104,B,202305,21,366,0.0
E1,M06,104-0,E,SF-104,B,202306,22,375,0.0
E1,M06,104-0,E,SF-104,B,202307,23,384,0.0
E1,M06,104-0,E,SF-104,B,202308,24,393,0.0
E1,M06,104-0,E,SF-104,B,202309,25,403,1.0
E1,M06,104-0,E,SF-104,B,202310,26,412,0.0
E1,M06,104-0,E,SF-104,B,202311,27,421,0.0
E1,M06,104-0,E,SF-104,B,202312,28,430,1.0
E1,M06,104-0,E,SF-104,B,202401,29,439,0.0
E1,M06,104-0,E,SF-104,B,202402,30,448,1.0
E1,M06,104-0,E,SF-104,B,202403,31,457,1.0
E1,M06,104-0,E,SF-104,B,202404,32,466,0.0
E1,M06,104-0,E,SF-104,B,202405,33,475,2.0
E1,M06,104-0,E,SF-104,B,202406,34,484,0.0
E1,M06,104-0,E,SF-104,B,202407,35,494,0.0
E1,M06,104-0,E,SF-104,B,202408,36,503,0.0
E1,M06,104-0,E,SF-104,B,202409,37,512,0.0
E1,M06,104-0,E,SF-104,B,202410,38,521,1.0
E1,M06,104-0,E,SF-104,B,202411,39,530,1.0
E1,M06,104-0,E,SF-104,B,202412,40,539,0.0
E1,M06,105-0,A,SF-105,B,202109,1,894,1.0
E1,M06,105-0,A,SF-105,B,202110,2,938,0.0
E1,M06,105-0,A,SF-105,B,202111,3,983,0.0
E1,M06,105-0,A,SF-105,B,202112,4,1027,0.0
E1,M06,105-0,A,SF-105,B,202201,5,1071,0.0
E1,M06,105-0,A,SF-105,B,202202,6,1115,0.0
E1,M06,105-0,A,SF-105,B,202203,7,1159,0.0
E1,M06,105-0,A,SF-105,B,202204,8,1204,0.0
E1,M06,105-0,A,SF-105,B,202205,9,1248,0.0
E1,M06,105-0,A,SF-105,B,202206,10,1292,1.0
E1,M06,105-0,A,SF-105,B,202207,11,1336,2.0
E1,M06,105-0,A,SF-105,B,202208,12,1380,0.0
E1,M06,105-0,A,SF-105,B,202209,13,1425,0.0
E1,M06,105-0,A,SF-105,B,202210,14,1469,0.0
E1,M06,105-0,A,SF-105,B,202211,15,1513,0.0
E1,M06,105-0,A,SF-105,B,202212,16,1557,1.0
E1,M06,105-0,A,SF-105,B,202301,17,1601,1.0
E1,M06,105-0,A,SF-105,B,202302,18,1646,1.0
E1,M06,105-0,A,SF-105,B,202303,19,1690,0.0
E1,M06,105-0,A,SF-105,B,202304,20,1734,0.0
E1,M06,105-0,A,SF-105,B,202305,21,1778,1.0
E1,M06,105-0,A,SF-105,B,202306,22,1822,1.0
E1,M06,105-0,A,SF-105,B,202307,23,1867,0.0
E1,M06,105-0,A,SF-105,B,202308,24,1911,0.0
E1,M06,105-0,A,SF-105,B,202309,25,1955,0.0
E1,M06,105-0,A,SF-105,B,202310,26,1999,1.0
E1,M06,105-0,A,SF-105,B,202311,27,2043,0.0
E1,M06,105-0,A,SF-105,B,202312,28,2088,1.0
E1,M06,105-0,A,SF-105,B,202401,29,2132,0.0
E1,M06,105-0,A,SF-105,B,202402,30,2176,1.0
E1,M06,105-0,A,SF-105,B,202403,31,2220,0.0
E1,M06,105-0,A,SF-105,B,202404,32,2264,2.0
E1,M06,105-0,A,SF-105,B,202405,33,2309,1.0
E1,M06,105-0,A,SF-105,B,202406,34,2353,3.0
E1,M06,105-0,A,SF-105,B,202407,35,2397,0.0
E1,M06,105-0,A,SF-105,B,202408,36,2441,1.0
E1,M06,105-0,A,SF-105,B,202409,37,2485,1.0
E1,M06,105-0,A,SF-105,B,202410,38,2530,0.0
E1,M06,105-0,A,SF-105,B,202411,39,2574,0.0
E1,M06,105-0,A,SF-105,B,202412,40,2618,0.0
E1,M06,105-0,ALL,SF-105,B,202108,0,2500,0.0
E1,M06,105-0,ALL,SF-105,B,202109,1,2630,1.0
E1,M06,105-0,ALL,SF-105,B,202110,2,2760,0.0
E1,M06,105-0,ALL,SF-105,B,202111,3,2890,0.0
E1,M06,105-0,ALL,SF-105,B,202112,4,3020,2.0
E1,M06,105-0,ALL,SF-105,B,202201,5,3150,1.0
E1,M06,105-0,ALL,SF-105,B,202202,6,3280,0.0
E1,M06,105-0,ALL,SF-105,B,202203,7,3410,1.0
E1,M06,105-0,ALL,SF-105,B,202204,8,3540,1.0
E1,M06,105-0,ALL,SF-105,B,202205,9,3670,0.0
E1,M06,105-0,ALL,SF-105,B,202206,10,3800,1.0
E1,M06,105-0,ALL,SF-105,B,202207,11,3930,2.0
E1,M06,105-0,ALL,SF-105,B,202208,12,4060,1.0
E1,M06,105-0,ALL,SF-105,B,202209,13,4190,0.0
E1,M06,105-0,ALL,SF-105,B,202210,14,4320,0.0
E1,M06,105-0,ALL,SF-105,B,202211,15,4450,1.0
E1,M06,105-0,ALL,SF-105,B,202212,16,4580,1.0
E1,M06,105-0,ALL,SF-105,B,202301,17,4710,4.0
E1,M06,105-0,ALL,SF-105,B,202302,18,4840,3.0
E1,M06,105-0,ALL,SF-105,B,202303,19,4970,4.0
E1,M06,105-0,ALL,SF-105,B,202304,20,5100,0.0
E1,M06,105-0,ALL,SF-105,B,202305,21,5230,1.0
E1,M06,105-0,ALL,SF-105,B,202306,22,5360,1.0
E1,M06,105-0,ALL,SF-105,B,202307,23,5490,2.0
E1,M06,105-0,ALL,SF-105,B,202308,24,5620,1.0
E1,M06,105-0,ALL,SF-105,B,202309,25,5750,2.0
E1,M06,105-0,ALL,SF-105,B,202310,26,5880,3.0
E1,M06,105-0,ALL,SF-105,B,202311,27,6010,1.0
E1,M06,105-0,ALL,SF-105,B,202312,28,6140,2.0
E1,M06,105-0,ALL,SF-105,B,202401,29,6270,1.0
E1,M06,105-0,ALL,SF-105,B,202402,30,6400,2.0
E1,M06,105-0,ALL,SF-105,B,202403,31,6530,3.0
E1,M06,105-0,ALL,SF-105,B,202404,32,6660,2.0
E1,M06,105-0,ALL,SF-105,B,202405,33,6790,3.0
E1,M06,105-0,ALL,SF-105,B,202406,34,6920,3.0
E1,M06,105-0,ALL,SF-105,B,202407,35,7050,2.0
E1,M06,105-0,ALL,SF-105,B,202408,36,7180,2.0
E1,M06,105-0,ALL,SF-105,B,202409,37,7310,2.0
E1,M06,105-0,ALL,SF-105,B,202410,38,7440,1.0
E1,M06,105-0,ALL,SF-105,B,202411,39,7570,0.0
E1,M06,105-0,ALL,SF-105,B,202412,40,7700,0.0
E1,M06,105-0,B,SF-105,B,202110,2,662,0.0
E1,M06,105-0,B,SF-105,B,202111,3,694,0.0
E1,M06,105-0,B,SF-105,B,202112,4,725,0.0
E1,M06,105-0,B,SF-105,B,202201,5,756,1.0
E1,M06,105-0,B,SF-105,B,202202,6,787,0.0
E1,M06,105-0,B,SF-105,B,202203,7,818,0.0
E1,M06,105-0,B,SF-105,B,202204,8,850,0.0
E1,M06,105-0,B,SF-105,B,202205,9,881,0.0
E1,M06,105-0,B,SF-105,B,202206,10,912,0.0
E1,M06,105-0,B,SF-105,B,202207,11,943,0.0
E1,M06,105-0,B,SF-105,B,202208,12,974,0.0
E1,M06,105-0,B,SF-105,B,202209,13,1006,0.0
E1,M06,105-0,B,SF-105,B,202210,14,1037,0.0
E1,M06,105-0,B,SF-105,B,202211,15,1068,1.0
E1,M06,105-0,B,SF-105,B,202212,16,1099,0.0
E1,M06,105-0,B,SF-105,B,202301,17,1130,1.0
E1,M06,105-0,B,SF-105,B,202302,18,1162,0.0
E1,M06,105-0,B,SF-105,B,202303,19,1193,2.0
E1,M06,105-0,B,SF-105,B,202304,20,1224,0.0
E1,M06,105-0,B,SF-105,B,202305,21,1255,0.0
E1,M06,105-0,B,SF-105,B,202306,22,1286,0.0
E1,M06,105-0,B,SF-105,B,202307,23,1318,1.0
E1,M06,105-0,B,SF-105,B,202308,24,1349,1.0
E1,M06,105-0,B,SF-105,B,202309,25,1380,0.0
E1,M06,105-0,B,SF-105,B,202310,26,1411,1.0
E1,M06,105-0,B,SF-105,B,202311,27,1442,0.0
E1,M06,105-0,B,SF-105,B,202312,28,1474,0.0
E1,M06,105-0,B,SF-105,B,202401,29,1505,0.0
E1,M06,105-0,B,SF-105,B,202402,30,1536,1.0
E1,M06,105-0,B,SF-105,B,202403,31,1567,1.0
E1,M06,105-0,B,SF-105,B,202404,32,1598,0.0
E1,M06,105-0,B,SF-105,B,202405,33,1630,1.0
E1,M06,105-0,B,SF-105,B,202406,34,1661,0.0
E1,M06,105-0,B,SF-105,B,202407,35,1692,0.0
E1,M06,105-0,B,SF-105,B,202408,36,1723,0.0
E1,M06,105-0,B,SF-105,B,202409,37,1754,0.0
E1,M06,105-0,B,SF-105,B,202410,38,1786,1.0
E1,M06,105-0,B,SF-105,B,202411,39,1817,0.0
E1,M06,105-0,B,SF-105,B,202412,40,1848,0.0
E1,M06,105-0,C,SF-105,B,202110,2,552,0.0
E1,M06,105-0,C,SF-105,B,202111,3,578,0.0
E1,M06,105-0,C,SF-105,B,202112,4,604,1.0
E1,M06,105-0,C,SF-105,B,202201,5,630,0.0
E1,M06,105-0,C,SF-105,B,202202,6,656,0.0
E1,M06,105-0,C,SF-105,B,202203,7,682,0.0
E1,M06,105-0,C,SF-105,B,202204,8,708,1.0
E1,M06,105-0,C,SF-105,B,202205,9,734,0.0
E1,M06,105-0,C,SF-105,B,202206,10,760,0.0
E1,M06,105-0,C,SF-105,B,202207,11,786,0.0
E1,M06,105-0,C,SF-105,B,202208,12,812,1.0
E1,M06,105-0,C,SF-105,B,202209,13,838,0.0
E1,M06,105-0,C,SF-105,B,202210,14,864,0.0
E1,M06,105-0,C,SF-105,B,202211,15,890,0.0
E1,M06,105-0,C,SF-105,B,202212,16,916,0.0
E1,M06,105-0,C,SF-105,B,202301,17,942,2.0
E1,M06,105-0,C,SF-105,B,202302,18,968,1.0
E1,M06,105-0,C,SF-105,B,202303,19,994,2.0
E1,M06,105-0,C,SF-105,B,202304,20,1020,0.0
E1,M06,105-0,C,SF-105,B,202305,21,1046,0.0
E1,M06,105-0,C,SF-105,B,202306,22,1072,0.0
E1,M06,105-0,C,SF-105,B,202307,23,1098,0.0
E1,M06,105-0,C,SF-105,B,202308,24,1124,0.0
E1,M06,105-0,C,SF-105,B,202309,25,1150,1.0
E1,M06,105-0,C,SF-105,B,202310,26,1176,0.0
E1,M06,105-0,C,SF-105,B,202311,27,1202,1.0
E1,M06,105-0,C,SF-105,B,202312,28,1228,1.0
E1,M06,105-0,C,SF-105,B,202401,29,1254,0.0
E1,M06,105-0,C,SF-105,B,202402,30,1280,0.0
E1,M06,105-0,C,SF-105,B,202403,31,1306,2.0
E1,M06,105-0,C,SF-105,B,202404,32,1332,0.0
E1,M06,105-0,C,SF-105,B,202405,33,1358,1.0
E1,M06,105-0,C,SF-105,B,202406,34,1384,0.0
E1,M06,105-0,C,SF-105,B,202407,35,1410,1.0
E1,M06,105-0,C,SF-105,B,202408,36,1436,0.0
E1,M06,105-0,C,SF-105,B,202409,37,1462,1.0
E1,M06,105-0,C,SF-105,B,202410,38,1488,0.0
E1,M06,105-0,C,SF-105,B,202411,39,1514,0.0
E1,M06,105-0,D,SF-105,B,202110,2,414,0.0
E1,M06,105-0,D,SF-105,B,202111,3,434,0.0
E1,M06,105-0,D,SF-105,B,202112,4,453,1.0
E1,M06,105-0,D,SF-105,B,202201,5,472,0.0
E1,M06,105-0,D,SF-105,B,202202,6,492,0.0
E1,M06,105-0,D,SF-105,B,202203,7,512,1.0
E1,M06,105-0,D,SF-105,B,202204,8,531,0.0
E1,M06,105-0,D,SF-105,B,202205,9,550,0.0
E1,M06,105-0,D,SF-105,B,202206,10,570,0.0
E1,M06,105-0,D,SF-105,B,202207,11,590,0.0
E1,M06,105-0,D,SF-105,B,202208,12,609,0.0
E1,M06,105-0,D,SF-105,B,202209,13,628,0.0
E1,M06,105-0,D,SF-105,B,202210,14,648,0.0
E1,M06,105-0,D,SF-105,B,202211,15,668,0.0
E1,M06,105-0,D,SF-105,B,202212,16,687,0.0
E1,M06,105-0,D,SF-105,B,202301,17,706,0.0
E1,M06,105-0,D,SF-105,B,202302,18,726,1.0
E1,M06,105-0,D,SF-105,B,202303,19,746,0.0
E1,M06,105-0,D,SF-105,B,202304,20,765,0.0
E1,M06,105-0,D,SF-105,B,202305,21,784,0.0
E1,M06,105-0,D,SF-105,B,202306,22,804,0.0
E1,M06,105-0,D,SF-105,B,202307,23,824,1.0
E1,M06,105-0,D,SF-105,B,202308,24,843,0.0
E1,M06,105-0,D,SF-105,B,202309,25,862,0.0
E1,M06,105-0,D,SF-105,B,202310,26,882,1.0
E1,M06,105-0,D,SF-105,B,202311,27,902,0.0
E1,M06,105-0,D,SF-105,B,202312,28,921,0.0
E1,M06,105-0,D,SF-105,B,202401,29,940,1.0
E1,M06,105-0,D,SF-105,B,202402,30,960,0.0
E1,M06,105-0,D,SF-105,B,202403,31,980,0.0
E1,M06,105-0,D,SF-105,B,202404,32,999,0.0
E1,M06,105-0,D,SF-105,B,202405,33,1018,0.0
E1,M06,105-0,D,SF-105,B,202406,34,1038,0.0
E1,M06,105-0,D,SF-105,B,202407,35,1058,0.0
E1,M06,105-0,D,SF-105,B,202408,36,1077,0.0
E1,M06,105-0,D,SF-105,B,202409,37,1096,0.0
E1,M06,105-0,D,SF-105,B,202410,38,1116,0.0
E1,M06,105-0,E,SF-105,B,202204,8,248,0.0
E1,M06,105-0,E,SF-105,B,202205,9,257,0.0
E1,M06,105-0,E,SF-105,B,202206,10,266,0.0
E1,M06,105-0,E,SF-105,B,202207,11,275,0.0
E1,M06,105-0,E,SF-105,B,202208,12,284,0.0
E1,M06,105-0,E,SF-105,B,202209,13,293,0.0
E1,M06,105-0,E,SF-105,B,202210,14,302,0.0
E1,M06,105-0,E,SF-105,B,202211,15,312,0.0
E1,M06,105-0,E,SF-105,B,202212,16,321,0.0
E1,M06,105-0,E,SF-105,B,202301,17,330,0.0
E1,M06,105-0,E,SF-105,B,202302,18,339,0.0
E1,M06,105-0,E,SF-105,B,202303,19,348,0.0
E1,M06,105-0,E,SF-105,B,202304,20,357,0.0
E1,M06,105-0,E,SF-105,B,202305,21,366,0.0
E1,M06,105-0,E,SF-105,B,202306,22,375,0.0
E1,M06,105-0,E,SF-105,B,202307,23,384,0.0
E1,M06,105-0,E,SF-105,B,202308,24,393,0.0
E1,M06,105-0,E,SF-105,B,202309,25,403,1.0
E1,M06,105-0,E,SF-105,B,202310,26,412,0.0
E1,M06,105-0,E,SF-105,B,202311,27,421,0.0
E1,M06,105-0,E,SF-105,B,202312,28,430,0.0
E1,M06,105-0,E,SF-105,B,202401,29,439,0.0
E1,M06,105-0,E,SF-105,B,202402,30,448,0.0
E1,M06,105-0,E,SF-105,B,202403,31,457,0.0
E1,M06,105-0,E,SF-105,B,202404,32,466,0.0
E1,M06,105-0,E,SF-105,B,202405,33,475,0.0
E1,M06,105-0,E,SF-105,B,202406,34,484,0.0
E1,M06,105-0,E,SF-105,B,202407,35,494,1.0
E1,M06,105-0,E,SF-105,B,202408,36,503,1.0
E1,M06,105-0,E,SF-105,B,202409,37,512,0.0
E1,M06,105-0,E,SF-105,B,202410,38,521,0.0
E1,M06,105-0,E,SF-105,B,202411,39,530,0.0
E1,M06,105-0,E,SF-105,B,202412,40,539,0.0
E1,M07,100-0,A,SF-100,B,202111,1,894,3.0
E1,M07,100-0,A,SF-100,B,202112,2,938,2.0
E1,M07,100-0,A,SF-100,B,202201,3,983,2.0
E1,M07,100-0,A,SF-100,B,202202,4,1027,2.0
E1,M07,100-0,A,SF-100,B,202203,5,1071,1.0
E1,M07,100-0,A,SF-100,B,202204,6,1115,0.0
E1,M07,100-0,A,SF-100,B,202205,7,1159,1.0
E1,M07,100-0,A,SF-100,B,202206,8,1204,0.0
E1,M07,100-0,A,SF-100,B,202207,9,1248,0.0
E1,M07,100-0,A,SF-100,B,202208,10,1292,1.0
E1,M07,100-0,A,SF-100,B,202209,11,1336,3.0
E1,M07,100-0,A,SF-100,B,202210,12,1380,2.0
E1,M07,100-0,A,SF-100,B,202211,13,1425,2.0
E1,M07,100-0,A,SF-100,B,202212,14,1469,1.0
E1,M07,100-0,A,SF-100,B,202301,15,1513,2.0
E1,M07,100-0,A,SF-100,B,202302,16,1557,3.0
E1,M07,100-0,A,SF-100,B,202303,17,1601,3.0
E1,M07,100-0,A,SF-100,B,202304,18,1646,3.0
E1,M07,100-0,A,SF-100,B,202305,19,1690,2.0
E1,M07,100-0,A,SF-100,B,202306,20,1734,3.0
E1,M07,100-0,A,SF-100,B,202307,21,1778,2.0
E1,M07,100-0,A,SF-100,B,202308,22,1822,3.0
E1,M07,100-0,A,SF-100,B,202309,23,1867,1.0
E1,M07,100-0,A,SF-100,B,202310,24,1911,0.0
E1,M07,100-0,A,SF-100,B,202311,25,1955,2.0
E1,M07,100-0,A,SF-100,B,202312,26,1999,4.0
E1,M07,100-0,A,SF-100,B,202401,27,2043,0.0
E1,M07,100-0,A,SF-100,B,202402,28,2088,4.0
E1,M07,100-0,A,SF-100,B,202403,29,2132,1.0
E1,M07,100-0,A,SF-100,B,202404,30,2176,0.0
E1,M07,100-0,A,SF-100,B,202405,31,2220,2.0
E1,M07,100-0,A,SF-100,B,202406,32,2264,3.0
E1,M07,100-0,A,SF-100,B,202407,33,2309,6.0
E1,M07,100-0,A,SF-100,B,202408,34,2353,3.0
E1,M07,100-0,A,SF-100,B,202409,35,2397,3.0
E1,M07,100-0,A,SF-100,B,202410,36,2441,0.0
E1,M07,100-0,A,SF-100,B,202411,37,2485,3.0
E1,M07,100-0,A,SF-100,B,202412,38,2530,3.0
E1,M07,100-0,ALL,SF-100,B,202110,0,2500,1.0
E1,M07,100-0,ALL,SF-100,B,202111,1,2630,4.0
E1,M07,100-0,ALL,SF-100,B,202112,2,2760,4.0
E1,M07,100-0,ALL,SF-100,B,202201,3,2890,4.0
E1,M07,100-0,ALL,SF-100,B,202202,4,3020,3.0
E1,M07,100-0,ALL,SF-100,B,202203,5,3150,3.0
E1,M07,100-0,ALL,SF-100,B,202204,6,3280,3.0
E1,M07,100-0,ALL,SF-100,B,202205,7,3410,2.0
E1,M07,100-0,ALL,SF-100,B,202206,8,3540,2.0
E1,M07,100-0,ALL,SF-100,B,202207,9,3670,0.0
E1,M07,100-0,ALL,SF-100,B,202208,10,3800,2.0
E1,M07,100-0,ALL,SF-100,B,202209,11,3930,6.0
E1,M07,100-0,ALL,SF-100,B,202210,12,4060,4.0
E1,M07,100-0,ALL,SF-100,B,202211,13,4190,5.0
E1,M07,100-0,ALL,SF-100,B,202212,14,4320,2.0
E1,M07,100-0,ALL,SF-100,B,202301,15,4450,5.0
E1,M07,100-0,ALL,SF-100,B,202302,16,4580,7.0
E1,M07,100-0,ALL,SF-100,B,202303,17,4710,5.0
E1,M07,100-0,ALL,SF-100,B,202304,18,4840,7.0
E1,M07,100-0,ALL,SF-100,B,202305,19,4970,10.0
E1,M07,100-0,ALL,SF-100,B,202306,20,5100,8.0
E1,M07,100-0,ALL,SF-100,B,202307,21,5230,7.0
E1,M07,100-0,ALL,SF-100,B,202308,22,5360,7.0
E1,M07,100-0,ALL,SF-100,B,202309,23,5490,4.0
E1,M07,100-0,ALL,SF-100,B,202310,24,5620,3.0
E1,M07,100-0,ALL,SF-100,B,202311,25,5750,4.0
E1,M07,100-0,ALL,SF-100,B,202312,26,5880,8.0
E1,M07,100-0,ALL,SF-100,B,202401,27,6010,7.0
E1,M07,100-0,ALL,SF-100,B,202402,28,6140,8.0
E1,M07,100-0,ALL,SF-100,B,202403,29,6270,5.0
E1,M07,100-0,ALL,SF-100,B,202404,30,6400,4.0
E1,M07,100-0,ALL,SF-100,B,202405,31,6530,13.0
E1,M07,100-0,ALL,SF-100,B,202406,32,6660,10.0
E1,M07,100-0,ALL,SF-100,B,202407,33,6790,8.0
E1,M07,100-0,ALL,SF-100,B,202408,34,6920,13.0
E1,M07,100-0,ALL,SF-100,B,202409,35,7050,11.0
E1,M07,100-0,ALL,SF-100,B,202410,36,7180,4.0
E1,M07,100-0,ALL,SF-100,B,202411,37,7310,7.0
E1,M07,100-0,ALL,SF-100,B,202412,38,7440,6.0
E1,M07,100-0,B,SF-100,B,202112,2,662,1.0
E1,M07,100-0,B,SF-100,B,202201,3,694,1.0
E1,M07,100-0,B,SF-100,B,202202,4,725,0.0
E1,M07,100-0,B,SF-100,B,202203,5,756,1.0
E1,M07,100-0,B,SF-100,B,202204,6,787,1.0
E1,M07,100-0,B,SF-100,B,202205,7,818,0.0
E1,M07,100-0,B,SF-100,B,202206,8,850,0.0
E1,M07,100-0,B,SF-100,B,202207,9,881,0.0
E1,M07,100-0,B,SF-100,B,202208,10,912,1.0
E1,M07,100-0,B,SF-100,B,202209,11,943,3.0
E1,M07,100-0,B,SF-100,B,202210,12,974,0.0
E1,M07,100-0,B,SF-100,B,202211,13,1006,0.0
E1,M07,100-0,B,SF-100,B,202212,14,1037,0.0
E1,M07,100-0,B,SF-100,B,202301,15,1068,0.0
E1,M07,100-0,B,SF-100,B,202302,16,1099,1.0
E1,M07,100-0,B,SF-100,B,202303,17,1130,1.0
E1,M07,100-0,B,SF-100,B,202304,18,1162,1.0
E1,M07,100-0,B,SF-100,B,202305,19,1193,3.0
E1,M07,100-0,B,SF-100,B,202306,20,1224,3.0
E1,M07,100-0,B,SF-100,B,202307,21,1255,3.0
E1,M07,100-0,B,SF-100,B,202308,22,1286,1.0
E1,M07,100-0,B,SF-100,B,202309,23,1318,0.0
E1,M07,100-0,B,SF-100,B,202310,24,1349,0.0
E1,M07,100-0,B,SF-100,B,202311,25,1380,1.0
E1,M07,100-0,B,SF-100,B,202312,26,1411,1.0
E1,M07,100-0,B,SF-100,B,202401,27,1442,1.0
E1,M07,100-0,B,SF-100,B,202402,28,1474,2.0
E1,M07,100-0,B,SF-100,B,202403,29,1505,2.0
E1,M07,100-0,B,SF-100,B,202404,30,1536,2.0
E1,M07,100-0,B,SF-100,B,202405,31,1567,4.0
E1,M07,100-0,B,SF-100,B,202406,32,1598,3.0
E1,M07,100-0,B,SF-100,B,202407,33,1630,0.0
E1,M07,100-0,B,SF-100,B,202408,34,1661,1.0
E1,M07,100-0,B,SF-100,B,202409,35,1692,4.0
E1,M07,100-0,B,SF-100,B,202410,36,1723,2.0
E1,M07,100-0,B,SF-100,B,202411,37,1754,4.0
E1,M07,100-0,B,SF-100,B,202412,38,1786,2.0
E1,M07,100-0,C,SF-100,B,202110,0,500,1.0
E1,M07,100-0,C,SF-100,B,202111,1,526,1.0
E1,M07,100-0,C,SF-100,B,202112,2,552,0.0
E1,M07,100-0,C,SF-100,B,202201,3,578,1.0
E1,M07,100-0,C,SF-100,B,202202,4,604,0.0
E1,M07,100-0,C,SF-100,B,202203,5,630,1.0
E1,M07,100-0,C,SF-100,B,202204,6,656,1.0
E1,M07,100-0,C,SF-100,B,202205,7,682,1.0
E1,M07,100-0,C,SF-100,B,202206,8,708,0.0
E1,M07,100-0,C,SF-100,B,202207,9,734,0.0
E1,M07,100-0,C,SF-100,B,202208,10,760,0.0
E1,M07,100-0,C,SF-100,B,202209,11,786,0.0
E1,M07,100-0,C,SF-100,B,202210,12,812,1.0
E1,M07,100-0,C,SF-100,B,202211,13,838,2.0
E1,M07,100-0,C,SF-100,B,202212,14,864,0.0
E1,M07,100-0,C,SF-100,B,202301,15,890,1.0
E1,M07,100-0,C,SF-100,B,202302,16,916,1.0
E1,M07,100-0,C,SF-100,B,202303,17,942,0.0
E1,M07,100-0,C,SF-100,B,202304,18,968,0.0
E1,M07,100-0,C,SF-100,B,202305,19,994,4.0
E1,M07,100-0,C,SF-100,B,202306,20,1020,0.0
E1,M07,100-0,C,SF-100,B,202307,21,1046,1.0
E1,M07,100-0,C,SF-100,B,202308,22,1072,1.0
E1,M07,100-0,C,SF-100,B,202309,23,1098,0.0
E1,M07,100-0,C,SF-100,B,202310,24,1124,2.0
E1,M07,100-0,C,SF-100,B,202311,25,1150,0.0
E1,M07,100-0,C,SF-100,B,202312,26,1176,1.0
E1,M07,100-0,C,SF-100,B,202401,27,1202,3.0
E1,M07,100-0,C,SF-100,B,202402,28,1228,1.0
E1,M07,100-0,C,SF-100,B,202403,29,1254,2.0
E1,M07,100-0,C,SF-100,B,202404,30,1280,0.0
E1,M07,100-0,C,SF-100,B,202405,31,1306,2.0
E1,M07,100-0,C,SF-100,B,202406,32,1332,2.0
E1,M07,100-0,C,SF-100,B,202407,33,1358,2.0
E1,M07,100-0,C,SF-100,B,202408,34,1384,5.0
E1,M07,100-0,C,SF-100,B,202409,35,1410,2.0
E1,M07,100-0,C,SF-100,B,202410,36,1436,2.0
E1,M07,100-0,C,SF-100,B,202411,37,1462,0.0
E1,M07,100-0,D,SF-100,B,202112,2,414,1.0
E1,M07,100-0,D,SF-100,B,202201,3,434,0.0
E1,M07,100-0,D,SF-100,B,202202,4,453,1.0
E1,M07,100-0,D,SF-100,B,202203,5,472,0.0
E1,M07,100-0,D,SF-100,B,202204,6,492,1.0
E1,M07,100-0,D,SF-100,B,202205,7,512,0.0
E1,M07,100-0,D,SF-100,B,202206,8,531,1.0
E1,M07,100-0,D,SF-100,B,202207,9,550,0.0
E1,M07,100-0,D,SF-100,B,202208,10,570,0.0
E1,M07,100-0,D,SF-100,B,202209,11,590,0.0
E1,M07,100-0,D,SF-100,B,202210,12,609,1.0
E1,M07,100-0,D,SF-100,B,202211,13,628,1.0
E1,M07,100-0,D,SF-100,B,202212,14,648,1.0
E1,M07,100-0,D,SF-100,B,202301,15,668,1.0
E1,M07,100-0,D,SF-100,B,202302,16,687,1.0
E1,M07,100-0,D,SF-100,B,202303,17,706,1.0
E1,M07,100-0,D,SF-100,B,202304,18,726,2.0
E1,M07,100-0,D,SF-100,B,202305,19,746,1.0
E1,M07,100-0,D,SF-100,B,202306,20,765,1.0
E1,M07,100-0,D,SF-100,B,202307,21,784,1.0
E1,M07,100-0,D,SF-100,B,202308,22,804,2.0
E1,M07,100-0,D,SF-100,B,202309,23,824,3.0
E1,M07,100-0,D,SF-100,B,202310,24,843,1.0
E1,M07,100-0,D,SF-100,B,202311,25,862,1.0
E1,M07,100-0,D,SF-100,B,202312,26,882,0.0
E1,M07,100-0,D,SF-100,B,202401,27,902,2.0
E1,M07,100-0,D,SF-100,B,202402,28,921,1.0
E1,M07,100-0,D,SF-100,B,202403,29,940,0.0
E1,M07,100-0,D,SF-100,B,202404,30,960,1.0
E1,M07,100-0,D,SF-100,B,202405,31,980,3.0
E1,M07,100-0,D,SF-100,B,202406,32,999,1.0
E1,M07,100-0,D,SF-100,B,202407,33,1018,0.0
E1,M07,100-0,D,SF-100,B,202408,34,1038,2.0
E1,M07,100-0,D,SF-100,B,202409,35,1058,1.0
E1,M07,100-0,D,SF-100,B,202410,36,1077,0.0
E1,M07,100-0,E,SF-100,B,202206,8,248,1.0
E1,M07,100-0,E,SF-100,B,202207,9,257,0.0
E1,M07,100-0,E,SF-100,B,202208,10,266,0.0
E1,M07,100-0,E,SF-100,B,202209,11,275,0.0
E1,M07,100-0,E,SF-100,B,202210,12,284,0.0
E1,M07,100-0,E,SF-100,B,202211,13,293,0.0
E1,M07,100-0,E,SF-100,B,202212,14,302,0.0
E1,M07,100-0,E,SF-100,B,202301,15,312,1.0
E1,M07,100-0,E,SF-100,B,202302,16,321,1.0
E1,M07,100-0,E,SF-100,B,202303,17,330,0.0
E1,M07,100-0,E,SF-100,B,202304,18,339,1.0
E1,M07,100-0,E,SF-100,B,202305,19,348,0.0
E1,M07,100-0,E,SF-100,B,202306,20,357,1.0
E1,M07,100-0,E,SF-100,B,202307,21,366,0.0
E1,M07,100-0,E,SF-100,B,202308,22,375,0.0
E1,M07,100-0,E,SF-100,B,202309,23,384,0.0
E1,M07,100-0,E,SF-100,B,202310,24,393,0.0
E1,M07,100-0,E,SF-100,B,202311,25,403,0.0
E1,M07,100-0,E,SF-100,B,202312,26,412,2.0
E1,M07,100-0,E,SF-100,B,202401,27,421,1.0
E1,M07,100-0,E,SF-100,B,202402,28,430,0.0
E1,M07,100-0,E,SF-100,B,202403,29,439,0.0
E1,M07,100-0,E,SF-100,B,202404,30,448,1.0
E1,M07,100-0,E,SF-100,B,202405,31,457,2.0
E1,M07,100-0,E,SF-100,B,202406,32,466,1.0
E1,M07,100-0,E,SF-100,B,202407,33,475,0.0
E1,M07,100-0,E,SF-100,B,202408,34,484,2.0
E1,M07,100-0,E,SF-100,B,202409,35,494,1.0
E1,M07,100-0,E,SF-100,B,202410,36,503,0.0
E1,M07,100-0,E,SF-100,B,202411,37,512,0.0
E1,M07,100-0,E,SF-100,B,202412,38,521,1.0
E1,M07,101-0,A,SF-101,B,202110,0,850,1.0
E1,M07,101-0,A,SF-101,B,202112,2,938,0.0
E1,M07,101-0,A,SF-101,B,202201,3,983,1.0
E1,M07,101-0,A,SF-101,B,202202,4,1027,2.0
E1,M07,101-0,A,SF-101,B,202203,5,1071,3.0
E1,M07,101-0,A,SF-101,B,202204,6,1115,0.0
E1,M07,101-0,A,SF-101,B,202205,7,1159,0.0
E1,M07,101-0,A,SF-101,B,202206,8,1204,0.0
E1,M07,101-0,A,SF-101,B,202207,9,1248,0.0
E1,M07,101-0,A,SF-101,B,202208,10,1292,2.0
E1,M07,101-0,A,SF-101,B,202209,11,1336,2.0
E1,M07,101-0,A,SF-101,B,202210,12,1380,0.0
E1,M07,101-0,A,SF-101,B,202211,13,1425,1.0
E1,M07,101-0,A,SF-101,B,202212,14,1469,2.0
E1,M07,101-0,A,SF-101,B,202301,15,1513,1.0
E1,M07,101-0,A,SF-101,B,202302,16,1557,2.0
E1,M07,101-0,A,SF-101,B,202303,17,1601,1.0
E1,M07,101-0,A,SF-101,B,202304,18,1646,0.0
E1,M07,101-0,A,SF-101,B,202305,19,1690,0.0
E1,M07,101-0,A,SF-101,B,202306,20,1734,0.0
E1,M07,101-0,A,SF-101,B,202307,21,1778,2.0
E1,M07,101-0,A,SF-101,B,202308,22,1822,1.0
E1,M07,101-0,A,SF-101,B,202309,23,1867,1.0
E1,M07,101-0,A,SF-101,B,202310,24,1911,0.0
E1,M07,101-0,A,SF-101,B,202311,25,1955,3.0
E1,M07,101-0,A,SF-101,B,202312,26,1999,1.0
E1,M07,101-0,A,SF-101,B,202401,27,2043,2.0
E1,M07,101-0,A,SF-101,B,202402,28,2088,2.0
E1,M07,101-0,A,SF-101,B,202403,29,2132,0.0
E1,M07,101-0,A,SF-101,B,202404,30,2176,4.0
E1,M07,101-0,A,SF-101,B,202405,31,2220,2.0
E1,M07,101-0,A,SF-101,B,202406,32,2264,1.0
E1,M07,101-0,A,SF-101,B,202407,33,2309,1.0
E1,M07,101-0,A,SF-101,B,202408,34,2353,0.0
E1,M07,101-0,A,SF-101,B,202409,35,2397,2.0
E1,M07,101-0,A,SF-101,B,202410,36,2441,4.0
E1,M07,101-0,A,SF-101,B,202411,37,2485,2.0
E1,M07,101-0,A,SF-101,B,202412,38,2530,2.0
E1,M07,101-0,ALL,SF-101,B,202110,0,2500,3.0
E1,M07,101-0,ALL,SF-101,B,202111,1,2630,2.0
E1,M07,101-0,ALL,SF-101,B,202112,2,2760,1.0
E1,M07,101-0,ALL,SF-101,B,202201,3,2890,1.0
E1,M07,101-0,ALL,SF-101,B,202202,4,3020,6.0
E1,M07,101-0,ALL,SF-101,B,202203,5,3150,6.0
E1,M07,101-0,ALL,SF-101,B,202204,6,3280,0.0
E1,M07,101-0,ALL,SF-101,B,202205,7,3410,1.0
E1,M07,101-0,ALL,SF-101,B,202206,8,3540,2.0
E1,M07,101-0,ALL,SF-101,B,202207,9,3670,1.0
E1,M07,101-0,ALL,SF-101,B,202208,10,3800,6.0
E1,M07,101-0,ALL,SF-101,B,202209,11,3930,4.0
E1,M07,101-0,ALL,SF-101,B,202210,12,4060,0.0
E1,M07,101-0,ALL,SF-101,B,202211,13,4190,4.0
E1,M07,101-0,ALL,SF-101,B,202212,14,4320,2.0
E1,M07,101-0,ALL,SF-101,B,202301,15,4450,5.0
E1,M07,101-0,ALL,SF-101,B,202302,16,4580,4.0
E1,M07,101-0,ALL,SF-101,B,202303,17,4710,7.0
E1,M07,101-0,ALL,SF-101,B,202304,18,4840,1.0
E1,M07,101-0,ALL,SF-101,B,202305,19,4970,3.0
E1,M07,101-0,ALL,SF-101,B,202306,20,5100,4.0
E1,M07,101-0,ALL,SF-101,B,202307,21,5230,4.0
E1,M07,101-0,ALL,SF-101,B,202308,22,5360,1.0
E1,M07,101-0,ALL,SF-101,B,202309,23,5490,5.0
E1,M07,101-0,ALL,SF-101,B,202310,24,5620,1.0
E1,M07,101-0,ALL,SF-101,B,202311,25,5750,9.0
E1,M07,101-0,ALL,SF-101,B,202312,26,5880,5.0
E1,M07,101-0,ALL,SF-101,B,202401,27,6010,6.0
E1,M07,101-0,ALL,SF-101,B,202402,28,6140,6.0
E1,M07,101-0,ALL,SF-101,B,202403,29,6270,1.0
E1,M07,101-0,ALL,SF-101,B,202404,30,6400,6.0
E1,M07,101-0,ALL,SF-101,B,202405,31,6530,8.0
E1,M07,101-0,ALL,SF-101,B,202406,32,6660,3.0
E1,M07,101-0,ALL,SF-101,B,202407,33,6790,4.0
E1,M07,101-0,ALL,SF-101,B,202408,34,6920,5.0
E1,M07,101-0,ALL,SF-101,B,202409,35,7050,7.0
E1,M07,101-0,ALL,SF-101,B,202410,36,7180,6.0
E1,M07,101-0,ALL,SF-101,B,202411,37,7310,3.0
E1,M07,101-0,ALL,SF-101,B,202412,38,7440,3.0
E1,M07,101-0,B,SF-101,B,202110,0,600,1.0
E1,M07,101-0,B,SF-101,B,202111,1,631,2.0
E1,M07,101-0,B,SF-101,B,202112,2,662,0.0
E1,M07,101-0,B,SF-101,B,202201,3,694,0.0
E1,M07,101-0,B,SF-101,B,202202,4,725,2.0
E1,M07,101-0,B,SF-101,B,202203,5,756,1.0
E1,M07,101-0,B,SF-101,B,202204,6,787,0.0
E1,M07,101-0,B,SF-101,B,202205,7,818,1.0
E1,M07,101-0,B,SF-101,B,202206,8,850,1.0
E1,M07,101-0,B,SF-101,B,202207,9,881,1.0
E1,M07,101-0,B,SF-101,B,202208,10,912,3.0
E1,M07,101-0,B,SF-101,B,202209,11,943,2.0
E1,M07,101-0,B,SF-101,B,202210,12,974,0.0
E1,M07,101-0,B,SF-101,B,202211,13,1006,1.0
E1,M07,101-0,B,SF-101,B,202212,14,1037,0.0
E1,M07,101-0,B,SF-101,B,202301,15,1068,3.0
E1,M07,101-0,B,SF-101,B,202302,16,1099,1.0
E1,M07,101-0,B,SF-101,B,202303,17,1130,5.0
E1,M07,101-0,B,SF-101,B,202304,18,1162,0.0
E1,M07,101-0,B,SF-101,B,202305,19,1193,3.0
E1,M07,101-0,B,SF-101,B,202306,20,1224,3.0
E1,M07,101-0,B,SF-101,B,202307,21,1255,1.0
E1,M07,101-0,B,SF-101,B,202308,22,1286,0.0
E1,M07,101-0,B,SF-101,B,202309,23,1318,2.0
E1,M07,101-0,B,SF-101,B,202310,24,1349,1.0
E1,M07,101-0,B,SF-101,B,202311,25,1380,3.0
E1,M07,101-0,B,SF-101,B,202312,26,1411,1.0
E1,M07,101-0,B,SF-101,B,202401,27,1442,0.0
E1,M07,101-0,B,SF-101,B,202402,28,1474,2.0
E1,M07,101-0,B,SF-101,B,202403,29,1505,0.0
E1,M07,101-0,B,SF-101,B,202404,30,1536,0.0
E1,M07,101-0,B,SF-101,B,202405,31,1567,3.0
E1,M07,101-0,B,SF-101,B,202406,32,1598,0.0
E1,M07,101-0,B,SF-101,B,202407,33,1630,0.0
E1,M07,101-0,B,SF-101,B,202408,34,1661,1.0
E1,M07,101-0,B,SF-101,B,202409,35,1692,1.0
E1,M07,101-0,B,SF-101,B,202410,36,1723,1.0
E1,M07,101-0,B,SF-101,B,202411,37,1754,1.0
E1,M07,101-0,B,SF-101,B,202412,38,1786,1.0
E1,M07,101-0,C,SF-101,B,202110,0,500,1.0
E1,M07,101-0,C,SF-101,B,202112,2,552,0.0
E1,M07,101-0,C,SF-101,B,202201,3,578,0.0
E1,M07,101-0,C,SF-101,B,202202,4,604,0.0
E1,M07,101-0,C,SF-101,B,202203,5,630,1.0
E1,M07,101-0,C,SF-101,B,202204,6,656,0.0
E1,M07,101-0,C,SF-101,B,202205,7,682,0.0
E1,M07,101-0,C,SF-101,B,202206,8,708,0.0
E1,M07,101-0,C,SF-101,B,202207,9,734,0.0
E1,M07,101-0,C,SF-101,B,202208,10,760,0.0
E1,M07,101-0,C,SF-101,B,202209,11,786,0.0
E1,M07,101-0,C,SF-101,B,202210,12,812,0.0
E1,M07,101-0,C,SF-101,B,202211,13,838,1.0
E1,M07,101-0,C,SF-101,B,202212,14,864,0.0
E1,M07,101-0,C,SF-101,B,202301,15,890,0.0
E1,M07,101-0,C,SF-101,B,202302,16,916,0.0
E1,M07,101-0,C,SF-101,B,202303,17,942,1.0
E1,M07,101-0,C,SF-101,B,202304,18,968,0.0
E1,M07,101-0,C,SF-101,B,202305,19,994,0.0
E1,M07,101-0,C,SF-101,B,202306,20,1020,1.0
E1,M07,101-0,C,SF-101,B,202307,21,1046,0.0
E1,M07,101-0,C,SF-101,B,202308,22,1072,0.0
E1,M07,101-0,C,SF-101,B,202309,23,1098,2.0
E1,M07,101-0,C,SF-101,B,202310,24,1124,0.0
E1,M07,101-0,C,SF-101,B,202311,25,1150,3.0
E1,M07,101-0,C,SF-101,B,202312,26,1176,0.0
E1,M07,101-0,C,SF-101,B,202401,27,1202,2.0
E1,M07,101-0,C,SF-101,B,202402,28,1228,1.0
E1,M07,101-0,C,SF-101,B,202403,29,1254,0.0
E1,M07,101-0,C,SF-101,B,202404,30,1280,2.0
E1,M07,101-0,C,SF-101,B,202405,31,1306,1.0
E1,M07,101-0,C,SF-101,B,202406,32,1332,1.0
E1,M07,101-0,C,SF-101,B,202407,33,1358,2.0
E1,M07,101-0,C,SF-101,B,202408,34,1384,2.0
E1,M07,101-0,C,SF-101,B,202409,35,1410,1.0
E1,M07,101-0,C,SF-101,B,202410,36,1436,1.0
E1,M07,101-0,C,SF-101,B,202411,37,1462,0.0
E1,M07,101-0,D,SF-101,B,202112,2,414,1.0
E1,M07,101-0,D,SF-101,B,202201,3,434,0.0
E1,M07,101-0,D,SF-101,B,202202,4,453,2.0
E1,M07,101-0,D,SF-101,B,202203,5,472,1.0
E1,M07,101-0,D,SF-101,B,202204,6,492,0.0
E1,M07,101-0,D,SF-101,B,202205,7,512,0.0
E1,M07,101-0,D,SF-101,B,202206,8,531,1.0
E1,M07,101-0,D,SF-101,B,202207,9,550,0.0
E1,M07,101-0,D,SF-101,B,202208,10,570,1.0
E1,M07,101-0,D,SF-101,B,202209,11,590,0.0
E1,M07,101-0,D,SF-101,B,202210,12,609,0.0
E1,M07,101-0,D,SF-101,B,202211,13,628,1.0
E1,M07,101-0,D,SF-101,B,202212,14,648,0.0
E1,M07,101-0,D,SF-101,B,202301,15,668,1.0
E1,M07,101-0,D,SF-101,B,202302,16,687,0.0
E1,M07,101-0,D,SF-101,B,202303,17,706,0.0
E1,M07,101-0,D,SF-101,B,202304,18,726,1.0
E1,M07,101-0,D,SF-101,B,202305,19,746,0.0
E1,M07,101-0,D,SF-101,B,202306,20,765,0.0
E1,M07,101-0,D,SF-101,B,202307,21,784,1.0
E1,M07,101-0,D,SF-101,B,202308,22,804,0.0
E1,M07,101-0,D,SF-101,B,202309,23,824,0.0
E1,M07,101-0,D,SF-101,B,202310,24,843,0.0
E1,M07,101-0,D,SF-101,B,202311,25,862,0.0
E1,M07,101-0,D,SF-101,B,202312,26,882,1.0
E1,M07,101-0,D,SF-101,B,202401,27,902,1.0
E1,M07,101-0,D,SF-101,B,202402,28,921,0.0
E1,M07,101-0,D,SF-101,B,202403,29,940,1.0
E1,M07,101-0,D,SF-101,B,202404,30,960,0.0
E1,M07,101-0,D,SF-101,B,202405,31,980,2.0
E1,M07,101-0,D,SF-101,B,202406,32,999,1.0
E1,M07,101-0,D,SF-101,B,202407,33,1018,0.0
E1,M07,101-0,D,SF-101,B,202408,34,1038,2.0
E1,M07,101-0,D,SF-101,B,202409,35,1058,3.0
E1,M07,101-0,D,SF-101,B,202410,36,1077,0.0
E1,M07,101-0,E,SF-101,B,202206,8,248,0.0
E1,M07,101-0,E,SF-101,B,202207,9,257,0.0
E1,M07,101-0,E,SF-101,B,202208,10,266,0.0
E1,M07,101-0,E,SF-101,B,202209,11,275,0.0
E1,M07,101-0,E,SF-101,B,202210,12,284,0.0
E1,M07,101-0,E,SF-101,B,202211,13,293,0.0
E1,M07,101-0,E,SF-101,B,202212,14,302,0.0
E1,M07,101-0,E,SF-101,B,202301,15,312,0.0
E1,M07,101-0,E,SF-101,B,202302,16,321,1.0
E1,M07,101-0,E,SF-101,B,202303,17,330,0.0
E1,M07,101-0,E,SF-101,B,202304,18,339,0.0
E1,M07,101-0,E,SF-101,B,202305,19,348,0.0
E1,M07,101-0,E,SF-101,B,202306,20,357,0.0
E1,M07,101-0,E,SF-101,B,202307,21,366,0.0
E1,M07,101-0,E,SF-101,B,202308,22,375,0.0
E1,M07,101-0,E,SF-101,B,202309,23,384,0.0
E1,M07,101-0,E,SF-101,B,202310,24,393,0.0
E1,M07,101-0,E,SF-101,B,202311,25,403,0.0
E1,M07,101-0,E,SF-101,B,202312,26,412,2.0
E1,M07,101-0,E,SF-101,B,202401,27,421,1.0
E1,M07,101-0,E,SF-101,B,202402,28,430,1.0
E1,M07,101-0,E,SF-101,B,202403,29,439,0.0
E1,M07,101-0,E,SF-101,B,202404,30,448,0.0
E1,M07,101-0,E,SF-101,B,202405,31,457,0.0
E1,M07,101-0,E,SF-101,B,202406,32,466,0.0
E1,M07,101-0,E,SF-101,B,202407,33,475,1.0
E1,M07,101-0,E,SF-101,B,202408,34,484,0.0
E1,M07,101-0,E,SF-101,B,202409,35,494,0.0
E1,M07,101-0,E,SF-101,B,202410,36,503,0.0
E1,M07,101-0,E,SF-101,B,202411,37,512,0.0
E1,M07,101-0,E,SF-101,B,202412,38,521,0.0
E1,M07,102-0,A,SF-102,B,202110,0,850,2.0
E1,M07,102-0,A,SF-102,B,202111,1,894,3.0
E1,M07,102-0,A,SF-102,B,202112,2,938,0.0
E1,M07,102-0,A,SF-102,B,202201,3,983,3.0
E1,M07,102-0,A,SF-102,B,202202,4,1027,2.0
E1,M07,102-0,A,SF-102,B,202203,5,1071,0.0
E1,M07,102-0,A,SF-102,B,202204,6,1115,1.0
E1,M07,102-0,A,SF-102,B,202205,7,1159,1.0
E1,M07,102-0,A,SF-102,B,202206,8,1204,0.0
E1,M07,102-0,A,SF-102,B,202207,9,1248,0.0
E1,M07,102-0,A,SF-102,B,202208,10,1292,1.0
E1,M07,102-0,A,SF-102,B,202209,11,1336,2.0
E1,M07,102-0,A,SF-102,B,202210,12,1380,0.0
E1,M07,102-0,A,SF-102,B,202211,13,1425,2.0
E1,M07,102-0,A,SF-102,B,202212,14,1469,3.0
E1,M07,102-0,A,SF-102,B,202301,15,1513,1.0
E1,M07,102-0,A,SF-102,B,202302,16,1557,1.0
E1,M07,102-0,A,SF-102,B,202303,17,1601,4.0
E1,M07,102-0,A,SF-102,B,202304,18,1646,0.0
E1,M07,102-0,A,SF-102,B,202305,19,1690,2.0
E1,M07,102-0,A,SF-102,B,202306,20,1734,1.0
E1,M07,102-0,A,SF-102,B,202307,21,1778,4.0
E1,M07,102-0,A,SF-102,B,202308,22,1822,2.0
E1,M07,102-0,A,SF-102,B,202309,23,1867,4.0
E1,M07,102-0,A,SF-102,B,202310,24,1911,4.0
E1,M07,102-0,A,SF-102,B,202311,25,1955,1.0
E1,M07,102-0,A,SF-102,B,202312,26,1999,0.0
E1,M07,102-0,A,SF-102,B,202401,27,2043,5.0
E1,M07,102-0,A,SF-102,B,202402,28,2088,3.0
E1,M07,102-0,A,SF-102,B,202403,29,2132,3.0
E1,M07,102-0,A,SF-102,B,202404,30,2176,2.0
E1,M07,102-0,A,SF-102,B,202405,31,2220,0.0
E1,M07,102-0,A,SF-102,B,202406,32,2264,2.0
E1,M07,102-0,A,SF-102,B,202407,33,2309,3.0
E1,M07,102-0,A,SF-102,B,202408,34,2353,2.0
E1,M07,102-0,A,SF-102,B,202409,35,2397,5.0
E1,M07,102-0,A,SF-102,B,202410,36,2441,1.0
E1,M07,102-0,A,SF-102,B,202411,37,2485,1.0
E1,M07,102-0,A,SF-102,B,202412,38,2530,2.0
E1,M07,102-0,ALL,SF-102,B,202110,0,2500,2.0
E1,M07,102-0,ALL,SF-102,B,202111,1,2630,3.0
E1,M07,102-0,ALL,SF-102,B,202112,2,2760,2.0
E1,M07,102-0,ALL,SF-102,B,202201,3,2890,10.0
E1,M07,102-0,ALL,SF-102,B,202202,4,3020,5.0
E1,M07,102-0,ALL,SF-102,B,202203,5,3150,2.0
E1,M07,102-0,ALL,SF-102,B,202204,6,3280,3.0
E1,M07,102-0,ALL,SF-102,B,202205,7,3410,2.0
E1,M07,102-0,ALL,SF-102,B,202206,8,3540,1.0
E1,M07,102-0,ALL,SF-102,B,202207,9,3670,5.0
E1,M07,102-0,ALL,SF-102,B,202208,10,3800,5.0
E1,M07,102-0,ALL,SF-102,B,202209,11,3930,3.0
E1,M07,102-0,ALL,SF-102,B,202210,12,4060,4.0
E1,M07,102-0,ALL,SF-102,B,202211,13,4190,4.0
E1,M07,102-0,ALL,SF-102,B,202212,14,4320,7.0
E1,M07,102-0,ALL,SF-102,B,202301,15,4450,6.0
E1,M07,102-0,ALL,SF-102,B,202302,16,4580,2.0
E1,M07,102-0,ALL,SF-102,B,202303,17,4710,8.0
E1,M07,102-0,ALL,SF-102,B,202304,18,4840,2.0
E1,M07,102-0,ALL,SF-102,B,202305,19,4970,5.0
E1,M07,102-0,ALL,SF-102,B,202306,20,5100,5.0
E1,M07,102-0,ALL,SF-102,B,202307,21,5230,9.0
E1,M07,102-0,ALL,SF-102,B,202308,22,5360,3.0
E1,M07,102-0,ALL,SF-102,B,202309,23,5490,8.0
E1,M07,102-0,ALL,SF-102,B,202310,24,5620,9.0
E1,M07,102-0,ALL,SF-102,B,202311,25,5750,7.0
E1,M07,102-0,ALL,SF-102,B,202312,26,5880,5.0
E1,M07,102-0,ALL,SF-102,B,202401,27,6010,9.0
E1,M07,102-0,ALL,SF-102,B,202402,28,6140,13.0
E1,M07,102-0,ALL,SF-102,B,202403,29,6270,11.0
E1,M07,102-0,ALL,SF-102,B,202404,30,6400,5.0
E1,M07,102-0,ALL,SF-102,B,202405,31,6530,4.0
E1,M07,102-0,ALL,SF-102,B,202406,32,6660,5.0
E1,M07,102-0,ALL,SF-102,B,202407,33,6790,6.0
E1,M07,102-0,ALL,SF-102,B,202408,34,6920,10.0
E1,M07,102-0,ALL,SF-102,B,202409,35,7050,10.0
E1,M07,102-0,ALL,SF-102,B,202410,36,7180,6.0
E1,M07,102-0,ALL,SF-102,B,202411,37,7310,6.0
E1,M07,102-0,ALL,SF-102,B,202412,38,7440,2.0
E1,M07,102-0,B,SF-102,B,202112,2,662,0.0
E1,M07,102-0,B,SF-102,B,202201,3,694,4.0
E1,M07,102-0,B,SF-102,B,202202,4,725,2.0
E1,M07,102-0,B,SF-102,B,202203,5,756,2.0
E1,M07,102-0,B,SF-102,B,202204,6,787,0.0
E1,M07,102-0,B,SF-102,B,202205,7,818,1.0
E1,M07,102-0,B,SF-102,B,202206,8,850,1.0
E1,M07,102-0,B,SF-102,B,202207,9,881,4.0
E1,M07,102-0,B,SF-102,B,202208,10,912,2.0
E1,M07,102-0,B,SF-102,B,202209,11,943,0.0
E1,M07,102-0,B,SF-102,B,202210,12,974,2.0
E1,M07,102-0,B,SF-102,B,202211,13,1006,2.0
E1,M07,102-0,B,SF-102,B,202212,14,1037,0.0
E1,M07,102-0,B,SF-102,B,202301,15,1068,2.0
E1,M07,102-0,B,SF-102,B,202302,16,1099,0.0
E1,M07,102-0,B,SF-102,B,202303,17,1130,0.0
E1,M07,102-0,B,SF-102,B,202304,18,1162,0.0
E1,M07,102-0,B,SF-102,B,202305,19,1193,2.0
E1,M07,102-0,B,SF-102,B,202306,20,1224,1.0
E1,M07,102-0,B,SF-102,B,202307,21,1255,2.0
E1,M07,102-0,B,SF-102,B,202308,22,1286,0.0
E1,M07,102-0,B,SF-102,B,202309,23,1318,1.0
E1,M07,102-0,B,SF-102,B,202310,24,1349,0.0
E1,M07,102-0,B,SF-102,B,202311,25,1380,2.0
E1,M07,102-0,B,SF-102,B,202312,26,1411,3.0
E1,M07,102-0,B,SF-102,B,202401,27,1442,1.0
E1,M07,102-0,B,SF-102,B,202402,28,1474,5.0
E1,M07,102-0,B,SF-102,B,202403,29,1505,1.0
E1,M07,102-0,B,SF-102,B,202404,30,1536,1.0
E1,M07,102-0,B,SF-102,B,202405,31,1567,2.0
E1,M07,102-0,B,SF-102,B,202406,32,1598,3.0
E1,M07,102-0,B,SF-102,B,202407,33,1630,1.0
E1,M07,102-0,B,SF-102,B,202408,34,1661,4.0
E1,M07,102-0,B,SF-102,B,202409,35,1692,2.0
E1,M07,102-0,B,SF-102,B,202410,36,1723,4.0
E1,M07,102-0,B,SF-102,B,202411,37,1754,1.0
E1,M07,102-0,B,SF-102,B,202412,38,1786,0.0
E1,M07,102-0,C,SF-102,B,202112,2,552,2.0
E1,M07,102-0,C,SF-102,B,202201,3,578,1.0
E1,M07,102-0,C,SF-102,B,202202,4,604,0.0
E1,M07,102-0,C,SF-102,B,202203,5,630,0.0
E1,M07,102-0,C,SF-102,B,202204,6,656,1.0
E1,M07,102-0,C,SF-102,B,202205,7,682,0.0
E1,M07,102-0,C,SF-102,B,202206,8,708,0.0
E1,M07,102-0,C,SF-102,B,202207,9,734,1.0
E1,M07,102-0,C,SF-102,B,202208,10,760,1.0
E1,M07,102-0,C,SF-102,B,202209,11,786,1.0
E1,M07,102-0,C,SF-102,B,202210,12,812,0.0
E1,M07,102-0,C,SF-102,B,202211,13,838,0.0
E1,M07,102-0,C,SF-102,B,202212,14,864,2.0
E1,M07,102-0,C,SF-102,B,202301,15,890,2.0
E1,M07,102-0,C,SF-102,B,202302,16,916,0.0
E1,M07,102-0,C,SF-102,B,202303,17,942,0.0
E1,M07,102-0,C,SF-102,B,202304,18,968,2.0
E1,M07,102-0,C,SF-102,B,202305,19,994,0.0
E1,M07,102-0,C,SF-102,B,202306,20,1020,2.0
E1,M07,102-0,C,SF-102,B,202307,21,1046,2.0
E1,M07,102-0,C,SF-102,B,202308,22,1072,0.0
E1,M07,102-0,C,SF-102,B,202309,23,1098,3.0
E1,M07,102-0,C,SF-102,B,202310,24,1124,2.0
E1,M07,102-0,C,SF-102,B,202311,25,1150,3.0
E1,M07,102-0,C,SF-102,B,202312,26,1176,0.0
E1,M07,102-0,C,SF-102,B,202401,27,1202,3.0
E1,M07,102-0,C,SF-102,B,202402,28,1228,3.0
E1,M07,102-0,C,SF-102,B,202403,29,1254,4.0
E1,M07,102-0,C,SF-102,B,202404,30,1280,2.0
E1,M07,102-0,C,SF-102,B,202405,31,1306,1.0
E1,M07,102-0,C,SF-102,B,202406,32,1332,0.0
E1,M07,102-0,C,SF-102,B,202407,33,1358,1.0
E1,M07,102-0,C,SF-102,B,202408,34,1384,0.0
E1,M07,102-0,C,SF-102,B,202409,35,1410,3.0
E1,M07,102-0,C,SF-102,B,202410,36,1436,0.0
E1,M07,102-0,C,SF-102,B,202411,37,1462,2.0
E1,M07,102-0,D,SF-102,B,202112,2,414,0.0
E1,M07,102-0,D,SF-102,B,202201,3,434,2.0
E1,M07,102-0,D,SF-102,B,202202,4,453,1.0
E1,M07,102-0,D,SF-102,B,202203,5,472,0.0
E1,M07,102-0,D,SF-102,B,202204,6,492,1.0
E1,M07,102-0,D,SF-102,B,202205,7,512,0.0
E1,M07,102-0,D,SF-102,B,202206,8,531,0.0
E1,M07,102-0,D,SF-102,B,202207,9,550,0.0
E1,M07,102-0,D,SF-102,B,202208,10,570,1.0
E1,M07,102-0,D,SF-102,B,202209,11,590,0.0
E1,M07,102-0,D,SF-102,B,202210,12,609,2.0
E1,M07,102-0,D,SF-102,B,202211,13,628,0.0
E1,M07,102-0,D,SF-102,B,202212,14,648,1.0
E1,M07,102-0,D,SF-102,B,202301,15,668,1.0
E1,M07,102-0,D,SF-102,B,202302,16,687,0.0
E1,M07,102-0,D,SF-102,B,202303,17,706,3.0
E1,M07,102-0,D,SF-102,B,202304,18,726,0.0
E1,M07,102-0,D,SF-102,B,202305,19,746,1.0
E1,M07,102-0,D,SF-102,B,202306,20,765,1.0
E1,M07,102-0,D,SF-102,B,202307,21,784,0.0
E1,M07,102-0,D,SF-102,B,202308,22,804,0.0
E1,M07,102-0,D,SF-102,B,202309,23,824,0.0
E1,M07,102-0,D,SF-102,B,202310,24,843,2.0
E1,M07,102-0,D,SF-102,B,202311,25,862,1.0
E1,M07,102-0,D,SF-102,B,202312,26,882,1.0
E1,M07,102-0,D,SF-102,B,202401,27,902,0.0
E1,M07,102-0,D,SF-102,B,202402,28,921,2.0
E1,M07,102-0,D,SF-102,B,202403,29,940,2.0
E1,M07,102-0,D,SF-102,B,202404,30,960,0.0
E1,M07,102-0,D,SF-102,B,202405,31,980,1.0
E1,M07,102-0,D,SF-102,B,202406,32,999,0.0
E1,M07,102-0,D,SF-102,B,202407,33,1018,1.0
E1,M07,102-0,D,SF-102,B,202408,34,1038,4.0
E1,M07,102-0,D,SF-102,B,202409,35,1058,0.0
E1,M07,102-0,D,SF-102,B,202410,36,1077,0.0
E1,M07,102-0,E,SF-102,B,202206,8,248,0.0
E1,M07,102-0,E,SF-102,B,202207,9,257,0.0
E1,M07,102-0,E,SF-102,B,202208,10,266,0.0
E1,M07,102-0,E,SF-102,B,202209,11,275,0.0
E1,M07,102-0,E,SF-102,B,202210,12,284,0.0
E1,M07,102-0,E,SF-102,B,202211,13,293,0.0
E1,M07,102-0,E,SF-102,B,202212,14,302,1.0
E1,M07,102-0,E,SF-102,B,202301,15,312,0.0
E1,M07,102-0,E,SF-102,B,202302,16,321,1.0
E1,M07,102-0,E,SF-102,B,202303,17,330,1.0
E1,M07,102-0,E,SF-102,B,202304,18,339,0.0
E1,M07,102-0,E,SF-102,B,202305,19,348,0.0
E1,M07,102-0,E,SF-102,B,202306,20,357,0.0
E1,M07,102-0,E,SF-102,B,202307,21,366,1.0
E1,M07,102-0,E,SF-102,B,202308,22,375,1.0
E1,M07,102-0,E,SF-102,B,202309,23,384,0.0
E1,M07,102-0,E,SF-102,B,202310,24,393,1.0
E1,M07,102-0,E,SF-102,B,202311,25,403,0.0
E1,M07,102-0,E,SF-102,B,202312,26,412,1.0
E1,M07,102-0,E,SF-102,B,202401,27,421,0.0
E1,M07,102-0,E,SF-102,B,202402,28,430,0.0
E1,M07,102-0,E,SF-102,B,202403,29,439,1.0
E1,M07,102-0,E,SF-102,B,202404,30,448,0.0
E1,M07,102-0,E,SF-102,B,202405,31,457,0.0
E1,M07,102-0,E,SF-102,B,202406,32,466,0.0
E1,M07,102-0,E,SF-102,B,202407,33,475,0.0
E1,M07,102-0,E,SF-102,B,202408,34,484,0.0
E1,M07,102-0,E,SF-102,B,202409,35,494,0.0
E1,M07,102-0,E,SF-102,B,202410,36,503,1.0
E1,M07,102-0,E,SF-102,B,202411,37,512,2.0
E1,M07,102-0,E,SF-102,B,202412,38,521,0.0
E1,M07,103-0,A,SF-103,B,202110,0,850,2.0
E1,M07,103-0,A,SF-103,B,202112,2,938,1.0
E1,M07,103-0,A,SF-103,B,202201,3,983,0.0
E1,M07,103-0,A,SF-103,B,202202,4,1027,0.0
E1,M07,103-0,A,SF-103,B,202203,5,1071,0.0
E1,M07,103-0,A,SF-103,B,202204,6,1115,0.0
E1,M07,103-0,A,SF-103,B,202205,7,1159,0.0
E1,M07,103-0,A,SF-103,B,202206,8,1204,0.0
E1,M07,103-0,A,SF-103,B,202207,9,1248,1.0
E1,M07,103-0,A,SF-103,B,202208,10,1292,2.0
E1,M07,103-0,A,SF-103,B,202209,11,1336,0.0
E1,M07,103-0,A,SF-103,B,202210,12,1380,0.0
E1,M07,103-0,A,SF-103,B,202211,13,1425,1.0
E1,M07,103-0,A,SF-103,B,202212,14,1469,2.0
E1,M07,103-0,A,SF-103,B,202301,15,1513,2.0
E1,M07,103-0,A,SF-103,B,202302,16,1557,3.0
E1,M07,103-0,A,SF-103,B,202303,17,1601,2.0
E1,M07,103-0,A,SF-103,B,202304,18,1646,2.0
E1,M07,103-0,A,SF-103,B,202305,19,1690,2.0
E1,M07,103-0,A,SF-103,B,202306,20,1734,1.0
E1,M07,103-0,A,SF-103,B,202307,21,1778,4.0
E1,M07,103-0,A,SF-103,B,202308,22,1822,1.0
E1,M07,103-0,A,SF-103,B,202309,23,1867,1.0
E1,M07,103-0,A,SF-103,B,202310,24,1911,3.0
E1,M07,103-0,A,SF-103,B,202311,25,1955,1.0
E1,M07,103-0,A,SF-103,B,202312,26,1999,2.0
E1,M07,103-0,A,SF-103,B,202401,27,2043,2.0
E1,M07,103-0,A,SF-103,B,202402,28,2088,2.0
E1,M07,103-0,A,SF-103,B,202403,29,2132,6.0
E1,M07,103-0,A,SF-103,B,202404,30,2176,2.0
E1,M07,103-0,A,SF-103,B,202405,31,2220,1.0
E1,M07,103-0,A,SF-103,B,202406,32,2264,1.0
E1,M07,103-0,A,SF-103,B,202407,33,2309,1.0
E1,M07,103-0,A,SF-103,B,202408,34,2353,3.0
E1,M07,103-0,A,SF-103,B,202409,35,2397,1.0
E1,M07,103-0,A,SF-103,B,202410,36,2441,0.0
E1,M07,103-0,A,SF-103,B,202411,37,2485,2.0
E1,M07,103-0,A,SF-103,B,202412,38,2530,2.0
E1,M07,103-0,ALL,SF-103,B,202110,0,2500,4.0
E1,M07,103-0,ALL,SF-103,B,202111,1,2630,1.0
E1,M07,103-0,ALL,SF-103,B,202112,2,2760,2.0
E1,M07,103-0,ALL,SF-103,B,202201,3,2890,0.0
E1,M07,103-0,ALL,SF-103,B,202202,4,3020,2.0
E1,M07,103-0,ALL,SF-103,B,202203,5,3150,2.0
E1,M07,103-0,ALL,SF-103,B,202204,6,3280,0.0
E1,M07,103-0,ALL,SF-103,B,202205,7,3410,3.0
E1,M07,103-0,ALL,SF-103,B,202206,8,3540,1.0
E1,M07,103-0,ALL,SF-103,B,202207,9,3670,1.0
E1,M07,103-0,ALL,SF-103,B,202208,10,3800,4.0
E1,M07,103-0,ALL,SF-103,B,202209,11,3930,3.0
E1,M07,103-0,ALL,SF-103,B,202210,12,4060,4.0
E1,M07,103-0,ALL,SF-103,B,202211,13,4190,5.0
E1,M07,103-0,ALL,SF-103,B,202212,14,4320,3.0
E1,M07,103-0,ALL,SF-103,B,202301,15,4450,3.0
E1,M07,103-0,ALL,SF-103,B,202302,16,4580,8.0
E1,M07,103-0,ALL,SF-103,B,202303,17,4710,4.0
E1,M07,103-0,ALL,SF-103,B,202304,18,4840,3.0
E1,M07,103-0,ALL,SF-103,B,202305,19,4970,3.0
E1,M07,103-0,ALL,SF-103,B,202306,20,5100,4.0
E1,M07,103-0,ALL,SF-103,B,202307,21,5230,6.0
E1,M07,103-0,ALL,SF-103,B,202308,22,5360,7.0
E1,M07,103-0,ALL,SF-103,B,202309,23,5490,5.0
E1,M07,103-0,ALL,SF-103,B,202310,24,5620,6.0
E1,M07,103-0,ALL,SF-103,B,202311,25,5750,2.0
E1,M07,103-0,ALL,SF-103,B,202312,26,5880,5.0
E1,M07,103-0,ALL,SF-103,B,202401,27,6010,4.0
E1,M07,103-0,ALL,SF-103,B,202402,28,6140,3.0
E1,M07,103-0,ALL,SF-103,B,202403,29,6270,7.0
E1,M07,103-0,ALL,SF-103,B,202404,30,6400,4.0
E1,M07,103-0,ALL,SF-103,B,202405,31,6530,5.0
E1,M07,103-0,ALL,SF-103,B,202406,32,6660,3.0
E1,M07,103-0,ALL,SF-103,B,202407,33,6790,4.0
E1,M07,103-0,ALL,SF-103,B,202408,34,6920,3.0
E1,M07,103-0,ALL,SF-103,B,202409,35,7050,3.0
E1,M07,103-0,ALL,SF-103,B,202410,36,7180,4.0
E1,M07,103-0,ALL,SF-103,B,202411,37,7310,3.0
E1,M07,103-0,ALL,SF-103,B,202412,38,7440,2.0
E1,M07,103-0,B,SF-103,B,202110,0,600,2.0
E1,M07,103-0,B,SF-103,B,202112,2,662,0.0
E1,M07,103-0,B,SF-103,B,202201,3,694,0.0
E1,M07,103-0,B,SF-103,B,202202,4,725,2.0
E1,M07,103-0,B,SF-103,B,202203,5,756,1.0
E1,M07,103-0,B,SF-103,B,202204,6,787,0.0
E1,M07,103-0,B,SF-103,B,202205,7,818,0.0
E1,M07,103-0,B,SF-103,B,202206,8,850,1.0
E1,M07,103-0,B,SF-103,B,202207,9,881,0.0
E1,M07,103-0,B,SF-103,B,202208,10,912,2.0
E1,M07,103-0,B,SF-103,B,202209,11,943,2.0
E1,M07,103-0,B,SF-103,B,202210,12,974,2.0
E1,M07,103-0,B,SF-103,B,202211,13,1006,1.0
E1,M07,103-0,B,SF-103,B,202212,14,1037,1.0
E1,M07,103-0,B,SF-103,B,202301,15,1068,0.0
E1,M07,103-0,B,SF-103,B,202302,16,1099,1.0
E1,M07,103-0,B,SF-103,B,202303,17,1130,0.0
E1,M07,103-0,B,SF-103,B,202304,18,1162,0.0
E1,M07,103-0,B,SF-103,B,202305,19,1193,0.0
E1,M07,103-0,B,SF-103,B,202306,20,1224,1.0
E1,M07,103-0,B,SF-103,B,202307,21,1255,1.0
E1,M07,103-0,B,SF-103,B,202308,22,1286,1.0
E1,M07,103-0,B,SF-103,B,202309,23,1318,1.0
E1,M07,103-0,B,SF-103,B,202310,24,1349,2.0
E1,M07,103-0,B,SF-103,B,202311,25,1380,0.0
E1,M07,103-0,B,SF-103,B,202312,26,1411,0.0
E1,M07,103-0,B,SF-103,B,202401,27,1442,1.0
E1,M07,103-0,B,SF-103,B,202402,28,1474,1.0
E1,M07,103-0,B,SF-103,B,202403,29,1505,1.0
E1,M07,103-0,B,SF-103,B,202404,30,1536,0.0
E1,M07,103-0,B,SF-103,B,202405,31,1567,2.0
E1,M07,103-0,B,SF-103,B,202406,32,1598,0.0
E1,M07,103-0,B,SF-103,B,202407,33,1630,1.0
E1,M07,103-0,B,SF-103,B,202408,34,1661,0.0
E1,M07,103-0,B,SF-103,B,202409,35,1692,2.0
E1,M07,103-0,B,SF-103,B,202410,36,1723,3.0
E1,M07,103-0,B,SF-103,B,202411,37,1754,1.0
E1,M07,103-0,B,SF-103,B,202412,38,1786,0.0
E1,M07,103-0,C,SF-103,B,202112,2,552,1.0
E1,M07,103-0,C,SF-103,B,202201,3,578,0.0
E1,M07,103-0,C,SF-103,B,202202,4,604,0.0
E1,M07,103-0,C,SF-103,B,202203,5,630,1.0
E1,M07,103-0,C,SF-103,B,202204,6,656,0.0
E1,M07,103-0,C,SF-103,B,202205,7,682,1.0
E1,M07,103-0,C,SF-103,B,202206,8,708,0.0
E1,M07,103-0,C,SF-103,B,202207,9,734,0.0
E1,M07,103-0,C,SF-103,B,202208,10,760,0.0
E1,M07,103-0,C,SF-103,B,202209,11,786,0.0
E1,M07,103-0,C,SF-103,B,202210,12,812,0.0
E1,M07,103-0,C,SF-103,B,202211,13,838,0.0
E1,M07,103-0,C,SF-103,B,202212,14,864,0.0
E1,M07,103-0,C,SF-103,B,202301,15,890,1.0
E1,M07,103-0,C,SF-103,B,202302,16,916,1.0
E1,M07,103-0,C,SF-103,B,202303,17,942,1.0
E1,M07,103-0,C,SF-103,B,202304,18,968,0.0
E1,M07,103-0,C,SF-103,B,202305,19,994,1.0
E1,M07,103-0,C,SF-103,B,202306,20,1020,1.0
E1,M07,103-0,C,SF-103,B,202307,21,1046,0.0
E1,M07,103-0,C,SF-103,B,202308,22,1072,3.0
E1,M07,103-0,C,SF-103,B,202309,23,1098,1.0
E1,M07,103-0,C,SF-103,B,202310,24,1124,0.0
E1,M07,103-0,C,SF-103,B,202311,25,1150,1.0
E1,M07,103-0,C,SF-103,B,202312,26,1176,1.0
E1,M07,103-0,C,SF-103,B,202401,27,1202,1.0
E1,M07,103-0,C,SF-103,B,202402,28,1228,0.0
E1,M07,103-0,C,SF-103,B,202403,29,1254,0.0
E1,M07,103-0,C,SF-103,B,202404,30,1280,1.0
E1,M07,103-0,C,SF-103,B,202405,31,1306,1.0
E1,M07,103-0,C,SF-103,B,202406,32,1332,1.0
E1,M07,103-0,C,SF-103,B,202407,33,1358,2.0
E1,M07,103-0,C,SF-103,B,202408,34,1384,0.0
E1,M07,103-0,C,SF-103,B,202409,35,1410,0.0
E1,M07,103-0,C,SF-103,B,202410,36,1436,1.0
E1,M07,103-0,C,SF-103,B,202411,37,1462,0.0
E1,M07,103-0,D,SF-103,B,202111,1,394,1.0
E1,M07,103-0,D,SF-103,B,202112,2,414,0.0
E1,M07,103-0,D,SF-103,B,202201,3,434,0.0
E1,M07,103-0,D,SF-103,B,202202,4,453,0.0
E1,M07,103-0,D,SF-103,B,202203,5,472,0.0
E1,M07,103-0,D,SF-103,B,202204,6,492,0.0
E1,M07,103-0,D,SF-103,B,202205,7,512,2.0
E1,M07,103-0,D,SF-103,B,202206,8,531,0.0
E1,M07,103-0,D,SF-103,B,202207,9,550,0.0
E1,M07,103-0,D,SF-103,B,202208,10,570,0.0
E1,M07,103-0,D,SF-103,B,202209,11,590,1.0
E1,M07,103-0,D,SF-103,B,202210,12,609,2.0
E1,M07,103-0,D,SF-103,B,202211,13,628,1.0
E1,M07,103-0,D,SF-103,B,202212,14,648,0.0
E1,M07,103-0,D,SF-103,B,202301,15,668,0.0
E1,M07,103-0,D,SF-103,B,202302,16,687,3.0
E1,M07,103-0,D,SF-103,B,202303,17,706,1.0
E1,M07,103-0,D,SF-103,B,202304,18,726,1.0
E1,M07,103-0,D,SF-103,B,202305,19,746,0.0
E1,M07,103-0,D,SF-103,B,202306,20,765,0.0
E1,M07,103-0,D,SF-103,B,202307,21,784,1.0
E1,M07,103-0,D,SF-103,B,202308,22,804,1.0
E1,M07,103-0,D,SF-103,B,202309,23,824,1.0
E1,M07,103-0,D,SF-103,B,202310,24,843,0.0
E1,M07,103-0,D,SF-103,B,202311,25,862,0.0
E1,M07,103-0,D,SF-103,B,202312,26,882,2.0
E1,M07,103-0,D,SF-103,B,202401,27,902,0.0
E1,M07,103-0,D,SF-103,B,202402,28,921,0.0
E1,M07,103-0,D,SF-103,B,202403,29,940,0.0
E1,M07,103-0,D,SF-103,B,202404,30,960,1.0
E1,M07,103-0,D,SF-103,B,202405,31,980,0.0
E1,M07,103-0,D,SF-103,B,202406,32,999,0.0
E1,M07,103-0,D,SF-103,B,202407,33,1018,0.0
E1,M07,103-0,D,SF-103,B,202408,34,1038,0.0
E1,M07,103-0,D,SF-103,B,202409,35,1058,0.0
E1,M07,103-0,D,SF-103,B,202410,36,1077,0.0
E1,M07,103-0,E,SF-103,B,202206,8,248,0.0
E1,M07,103-0,E,SF-103,B,202207,9,257,0.0
E1,M07,103-0,E,SF-103,B,202208,10,266,0.0
E1,M07,103-0,E,SF-103,B,202209,11,275,0.0
E1,M07,103-0,E,SF-103,B,202210,12,284,0.0
E1,M07,103-0,E,SF-103,B,202211,13,293,2.0
E1,M07,103-0,E,SF-103,B,202212,14,302,0.0
E1,M07,103-0,E,SF-103,B,202301,15,312,0.0
E1,M07,103-0,E,SF-103,B,202302,16,321,0.0
E1,M07,103-0,E,SF-103,B,202303,17,330,0.0
E1,M07,103-0,E,SF-103,B,202304,18,339,0.0
E1,M07,103-0,E,SF-103,B,202305,19,348,0.0
E1,M07,103-0,E,SF-103,B,202306,20,357,1.0
E1,M07,103-0,E,SF-103,B,202307,21,366,0.0
E1,M07,103-0,E,SF-103,B,202308,22,375,1.0
E1,M07,103-0,E,SF-103,B,202309,23,384,1.0
E1,M07,103-0,E,SF-103,B,202310,24,393,1.0
E1,M07,103-0,E,SF-103,B,202311,25,403,0.0
E1,M07,103-0,E,SF-103,B,202312,26,412,0.0
E1,M07,103-0,E,SF-103,B,202401,27,421,0.0
E1,M07,103-0,E,SF-103,B,202402,28,430,0.0
E1,M07,103-0,E,SF-103,B,202403,29,439,0.0
E1,M07,103-0,E,SF-103,B,202404,30,448,0.0
E1,M07,103-0,E,SF-103,B,202405,31,457,1.0
E1,M07,103-0,E,SF-103,B,202406,32,466,1.0
E1,M07,103-0,E,SF-103,B,202407,33,475,0.0
E1,M07,103-0,E,SF-103,B,202408,34,484,0.0
E1,M07,103-0,E,SF-103,B,202409,35,494,0.0
E1,M07,103-0,E,SF-103,B,202410,36,503,0.0
E1,M07,103-0,E,SF-103,B,202411,37,512,0.0
E1,M07,103-0,E,SF-103,B,202412,38,521,0.0
E1,M07,103-1,A,SF-103,B,202110,0,850,2.0
E1,M07,103-1,A,SF-103,B,202111,1,894,1.0
E1,M07,103-1,A,SF-103,B,202112,2,938,0.0
E1,M07,103-1,A,SF-103,B,202201,3,983,2.0
E1,M07,103-1,A,SF-103,B,202202,4,1027,0.0
E1,M07,103-1,A,SF-103,B,202203,5,1071,1.0
E1,M07,103-1,A,SF-103,B,202204,6,1115,2.0
E1,M07,103-1,A,SF-103,B,202205,7,1159,0.0
E1,M07,103-1,A,SF-103,B,202206,8,1204,0.0
E1,M07,103-1,A,SF-103,B,202207,9,1248,2.0
E1,M07,103-1,A,SF-103,B,202208,10,1292,2.0
E1,M07,103-1,A,SF-103,B,202209,11,1336,1.0
E1,M07,103-1,A,SF-103,B,202210,12,1380,0.0
E1,M07,103-1,A,SF-103,B,202211,13,1425,1.0
E1,M07,103-1,A,SF-103,B,202212,14,1469,1.0
E1,M07,103-1,A,SF-103,B,202301,15,1513,0.0
E1,M07,103-1,A,SF-103,B,202302,16,1557,1.0
E1,M07,103-1,A,SF-103,B,202303,17,1601,2.0
E1,M07,103-1,A,SF-103,B,202304,18,1646,2.0
E1,M07,103-1,A,SF-103,B,202305,19,1690,1.0
E1,M07,103-1,A,SF-103,B,202306,20,1734,0.0
E1,M07,103-1,A,SF-103,B,202307,21,1778,2.0
E1,M07,103-1,A,SF-103,B,202308,22,1822,2.0
E1,M07,103-1,A,SF-103,B,202309,23,1867,2.0
E1,M07,103-1,A,SF-103,B,202310,24,1911,4.0
E1,M07,103-1,A,SF-103,B,202311,25,1955,1.0
E1,M07,103-1,A,SF-103,B,202312,26,1999,1.0
E1,M07,103-1,A,SF-103,B,202401,27,2043,2.0
E1,M07,103-1,A,SF-103,B,202402,28,2088,3.0
E1,M07,103-1,A,SF-103,B,202403,29,2132,3.0
E1,M07,103-1,A,SF-103,B,202404,30,2176,2.0
E1,M07,103-1,A,SF-103,B,202405,31,2220,0.0
E1,M07,103-1,A,SF-103,B,202406,32,2264,0.0
E1,M07,103-1,A,SF-103,B,202407,33,2309,0.0
E1,M07,103-1,A,SF-103,B,202408,34,2353,1.0
E1,M07,103-1,A,SF-103,B,202409,35,2397,4.0
E1,M07,103-1,A,SF-103,B,202410,36,2441,0.0
E1,M07,103-1,A,SF-103,B,202411,37,2485,3.0
E1,M07,103-1,A,SF-103,B,202412,38,2530,1.0
E1,M07,103-1,ALL,SF-103,B,202110,0,2500,3.0
E1,M07,103-1,ALL,SF-103,B,202111,1,2630,5.0
E1,M07,103-1,ALL,SF-103,B,202112,2,2760,2.0
E1,M07,103-1,ALL,SF-103,B,202201,3,2890,4.0
E1,M07,103-1,ALL,SF-103,B,202202,4,3020,1.0
E1,M07,103-1,ALL,SF-103,B,202203,5,3150,3.0
E1,M07,103-1,ALL,SF-103,B,202204,6,3280,4.0
E1,M07,103-1,ALL,SF-103,B,202205,7,3410,3.0
E1,M07,103-1,ALL,SF-103,B,202206,8,3540,2.0
E1,M07,103-1,ALL,SF-103,B,202207,9,3670,4.0
E1,M07,103-1,ALL,SF-103,B,202208,10,3800,4.0
E1,M07,103-1,ALL,SF-103,B,202209,11,3930,2.0
E1,M07,103-1,ALL,SF-103,B,202210,12,4060,2.0
E1,M07,103-1,ALL,SF-103,B,202211,13,4190,2.0
E1,M07,103-1,ALL,SF-103,B,202212,14,4320,2.0
E1,M07,103-1,ALL,SF-103,B,202301,15,4450,0.0
E1,M07,103-1,ALL,SF-103,B,202302,16,4580,5.0
E1,M07,103-1,ALL,SF-103,B,202303,17,4710,6.0
E1,M07,103-1,ALL,SF-103,B,202304,18,4840,6.0
E1,M07,103-1,ALL,SF-103,B,202305,19,4970,3.0
E1,M07,103-1,ALL,SF-103,B,202306,20,5100,0.0
E1,M07,103-1,ALL,SF-103,B,202307,21,5230,5.0
E1,M07,103-1,ALL,SF-103,B,202308,22,5360,5.0
E1,M07,103-1,ALL,SF-103,B,202309,23,5490,4.0
E1,M07,103-1,ALL,SF-103,B,202310,24,5620,6.0
E1,M07,103-1,ALL,SF-103,B,202311,25,5750,3.0
E1,M07,103-1,ALL,SF-103,B,202312,26,5880,4.0
E1,M07,103-1,ALL,SF-103,B,202401,27,6010,6.0
E1,M07,103-1,ALL,SF-103,B,202402,28,6140,8.0
E1,M07,103-1,ALL,SF-103,B,202403,29,6270,4.0
E1,M07,103-1,ALL,SF-103,B,202404,30,6400,5.0
E1,M07,103-1,ALL,SF-103,B,202405,31,6530,3.0
E1,M07,103-1,ALL,SF-103,B,202406,32,6660,1.0
E1,M07,103-1,ALL,SF-103,B,202407,33,6790,4.0
E1,M07,103-1,ALL,SF-103,B,202408,34,6920,2.0
E1,M07,103-1,ALL,SF-103,B,202409,35,7050,5.0
E1,M07,103-1,ALL,SF-103,B,202410,36,7180,2.0
E1,M07,103-1,ALL,SF-103,B,202411,37,7310,6.0
E1,M07,103-1,ALL,SF-103,B,202412,38,7440,1.0
E1,M07,103-1,B,SF-103,B,202111,1,631,2.0
E1,M07,103-1,B,SF-103,B,202112,2,662,0.0
E1,M07,103-1,B,SF-103,B,202201,3,694,2.0
E1,M07,103-1,B,SF-103,B,202202,4,725,0.0
E1,M07,103-1,B,SF-103,B,202203,5,756,1.0
E1,M07,103-1,B,SF-103,B,202204,6,787,1.0
E1,M07,103-1,B,SF-103,B,202205,7,818,1.0
E1,M07,103-1,B,SF-103,B,202206,8,850,1.0
E1,M07,103-1,B,SF-103,B,202207,9,881,1.0
E1,M07,103-1,B,SF-103,B,202208,10,912,0.0
E1,M07,103-1,B,SF-103,B,202209,11,943,0.0
E1,M07,103-1,B,SF-103,B,202210,12,974,0.0
E1,M07,103-1,B,SF-103,B,202211,13,1006,1.0
E1,M07,103-1,B,SF-103,B,202212,14,1037,1.0
E1,M07,103-1,B,SF-103,B,202301,15,1068,0.0
E1,M07,103-1,B,SF-103,B,202302,16,1099,2.0
E1,M07,103-1,B,SF-103,B,202303,17,1130,0.0
E1,M07,103-1,B,SF-103,B,202304,18,1162,1.0
E1,M07,103-1,B,SF-103,B,202305,19,1193,0.0
E1,M07,103-1,B,SF-103,B,202306,20,1224,0.0
E1,M07,103-1,B,SF-103,B,202307,21,1255,1.0
E1,M07,103-1,B,SF-103,B,202308,22,1286,0.0
E1,M07,103-1,B,SF-103,B,202309,23,1318,1.0
E1,M07,103-1,B,SF-103,B,202310,24,1349,1.0
E1,M07,103-1,B,SF-103,B,202311,25,1380,0.0
E1,M07,103-1,B,SF-103,B,202312,26,1411,3.0
E1,M07,103-1,B,SF-103,B,202401,27,1442,0.0
E1,M07,103-1,B,SF-103,B,202402,28,1474,4.0
E1,M07,103-1,B,SF-103,B,202403,29,1505,0.0
E1,M07,103-1,B,SF-103,B,202404,30,1536,1.0
E1,M07,103-1,B,SF-103,B,202405,31,1567,1.0
E1,M07,103-1,B,SF-103,B,202406,32,1598,1.0
E1,M07,103-1,B,SF-103,B,202407,33,1630,1.0
E1,M07,103-1,B,SF-103,B,202408,34,1661,0.0
E1,M07,103-1,B,SF-103,B,202409,35,1692,1.0
E1,M07,103-1,B,SF-103,B,202410,36,1723,1.0
E1,M07,103-1,B,SF-103,B,202411,37,1754,1.0
E1,M07,103-1,B,SF-103,B,202412,38,1786,0.0
E1,M07,103-1,C,SF-103,B,202111,1,526,2.0
E1,M07,103-1,C,SF-103,B,202112,2,552,2.0
E1,M07,103-1,C,SF-103,B,202201,3,578,0.0
E1,M07,103-1,C,SF-103,B,202202,4,604,1.0
E1,M07,103-1,C,SF-103,B,202203,5,630,0.0
E1,M07,103-1,C,SF-103,B,202204,6,656,1.0
E1,M07,103-1,C,SF-103,B,202205,7,682,2.0
E1,M07,103-1,C,SF-103,B,202206,8,708,0.0
E1,M07,103-1,C,SF-103,B,202207,9,734,1.0
E1,M07,103-1,C,SF-103,B,202208,10,760,2.0
E1,M07,103-1,C,SF-103,B,202209,11,786,1.0
E1,M07,103-1,C,SF-103,B,202210,12,812,1.0
E1,M07,103-1,C,SF-103,B,202211,13,838,0.0
E1,M07,103-1,C,SF-103,B,202212,14,864,0.0
E1,M07,103-1,C,SF-103,B,202301,15,890,0.0
E1,M07,103-1,C,SF-103,B,202302,16,916,0.0
E1,M07,103-1,C,SF-103,B,202303,17,942,2.0
E1,M07,103-1,C,SF-103,B,202304,18,968,3.0
E1,M07,103-1,C,SF-103,B,202305,19,994,0.0
E1,M07,103-1,C,SF-103,B,202306,20,1020,0.0
E1,M07,103-1,C,SF-103,B,202307,21,1046,2.0
E1,M07,103-1,C,SF-103,B,202308,22,1072,2.0
E1,M07,103-1,C,SF-103,B,202309,23,1098,0.0
E1,M07,103-1,C,SF-103,B,202310,24,1124,0.0
E1,M07,103-1,C,SF-103,B,202311,25,1150,2.0
E1,M07,103-1,C,SF-103,B,202312,26,1176,0.0
E1,M07,103-1,C,SF-103,B,202401,27,1202,3.0
E1,M07,103-1,C,SF-103,B,202402,28,1228,1.0
E1,M07,103-1,C,SF-103,B,202403,29,1254,1.0
E1,M07,103-1,C,SF-103,B,202404,30,1280,2.0
E1,M07,103-1,C,SF-103,B,202405,31,1306,0.0
E1,M07,103-1,C,SF-103,B,202406,32,1332,0.0
E1,M07,103-1,C,SF-103,B,202407,33,1358,2.0
E1,M07,103-1,C,SF-103,B,202408,34,1384,1.0
E1,M07,103-1,C,SF-103,B,202409,35,1410,0.0
E1,M07,103-1,C,SF-103,B,202410,36,1436,0.0
E1,M07,103-1,C,SF-103,B,202411,37,1462,2.0
E1,M07,103-1,D,SF-103,B,202110,0,375,1.0
E1,M07,103-1,D,SF-103,B,202112,2,414,0.0
E1,M07,103-1,D,SF-103,B,202201,3,434,0.0
E1,M07,103-1,D,SF-103,B,202202,4,453,0.0
E1,M07,103-1,D,SF-103,B,202203,5,472,1.0
E1,M07,103-1,D,SF-103,B,202204,6,492,0.0
E1,M07,103-1,D,SF-103,B,202205,7,512,0.0
E1,M07,103-1,D,SF-103,B,202206,8,531,1.0
E1,M07,103-1,D,SF-103,B,202207,9,550,0.0
E1,M07,103-1,D,SF-103,B,202208,10,570,0.0
E1,M07,103-1,D,SF-103,B,202209,11,590,0.0
E1,M07,103-1,D,SF-103,B,202210,12,609,0.0
E1,M07,103-1,D,SF-103,B,202211,13,628,0.0
E1,M07,103-1,D,SF-103,B,202212,14,648,0.0
E1,M07,103-1,D,SF-103,B,202301,15,668,0.0
E1,M07,103-1,D,SF-103,B,202302,16,687,2.0
E1,M07,103-1,D,SF-103,B,202303,17,706,1.0
E1,M07,103-1,D,SF-103,B,202304,18,726,0.0
E1,M07,103-1,D,SF-103,B,202305,19,746,0.0
E1,M07,103-1,D,SF-103,B,202306,20,765,0.0
E1,M07,103-1,D,SF-103,B,202307,21,784,0.0
E1,M07,103-1,D,SF-103,B,202308,22,804,1.0
E1,M07,103-1,D,SF-103,B,202309,23,824,1.0
E1,M07,103-1,D,SF-103,B,202310,24,843,0.0
E1,M07,103-1,D,SF-103,B,202311,25,862,0.0
E1,M07,103-1,D,SF-103,B,202312,26,882,0.0
E1,M07,103-1,D,SF-103,B,202401,27,902,0.0
E1,M07,103-1,D,SF-103,B,202402,28,921,0.0
E1,M07,103-1,D,SF-103,B,202403,29,940,0.0
E1,M07,103-1,D,SF-103,B,202404,30,960,0.0
E1,M07,103-1,D,SF-103,B,202405,31,980,1.0
E1,M07,103-1,D,SF-103,B,202406,32,999,0.0
E1,M07,103-1,D,SF-103,B,202407,33,1018,1.0
E1,M07,103-1,D,SF-103,B,202408,34,1038,0.0
E1,M07,103-1,D,SF-103,B,202409,35,1058,0.0
E1,M07,103-1,D,SF-103,B,202410,36,1077,0.0
E1,M07,103-1,E,SF-103,B,202206,8,248,0.0
E1,M07,103-1,E,SF-103,B,202207,9,257,0.0
E1,M07,103-1,E,SF-103,B,202208,10,266,0.0
E1,M07,103-1,E,SF-103,B,202209,11,275,0.0
E1,M07,103-1,E,SF-103,B,202210,12,284,1.0
E1,M07,103-1,E,SF-103,B,202211,13,293,0.0
E1,M07,103-1,E,SF-103,B,202212,14,302,0.0
E1,M07,103-1,E,SF-103,B,202301,15,312,0.0
E1,M07,103-1,E,SF-103,B,202302,16,321,0.0
E1,M07,103-1,E,SF-103,B,202303,17,330,1.0
E1,M07,103-1,E,SF-103,B,202304,18,339,0.0
E1,M07,103-1,E,SF-103,B,202305,19,348,2.0
E1,M07,103-1,E,SF-103,B,202306,20,357,0.0
E1,M07,103-1,E,SF-103,B,202307,21,366,0.0
E1,M07,103-1,E,SF-103,B,202308,22,375,0.0
E1,M07,103-1,E,SF-103,B,202309,23,384,0.0
E1,M07,103-1,E,SF-103,B,202310,24,393,1.0
E1,M07,103-1,E,SF-103,B,202311,25,403,0.0
E1,M07,103-1,E,SF-103,B,202312,26,412,0.0
E1,M07,103-1,E,SF-103,B,202401,27,421,1.0
E1,M07,103-1,E,SF-103,B,202402,28,430,0.0
E1,M07,103-1,E,SF-103,B,202403,29,439,0.0
E1,M07,103-1,E,SF-103,B,202404,30,448,0.0
E1,M07,103-1,E,SF-103,B,202405,31,457,1.0
E1,M07,103-1,E,SF-103,B,202406,32,466,0.0
E1,M07,103-1,E,SF-103,B,202407,33,475,0.0
E1,M07,103-1,E,SF-103,B,202408,34,484,0.0
E1,M07,103-1,E,SF-103,B,202409,35,494,0.0
E1,M07,103-1,E,SF-103,B,202410,36,503,1.0
E1,M07,103-1,E,SF-103,B,202411,37,512,0.0
E1,M07,103-1,E,SF-103,B,202412,38,521,0.0
E1,M07,104-0,A,SF-104,B,202112,2,938,2.0
E1,M07,104-0,A,SF-104,B,202201,3,983,1.0
E1,M07,104-0,A,SF-104,B,202202,4,1027,1.0
E1,M07,104-0,A,SF-104,B,202203,5,1071,0.0
E1,M07,104-0,A,SF-104,B,202204,6,1115,0.0
E1,M07,104-0,A,SF-104,B,202205,7,1159,1.0
E1,M07,104-0,A,SF-104,B,202206,8,1204,0.0
E1,M07,104-0,A,SF-104,B,202207,9,1248,3.0
E1,M07,104-0,A,SF-104,B,202208,10,1292,2.0
E1,M07,104-0,A,SF-104,B,202209,11,1336,4.0
E1,M07,104-0,A,SF-104,B,202210,12,1380,2.0
E1,M07,104-0,A,SF-104,B,202211,13,1425,1.0
E1,M07,104-0,A,SF-104,B,202212,14,1469,4.0
E1,M07,104-0,A,SF-104,B,202301,15,1513,1.0
E1,M07,104-0,A,SF-104,B,202302,16,1557,4.0
E1,M07,104-0,A,SF-104,B,202303,17,1601,3.0
E1,M07,104-0,A,SF-104,B,202304,18,1646,1.0
E1,M07,104-0,A,SF-104,B,202305,19,1690,0.0
E1,M07,104-0,A,SF-104,B,202306,20,1734,0.0
E1,M07,104-0,A,SF-104,B,202307,21,1778,3.0
E1,M07,104-0,A,SF-104,B,202308,22,1822,3.0
E1,M07,104-0,A,SF-104,B,202309,23,1867,1.0
E1,M07,104-0,A,SF-104,B,202310,24,1911,1.0
E1,M07,104-0,A,SF-104,B,202311,25,1955,3.0
E1,M07,104-0,A,SF-104,B,202312,26,1999,2.0
E1,M07,104-0,A,SF-104,B,202401,27,2043,1.0
E1,M07,104-0,A,SF-104,B,202402,28,2088,2.0
E1,M07,104-0,A,SF-104,B,202403,29,2132,1.0
E1,M07,104-0,A,SF-104,B,202404,30,2176,3.0
E1,M07,104-0,A,SF-104,B,202405,31,2220,1.0
E1,M07,104-0,A,SF-104,B,202406,32,2264,0.0
E1,M07,104-0,A,SF-104,B,202407,33,2309,5.0
E1,M07,104-0,A,SF-104,B,202408,34,2353,3.0
E1,M07,104-0,A,SF-104,B,202409,35,2397,2.0
E1,M07,104-0,A,SF-104,B,202410,36,2441,2.0
E1,M07,104-0,A,SF-104,B,202411,37,2485,2.0
E1,M07,104-0,A,SF-104,B,202412,38,2530,6.0
E1,M07,104-0,ALL,SF-104,B,202110,0,2500,4.0
E1,M07,104-0,ALL,SF-104,B,202111,1,2630,1.0
E1,M07,104-0,ALL,SF-104,B,202112,2,2760,4.0
E1,M07,104-0,ALL,SF-104,B,202201,3,2890,2.0
E1,M07,104-0,ALL,SF-104,B,202202,4,3020,2.0
E1,M07,104-0,ALL,SF-104,B,202203,5,3150,0.0
E1,M07,104-0,ALL,SF-104,B,202204,6,3280,0.0
E1,M07,104-0,ALL,SF-104,B,202205,7,3410,4.0
E1,M07,104-0,ALL,SF-104,B,202206,8,3540,3.0
E1,M07,104-0,ALL,SF-104,B,202207,9,3670,8.0
E1,M07,104-0,ALL,SF-104,B,202208,10,3800,5.0
E1,M07,104-0,ALL,SF-104,B,202209,11,3930,5.0
E1,M07,104-0,ALL,SF-104,B,202210,12,4060,5.0
E1,M07,104-0,ALL,SF-104,B,202211,13,4190,6.0
E1,M07,104-0,ALL,SF-104,B,202212,14,4320,6.0
E1,M07,104-0,ALL,SF-104,B,202301,15,4450,5.0
E1,M07,104-0,ALL,SF-104,B,202302,16,4580,5.0
E1,M07,104-0,ALL,SF-104,B,202303,17,4710,6.0
E1,M07,104-0,ALL,SF-104,B,202304,18,4840,6.0
E1,M07,104-0,ALL,SF-104,B,202305,19,4970,2.0
E1,M07,104-0,ALL,SF-104,B,202306,20,5100,5.0
E1,M07,104-0,ALL,SF-104,B,202307,21,5230,6.0
E1,M07,104-0,ALL,SF-104,B,202308,22,5360,5.0
E1,M07,104-0,ALL,SF-104,B,202309,23,5490,2.0
E1,M07,104-0,ALL,SF-104,B,202310,24,5620,8.0
E1,M07,104-0,ALL,SF-104,B,202311,25,5750,7.0
E1,M07,104-0,ALL,SF-104,B,202312,26,5880,5.0
E1,M07,104-0,ALL,SF-104,B,202401,27,6010,4.0
E1,M07,104-0,ALL,SF-104,B,202402,28,6140,6.0
E1,M07,104-0,ALL,SF-104,B,202403,29,6270,4.0
E1,M07,104-0,ALL,SF-104,B,202404,30,6400,9.0
E1,M07,104-0,ALL,SF-104,B,202405,31,6530,4.0
E1,M07,104-0,ALL,SF-104,B,202406,32,6660,5.0
E1,M07,104-0,ALL,SF-104,B,202407,33,6790,8.0
E1,M07,104-0,ALL,SF-104,B,202408,34,6920,8.0
E1,M07,104-0,ALL,SF-104,B,202409,35,7050,3.0
E1,M07,104-0,ALL,SF-104,B,202410,36,7180,6.0
E1,M07,104-0,ALL,SF-104,B,202411,37,7310,4.0
E1,M07,104-0,ALL,SF-104,B,202412,38,7440,6.0
E1,M07,104-0,B,SF-104,B,202110,0,600,2.0
E1,M07,104-0,B,SF-104,B,202111,1,631,1.0
E1,M07,104-0,B,SF-104,B,202112,2,662,1.0
E1,M07,104-0,B,SF-104,B,202201,3,694,1.0
E1,M07,104-0,B,SF-104,B,202202,4,725,0.0
E1,M07,104-0,B,SF-104,B,202203,5,756,0.0
E1,M07,104-0,B,SF-104,B,202204,6,787,0.0
E1,M07,104-0,B,SF-104,B,202205,7,818,1.0
E1,M07,104-0,B,SF-104,B,202206,8,850,1.0
E1,M07,104-0,B,SF-104,B,202207,9,881,2.0
E1,M07,104-0,B,SF-104,B,202208,10,912,1.0
E1,M07,104-0,B,SF-104,B,202209,11,943,1.0
E1,M07,104-0,B,SF-104,B,202210,12,974,1.0
E1,M07,104-0,B,SF-104,B,202211,13,1006,1.0
E1,M07,104-0,B,SF-104,B,202212,14,1037,0.0
E1,M07,104-0,B,SF-104,B,202301,15,1068,1.0
E1,M07,104-0,B,SF-104,B,202302,16,1099,1.0
E1,M07,104-0,B,SF-104,B,202303,17,1130,2.0
E1,M07,104-0,B,SF-104,B,202304,18,1162,1.0
E1,M07,104-0,B,SF-104,B,202305,19,1193,2.0
E1,M07,104-0,B,SF-104,B,202306,20,1224,0.0
E1,M07,104-0,B,SF-104,B,202307,21,1255,1.0
E1,M07,104-0,B,SF-104,B,202308,22,1286,0.0
E1,M07,104-0,B,SF-104,B,202309,23,1318,0.0
E1,M07,104-0,B,SF-104,B,202310,24,1349,3.0
E1,M07,104-0,B,SF-104,B,202311,25,1380,3.0
E1,M07,104-0,B,SF-104,B,202312,26,1411,1.0
E1,M07,104-0,B,SF-104,B,202401,27,1442,1.0
E1,M07,104-0,B,SF-104,B,202402,28,1474,3.0
E1,M07,104-0,B,SF-104,B,202403,29,1505,1.0
E1,M07,104-0,B,SF-104,B,202404,30,1536,3.0
E1,M07,104-0,B,SF-104,B,202405,31,1567,2.0
E1,M07,104-0,B,SF-104,B,202406,32,1598,3.0
E1,M07,104-0,B,SF-104,B,202407,33,1630,1.0
E1,M07,104-0,B,SF-104,B,202408,34,1661,2.0
E1,M07,104-0,B,SF-104,B,202409,35,1692,0.0
E1,M07,104-0,B,SF-104,B,202410,36,1723,3.0
E1,M07,104-0,B,SF-104,B,202411,37,1754,2.0
E1,M07,104-0,B,SF-104,B,202412,38,1786,0.0
E1,M07,104-0,C,SF-104,B,202110,0,500,2.0
E1,M07,104-0,C,SF-104,B,202112,2,552,1.0
E1,M07,104-0,C,SF-104,B,202201,3,578,0.0
E1,M07,104-0,C,SF-104,B,202202,4,604,0.0
E1,M07,104-0,C,SF-104,B,202203,5,630,0.0
E1,M07,104-0,C,SF-104,B,202204,6,656,0.0
E1,M07,104-0,C,SF-104,B,202205,7,682,1.0
E1,M07,104-0,C,SF-104,B,202206,8,708,0.0
E1,M07,104-0,C,SF-104,B,202207,9,734,2.0
E1,M07,104-0,C,SF-104,B,202208,10,760,2.0
E1,M07,104-0,C,SF-104,B,202209,11,786,0.0
E1,M07,104-0,C,SF-104,B,202210,12,812,0.0
E1,M07,104-0,C,SF-104,B,202211,13,838,2.0
E1,M07,104-0,C,SF-104,B,202212,14,864,1.0
E1,M07,104-0,C,SF-104,B,202301,15,890,0.0
E1,M07,104-0,C,SF-104,B,202302,16,916,0.0
E1,M07,104-0,C,SF-104,B,202303,17,942,0.0
E1,M07,104-0,C,SF-104,B,202304,18,968,1.0
E1,M07,104-0,C,SF-104,B,202305,19,994,0.0
E1,M07,104-0,C,SF-104,B,202306,20,1020,2.0
E1,M07,104-0,C,SF-104,B,202307,21,1046,0.0
E1,M07,104-0,C,SF-104,B,202308,22,1072,1.0
E1,M07,104-0,C,SF-104,B,202309,23,1098,0.0
E1,M07,104-0,C,SF-104,B,202310,24,1124,0.0
E1,M07,104-0,C,SF-104,B,202311,25,1150,0.0
E1,M07,104-0,C,SF-104,B,202312,26,1176,1.0
E1,M07,104-0,C,SF-104,B,202401,27,1202,2.0
E1,M07,104-0,C,SF-104,B,202402,28,1228,0.0
E1,M07,104-0,C,SF-104,B,202403,29,1254,1.0
E1,M07,104-0,C,SF-104,B,202404,30,1280,0.0
E1,M07,104-0,C,SF-104,B,202405,31,1306,1.0
E1,M07,104-0,C,SF-104,B,202406,32,1332,1.0
E1,M07,104-0,C,SF-104,B,202407,33,1358,0.0
E1,M07,104-0,C,SF-104,B,202408,34,1384,2.0
E1,M07,104-0,C,SF-104,B,202409,35,1410,1.0
E1,M07,104-0,C,SF-104,B,202410,36,1436,1.0
E1,M07,104-0,C,SF-104,B,202411,37,1462,0.0
E1,M07,104-0,D,SF-104,B,202112,2,414,0.0
E1,M07,104-0,D,SF-104,B,202201,3,434,0.0
E1,M07,104-0,D,SF-104,B,202202,4,453,1.0
E1,M07,104-0,D,SF-104,B,202203,5,472,0.0
E1,M07,104-0,D,SF-104,B,202204,6,492,0.0
E1,M07,104-0,D,SF-104,B,202205,7,512,1.0
E1,M07,104-0,D,SF-104,B,202206,8,531,2.0
E1,M07,104-0,D,SF-104,B,202207,9,550,0.0
E1,M07,104-0,D,SF-104,B,202208,10,570,0.0
E1,M07,104-0,D,SF-104,B,202209,11,590,0.0
E1,M07,104-0,D,SF-104,B,202210,12,609,1.0
E1,M07,104-0,D,SF-104,B,202211,13,628,1.0
E1,M07,104-0,D,SF-104,B,202212,14,648,1.0
E1,M07,104-0,D,SF-104,B,202301,15,668,2.0
E1,M07,104-0,D,SF-104,B,202302,16,687,0.0
E1,M07,104-0,D,SF-104,B,202303,17,706,1.0
E1,M07,104-0,D,SF-104,B,202304,18,726,3.0
E1,M07,104-0,D,SF-104,B,202305,19,746,0.0
E1,M07,104-0,D,SF-104,B,202306,20,765,3.0
E1,M07,104-0,D,SF-104,B,202307,21,784,2.0
E1,M07,104-0,D,SF-104,B,202308,22,804,0.0
E1,M07,104-0,D,SF-104,B,202309,23,824,1.0
E1,M07,104-0,D,SF-104,B,202310,24,843,3.0
E1,M07,104-0,D,SF-104,B,202311,25,862,1.0
E1,M07,104-0,D,SF-104,B,202312,26,882,0.0
E1,M07,104-0,D,SF-104,B,202401,27,902,0.0
E1,M07,104-0,D,SF-104,B,202402,28,921,1.0
E1,M07,104-0,D,SF-104,B,202403,29,940,0.0
E1,M07,104-0,D,SF-104,B,202404,30,960,3.0
E1,M07,104-0,D,SF-104,B,202405,31,980,0.0
E1,M07,104-0,D,SF-104,B,202406,32,999,1.0
E1,M07,104-0,D,SF-104,B,202407,33,1018,2.0
E1,M07,104-0,D,SF-104,B,202408,34,1038,0.0
E1,M07,104-0,D,SF-104,B,202409,35,1058,0.0
E1,M07,104-0,D,SF-104,B,202410,36,1077,0.0
E1,M07,104-0,E,SF-104,B,202206,8,248,0.0
E1,M07,104-0,E,SF-104,B,202207,9,257,1.0
E1,M07,104-0,E,SF-104,B,202208,10,266,0.0
E1,M07,104-0,E,SF-104,B,202209,11,275,0.0
E1,M07,104-0,E,SF-104,B,202210,12,284,1.0
E1,M07,104-0,E,SF-104,B,202211,13,293,1.0
E1,M07,104-0,E,SF-104,B,202212,14,302,0.0
E1,M07,104-0,E,SF-104,B,202301,15,312,1.0
E1,M07,104-0,E,SF-104,B,202302,16,321,0.0
E1,M07,104-0,E,SF-104,B,202303,17,330,0.0
E1,M07,104-0,E,SF-104,B,202304,18,339,0.0
E1,M07,104-0,E,SF-104,B,202305,19,348,0.0
E1,M07,104-0,E,SF-104,B,202306,20,357,0.0
E1,M07,104-0,E,SF-104,B,202307,21,366,0.0
E1,M07,104-0,E,SF-104,B,202308,22,375,1.0
E1,M07,104-0,E,SF-104,B,202309,23,384,0.0
E1,M07,104-0,E,SF-104,B,202310,24,393,1.0
E1,M07,104-0,E,SF-104,B,202311,25,403,0.0
E1,M07,104-0,E,SF-104,B,202312,26,412,1.0
E1,M07,104-0,E,SF-104,B,202401,27,421,0.0
E1,M07,104-0,E,SF-104,B,202402,28,430,0.0
E1,M07,104-0,E,SF-104,B,202403,29,439,1.0
E1,M07,104-0,E,SF-104,B,202404,30,448,0.0
E1,M07,104-0,E,SF-104,B,202405,31,457,0.0
E1,M07,104-0,E,SF-104,B,202406,32,466,0.0
E1,M07,104-0,E,SF-104,B,202407,33,475,0.0
E1,M07,104-0,E,SF-104,B,202408,34,484,1.0
E1,M07,104-0,E,SF-104,B,202409,35,494,0.0
E1,M07,104-0,E,SF-104,B,202410,36,503,0.0
E1,M07,104-0,E,SF-104,B,202411,37,512,0.0
E1,M07,104-0,E,SF-104,B,202412,38,521,0.0
E1,M07,104-1,A,SF-104,B,202110,0,850,1.0
E1,M07,104-1,A,SF-104,B,202111,1,894,3.0
E1,M07,104-1,A,SF-104,B,202112,2,938,2.0
E1,M07,104-1,A,SF-104,B,202201,3,983,1.0
E1,M07,104-1,A,SF-104,B,202202,4,1027,1.0
E1,M07,104-1,A,SF-104,B,202203,5,1071,1.0
E1,M07,104-1,A,SF-104,B,202204,6,1115,1.0
E1,M07,104-1,A,SF-104,B,202205,7,1159,1.0
E1,M07,104-1,A,SF-104,B,202206,8,1204,2.0
E1,M07,104-1,A,SF-104,B,202207,9,1248,1.0
E1,M07,104-1,A,SF-104,B,202208,10,1292,1.0
E1,M07,104-1,A,SF-104,B,202209,11,1336,2.0
E1,M07,104-1,A,SF-104,B,202210,12,1380,0.0
E1,M07,104-1,A,SF-104,B,202211,13,1425,2.0
E1,M07,104-1,A,SF-104,B,202212,14,1469,2.0
E1,M07,104-1,A,SF-104,B,202301,15,1513,1.0
E1,M07,104-1,A,SF-104,B,202302,16,1557,2.0
E1,M07,104-1,A,SF-104,B,202303,17,1601,0.0
E1,M07,104-1,A,SF-104,B,202304,18,1646,2.0
E1,M07,104-1,A,SF-104,B,202305,19,1690,2.0
E1,M07,104-1,A,SF-104,B,202306,20,1734,3.0
E1,M07,104-1,A,SF-104,B,202307,21,1778,2.0
E1,M07,104-1,A,SF-104,B,202308,22,1822,2.0
E1,M07,104-1,A,SF-104,B,202309,23,1867,1.0
E1,M07,104-1,A,SF-104,B,202310,24,1911,3.0
E1,M07,104-1,A,SF-104,B,202311,25,1955,3.0
E1,M07,104-1,A,SF-104,B,202312,26,1999,4.0
E1,M07,104-1,A,SF-104,B,202401,27,2043,1.0
E1,M07,104-1,A,SF-104,B,202402,28,2088,1.0
E1,M07,104-1,A,SF-104,B,202403,29,2132,2.0
E1,M07,104-1,A,SF-104,B,202404,30,2176,3.0
E1,M07,104-1,A,SF-104,B,202405,31,2220,2.0
E1,M07,104-1,A,SF-104,B,202406,32,2264,2.0
E1,M07,104-1,A,SF-104,B,202407,33,2309,2.0
E1,M07,104-1,A,SF-104,B,202408,34,2353,4.0
E1,M07,104-1,A,SF-104,B,202409,35,2397,2.0
E1,M07,104-1,A,SF-104,B,202410,36,2441,2.0
E1,M07,104-1,A,SF-104,B,202411,37,2485,3.0
E1,M07,104-1,A,SF-104,B,202412,38,2530,2.0
E1,M07,104-1,ALL,SF-104,B,202110,0,2500,2.0
E1,M07,104-1,ALL,SF-104,B,202111,1,2630,5.0
E1,M07,104-1,ALL,SF-104,B,202112,2,2760,5.0
E1,M07,104-1,ALL,SF-104,B,202201,3,2890,2.0
E1,M07,104-1,ALL,SF-104,B,202202,4,3020,2.0
E1,M07,104-1,ALL,SF-104,B,202203,5,3150,3.0
E1,M07,104-1,ALL,SF-104,B,202204,6,3280,2.0
E1,M07,104-1,ALL,SF-104,B,202205,7,3410,5.0
E1,M07,104-1,ALL,SF-104,B,202206,8,3540,3.0
E1,M07,104-1,ALL,SF-104,B,202207,9,3670,7.0
E1,M07,104-1,ALL,SF-104,B,202208,10,3800,3.0
E1,M07,104-1,ALL,SF-104,B,202209,11,3930,5.0
E1,M07,104-1,ALL,SF-104,B,202210,12,4060,3.0
E1,M07,104-1,ALL,SF-104,B,202211,13,4190,6.0
E1,M07,104-1,ALL,SF-104,B,202212,14,4320,2.0
E1,M07,104-1,ALL,SF-104,B,202301,15,4450,5.0
E1,M07,104-1,ALL,SF-104,B,202302,16,4580,6.0
E1,M07,104-1,ALL,SF-104,B,202303,17,4710,2.0
E1,M07,104-1,ALL,SF-104,B,202304,18,4840,4.0
E1,M07,104-1,ALL,SF-104,B,202305,19,4970,5.0
E1,M07,104-1,ALL,SF-104,B,202306,20,5100,8.0
E1,M07,104-1,ALL,SF-104,B,202307,21,5230,6.0
E1,M07,104-1,ALL,SF-104,B,202308,22,5360,11.0
E1,M07,104-1,ALL,SF-104,B,202309,23,5490,5.0
E1,M07,104-1,ALL,SF-104,B,202310,24,5620,8.0
E1,M07,104-1,ALL,SF-104,B,202311,25,5750,9.0
E1,M07,104-1,ALL,SF-104,B,202312,26,5880,7.0
E1,M07,104-1,ALL,SF-104,B,202401,27,6010,7.0
E1,M07,104-1,ALL,SF-104,B,202402,28,6140,2.0
E1,M07,104-1,ALL,SF-104,B,202403,29,6270,5.0
E1,M07,104-1,ALL,SF-104,B,202404,30,6400,6.0
E1,M07,104-1,ALL,SF-104,B,202405,31,6530,7.0
E1,M07,104-1,ALL,SF-104,B,202406,32,6660,6.0
E1,M07,104-1,ALL,SF-104,B,202407,33,6790,3.0
E1,M07,104-1,ALL,SF-104,B,202408,34,6920,11.0
E1,M07,104-1,ALL,SF-104,B,202409,35,7050,6.0
E1,M07,104-1,ALL,SF-104,B,202410,36,7180,5.0
E1,M07,104-1,ALL,SF-104,B,202411,37,7310,8.0
E1,M07,104-1,ALL,SF-104,B,202412,38,7440,4.0
E1,M07,104-1,B,SF-104,B,202111,1,631,1.0
E1,M07,104-1,B,SF-104,B,202112,2,662,1.0
E1,M07,104-1,B,SF-104,B,202201,3,694,1.0
E1,M07,104-1,B,SF-104,B,202202,4,725,0.0
E1,M07,104-1,B,SF-104,B,202203,5,756,1.0
E1,M07,104-1,B,SF-104,B,202204,6,787,0.0
E1,M07,104-1,B,SF-104,B,202205,7,818,2.0
E1,M07,104-1,B,SF-104,B,202206,8,850,0.0
E1,M07,104-1,B,SF-104,B,202207,9,881,1.0
E1,M07,104-1,B,SF-104,B,202208,10,912,1.0
E1,M07,104-1,B,SF-104,B,202209,11,943,0.0
E1,M07,104-1,B,SF-104,B,202210,12,974,1.0
E1,M07,104-1,B,SF-104,B,202211,13,1006,2.0
E1,M07,104-1,B,SF-104,B,202212,14,1037,0.0
E1,M07,104-1,B,SF-104,B,202301,15,1068,1.0
E1,M07,104-1,B,SF-104,B,202302,16,1099,2.0
E1,M07,104-1,B,SF-104,B,202303,17,1130,0.0
E1,M07,104-1,B,SF-104,B,202304,18,1162,1.0
E1,M07,104-1,B,SF-104,B,202305,19,1193,3.0
E1,M07,104-1,B,SF-104,B,202306,20,1224,2.0
E1,M07,104-1,B,SF-104,B,202307,21,1255,0.0
E1,M07,104-1,B,SF-104,B,202308,22,1286,0.0
E1,M07,104-1,B,SF-104,B,202309,23,1318,1.0
E1,M07,104-1,B,SF-104,B,202310,24,1349,5.0
E1,M07,104-1,B,SF-104,B,202311,25,1380,2.0
E1,M07,104-1,B,SF-104,B,202312,26,1411,0.0
E1,M07,104-1,B,SF-104,B,202401,27,1442,2.0
E1,M07,104-1,B,SF-104,B,202402,28,1474,1.0
E1,M07,104-1,B,SF-104,B,202403,29,1505,2.0
E1,M07,104-1,B,SF-104,B,202404,30,1536,2.0
E1,M07,104-1,B,SF-104,B,202405,31,1567,1.0
E1,M07,104-1,B,SF-104,B,202406,32,1598,0.0
E1,M07,104-1,B,SF-104,B,202407,33,1630,0.0
E1,M07,104-1,B,SF-104,B,202408,34,1661,2.0
E1,M07,104-1,B,SF-104,B,202409,35,1692,2.0
E1,M07,104-1,B,SF-104,B,202410,36,1723,1.0
E1,M07,104-1,B,SF-104,B,202411,37,1754,4.0
E1,M07,104-1,B,SF-104,B,202412,38,1786,1.0
E1,M07,104-1,C,SF-104,B,202110,0,500,1.0
E1,M07,104-1,C,SF-104,B,202111,1,526,1.0
E1,M07,104-1,C,SF-104,B,202112,2,552,0.0
E1,M07,104-1,C,SF-104,B,202201,3,578,0.0
E1,M07,104-1,C,SF-104,B,202202,4,604,1.0
E1,M07,104-1,C,SF-104,B,202203,5,630,1.0
E1,M07,104-1,C,SF-104,B,202204,6,656,1.0
E1,M07,104-1,C,SF-104,B,202205,7,682,1.0
E1,M07,104-1,C,SF-104,B,202206,8,708,1.0
E1,M07,104-1,C,SF-104,B,202207,9,734,3.0
E1,M07,104-1,C,SF-104,B,202208,10,760,0.0
E1,M07,104-1,C,SF-104,B,202209,11,786,0.0
E1,M07,104-1,C,SF-104,B,202210,12,812,1.0
E1,M07,104-1,C,SF-104,B,202211,13,838,0.0
E1,M07,104-1,C,SF-104,B,202212,14,864,0.0
E1,M07,104-1,C,SF-104,B,202301,15,890,1.0
E1,M07,104-1,C,SF-104,B,202302,16,916,1.0
E1,M07,104-1,C,SF-104,B,202303,17,942,2.0
E1,M07,104-1,C,SF-104,B,202304,18,968,1.0
E1,M07,104-1,C,SF-104,B,202305,19,994,0.0
E1,M07,104-1,C,SF-104,B,202306,20,1020,1.0
E1,M07,104-1,C,SF-104,B,202307,21,1046,1.0
E1,M07,104-1,C,SF-104,B,202308,22,1072,8.0
E1,M07,104-1,C,SF-104,B,202309,23,1098,2.0
E1,M07,104-1,C,SF-104,B,202310,24,1124,0.0
E1,M07,104-1,C,SF-104,B,202311,25,1150,3.0
E1,M07,104-1,C,SF-104,B,202312,26,1176,2.0
E1,M07,104-1,C,SF-104,B,202401,27,1202,2.0
E1,M07,104-1,C,SF-104,B,202402,28,1228,0.0
E1,M07,104-1,C,SF-104,B,202403,29,1254,0.0
E1,M07,104-1,C,SF-104,B,202404,30,1280,1.0
E1,M07,104-1,C,SF-104,B,202405,31,1306,0.0
E1,M07,104-1,C,SF-104,B,202406,32,1332,4.0
E1,M07,104-1,C,SF-104,B,202407,33,1358,0.0
E1,M07,104-1,C,SF-104,B,202408,34,1384,3.0
E1,M07,104-1,C,SF-104,B,202409,35,1410,0.0
E1,M07,104-1,C,SF-104,B,202410,36,1436,1.0
E1,M07,104-1,C,SF-104,B,202411,37,1462,1.0
E1,M07,104-1,D,SF-104,B,202112,2,414,2.0
E1,M07,104-1,D,SF-104,B,202201,3,434,0.0
E1,M07,104-1,D,SF-104,B,202202,4,453,0.0
E1,M07,104-1,D,SF-104,B,202203,5,472,0.0
E1,M07,104-1,D,SF-104,B,202204,6,492,0.0
E1,M07,104-1,D,SF-104,B,202205,7,512,1.0
E1,M07,104-1,D,SF-104,B,202206,8,531,0.0
E1,M07,104-1,D,SF-104,B,202207,9,550,1.0
E1,M07,104-1,D,SF-104,B,202208,10,570,0.0
E1,M07,104-1,D,SF-104,B,202209,11,590,2.0
E1,M07,104-1,D,SF-104,B,202210,12,609,0.0
E1,M07,104-1,D,SF-104,B,202211,13,628,2.0
E1,M07,104-1,D,SF-104,B,202212,14,648,0.0
E1,M07,104-1,D,SF-104,B,202301,15,668,1.0
E1,M07,104-1,D,SF-104,B,202302,16,687,1.0
E1,M07,104-1,D,SF-104,B,202303,17,706,0.0
E1,M07,104-1,D,SF-104,B,202304,18,726,0.0
E1,M07,104-1,D,SF-104,B,202305,19,746,0.0
E1,M07,104-1,D,SF-104,B,202306,20,765,1.0
E1,M07,104-1,D,SF-104,B,202307,21,784,3.0
E1,M07,104-1,D,SF-104,B,202308,22,804,0.0
E1,M07,104-1,D,SF-104,B,202309,23,824,1.0
E1,M07,104-1,D,SF-104,B,202310,24,843,0.0
E1,M07,104-1,D,SF-104,B,202311,25,862,1.0
E1,M07,104-1,D,SF-104,B,202312,26,882,1.0
E1,M07,104-1,D,SF-104,B,202401,27,902,2.0
E1,M07,104-1,D,SF-104,B,202402,28,921,0.0
E1,M07,104-1,D,SF-104,B,202403,29,940,1.0
E1,M07,104-1,D,SF-104,B,202404,30,960,0.0
E1,M07,104-1,D,SF-104,B,202405,31,980,3.0
E1,M07,104-1,D,SF-104,B,202406,32,999,0.0
E1,M07,104-1,D,SF-104,B,202407,33,1018,1.0
E1,M07,104-1,D,SF-104,B,202408,34,1038,2.0
E1,M07,104-1,D,SF-104,B,202409,35,1058,2.0
E1,M07,104-1,D,SF-104,B,202410,36,1077,0.0
E1,M07,104-1,E,SF-104,B,202206,8,248,0.0
E1,M07,104-1,E,SF-104,B,202207,9,257,1.0
E1,M07,104-1,E,SF-104,B,202208,10,266,1.0
E1,M07,104-1,E,SF-104,B,202209,11,275,1.0
E1,M07,104-1,E,SF-104,B,202210,12,284,1.0
E1,M07,104-1,E,SF-104,B,202211,13,293,0.0
E1,M07,104-1,E,SF-104,B,202212,14,302,0.0
E1,M07,104-1,E,SF-104,B,202301,15,312,1.0
E1,M07,104-1,E,SF-104,B,202302,16,321,0.0
E1,M07,104-1,E,SF-104,B,202303,17,330,0.0
E1,M07,104-1,E,SF-104,B,202304,18,339,0.0
E1,M07,104-1,E,SF-104,B,202305,19,348,0.0
E1,M07,104-1,E,SF-104,B,202306,20,357,1.0
E1,M07,104-1,E,SF-104,B,202307,21,366,0.0
E1,M07,104-1,E,SF-104,B,202308,22,375,1.0
E1,M07,104-1,E,SF-104,B,202309,23,384,0.0
E1,M07,104-1,E,SF-104,B,202310,24,393,0.0
E1,M07,104-1,E,SF-104,B,202311,25,403,0.0
E1,M07,104-1,E,SF-104,B,202312,26,412,0.0
E1,M07,104-1,E,SF-104,B,202401,27,421,0.0
E1,M07,104-1,E,SF-104,B,202402,28,430,0.0
E1,M07,104-1,E,SF-104,B,202403,29,439,0.0
E1,M07,104-1,E,SF-104,B,202404,30,448,0.0
E1,M07,104-1,E,SF-104,B,202405,31,457,1.0
E1,M07,104-1,E,SF-104,B,202406,32,466,0.0
E1,M07,104-1,E,SF-104,B,202407,33,475,0.0
E1,M07,104-1,E,SF-104,B,202408,34,484,0.0
E1,M07,104-1,E,SF-104,B,202409,35,494,0.0
E1,M07,104-1,E,SF-104,B,202410,36,503,1.0
E1,M07,104-1,E,SF-104,B,202411,37,512,0.0
E1,M07,104-1,E,SF-104,B,202412,38,521,1.0
E1,M07,105-0,A,SF-105,B,202112,2,938,0.0
E1,M07,105-0,A,SF-105,B,202201,3,983,1.0
E1,M07,105-0,A,SF-105,B,202202,4,1027,0.0
E1,M07,105-0,A,SF-105,B,202203,5,1071,0.0
E1,M07,105-0,A,SF-105,B,202204,6,1115,1.0
E1,M07,105-0,A,SF-105,B,202205,7,1159,1.0
E1,M07,105-0,A,SF-105,B,202206,8,1204,1.0
E1,M07,105-0,A,SF-105,B,202207,9,1248,1.0
E1,M07,105-0,A,SF-105,B,202208,10,1292,0.0
E1,M07,105-0,A,SF-105,B,202209,11,1336,1.0
E1,M07,105-0,A,SF-105,B,202210,12,1380,3.0
E1,M07,105-0,A,SF-105,B,202211,13,1425,1.0
E1,M07,105-0,A,SF-105,B,202212,14,1469,0.0
E1,M07,105-0,A,SF-105,B,202301,15,1513,0.0
E1,M07,105-0,A,SF-105,B,202302,16,1557,1.0
E1,M07,105-0,A,SF-105,B,202303,17,1601,0.0
E1,M07,105-0,A,SF-105,B,202304,18,1646,0.0
E1,M07,105-0,A,SF-105,B,202305,19,1690,0.0
E1,M07,105-0,A,SF-105,B,202306,20,1734,1.0
E1,M07,105-0,A,SF-105,B,202307,21,1778,0.0
E1,M07,105-0,A,SF-105,B,202308,22,1822,2.0
E1,M07,105-0,A,SF-105,B,202309,23,1867,0.0
E1,M07,105-0,A,SF-105,B,202310,24,1911,1.0
E1,M07,105-0,A,SF-105,B,202311,25,1955,0.0
E1,M07,105-0,A,SF-105,B,202312,26,1999,0.0
E1,M07,105-0,A,SF-105,B,202401,27,2043,0.0
E1,M07,105-0,A,SF-105,B,202402,28,2088,0.0
E1,M07,105-0,A,SF-105,B,202403,29,2132,0.0
E1,M07,105-0,A,SF-105,B,202404,30,2176,1.0
E1,M07,105-0,A,SF-105,B,202405,31,2220,0.0
E1,M07,105-0,A,SF-105,B,202406,32,2264,2.0
E1,M07,105-0,A,SF-105,B,202407,33,2309,1.0
E1,M07,105-0,A,SF-105,B,202408,34,2353,1.0
E1,M07,105-0,A,SF-105,B,202409,35,2397,0.0
E1,M07,105-0,A,SF-105,B,202410,36,2441,1.0
E1,M07,105-0,A,SF-105,B,202411,37,2485,1.0
E1,M07,105-0,A,SF-105,B,202412,38,2530,0.0
E1,M07,105-0,ALL,SF-105,B,202110,0,2500,0.0
E1,M07,105-0,ALL,SF-105,B,202111,1,2630,1.0
E1,M07,105-0,ALL,SF-105,B,202112,2,2760,0.0
E1,M07,105-0,ALL,SF-105,B,202201,3,2890,1.0
E1,M07,105-0,ALL,SF-105,B,202202,4,3020,0.0
E1,M07,105-0,ALL,SF-105,B,202203,5,3150,0.0
E1,M07,105-0,ALL,SF-105,B,202204,6,3280,1.0
E1,M07,105-0,ALL,SF-105,B,202205,7,3410,3.0
E1,M07,105-0,ALL,SF-105,B,202206,8,3540,1.0
E1,M07,105-0,ALL,SF-105,B,202207,9,3670,1.0
E1,M07,105-0,ALL,SF-105,B,202208,10,3800,1.0
E1,M07,105-0,ALL,SF-105,B,202209,11,3930,2.0
E1,M07,105-0,ALL,SF-105,B,202210,12,4060,4.0
E1,M07,105-0,ALL,SF-105,B,202211,13,4190,2.0
E1,M07,105-0,ALL,SF-105,B,202212,14,4320,0.0
E1,M07,105-0,ALL,SF-105,B,202301,15,4450,0.0
E1,M07,105-0,ALL,SF-105,B,202302,16,4580,1.0
E1,M07,105-0,ALL,SF-105,B,202303,17,4710,1.0
E1,M07,105-0,ALL,SF-105,B,202304,18,4840,0.0
E1,M07,105-0,ALL,SF-105,B,202305,19,4970,1.0
E1,M07,105-0,ALL,SF-105,B,202306,20,5100,2.0
E1,M07,105-0,ALL,SF-105,B,202307,21,5230,0.0
E1,M07,105-0,ALL,SF-105,B,202308,22,5360,2.0
E1,M07,105-0,ALL,SF-105,B,202309,23,5490,3.0
E1,M07,105-0,ALL,SF-105,B,202310,24,5620,4.0
E1,M07,105-0,ALL,SF-105,B,202311,25,5750,0.0
E1,M07,105-0,ALL,SF-105,B,202312,26,5880,2.0
E1,M07,105-0,ALL,SF-105,B,202401,27,6010,3.0
E1,M07,105-0,ALL,SF-105,B,202402,28,6140,1.0
E1,M07,105-0,ALL,SF-105,B,202403,29,6270,3.0
E1,M07,105-0,ALL,SF-105,B,202404,30,6400,3.0
E1,M07,105-0,ALL,SF-105,B,202405,31,6530,0.0
E1,M07,105-0,ALL,SF-105,B,202406,32,6660,3.0
E1,M07,105-0,ALL,SF-105,B,202407,33,6790,3.0
E1,M07,105-0,ALL,SF-105,B,202408,34,6920,3.0
E1,M07,105-0,ALL,SF-105,B,202409,35,7050,0.0
E1,M07,105-0,ALL,SF-105,B,202410,36,7180,2.0
E1,M07,105-0,ALL,SF-105,B,202411,37,7310,3.0
E1,M07,105-0,ALL,SF-105,B,202412,38,7440,1.0
E1,M07,105-0,B,SF-105,B,202112,2,662,0.0
E1,M07,105-0,B,SF-105,B,202201,3,694,0.0
E1,M07,105-0,B,SF-105,B,202202,4,725,0.0
E1,M07,105-0,B,SF-105,B,202203,5,756,0.0
E1,M07,105-0,B,SF-105,B,202204,6,787,0.0
E1,M07,105-0,B,SF-105,B,202205,7,818,0.0
E1,M07,105-0,B,SF-105,B,202206,8,850,0.0
E1,M07,105-0,B,SF-105,B,202207,9,881,0.0
E1,M07,105-0,B,SF-105,B,202208,10,912,0.0
E1,M07,105-0,B,SF-105,B,202209,11,943,1.0
E1,M07,105-0,B,SF-105,B,202210,12,974,1.0
E1,M07,105-0,B,SF-105,B,202211,13,1006,0.0
E1,M07,105-0,B,SF-105,B,202212,14,1037,0.0
E1,M07,105-0,B,SF-105,B,202301,15,1068,0.0
E1,M07,105-0,B,SF-105,B,202302,16,1099,0.0
E1,M07,105-0,B,SF-105,B,202303,17,1130,0.0
E1,M07,105-0,B,SF-105,B,202304,18,1162,0.0
E1,M07,105-0,B,SF-105,B,202305,19,1193,0.0
E1,M07,105-0,B,SF-105,B,202306,20,1224,1.0
E1,M07,105-0,B,SF-105,B,202307,21,1255,0.0
E1,M07,105-0,B,SF-105,B,202308,22,1286,0.0
E1,M07,105-0,B,SF-105,B,202309,23,1318,0.0
E1,M07,105-0,B,SF-105,B,202310,24,1349,0.0
E1,M07,105-0,B,SF-105,B,202311,25,1380,0.0
E1,M07,105-0,B,SF-105,B,202312,26,1411,0.0
E1,M07,105-0,B,SF-105,B,202401,27,1442,1.0
E1,M07,105-0,B,SF-105,B,202402,28,1474,0.0
E1,M07,105-0,B,SF-105,B,202403,29,1505,1.0
E1,M07,105-0,B,SF-105,B,202404,30,1536,0.0
E1,M07,105-0,B,SF-105,B,202405,31,1567,0.0
E1,M07,105-0,B,SF-105,B,202406,32,1598,0.0
E1,M07,105-0,B,SF-105,B,202407,33,1630,1.0
E1,M07,105-0,B,SF-105,B,202408,34,1661,0.0
E1,M07,105-0,B,SF-105,B,202409,35,1692,0.0
E1,M07,105-0,B,SF-105,B,202410,36,1723,0.0
E1,M07,105-0,B,SF-105,B,202411,37,1754,1.0
E1,M07,105-0,B,SF-105,B,202412,38,1786,1.0
E1,M07,105-0,C,SF-105,B,202112,2,552,0.0
E1,M07,105-0,C,SF-105,B,202201,3,578,0.0
E1,M07,105-0,C,SF-105,B,202202,4,604,0.0
E1,M07,105-0,C,SF-105,B,202203,5,630,0.0
E1,M07,105-0,C,SF-105,B,202204,6,656,0.0
E1,M07,105-0,C,SF-105,B,202205,7,682,2.0
E1,M07,105-0,C,SF-105,B,202206,8,708,0.0
E1,M07,105-0,C,SF-105,B,202207,9,734,0.0
E1,M07,105-0,C,SF-105,B,202208,10,760,1.0
E1,M07,105-0,C,SF-105,B,202209,11,786,0.0
E1,M07,105-0,C,SF-105,B,202210,12,812,0.0
E1,M07,105-0,C,SF-105,B,202211,13,838,1.0
E1,M07,105-0,C,SF-105,B,202212,14,864,0.0
E1,M07,105-0,C,SF-105,B,202301,15,890,0.0
E1,M07,105-0,C,SF-105,B,202302,16,916,0.0
E1,M07,105-0,C,SF-105,B,202303,17,942,1.0
E1,M07,105-0,C,SF-105,B,202304,18,968,0.0
E1,M07,105-0,C,SF-105,B,202305,19,994,1.0
E1,M07,105-0,C,SF-105,B,202306,20,1020,0.0
E1,M07,105-0,C,SF-105,B,202307,21,1046,0.0
E1,M07,105-0,C,SF-105,B,202308,22,1072,0.0
E1,M07,105-0,C,SF-105,B,202309,23,1098,3.0
E1,M07,105-0,C,SF-105,B,202310,24,1124,3.0
E1,M07,105-0,C,SF-105,B,202311,25,1150,0.0
E1,M07,105-0,C,SF-105,B,202312,26,1176,1.0
E1,M07,105-0,C,SF-105,B,202401,27,1202,0.0
E1,M07,105-0,C,SF-105,B,202402,28,1228,0.0
E1,M07,105-0,C,SF-105,B,202403,29,1254,2.0
E1,M07,105-0,C,SF-105,B,202404,30,1280,0.0
E1,M07,105-0,C,SF-105,B,202405,31,1306,0.0
E1,M07,105-0,C,SF-105,B,202406,32,1332,0.0
E1,M07,105-0,C,SF-105,B,202407,33,1358,1.0
E1,M07,105-0,C,SF-105,B,202408,34,1384,1.0
E1,M07,105-0,C,SF-105,B,202409,35,1410,0.0
E1,M07,105-0,C,SF-105,B,202410,36,1436,0.0
E1,M07,105-0,C,SF-105,B,202411,37,1462,1.0
E1,M07,105-0,D,SF-105,B,202111,1,394,1.0
E1,M07,105-0,D,SF-105,B,202112,2,414,0.0
E1,M07,105-0,D,SF-105,B,202201,3,434,0.0
E1,M07,105-0,D,SF-105,B,202202,4,453,0.0
E1,M07,105-0,D,SF-105,B,202203,5,472,0.0
E1,M07,105-0,D,SF-105,B,202204,6,492,0.0
E1,M07,105-0,D,SF-105,B,202205,7,512,0.0
E1,M07,105-0,D,SF-105,B,202206,8,531,0.0
E1,M07,105-0,D,SF-105,B,202207,9,550,0.0
E1,M07,105-0,D,SF-105,B,202208,10,570,0.0
E1,M07,105-0,D,SF-105,B,202209,11,590,0.0
E1,M07,105-0,D,SF-105,B,202210,12,609,0.0
E1,M07,105-0,D,SF-105,B,202211,13,628,0.0
E1,M07,105-0,D,SF-105,B,202212,14,648,0.0
E1,M07,105-0,D,SF-105,B,202301,15,668,0.0
E1,M07,105-0,D,SF-105,B,202302,16,687,0.0
E1,M07,105-0,D,SF-105,B,202303,17,706,0.0
E1,M07,105-0,D,SF-105,B,202304,18,726,0.0
E1,M07,105-0,D,SF-105,B,202305,19,746,0.0
E1,M07,105-0,D,SF-105,B,202306,20,765,0.0
E1,M07,105-0,D,SF-105,B,202307,21,784,0.0
E1,M07,105-0,D,SF-105,B,202308,22,804,0.0
E1,M07,105-0,D,SF-105,B,202309,23,824,0.0
E1,M07,105-0,D,SF-105,B,202310,24,843,0.0
E1,M07,105-0,D,SF-105,B,202311,25,862,0.0
E1,M07,105-0,D,SF-105,B,202312,26,882,1.0
E1,M07,105-0,D,SF-105,B,202401,27,902,1.0
E1,M07,105-0,D,SF-105,B,202402,28,921,1.0
E1,M07,105-0,D,SF-105,B,202403,29,940,0.0
E1,M07,105-0,D,SF-105,B,202404,30,960,1.0
E1,M07,105-0,D,SF-105,B,202405,31,980,0.0
E1,M07,105-0,D,SF-105,B,202406,32,999,0.0
E1,M07,105-0,D,SF-105,B,202407,33,1018,0.0
E1,M07,105-0,D,SF-105,B,202408,34,1038,1.0
E1,M07,105-0,D,SF-105,B,202409,35,1058,0.0
E1,M07,105-0,D,SF-105,B,202410,36,1077,0.0
E1,M07,105-0,E,SF-105,B,202206,8,248,0.0
E1,M07,105-0,E,SF-105,B,202207,9,257,0.0
E1,M07,105-0,E,SF-105,B,202208,10,266,0.0
E1,M07,105-0,E,SF-105,B,202209,11,275,0.0
E1,M07,105-0,E,SF-105,B,202210,12,284,0.0
E1,M07,105-0,E,SF-105,B,202211,13,293,0.0
E1,M07,105-0,E,SF-105,B,202212,14,302,0.0
E1,M07,105-0,E,SF-105,B,202301,15,312,0.0
E1,M07,105-0,E,SF-105,B,202302,16,321,0.0
E1,M07,105-0,E,SF-105,B,202303,17,330,0.0
E1,M07,105-0,E,SF-105,B,202304,18,339,0.0
E1,M07,105-0,E,SF-105,B,202305,19,348,0.0
E1,M07,105-0,E,SF-105,B,202306,20,357,0.0
E1,M07,105-0,E,SF-105,B,202307,21,366,0.0
E1,M07,105-0,E,SF-105,B,202308,22,375,0.0
E1,M07,105-0,E,SF-105,B,202309,23,384,0.0
E1,M07,105-0,E,SF-105,B,202310,24,393,0.0
E1,M07,105-0,E,SF-105,B,202311,25,403,0.0
E1,M07,105-0,E,SF-105,B,202312,26,412,0.0
E1,M07,105-0,E,SF-105,B,202401,27,421,1.0
E1,M07,105-0,E,SF-105,B,202402,28,430,0.0
E1,M07,105-0,E,SF-105,B,202403,29,439,0.0
E1,M07,105-0,E,SF-105,B,202404,30,448,1.0
E1,M07,105-0,E,SF-105,B,202405,31,457,0.0
E1,M07,105-0,E,SF-105,B,202406,32,466,1.0
E1,M07,105-0,E,SF-105,B,202407,33,475,0.0
E1,M07,105-0,E,SF-105,B,202408,34,484,0.0
E1,M07,105-0,E,SF-105,B,202409,35,494,0.0
E1,M07,105-0,E,SF-105,B,202410,36,503,1.0
E1,M07,105-0,E,SF-105,B,202411,37,512,0.0
E1,M07,105-0,E,SF-105,B,202412,38,521,0.0
E1,M08,100-0,A,SF-100,B,202111,0,850,2.0
E1,M08,100-0,A,SF-100,B,202201,2,938,4.0
E1,M08,100-0,A,SF-100,B,202202,3,983,3.0
E1,M08,100-0,A,SF-100,B,202203,4,1027,4.0
E1,M08,100-0,A,SF-100,B,202204,5,1071,0.0
E1,M08,100-0,A,SF-100,B,202205,6,1115,2.0
E1,M08,100-0,A,SF-100,B,202206,7,1159,2.0
E1,M08,100-0,A,SF-100,B,202207,8,1204,0.0
E1,M08,100-0,A,SF-100,B,202208,9,1248,1.0
E1,M08,100-0,A,SF-100,B,202209,10,1292,2.0
E1,M08,100-0,A,SF-100,B,202210,11,1336,2.0
E1,M08,100-0,A,SF-100,B,202211,12,1380,3.0
E1,M08,100-0,A,SF-100,B,202212,13,1425,0.0
E1,M08,100-0,A,SF-100,B,202301,14,1469,3.0
E1,M08,100-0,A,SF-100,B,202302,15,1513,1.0
E1,M08,100-0,A,SF-100,B,202303,16,1557,3.0
E1,M08,100-0,A,SF-100,B,202304,17,1601,4.0
E1,M08,100-0,A,SF-100,B,202305,18,1646,4.0
E1,M08,100-0,A,SF-100,B,202306,19,1690,0.0
E1,M08,100-0,A,SF-100,B,202307,20,1734,3.0
E1,M08,100-0,A,SF-100,B,202308,21,1778,1.0
E1,M08,100-0,A,SF-100,B,202309,22,1822,1.0
E1,M08,100-0,A,SF-100,B,202310,23,1867,0.0
E1,M08,100-0,A,SF-100,B,202311,24,1911,5.0
E1,M08,100-0,A,SF-100,B,202312,25,1955,1.0
E1,M08,100-0,A,SF-100,B,202401,26,1999,0.0
E1,M08,100-0,A,SF-100,B,202402,27,2043,2.0
E1,M08,100-0,A,SF-100,B,202403,28,2088,1.0
E1,M08,100-0,A,SF-100,B,202404,29,2132,2.0
E1,M08,100-0,A,SF-100,B,202405,30,2176,7.0
E1,M08,100-0,A,SF-100,B,202406,31,2220,4.0
E1,M08,100-0,A,SF-100,B,202407,32,2264,6.0
E1,M08,100-0,A,SF-100,B,202408,33,2309,4.0
E1,M08,100-0,A,SF-100,B,202409,34,2353,4.0
E1,M08,100-0,A,SF-100,B,202410,35,2397,5.0
E1,M08,100-0,A,SF-100,B,202411,36,2441,2.0
E1,M08,100-0,A,SF-100,B,202412,37,2485,3.0
E1,M08,100-0,ALL,SF-100,B,202111,0,2500,7.0
E1,M08,100-0,ALL,SF-100,B,202112,1,2630,3.0
E1,M08,100-0,ALL,SF-100,B,202201,2,2760,8.0
E1,M08,100-0,ALL,SF-100,B,202202,3,2890,4.0
E1,M08,100-0,ALL,SF-100,B,202203,4,3020,8.0
E1,M08,100-0,ALL,SF-100,B,202204,5,3150,2.0
E1,M08,100-0,ALL,SF-100,B,202205,6,3280,6.0
E1,M08,100-0,ALL,SF-100,B,202206,7,3410,3.0
E1,M08,100-0,ALL,SF-100,B,202207,8,3540,8.0
E1,M08,100-0,ALL,SF-100,B,202208,9,3670,4.0
E1,M08,100-0,ALL,SF-100,B,202209,10,3800,3.0
E1,M08,100-0,ALL,SF-100,B,202210,11,3930,7.0
E1,M08,100-0,ALL,SF-100,B,202211,12,4060,8.0
E1,M08,100-0,ALL,SF-100,B,202212,13,4190,5.0
E1,M08,100-0,ALL,SF-100,B,202301,14,4320,8.0
E1,M08,100-0,ALL,SF-100,B,202302,15,4450,5.0
E1,M08,100-0,ALL,SF-100,B,202303,16,4580,5.0
E1,M08,100-0,ALL,SF-100,B,202304,17,4710,6.0
E1,M08,100-0,ALL,SF-100,B,202305,18,4840,5.0
E1,M08,100-0,ALL,SF-100,B,202306,19,4970,4.0
E1,M08,100-0,ALL,SF-100,B,202307,20,5100,11.0
E1,M08,100-0,ALL,SF-100,B,202308,21,5230,5.0
E1,M08,100-0,ALL,SF-100,B,202309,22,5360,8.0
E1,M08,100-0,ALL,SF-100,B,202310,23,5490,6.0
E1,M08,100-0,ALL,SF-100,B,202311,24,5620,10.0
E1,M08,100-0,ALL,SF-100,B,202312,25,5750,6.0
E1,M08,100-0,ALL,SF-100,B,202401,26,5880,3.0
E1,M08,100-0,ALL,SF-100,B,202402,27,6010,4.0
E1,M08,100-0,ALL,SF-100,B,202403,28,6140,5.0
E1,M08,100-0,ALL,SF-100,B,202404,29,6270,6.0
E1,M08,100-0,ALL,SF-100,B,202405,30,6400,14.0
E1,M08,100-0,ALL,SF-100,B,202406,31,6530,15.0
E1,M08,100-0,ALL,SF-100,B,202407,32,6660,11.0
E1,M08,100-0,ALL,SF-100,B,202408,33,6790,9.0
E1,M08,100-0,ALL,SF-100,B,202409,34,6920,8.0
E1,M08,100-0,ALL,SF-100,B,202410,35,7050,13.0
E1,M08,100-0,ALL,SF-100,B,202411,36,7180,5.0
E1,M08,100-0,ALL,SF-100,B,202412,37,7310,3.0
E1,M08,100-0,B,SF-100,B,202111,0,600,1.0
E1,M08,100-0,B,SF-100,B,202201,2,662,2.0
E1,M08,100-0,B,SF-100,B,202202,3,694,0.0
E1,M08,100-0,B,SF-100,B,202203,4,725,2.0
E1,M08,100-0,B,SF-100,B,202204,5,756,1.0
E1,M08,100-0,B,SF-100,B,202205,6,787,2.0
E1,M08,100-0,B,SF-100,B,202206,7,818,1.0
E1,M08,100-0,B,SF-100,B,202207,8,850,4.0
E1,M08,100-0,B,SF-100,B,202208,9,881,1.0
E1,M08,100-0,B,SF-100,B,202209,10,912,1.0
E1,M08,100-0,B,SF-100,B,202210,11,943,2.0
E1,M08,100-0,B,SF-100,B,202211,12,974,0.0
E1,M08,100-0,B,SF-100,B,202212,13,1006,0.0
E1,M08,100-0,B,SF-100,B,202301,14,1037,0.0
E1,M08,100-0,B,SF-100,B,202302,15,1068,0.0
E1,M08,100-0,B,SF-100,B,202303,16,1099,1.0
E1,M08,100-0,B,SF-100,B,202304,17,1130,0.0
E1,M08,100-0,B,SF-100,B,202305,18,1162,0.0
E1,M08,100-0,B,SF-100,B,202306,19,1193,2.0
E1,M08,100-0,B,SF-100,B,202307,20,1224,1.0
E1,M08,100-0,B,SF-100,B,202308,21,1255,3.0
E1,M08,100-0,B,SF-100,B,202309,22,1286,4.0
E1,M08,100-0,B,SF-100,B,202310,23,1318,1.0
E1,M08,100-0,B,SF-100,B,202311,24,1349,2.0
E1,M08,100-0,B,SF-100,B,202312,25,1380,2.0
E1,M08,100-0,B,SF-100,B,202401,26,1411,2.0
E1,M08,100-0,B,SF-100,B,202402,27,1442,2.0
E1,M08,100-0,B,SF-100,B,202403,28,1474,1.0
E1,M08,100-0,B,SF-100,B,202404,29,1505,0.0
E1,M08,100-0,B,SF-100,B,202405,30,1536,3.0
E1,M08,100-0,B,SF-100,B,202406,31,1567,3.0
E1,M08,100-0,B,SF-100,B,202407,32,1598,1.0
E1,M08,100-0,B,SF-100,B,202408,33,1630,3.0
E1,M08,100-0,B,SF-100,B,202409,34,1661,4.0
E1,M08,100-0,B,SF-100,B,202410,35,1692,5.0
E1,M08,100-0,B,SF-100,B,202411,36,1723,1.0
E1,M08,100-0,B,SF-100,B,202412,37,1754,0.0
E1,M08,100-0,C,SF-100,B,202111,0,500,3.0
E1,M08,100-0,C,SF-100,B,202112,1,526,2.0
E1,M08,100-0,C,SF-100,B,202201,2,552,0.0
E1,M08,100-0,C,SF-100,B,202202,3,578,1.0
E1,M08,100-0,C,SF-100,B,202203,4,604,0.0
E1,M08,100-0,C,SF-100,B,202204,5,630,1.0
E1,M08,100-0,C,SF-100,B,202205,6,656,2.0
E1,M08,100-0,C,SF-100,B,202206,7,682,0.0
E1,M08,100-0,C,SF-100,B,202207,8,708,3.0
E1,M08,100-0,C,SF-100,B,202208,9,734,1.0
E1,M08,100-0,C,SF-100,B,202209,10,760,0.0
E1,M08,100-0,C,SF-100,B,202210,11,786,2.0
E1,M08,100-0,C,SF-100,B,202211,12,812,3.0
E1,M08,100-0,C,SF-100,B,202212,13,838,1.0
E1,M08,100-0,C,SF-100,B,202301,14,864,3.0
E1,M08,100-0,C,SF-100,B,202302,15,890,2.0
E1,M08,100-0,C,SF-100,B,202303,16,916,0.0
E1,M08,100-0,C,SF-100,B,202304,17,942,1.0
E1,M08,100-0,C,SF-100,B,202305,18,968,1.0
E1,M08,100-0,C,SF-100,B,202306,19,994,1.0
E1,M08,100-0,C,SF-100,B,202307,20,1020,2.0
E1,M08,100-0,C,SF-100,B,202308,21,1046,0.0
E1,M08,100-0,C,SF-100,B,202309,22,1072,0.0
E1,M08,100-0,C,SF-100,B,202310,23,1098,1.0
E1,M08,100-0,C,SF-100,B,202311,24,1124,1.0
E1,M08,100-0,C,SF-100,B,202312,25,1150,2.0
E1,M08,100-0,C,SF-100,B,202401,26,1176,0.0
E1,M08,100-0,C,SF-100,B,202402,27,1202,0.0
E1,M08,100-0,C,SF-100,B,202403,28,1228,2.0
E1,M08,100-0,C,SF-100,B,202404,29,1254,3.0
E1,M08,100-0,C,SF-100,B,202405,30,1280,3.0
E1,M08,100-0,C,SF-100,B,202406,31,1306,1.0
E1,M08,100-0,C,SF-100,B,202407,32,1332,4.0
E1,M08,100-0,C,SF-100,B,202408,33,1358,1.0
E1,M08,100-0,C,SF-100,B,202409,34,1384,0.0
E1,M08,100-0,C,SF-100,B,202410,35,1410,2.0
E1,M08,100-0,C,SF-100,B,202411,36,1436,1.0
E1,M08,100-0,D,SF-100,B,202111,0,375,1.0
E1,M08,100-0,D,SF-100,B,202112,1,394,1.0
E1,M08,100-0,D,SF-100,B,202201,2,414,2.0
E1,M08,100-0,D,SF-100,B,202202,3,434,0.0
E1,M08,100-0,D,SF-100,B,202203,4,453,2.0
E1,M08,100-0,D,SF-100,B,202204,5,472,0.0
E1,M08,100-0,D,SF-100,B,202205,6,492,0.0
E1,M08,100-0,D,SF-100,B,202206,7,512,0.0
E1,M08,100-0,D,SF-100,B,202207,8,531,1.0
E1,M08,100-0,D,SF-100,B,202208,9,550,1.0
E1,M08,100-0,D,SF-100,B,202209,10,570,0.0
E1,M08,100-0,D,SF-100,B,202210,11,590,1.0
E1,M08,100-0,D,SF-100,B,202211,12,609,2.0
E1,M08,100-0,D,SF-100,B,202212,13,628,3.0
E1,M08,100-0,D,SF-100,B,202301,14,648,2.0
E1,M08,100-0,D,SF-100,B,202302,15,668,2.0
E1,M08,100-0,D,SF-100,B,202303,16,687,1.0
E1,M08,100-0,D,SF-100,B,202304,17,706,1.0
E1,M08,100-0,D,SF-100,B,202305,18,726,0.0
E1,M08,100-0,D,SF-100,B,202306,19,746,0.0
E1,M08,100-0,D,SF-100,B,202307,20,765,4.0
E1,M08,100-0,D,SF-100,B,202308,21,784,1.0
E1,M08,100-0,D,SF-100,B,202309,22,804,2.0
E1,M08,100-0,D,SF-100,B,202310,23,824,3.0
E1,M08,100-0,D,SF-100,B,202311,24,843,1.0
E1,M08,100-0,D,SF-100,B,202312,25,862,1.0
E1,M08,100-0,D,SF-100,B,202401,26,882,1.0
E1,M08,100-0,D,SF-100,B,202402,27,902,0.0
E1,M08,100-0,D,SF-100,B,202403,28,921,1.0
E1,M08,100-0,D,SF-100,B,202404,29,940,0.0
E1,M08,100-0,D,SF-100,B,202405,30,960,1.0
E1,M08,100-0,D,SF-100,B,202406,31,980,5.0
E1,M08,100-0,D,SF-100,B,202407,32,999,0.0
E1,M08,100-0,D,SF-100,B,202408,33,1018,0.0
E1,M08,100-0,D,SF-100,B,202409,34,1038,0.0
E1,M08,100-0,D,SF-100,B,202410,35,1058,0.0
E1,M08,100-0,E,SF-100,B,202207,8,248,0.0
E1,M08,100-0,E,SF-100,B,202208,9,257,0.0
E1,M08,100-0,E,SF-100,B,202209,10,266,0.0
E1,M08,100-0,E,SF-100,B,202210,11,275,0.0
E1,M08,100-0,E,SF-100,B,202211,12,284,0.0
E1,M08,100-0,E,SF-100,B,202212,13,293,1.0
E1,M08,100-0,E,SF-100,B,202301,14,302,0.0
E1,M08,100-0,E,SF-100,B,202302,15,312,0.0
E1,M08,100-0,E,SF-100,B,202303,16,321,0.0
E1,M08,100-0,E,SF-100,B,202304,17,330,0.0
E1,M08,100-0,E,SF-100,B,202305,18,339,0.0
E1,M08,100-0,E,SF-100,B,202306,19,348,1.0
E1,M08,100-0,E,SF-100,B,202307,20,357,1.0
E1,M08,100-0,E,SF-100,B,202308,21,366,0.0
E1,M08,100-0,E,SF-100,B,202309,22,375,1.0
E1,M08,100-0,E,SF-100,B,202310,23,384,1.0
E1,M08,100-0,E,SF-100,B,202311,24,393,1.0
E1,M08,100-0,E,SF-100,B,202312,25,403,0.0
E1,M08,100-0,E,SF-100,B,202401,26,412,0.0
E1,M08,100-0,E,SF-100,B,202402,27,421,0.0
E1,M08,100-0,E,SF-100,B,202403,28,430,0.0
E1,M08,100-0,E,SF-100,B,202404,29,439,1.0
E1,M08,100-0,E,SF-100,B,202405,30,448,0.0
E1,M08,100-0,E,SF-100,B,202406,31,457,2.0
E1,M08,100-0,E,SF-100,B,202407,32,466,0.0
E1,M08,100-0,E,SF-100,B,202408,33,475,1.0
E1,M08,100-0,E,SF-100,B,202409,34,484,0.0
E1,M08,100-0,E,SF-100,B,202410,35,494,1.0
E1,M08,100-0,E,SF-100,B,202411,36,503,1.0
E1,M08,100-0,E,SF-100,B,202412,37,512,0.0
E1,M08,101-0,A,SF-101,B,202111,0,850,2.0
E1,M08,101-0,A,SF-101,B,202112,1,894,1.0
E1,M08,101-0,A,SF-101,B,202201,2,938,0.0
E1,M08,101-0,A,SF-101,B,202202,3,983,1.0
E1,M08,101-0,A,SF-101,B,202203,4,1027,0.0
E1,M08,101-0,A,SF-101,B,202204,5,1071,4.0
E1,M08,101-0,A,SF-101,B,202205,6,1115,1.0
E1,M08,101-0,A,SF-101,B,202206,7,1159,1.0
E1,M08,101-0,A,SF-101,B,202207,8,1204,1.0
E1,M08,101-0,A,SF-101,B,202208,9,1248,2.0
E1,M08,101-0,A,SF-101,B,202209,10,1292,0.0
E1,M08,101-0,A,SF-101,B,202210,11,1336,0.0
E1,M08,101-0,A,SF-101,B,202211,12,1380,1.0
E1,M08,101-0,A,SF-101,B,202212,13,1425,0.0
E1,M08,101-0,A,SF-101,B,202301,14,1469,2.0
E1,M08,101-0,A,SF-101,B,202302,15,1513,0.0
E1,M08,101-0,A,SF-101,B,202303,16,1557,1.0
E1,M08,101-0,A,SF-101,B,202304,17,1601,2.0
E1,M08,101-0,A,SF-101,B,202305,18,1646,2.0
E1,M08,101-0,A,SF-101,B,202306,19,1690,2.0
E1,M08,101-0,A,SF-101,B,202307,20,1734,5.0
E1,M08,101-0,A,SF-101,B,202308,21,1778,3.0
E1,M08,101-0,A,SF-101,B,202309,22,1822,5.0
E1,M08,101-0,A,SF-101,B,202310,23,1867,0.0
E1,M08,101-0,A,SF-101,B,202311,24,1911,3.0
E1,M08,101-0,A,SF-101,B,202312,25,1955,5.0
E1,M08,101-0,A,SF-101,B,202401,26,1999,1.0
E1,M08,101-0,A,SF-101,B,202402,27,2043,1.0
E1,M08,101-0,A,SF-101,B,202403,28,2088,3.0
E1,M08,101-0,A,SF-101,B,202404,29,2132,1.0
E1,M08,101-0,A,SF-101,B,202405,30,2176,1.0
E1,M08,101-0,A,SF-101,B,202406,31,2220,4.0
E1,M08,101-0,A,SF-101,B,202407,32,2264,2.0
E1,M08,101-0,A,SF-101,B,202408,33,2309,0.0
E1,M08,101-0,A,SF-101,B,202409,34,2353,2.0
E1,M08,101-0,A,SF-101,B,202410,35,2397,1.0
E1,M08,101-0,A,SF-101,B,202411,36,2441,3.0
E1,M08,101-0,A,SF-101,B,202412,37,2485,1.0
E1,M08,101-0,ALL,SF-101,B,202111,0,2500,2.0
E1,M08,101-0,ALL,SF-101,B,202112,1,2630,2.0
E1,M08,101-0,ALL,SF-101,B,202201,2,2760,4.0
E1,M08,101-0,ALL,SF-101,B,202202,3,2890,2.0
E1,M08,101-0,ALL,SF-101,B,202203,4,3020,0.0
E1,M08,101-0,ALL,SF-101,B,202204,5,3150,7.0
E1,M08,101-0,ALL,SF-101,B,202205,6,3280,2.0
E1,M08,101-0,ALL,SF-101,B,202206,7,3410,2.0
E1,M08,101-0,ALL,SF-101,B,202207,8,3540,2.0
E1,M08,101-0,ALL,SF-101,B,202208,9,3670,6.0
E1,M08,101-0,ALL,SF-101,B,202209,10,3800,2.0
E1,M08,101-0,ALL,SF-101,B,202210,11,3930,2.0
E1,M08,101-0,ALL,SF-101,B,202211,12,4060,1.0
E1,M08,101-0,ALL,SF-101,B,202212,13,4190,3.0
E1,M08,101-0,ALL,SF-101,B,202301,14,4320,5.0
E1,M08,101-0,ALL,SF-101,B,202302,15,4450,1.0
E1,M08,101-0,ALL,SF-101,B,202303,16,4580,4.0
E1,M08,101-0,ALL,SF-101,B,202304,17,4710,6.0
E1,M08,101-0,ALL,SF-101,B,202305,18,4840,4.0
E1,M08,101-0,ALL,SF-101,B,202306,19,4970,3.0
E1,M08,101-0,ALL,SF-101,B,202307,20,5100,7.0
E1,M08,101-0,ALL,SF-101,B,202308,21,5230,6.0
E1,M08,101-0,ALL,SF-101,B,202309,22,5360,10.0
E1,M08,101-0,ALL,SF-101,B,202310,23,5490,4.0
E1,M08,101-0,ALL,SF-101,B,202311,24,5620,7.0
E1,M08,101-0,ALL,SF-101,B,202312,25,5750,8.0
E1,M08,101-0,ALL,SF-101,B,202401,26,5880,4.0
E1,M08,101-0,ALL,SF-101,B,202402,27,6010,3.0
E1,M08,101-0,ALL,SF-101,B,202403,28,6140,8.0
E1,M08,101-0,ALL,SF-101,B,202404,29,6270,7.0
E1,M08,101-0,ALL,SF-101,B,202405,30,6400,7.0
E1,M08,101-0,ALL,SF-101,B,202406,31,6530,5.0
E1,M08,101-0,ALL,SF-101,B,202407,32,6660,7.0
E1,M08,101-0,ALL,SF-101,B,202408,33,6790,3.0
E1,M08,101-0,ALL,SF-101,B,202409,34,6920,6.0
E1,M08,101-0,ALL,SF-101,B,202410,35,7050,3.0
E1,M08,101-0,ALL,SF-101,B,202411,36,7180,6.0
E1,M08,101-0,ALL,SF-101,B,202412,37,7310,3.0
E1,M08,101-0,B,SF-101,B,202112,1,631,1.0
E1,M08,101-0,B,SF-101,B,202201,2,662,1.0
E1,M08,101-0,B,SF-101,B,202202,3,694,0.0
E1,M08,101-0,B,SF-101,B,202203,4,725,0.0
E1,M08,101-0,B,SF-101,B,202204,5,756,0.0
E1,M08,101-0,B,SF-101,B,202205,6,787,1.0
E1,M08,101-0,B,SF-101,B,202206,7,818,1.0
E1,M08,101-0,B,SF-101,B,202207,8,850,1.0
E1,M08,101-0,B,SF-101,B,202208,9,881,2.0
E1,M08,101-0,B,SF-101,B,202209,10,912,1.0
E1,M08,101-0,B,SF-101,B,202210,11,943,0.0
E1,M08,101-0,B,SF-101,B,202211,12,974,0.0
E1,M08,101-0,B,SF-101,B,202212,13,1006,1.0
E1,M08,101-0,B,SF-101,B,202301,14,1037,1.0
E1,M08,101-0,B,SF-101,B,202302,15,1068,0.0
E1,M08,101-0,B,SF-101,B,202303,16,1099,2.0
E1,M08,101-0,B,SF-101,B,202304,17,1130,1.0
E1,M08,101-0,B,SF-101,B,202305,18,1162,0.0
E1,M08,101-0,B,SF-101,B,202306,19,1193,1.0
E1,M08,101-0,B,SF-101,B,202307,20,1224,1.0
E1,M08,101-0,B,SF-101,B,202308,21,1255,1.0
E1,M08,101-0,B,SF-101,B,202309,22,1286,3.0
E1,M08,101-0,B,SF-101,B,202310,23,1318,0.0
E1,M08,101-0,B,SF-101,B,202311,24,1349,1.0
E1,M08,101-0,B,SF-101,B,202312,25,1380,2.0
E1,M08,101-0,B,SF-101,B,202401,26,1411,2.0
E1,M08,101-0,B,SF-101,B,202402,27,1442,1.0
E1,M08,101-0,B,SF-101,B,202403,28,1474,2.0
E1,M08,101-0,B,SF-101,B,202404,29,1505,1.0
E1,M08,101-0,B,SF-101,B,202405,30,1536,3.0
E1,M08,101-0,B,SF-101,B,202406,31,1567,0.0
E1,M08,101-0,B,SF-101,B,202407,32,1598,2.0
E1,M08,101-0,B,SF-101,B,202408,33,1630,0.0
E1,M08,101-0,B,SF-101,B,202409,34,1661,2.0
E1,M08,101-0,B,SF-101,B,202410,35,1692,1.0
E1,M08,101-0,B,SF-101,B,202411,36,1723,2.0
E1,M08,101-0,B,SF-101,B,202412,37,1754,1.0
E1,M08,101-0,C,SF-101,B,202201,2,552,3.0
E1,M08,101-0,C,SF-101,B,202202,3,578,0.0
E1,M08,101-0,C,SF-101,B,202203,4,604,0.0
E1,M08,101-0,C,SF-101,B,202204,5,630,2.0
E1,M08,101-0,C,SF-101,B,202205,6,656,0.0
E1,M08,101-0,C,SF-101,B,202206,7,682,0.0
E1,M08,101-0,C,SF-101,B,202207,8,708,0.0
E1,M08,101-0,C,SF-101,B,202208,9,734,1.0
E1,M08,101-0,C,SF-101,B,202209,10,760,0.0
E1,M08,101-0,C,SF-101,B,202210,11,786,2.0
E1,M08,101-0,C,SF-101,B,202211,12,812,0.0
E1,M08,101-0,C,SF-101,B,202212,13,838,2.0
E1,M08,101-0,C,SF-101,B,202301,14,864,1.0
E1,M08,101-0,C,SF-101,B,202302,15,890,1.0
E1,M08,101-0,C,SF-101,B,202303,16,916,0.0
E1,M08,101-0,C,SF-101,B,202304,17,942,1.0
E1,M08,101-0,C,SF-101,B,202305,18,968,1.0
E1,M08,101-0,C,SF-101,B,202306,19,994,0.0
E1,M08,101-0,C,SF-101,B,202307,20,1020,1.0
E1,M08,101-0,C,SF-101,B,202308,21,1046,2.0
E1,M08,101-0,C,SF-101,B,202309,22,1072,1.0
E1,M08,101-0,C,SF-101,B,202310,23,1098,2.0
E1,M08,101-0,C,SF-101,B,202311,24,1124,2.0
E1,M08,101-0,C,SF-101,B,202312,25,1150,1.0
E1,M08,101-0,C,SF-101,B,202401,26,1176,1.0
E1,M08,101-0,C,SF-101,B,202402,27,1202,1.0
E1,M08,101-0,C,SF-101,B,202403,28,1228,3.0
E1,M08,101-0,C,SF-101,B,202404,29,1254,2.0
E1,M08,101-0,C,SF-101,B,202405,30,1280,0.0
E1,M08,101-0,C,SF-101,B,202406,31,1306,0.0
E1,M08,101-0,C,SF-101,B,202407,32,1332,3.0
E1,M08,101-0,C,SF-101,B,202408,33,1358,2.0
E1,M08,101-0,C,SF-101,B,202409,34,1384,0.0
E1,M08,101-0,C,SF-101,B,202410,35,1410,1.0
E1,M08,101-0,C,SF-101,B,202411,36,1436,1.0
E1,M08,101-0,D,SF-101,B,202201,2,414,0.0
E1,M08,101-0,D,SF-101,B,202202,3,434,1.0
E1,M08,101-0,D,SF-101,B,202203,4,453,0.0
E1,M08,101-0,D,SF-101,B,202204,5,472,1.0
E1,M08,101-0,D,SF-101,B,202205,6,492,0.0
E1,M08,101-0,D,SF-101,B,202206,7,512,0.0
E1,M08,101-0,D,SF-101,B,202207,8,531,0.0
E1,M08,101-0,D,SF-101,B,202208,9,550,0.0
E1,M08,101-0,D,SF-101,B,202209,10,570,0.0
E1,M08,101-0,D,SF-101,B,202210,11,590,0.0
E1,M08,101-0,D,SF-101,B,202211,12,609,0.0
E1,M08,101-0,D,SF-101,B,202212,13,628,0.0
E1,M08,101-0,D,SF-101,B,202301,14,648,1.0
E1,M08,101-0,D,SF-101,B,202302,15,668,0.0
E1,M08,101-0,D,SF-101,B,202303,16,687,1.0
E1,M08,101-0,D,SF-101,B,202304,17,706,2.0
E1,M08,101-0,D,SF-101,B,202305,18,726,1.0
E1,M08,101-0,D,SF-101,B,202306,19,746,0.0
E1,M08,101-0,D,SF-101,B,202307,20,765,0.0
E1,M08,101-0,D,SF-101,B,202308,21,784,0.0
E1,M08,101-0,D,SF-101,B,202309,22,804,1.0
E1,M08,101-0,D,SF-101,B,202310,23,824,1.0
E1,M08,101-0,D,SF-101,B,202311,24,843,1.0
E1,M08,101-0,D,SF-101,B,202312,25,862,0.0
E1,M08,101-0,D,SF-101,B,202401,26,882,0.0
E1,M08,101-0,D,SF-101,B,202402,27,902,0.0
E1,M08,101-0,D,SF-101,B,202403,28,921,0.0
E1,M08,101-0,D,SF-101,B,202404,29,940,3.0
E1,M08,101-0,D,SF-101,B,202405,30,960,3.0
E1,M08,101-0,D,SF-101,B,202406,31,980,1.0
E1,M08,101-0,D,SF-101,B,202407,32,999,0.0
E1,M08,101-0,D,SF-101,B,202408,33,1018,0.0
E1,M08,101-0,D,SF-101,B,202409,34,1038,2.0
E1,M08,101-0,D,SF-101,B,202410,35,1058,0.0
E1,M08,101-0,E,SF-101,B,202207,8,248,0.0
E1,M08,101-0,E,SF-101,B,202208,9,257,1.0
E1,M08,101-0,E,SF-101,B,202209,10,266,1.0
E1,M08,101-0,E,SF-101,B,202210,11,275,0.0
E1,M08,101-0,E,SF-101,B,202211,12,284,0.0
E1,M08,101-0,E,SF-101,B,202212,13,293,0.0
E1,M08,101-0,E,SF-101,B,202301,14,302,0.0
E1,M08,101-0,E,SF-101,B,202302,15,312,0.0
E1,M08,101-0,E,SF-101,B,202303,16,321,0.0
E1,M08,101-0,E,SF-101,B,202304,17,330,0.0
E1,M08,101-0,E,SF-101,B,202305,18,339,0.0
E1,M08,101-0,E,SF-101,B,202306,19,348,0.0
E1,M08,101-0,E,SF-101,B,202307,20,357,0.0
E1,M08,101-0,E,SF-101,B,202308,21,366,0.0
E1,M08,101-0,E,SF-101,B,202309,22,375,0.0
E1,M08,101-0,E,SF-101,B,202310,23,384,1.0
E1,M08,101-0,E,SF-101,B,202311,24,393,0.0
E1,M08,101-0,E,SF-101,B,202312,25,403,0.0
E1,M08,101-0,E,SF-101,B,202401,26,412,0.0
E1,M08,101-0,E,SF-101,B,202402,27,421,0.0
E1,M08,101-0,E,SF-101,B,202403,28,430,0.0
E1,M08,101-0,E,SF-101,B,202404,29,439,0.0
E1,M08,101-0,E,SF-101,B,202405,30,448,0.0
E1,M08,101-0,E,SF-101,B,202406,31,457,0.0
E1,M08,101-0,E,SF-101,B,202407,32,466,0.0
E1,M08,101-0,E,SF-101,B,202408,33,475,1.0
E1,M08,101-0,E,SF-101,B,202409,34,484,0.0
E1,M08,101-0,E,SF-101,B,202410,35,494,0.0
E1,M08,101-0,E,SF-101,B,202411,36,503,0.0
E1,M08,101-0,E,SF-101,B,202412,37,512,1.0
E1,M08,102-0,A,SF-102,B,202112,1,894,2.0
E1,M08,102-0,A,SF-102,B,202201,2,938,0.0
E1,M08,102-0,A,SF-102,B,202202,3,983,3.0
E1,M08,102-0,A,SF-102,B,202203,4,1027,0.0
E1,M08,102-0,A,SF-102,B,202204,5,1071,0.0
E1,M08,102-0,A,SF-102,B,202205,6,1115,1.0
E1,M08,102-0,A,SF-102,B,202206,7,1159,2.0
E1,M08,102-0,A,SF-102,B,202207,8,1204,2.0
E1,M08,102-0,A,SF-102,B,202208,9,1248,2.0
E1,M08,102-0,A,SF-102,B,202209,10,1292,3.0
E1,M08,102-0,A,SF-102,B,202210,11,1336,3.0
E1,M08,102-0,A,SF-102,B,202211,12,1380,3.0
E1,M08,102-0,A,SF-102,B,202212,13,1425,2.0
E1,M08,102-0,A,SF-102,B,202301,14,1469,0.0
E1,M08,102-0,A,SF-102,B,202302,15,1513,2.0
E1,M08,102-0,A,SF-102,B,202303,16,1557,2.0
E1,M08,102-0,A,SF-102,B,202304,17,1601,2.0
E1,M08,102-0,A,SF-102,B,202305,18,1646,1.0
E1,M08,102-0,A,SF-102,B,202306,19,1690,1.0
E1,M08,102-0,A,SF-102,B,202307,20,1734,2.0
E1,M08,102-0,A,SF-102,B,202308,21,1778,3.0
E1,M08,102-0,A,SF-102,B,202309,22,1822,3.0
E1,M08,102-0,A,SF-102,B,202310,23,1867,1.0
E1,M08,102-0,A,SF-102,B,202311,24,1911,3.0
E1,M08,102-0,A,SF-102,B,202312,25,1955,1.0
E1,M08,102-0,A,SF-102,B,202401,26,1999,4.0
E1,M08,102-0,A,SF-102,B,202402,27,2043,2.0
E1,M08,102-0,A,SF-102,B,202403,28,2088,2.0
E1,M08,102-0,A,SF-102,B,202404,29,2132,4.0
E1,M08,102-0,A,SF-102,B,202405,30,2176,3.0
E1,M08,102-0,A,SF-102,B,202406,31,2220,4.0
E1,M08,102-0,A,SF-102,B,202407,32,2264,1.0
E1,M08,102-0,A,SF-102,B,202408,33,2309,1.0
E1,M08,102-0,A,SF-102,B,202409,34,2353,0.0
E1,M08,102-0,A,SF-102,B,202410,35,2397,3.0
E1,M08,102-0,A,SF-102,B,202411,36,2441,2.0
E1,M08,102-0,A,SF-102,B,202412,37,2485,0.0
E1,M08,102-0,ALL,SF-102,B,202111,0,2500,2.0
E1,M08,102-0,ALL,SF-102,B,202112,1,2630,5.0
E1,M08,102-0,ALL,SF-102,B,202201,2,2760,1.0
E1,M08,102-0,ALL,SF-102,B,202202,3,2890,4.0
E1,M08,102-0,ALL,SF-102,B,202203,4,3020,1.0
E1,M08,102-0,ALL,SF-102,B,202204,5,3150,3.0
E1,M08,102-0,ALL,SF-102,B,202205,6,3280,3.0
E1,M08,102-0,ALL,SF-102,B,202206,7,3410,6.0
E1,M08,102-0,ALL,SF-102,B,202207,8,3540,5.0
E1,M08,102-0,ALL,SF-102,B,202208,9,3670,2.0
E1,M08,102-0,ALL,SF-102,B,202209,10,3800,4.0
E1,M08,102-0,ALL,SF-102,B,202210,11,3930,6.0
E1,M08,102-0,ALL,SF-102,B,202211,12,4060,11.0
E1,M08,102-0,ALL,SF-102,B,202212,13,4190,5.0
E1,M08,102-0,ALL,SF-102,B,202301,14,4320,2.0
E1,M08,102-0,ALL,SF-102,B,202302,15,4450,10.0
E1,M08,102-0,ALL,SF-102,B,202303,16,4580,8.0
E1,M08,102-0,ALL,SF-102,B,202304,17,4710,5.0
E1,M08,102-0,ALL,SF-102,B,202305,18,4840,4.0
E1,M08,102-0,ALL,SF-102,B,202306,19,4970,4.0
E1,M08,102-0,ALL,SF-102,B,202307,20,5100,4.0
E1,M08,102-0,ALL,SF-102,B,202308,21,5230,7.0
E1,M08,102-0,ALL,SF-102,B,202309,22,5360,6.0
E1,M08,102-0,ALL,SF-102,B,202310,23,5490,6.0
E1,M08,102-0,ALL,SF-102,B,202311,24,5620,7.0
E1,M08,102-0,ALL,SF-102,B,202312,25,5750,6.0
E1,M08,102-0,ALL,SF-102,B,202401,26,5880,6.0
E1,M08,102-0,ALL,SF-102,B,202402,27,6010,10.0
E1,M08,102-0,ALL,SF-102,B,202403,28,6140,6.0
E1,M08,102-0,ALL,SF-102,B,202404,29,6270,11.0
E1,M08,102-0,ALL,SF-102,B,202405,30,6400,7.0
E1,M08,102-0,ALL,SF-102,B,202406,31,6530,7.0
E1,M08,102-0,ALL,SF-102,B,202407,32,6660,4.0
E1,M08,102-0,ALL,SF-102,B,202408,33,6790,5.0
E1,M08,102-0,ALL,SF-102,B,202409,34,6920,4.0
E1,M08,102-0,ALL,SF-102,B,202410,35,7050,7.0
E1,M08,102-0,ALL,SF-102,B,202411,36,7180,3.0
E1,M08,102-0,ALL,SF-102,B,202412,37,7310,2.0
E1,M08,102-0,B,SF-102,B,202111,0,600,1.0
E1,M08,102-0,B,SF-102,B,202112,1,631,1.0
E1,M08,102-0,B,SF-102,B,202201,2,662,0.0
E1,M08,102-0,B,SF-102,B,202202,3,694,1.0
E1,M08,102-0,B,SF-102,B,202203,4,725,0.0
E1,M08,102-0,B,SF-102,B,202204,5,756,0.0
E1,M08,102-0,B,SF-102,B,202205,6,787,0.0
E1,M08,102-0,B,SF-102,B,202206,7,818,2.0
E1,M08,102-0,B,SF-102,B,202207,8,850,1.0
E1,M08,102-0,B,SF-102,B,202208,9,881,0.0
E1,M08,102-0,B,SF-102,B,202209,10,912,0.0
E1,M08,102-0,B,SF-102,B,202210,11,943,1.0
E1,M08,102-0,B,SF-102,B,202211,12,974,0.0
E1,M08,102-0,B,SF-102,B,202212,13,1006,1.0
E1,M08,102-0,B,SF-102,B,202301,14,1037,1.0
E1,M08,102-0,B,SF-102,B,202302,15,1068,3.0
E1,M08,102-0,B,SF-102,B,202303,16,1099,2.0
E1,M08,102-0,B,SF-102,B,202304,17,1130,2.0
E1,M08,102-0,B,SF-102,B,202305,18,1162,1.0
E1,M08,102-0,B,SF-102,B,202306,19,1193,2.0
E1,M08,102-0,B,SF-102,B,202307,20,1224,0.0
E1,M08,102-0,B,SF-102,B,202308,21,1255,2.0
E1,M08,102-0,B,SF-102,B,202309,22,1286,0.0
E1,M08,102-0,B,SF-102,B,202310,23,1318,4.0
E1,M08,102-0,B,SF-102,B,202311,24,1349,3.0
E1,M08,102-0,B,SF-102,B,202312,25,1380,0.0
E1,M08,102-0,B,SF-102,B,202401,26,1411,1.0
E1,M08,102-0,B,SF-102,B,202402,27,1442,3.0
E1,M08,102-0,B,SF-102,B,202403,28,1474,1.0
E1,M08,102-0,B,SF-102,B,202404,29,1505,3.0
E1,M08,102-0,B,SF-102,B,202405,30,1536,2.0
E1,M08,102-0,B,SF-102,B,202406,31,1567,0.0
E1,M08,102-0,B,SF-102,B,202407,32,1598,1.0
E1,M08,102-0,B,SF-102,B,202408,33,1630,3.0
E1,M08,102-0,B,SF-102,B,202409,34,1661,1.0
E1,M08,102-0,B,SF-102,B,202410,35,1692,2.0
E1,M08,102-0,B,SF-102,B,202411,36,1723,1.0
E1,M08,102-0,B,SF-102,B,202412,37,1754,1.0
E1,M08,102-0,C,SF-102,B,202111,0,500,1.0
E1,M08,102-0,C,SF-102,B,202112,1,526,2.0
E1,M08,102-0,C,SF-102,B,202201,2,552,1.0
E1,M08,102-0,C,SF-102,B,202202,3,578,0.0
E1,M08,102-0,C,SF-102,B,202203,4,604,0.0
E1,M08,102-0,C,SF-102,B,202204,5,630,1.0
E1,M08,102-0,C,SF-102,B,202205,6,656,1.0
E1,M08,102-0,C,SF-102,B,202206,7,682,1.0
E1,M08,102-0,C,SF-102,B,202207,8,708,1.0
E1,M08,102-0,C,SF-102,B,202208,9,734,0.0
E1,M08,102-0,C,SF-102,B,202209,10,760,0.0
E1,M08,102-0,C,SF-102,B,202210,11,786,1.0
E1,M08,102-0,C,SF-102,B,202211,12,812,4.0
E1,M08,102-0,C,SF-102,B,202212,13,838,1.0
E1,M08,102-0,C,SF-102,B,202301,14,864,1.0
E1,M08,102-0,C,SF-102,B,202302,15,890,2.0
E1,M08,102-0,C,SF-102,B,202303,16,916,3.0
E1,M08,102-0,C,SF-102,B,202304,17,942,0.0
E1,M08,102-0,C,SF-102,B,202305,18,968,0.0
E1,M08,102-0,C,SF-102,B,202306,19,994,0.0
E1,M08,102-0,C,SF-102,B,202307,20,1020,1.0
E1,M08,102-0,C,SF-102,B,202308,21,1046,1.0
E1,M08,102-0,C,SF-102,B,202309,22,1072,2.0
E1,M08,102-0,C,SF-102,B,202310,23,1098,0.0
E1,M08,102-0,C,SF-102,B,202311,24,1124,0.0
E1,M08,102-0,C,SF-102,B,202312,25,1150,3.0
E1,M08,102-0,C,SF-102,B,202401,26,1176,1.0
E1,M08,102-0,C,SF-102,B,202402,27,1202,3.0
E1,M08,102-0,C,SF-102,B,202403,28,1228,1.0
E1,M08,102-0,C,SF-102,B,202404,29,1254,1.0
E1,M08,102-0,C,SF-102,B,202405,30,1280,0.0
E1,M08,102-0,C,SF-102,B,202406,31,1306,1.0
E1,M08,102-0,C,SF-102,B,202407,32,1332,1.0
E1,M08,102-0,C,SF-102,B,202408,33,1358,0.0
E1,M08,102-0,C,SF-102,B,202409,34,1384,2.0
E1,M08,102-0,C,SF-102,B,202410,35,1410,1.0
E1,M08,102-0,C,SF-102,B,202411,36,1436,0.0
E1,M08,102-0,D,SF-102,B,202201,2,414,0.0
E1,M08,102-0,D,SF-102,B,202202,3,434,0.0
E1,M08,102-0,D,SF-102,B,202203,4,453,1.0
E1,M08,102-0,D,SF-102,B,202204,5,472,2.0
E1,M08,102-0,D,SF-102,B,202205,6,492,1.0
E1,M08,102-0,D,SF-102,B,202206,7,512,1.0
E1,M08,102-0,D,SF-102,B,202207,8,531,1.0
E1,M08,102-0,D,SF-102,B,202208,9,550,0.0
E1,M08,102-0,D,SF-102,B,202209,10,570,1.0
E1,M08,102-0,D,SF-102,B,202210,11,590,0.0
E1,M08,102-0,D,SF-102,B,202211,12,609,2.0
E1,M08,102-0,D,SF-102,B,202212,13,628,1.0
E1,M08,102-0,D,SF-102,B,202301,14,648,0.0
E1,M08,102-0,D,SF-102,B,202302,15,668,3.0
E1,M08,102-0,D,SF-102,B,202303,16,687,0.0
E1,M08,102-0,D,SF-102,B,202304,17,706,1.0
E1,M08,102-0,D,SF-102,B,202305,18,726,2.0
E1,M08,102-0,D,SF-102,B,202306,19,746,1.0
E1,M08,102-0,D,SF-102,B,202307,20,765,1.0
E1,M08,102-0,D,SF-102,B,202308,21,784,1.0
E1,M08,102-0,D,SF-102,B,202309,22,804,0.0
E1,M08,102-0,D,SF-102,B,202310,23,824,0.0
E1,M08,102-0,D,SF-102,B,202311,24,843,1.0
E1,M08,102-0,D,SF-102,B,202312,25,862,1.0
E1,M08,102-0,D,SF-102,B,202401,26,882,0.0
E1,M08,102-0,D,SF-102,B,202402,27,902,2.0
E1,M08,102-0,D,SF-102,B,202403,28,921,2.0
E1,M08,102-0,D,SF-102,B,202404,29,940,2.0
E1,M08,102-0,D,SF-102,B,202405,30,960,1.0
E1,M08,102-0,D,SF-102,B,202406,31,980,1.0
E1,M08,102-0,D,SF-102,B,202407,32,999,1.0
E1,M08,102-0,D,SF-102,B,202408,33,1018,0.0
E1,M08,102-0,D,SF-102,B,202409,34,1038,1.0
E1,M08,102-0,D,SF-102,B,202410,35,1058,0.0
E1,M08,102-0,E,SF-102,B,202207,8,248,0.0
E1,M08,102-0,E,SF-102,B,202208,9,257,0.0
E1,M08,102-0,E,SF-102,B,202209,10,266,0.0
E1,M08,102-0,E,SF-102,B,202210,11,275,1.0
E1,M08,102-0,E,SF-102,B,202211,12,284,2.0
E1,M08,102-0,E,SF-102,B,202212,13,293,0.0
E1,M08,102-0,E,SF-102,B,202301,14,302,0.0
E1,M08,102-0,E,SF-102,B,202302,15,312,0.0
E1,M08,102-0,E,SF-102,B,202303,16,321,1.0
E1,M08,102-0,E,SF-102,B,202304,17,330,0.0
E1,M08,102-0,E,SF-102,B,202305,18,339,0.0
E1,M08,102-0,E,SF-102,B,202306,19,348,0.0
E1,M08,102-0,E,SF-102,B,202307,20,357,0.0
E1,M08,102-0,E,SF-102,B,202308,21,366,0.0
E1,M08,102-0,E,SF-102,B,202309,22,375,1.0
E1,M08,102-0,E,SF-102,B,202310,23,384,1.0
E1,M08,102-0,E,SF-102,B,202311,24,393,0.0
E1,M08,102-0,E,SF-102,B,202312,25,403,1.0
E1,M08,102-0,E,SF-102,B,202401,26,412,0.0
E1,M08,102-0,E,SF-102,B,202402,27,421,0.0
E1,M08,102-0,E,SF-102,B,202403,28,430,0.0
E1,M08,102-0,E,SF-102,B,202404,29,439,1.0
E1,M08,102-0,E,SF-102,B,202405,30,448,1.0
E1,M08,102-0,E,SF-102,B,202406,31,457,1.0
E1,M08,102-0,E,SF-102,B,202407,32,466,0.0
E1,M08,102-0,E,SF-102,B,202408,33,475,1.0
E1,M08,102-0,E,SF-102,B,202409,34,484,0.0
E1,M08,102-0,E,SF-102,B,202410,35,494,1.0
E1,M08,102-0,E,SF-102,B,202411,36,503,0.0
E1,M08,102-0,E,SF-102,B,202412,37,512,1.0
E1,M08,103-0,A,SF-103,B,202111,0,850,1.0
E1,M08,103-0,A,SF-103,B,202201,2,938,1.0
E1,M08,103-0,A,SF-103,B,202202,3,983,1.0
E1,M08,103-0,A,SF-103,B,202203,4,1027,0.0
E1,M08,103-0,A,SF-103,B,202204,5,1071,1.0
E1,M08,103-0,A,SF-103,B,202205,6,1115,0.0
E1,M08,103-0,A,SF-103,B,202206,7,1159,0.0
E1,M08,103-0,A,SF-103,B,202207,8,1204,2.0
E1,M08,103-0,A,SF-103,B,202208,9,1248,0.0
E1,M08,103-0,A,SF-103,B,202209,10,1292,4.0
E1,M08,103-0,A,SF-103,B,202210,11,1336,1.0
E1,M08,103-0,A,SF-103,B,202211,12,1380,1.0
E1,M08,103-0,A,SF-103,B,202212,13,1425,1.0
E1,M08,103-0,A,SF-103,B,202301,14,1469,1.0
E1,M08,103-0,A,SF-103,B,202302,15,1513,1.0
E1,M08,103-0,A,SF-103,B,202303,16,1557,0.0
E1,M08,103-0,A,SF-103,B,202304,17,1601,1.0
E1,M08,103-0,A,SF-103,B,202305,18,1646,0.0
E1,M08,103-0,A,SF-103,B,202306,19,1690,0.0
E1,M08,103-0,A,SF-103,B,202307,20,1734,0.0
E1,M08,103-0,A,SF-103,B,202308,21,1778,3.0
E1,M08,103-0,A,SF-103,B,202309,22,1822,2.0
E1,M08,103-0,A,SF-103,B,202310,23,1867,0.0
E1,M08,103-0,A,SF-103,B,202311,24,1911,1.0
E1,M08,103-0,A,SF-103,B,202312,25,1955,4.0
E1,M08,103-0,A,SF-103,B,202401,26,1999,3.0
E1,M08,103-0,A,SF-103,B,202402,27,2043,1.0
E1,M08,103-0,A,SF-103,B,202403,28,2088,2.0
E1,M08,103-0,A,SF-103,B,202404,29,2132,0.0
E1,M08,103-0,A,SF-103,B,202405,30,2176,2.0
E1,M08,103-0,A,SF-103,B,202406,31,2220,1.0
E1,M08,103-0,A,SF-103,B,202407,32,2264,4.0
E1,M08,103-0,A,SF-103,B,202408,33,2309,1.0
E1,M08,103-0,A,SF-103,B,202409,34,2353,0.0
E1,M08,103-0,A,SF-103,B,202410,35,2397,0.0
E1,M08,103-0,A,SF-103,B,202411,36,2441,1.0
E1,M08,103-0,A,SF-103,B,202412,37,2485,0.0
E1,M08,103-0,ALL,SF-103,B,202111,0,2500,1.0
E1,M08,103-0,ALL,SF-103,B,202112,1,2630,2.0
E1,M08,103-0,ALL,SF-103,B,202201,2,2760,3.0
E1,M08,103-0,ALL,SF-103,B,202202,3,2890,2.0
E1,M08,103-0,ALL,SF-103,B,202203,4,3020,0.0
E1,M08,103-0,ALL,SF-103,B,202204,5,3150,1.0
E1,M08,103-0,ALL,SF-103,B,202205,6,3280,1.0
E1,M08,103-0,ALL,SF-103,B,202206,7,3410,1.0
E1,M08,103-0,ALL,SF-103,B,202207,8,3540,3.0
E1,M08,103-0,ALL,SF-103,B,202208,9,3670,3.0
E1,M08,103-0,ALL,SF-103,B,202209,10,3800,5.0
E1,M08,103-0,ALL,SF-103,B,202210,11,3930,4.0
E1,M08,103-0,ALL,SF-103,B,202211,12,4060,4.0
E1,M08,103-0,ALL,SF-103,B,202212,13,4190,3.0
E1,M08,103-0,ALL,SF-103,B,202301,14,4320,3.0
E1,M08,103-0,ALL,SF-103,B,202302,15,4450,1.0
E1,M08,103-0,ALL,SF-103,B,202303,16,4580,3.0
E1,M08,103-0,ALL,SF-103,B,202304,17,4710,5.0
E1,M08,103-0,ALL,SF-103,B,202305,18,4840,3.0
E1,M08,103-0,ALL,SF-103,B,202306,19,4970,0.0
E1,M08,103-0,ALL,SF-103,B,202307,20,5100,3.0
E1,M08,103-0,ALL,SF-103,B,202308,21,5230,5.0
E1,M08,103-0,ALL,SF-103,B,202309,22,5360,3.0
E1,M08,103-0,ALL,SF-103,B,202310,23,5490,3.0
E1,M08,103-0,ALL,SF-103,B,202311,24,5620,3.0
E1,M08,103-0,ALL,SF-103,B,202312,25,5750,11.0
E1,M08,103-0,ALL,SF-103,B,202401,26,5880,3.0
E1,M08,103-0,ALL,SF-103,B,202402,27,6010,5.0
E1,M08,103-0,ALL,SF-103,B,202403,28,6140,6.0
E1,M08,103-0,ALL,SF-103,B,202404,29,6270,1.0
E1,M08,103-0,ALL,SF-103,B,202405,30,6400,2.0
E1,M08,103-0,ALL,SF-103,B,202406,31,6530,2.0
E1,M08,103-0,ALL,SF-103,B,202407,32,6660,7.0
E1,M08,103-0,ALL,SF-103,B,202408,33,6790,9.0
E1,M08,103-0,ALL,SF-103,B,202409,34,6920,6.0
E1,M08,103-0,ALL,SF-103,B,202410,35,7050,0.0
E1,M08,103-0,ALL,SF-103,B,202411,36,7180,3.0
E1,M08,103-0,ALL,SF-103,B,202412,37,7310,1.0
E1,M08,103-0,B,SF-103,B,202201,2,662,0.0
E1,M08,103-0,B,SF-103,B,202202,3,694,0.0
E1,M08,103-0,B,SF-103,B,202203,4,725,0.0
E1,M08,103-0,B,SF-103,B,202204,5,756,0.0
E1,M08,103-0,B,SF-103,B,202205,6,787,0.0
E1,M08,103-0,B,SF-103,B,202206,7,818,0.0
E1,M08,103-0,B,SF-103,B,202207,8,850,1.0
E1,M08,103-0,B,SF-103,B,202208,9,881,1.0
E1,M08,103-0,B,SF-103,B,202209,10,912,0.0
E1,M08,103-0,B,SF-103,B,202210,11,943,2.0
E1,M08,103-0,B,SF-103,B,202211,12,974,1.0
E1,M08,103-0,B,SF-103,B,202212,13,1006,2.0
E1,M08,103-0,B,SF-103,B,202301,14,1037,0.0
E1,M08,103-0,B,SF-103,B,202302,15,1068,0.0
E1,M08,103-0,B,SF-103,B,202303,16,1099,1.0
E1,M08,103-0,B,SF-103,B,202304,17,1130,1.0
E1,M08,103-0,B,SF-103,B,202305,18,1162,1.0
E1,M08,103-0,B,SF-103,B,202306,19,1193,0.0
E1,M08,103-0,B,SF-103,B,202307,20,1224,1.0
E1,M08,103-0,B,SF-103,B,202308,21,1255,2.0
E1,M08,103-0,B,SF-103,B,202309,22,1286,0.0
E1,M08,103-0,B,SF-103,B,202310,23,1318,1.0
E1,M08,103-0,B,SF-103,B,202311,24,1349,1.0
E1,M08,103-0,B,SF-103,B,202312,25,1380,4.0
E1,M08,103-0,B,SF-103,B,202401,26,1411,0.0
E1,M08,103-0,B,SF-103,B,202402,27,1442,1.0
E1,M08,103-0,B,SF-103,B,202403,28,1474,1.0
E1,M08,103-0,B,SF-103,B,202404,29,1505,0.0
E1,M08,103-0,B,SF-103,B,202405,30,1536,0.0
E1,M08,103-0,B,SF-103,B,202406,31,1567,0.0
E1,M08,103-0,B,SF-103,B,202407,32,1598,1.0
E1,M08,103-0,B,SF-103,B,202408,33,1630,2.0
E1,M08,103-0,B,SF-103,B,202409,34,1661,3.0
E1,M08,103-0,B,SF-103,B,202410,35,1692,0.0
E1,M08,103-0,B,SF-103,B,202411,36,1723,1.0
E1,M08,103-0,B,SF-103,B,202412,37,1754,1.0
E1,M08,103-0,C,SF-103,B,202112,1,526,1.0
E1,M08,103-0,C,SF-103,B,202201,2,552,2.0
E1,M08,103-0,C,SF-103,B,202202,3,578,1.0
E1,M08,103-0,C,SF-103,B,202203,4,604,0.0
E1,M08,103-0,C,SF-103,B,202204,5,630,0.0
E1,M08,103-0,C,SF-103,B,202205,6,656,1.0
E1,M08,103-0,C,SF-103,B,202206,7,682,1.0
E1,M08,103-0,C,SF-103,B,202207,8,708,0.0
E1,M08,103-0,C,SF-103,B,202208,9,734,1.0
E1,M08,103-0,C,SF-103,B,202209,10,760,1.0
E1,M08,103-0,C,SF-103,B,202210,11,786,1.0
E1,M08,103-0,C,SF-103,B,202211,12,812,2.0
E1,M08,103-0,C,SF-103,B,202212,13,838,0.0
E1,M08,103-0,C,SF-103,B,202301,14,864,0.0
E1,M08,103-0,C,SF-103,B,202302,15,890,0.0
E1,M08,103-0,C,SF-103,B,202303,16,916,1.0
E1,M08,103-0,C,SF-103,B,202304,17,942,2.0
E1,M08,103-0,C,SF-103,B,202305,18,968,1.0
E1,M08,103-0,C,SF-103,B,202306,19,994,0.0
E1,M08,103-0,C,SF-103,B,202307,20,1020,1.0
E1,M08,103-0,C,SF-103,B,202308,21,1046,0.0
E1,M08,103-0,C,SF-103,B,202309,22,1072,0.0
E1,M08,103-0,C,SF-103,B,202310,23,1098,1.0
E1,M08,103-0,C,SF-103,B,202311,24,1124,1.0
E1,M08,103-0,C,SF-103,B,202312,25,1150,1.0
E1,M08,103-0,C,SF-103,B,202401,26,1176,0.0
E1,M08,103-0,C,SF-103,B,202402,27,1202,3.0
E1,M08,103-0,C,SF-103,B,202403,28,1228,1.0
E1,M08,103-0,C,SF-103,B,202404,29,1254,0.0
E1,M08,103-0,C,SF-103,B,202405,30,1280,0.0
E1,M08,103-0,C,SF-103,B,202406,31,1306,1.0
E1,M08,103-0,C,SF-103,B,202407,32,1332,1.0
E1,M08,103-0,C,SF-103,B,202408,33,1358,3.0
E1,M08,103-0,C,SF-103,B,202409,34,1384,2.0
E1,M08,103-0,C,SF-103,B,202410,35,1410,0.0
E1,M08,103-0,C,SF-103,B,202411,36,1436,1.0
E1,M08,103-0,D,SF-103,B,202112,1,394,1.0
E1,M08,103-0,D,SF-103,B,202201,2,414,0.0
E1,M08,103-0,D,SF-103,B,202202,3,434,0.0
E1,M08,103-0,D,SF-103,B,202203,4,453,0.0
E1,M08,103-0,D,SF-103,B,202204,5,472,0.0
E1,M08,103-0,D,SF-103,B,202205,6,492,0.0
E1,M08,103-0,D,SF-103,B,202206,7,512,0.0
E1,M08,103-0,D,SF-103,B,202207,8,531,0.0
E1,M08,103-0,D,SF-103,B,202208,9,550,1.0
E1,M08,103-0,D,SF-103,B,202209,10,570,0.0
E1,M08,103-0,D,SF-103,B,202210,11,590,0.0
E1,M08,103-0,D,SF-103,B,202211,12,609,0.0
E1,M08,103-0,D,SF-103,B,202212,13,628,0.0
E1,M08,103-0,D,SF-103,B,202301,14,648,2.0
E1,M08,103-0,D,SF-103,B,202302,15,668,0.0
E1,M08,103-0,D,SF-103,B,202303,16,687,0.0
E1,M08,103-0,D,SF-103,B,202304,17,706,1.0
E1,M08,103-0,D,SF-103,B,202305,18,726,0.0
E1,M08,103-0,D,SF-103,B,202306,19,746,0.0
E1,M08,103-0,D,SF-103,B,202307,20,765,0.0
E1,M08,103-0,D,SF-103,B,202308,21,784,0.0
E1,M08,103-0,D,SF-103,B,202309,22,804,1.0
E1,M08,103-0,D,SF-103,B,202310,23,824,0.0
E1,M08,103-0,D,SF-103,B,202311,24,843,0.0
E1,M08,103-0,D,SF-103,B,202312,25,862,1.0
E1,M08,103-0,D,SF-103,B,202401,26,882,0.0
E1,M08,103-0,D,SF-103,B,202402,27,902,0.0
E1,M08,103-0,D,SF-103,B,202403,28,921,2.0
E1,M08,103-0,D,SF-103,B,202404,29,940,1.0
E1,M08,103-0,D,SF-103,B,202405,30,960,0.0
E1,M08,103-0,D,SF-103,B,202406,31,980,0.0
E1,M08,103-0,D,SF-103,B,202407,32,999,0.0
E1,M08,103-0,D,SF-103,B,202408,33,1018,1.0
E1,M08,103-0,D,SF-103,B,202409,34,1038,1.0
E1,M08,103-0,D,SF-103,B,202410,35,1058,0.0
E1,M08,103-0,E,SF-103,B,202207,8,248,0.0
E1,M08,103-0,E,SF-103,B,202208,9,257,0.0
E1,M08,103-0,E,SF-103,B,202209,10,266,0.0
E1,M08,103-0,E,SF-103,B,202210,11,275,0.0
E1,M08,103-0,E,SF-103,B,202211,12,284,0.0
E1,M08,103-0,E,SF-103,B,202212,13,293,0.0
E1,M08,103-0,E,SF-103,B,202301,14,302,0.0
E1,M08,103-0,E,SF-103,B,202302,15,312,0.0
E1,M08,103-0,E,SF-103,B,202303,16,321,1.0
E1,M08,103-0,E,SF-103,B,202304,17,330,0.0
E1,M08,103-0,E,SF-103,B,202305,18,339,1.0
E1,M08,103-0,E,SF-103,B,202306,19,348,0.0
E1,M08,103-0,E,SF-103,B,202307,20,357,1.0
E1,M08,103-0,E,SF-103,B,202308,21,366,0.0
E1,M08,103-0,E,SF-103,B,202309,22,375,0.0
E1,M08,103-0,E,SF-103,B,202310,23,384,1.0
E1,M08,103-0,E,SF-103,B,202311,24,393,0.0
E1,M08,103-0,E,SF-103,B,202312,25,403,1.0
E1,M08,103-0,E,SF-103,B,202401,26,412,0.0
E1,M08,103-0,E,SF-103,B,202402,27,421,0.0
E1,M08,103-0,E,SF-103,B,202403,28,430,0.0
E1,M08,103-0,E,SF-103,B,202404,29,439,0.0
E1,M08,103-0,E,SF-103,B,202405,30,448,0.0
E1,M08,103-0,E,SF-103,B,202406,31,457,0.0
E1,M08,103-0,E,SF-103,B,202407,32,466,1.0
E1,M08,103-0,E,SF-103,B,202408,33,475,2.0
E1,M08,103-0,E,SF-103,B,202409,34,484,0.0
E1,M08,103-0,E,SF-103,B,202410,35,494,0.0
E1,M08,103-0,E,SF-103,B,202411,36,503,0.0
E1,M08,103-0,E,SF-103,B,202412,37,512,0.0
E1,M08,103-1,A,SF-103,B,202201,2,938,0.0
E1,M08,103-1,A,SF-103,B,202202,3,983,1.0
E1,M08,103-1,A,SF-103,B,202203,4,1027,0.0
E1,M08,103-1,A,SF-103,B,202204,5,1071,1.0
E1,M08,103-1,A,SF-103,B,202205,6,1115,0.0
E1,M08,103-1,A,SF-103,B,202206,7,1159,0.0
E1,M08,103-1,A,SF-103,B,202207,8,1204,1.0
E1,M08,103-1,A,SF-103,B,202208,9,1248,2.0
E1,M08,103-1,A,SF-103,B,202209,10,1292,1.0
E1,M08,103-1,A,SF-103,B,202210,11,1336,1.0
E1,M08,103-1,A,SF-103,B,202211,12,1380,0.0
E1,M08,103-1,A,SF-103,B,202212,13,1425,3.0
E1,M08,103-1,A,SF-103,B,202301,14,1469,0.0
E1,M08,103-1,A,SF-103,B,202302,15,1513,0.0
E1,M08,103-1,A,SF-103,B,202303,16,1557,3.0
E1,M08,103-1,A,SF-103,B,202304,17,1601,1.0
E1,M08,103-1,A,SF-103,B,202305,18,1646,1.0
E1,M08,103-1,A,SF-103,B,202306,19,1690,0.0
E1,M08,103-1,A,SF-103,B,202307,20,1734,3.0
E1,M08,103-1,A,SF-103,B,202308,21,1778,0.0
E1,M08,103-1,A,SF-103,B,202309,22,1822,2.0
E1,M08,103-1,A,SF-103,B,202310,23,1867,1.0
E1,M08,103-1,A,SF-103,B,202311,24,1911,0.0
E1,M08,103-1,A,SF-103,B,202312,25,1955,2.0
E1,M08,103-1,A,SF-103,B,202401,26,1999,3.0
E1,M08,103-1,A,SF-103,B,202402,27,2043,1.0
E1,M08,103-1,A,SF-103,B,202403,28,2088,2.0
E1,M08,103-1,A,SF-103,B,202404,29,2132,1.0
E1,M08,103-1,A,SF-103,B,202405,30,2176,1.0
E1,M08,103-1,A,SF-103,B,202406,31,2220,4.0
E1,M08,103-1,A,SF-103,B,202407,32,2264,3.0
E1,M08,103-1,A,SF-103,B,202408,33,2309,5.0
E1,M08,103-1,A,SF-103,B,202409,34,2353,4.0
E1,M08,103-1,A,SF-103,B,202410,35,2397,5.0
E1,M08,103-1,A,SF-103,B,202411,36,2441,4.0
E1,M08,103-1,A,SF-103,B,202412,37,2485,3.0
E1,M08,103-1,ALL,SF-103,B,202111,0,2500,2.0
E1,M08,103-1,ALL,SF-103,B,202112,1,2630,3.0
E1,M08,103-1,ALL,SF-103,B,202201,2,2760,2.0
E1,M08,103-1,ALL,SF-103,B,202202,3,2890,4.0
E1,M08,103-1,ALL,SF-103,B,202203,4,3020,0.0
E1,M08,103-1,ALL,SF-103,B,202204,5,3150,3.0
E1,M08,103-1,ALL,SF-103,B,202205,6,3280,3.0
E1,M08,103-1,ALL,SF-103,B,202206,7,3410,2.0
E1,M08,103-1,ALL,SF-103,B,202207,8,3540,2.0
E1,M08,103-1,ALL,SF-103,B,202208,9,3670,3.0
E1,M08,103-1,ALL,SF-103,B,202209,10,3800,4.0
E1,M08,103-1,ALL,SF-103,B,202210,11,3930,2.0
E1,M08,103-1,ALL,SF-103,B,202211,12,4060,0.0
E1,M08,103-1,ALL,SF-103,B,202212,13,4190,4.0
E1,M08,103-1,ALL,SF-103,B,202301,14,4320,0.0
E1,M08,103-1,ALL,SF-103,B,202302,15,4450,3.0
E1,M08,103-1,ALL,SF-103,B,202303,16,4580,6.0
E1,M08,103-1,ALL,SF-103,B,202304,17,4710,3.0
E1,M08,103-1,ALL,SF-103,B,202305,18,4840,3.0
E1,M08,103-1,ALL,SF-103,B,202306,19,4970,0.0
E1,M08,103-1,ALL,SF-103,B,202307,20,5100,7.0
E1,M08,103-1,ALL,SF-103,B,202308,21,5230,2.0
E1,M08,103-1,ALL,SF-103,B,202309,22,5360,2.0
E1,M08,103-1,ALL,SF-103,B,202310,23,5490,4.0
E1,M08,103-1,ALL,SF-103,B,202311,24,5620,1.0
E1,M08,103-1,ALL,SF-103,B,202312,25,5750,3.0
E1,M08,103-1,ALL,SF-103,B,202401,26,5880,7.0
E1,M08,103-1,ALL,SF-103,B,202402,27,6010,1.0
E1,M08,103-1,ALL,SF-103,B,202403,28,6140,7.0
E1,M08,103-1,ALL,SF-103,B,202404,29,6270,3.0
E1,M08,103-1,ALL,SF-103,B,202405,30,6400,6.0
E1,M08,103-1,ALL,SF-103,B,202406,31,6530,8.0
E1,M08,103-1,ALL,SF-103,B,202407,32,6660,7.0
E1,M08,103-1,ALL,SF-103,B,202408,33,6790,9.0
E1,M08,103-1,ALL,SF-103,B,202409,34,6920,9.0
E1,M08,103-1,ALL,SF-103,B,202410,35,7050,6.0
E1,M08,103-1,ALL,SF-103,B,202411,36,7180,6.0
E1,M08,103-1,ALL,SF-103,B,202412,37,7310,4.0
E1,M08,103-1,B,SF-103,B,202111,0,600,1.0
E1,M08,103-1,B,SF-103,B,202112,1,631,1.0
E1,M08,103-1,B,SF-103,B,202201,2,662,0.0
E1,M08,103-1,B,SF-103,B,202202,3,694,1.0
E1,M08,103-1,B,SF-103,B,202203,4,725,0.0
E1,M08,103-1,B,SF-103,B,202204,5,756,0.0
E1,M08,103-1,B,SF-103,B,202205,6,787,1.0
E1,M08,103-1,B,SF-103,B,202206,7,818,1.0
E1,M08,103-1,B,SF-103,B,202207,8,850,0.0
E1,M08,103-1,B,SF-103,B,202208,9,881,0.0
E1,M08,103-1,B,SF-103,B,202209,10,912,0.0
E1,M08,103-1,B,SF-103,B,202210,11,943,0.0
E1,M08,103-1,B,SF-103,B,202211,12,974,0.0
E1,M08,103-1,B,SF-103,B,202212,13,1006,1.0
E1,M08,103-1,B,SF-103,B,202301,14,1037,0.0
E1,M08,103-1,B,SF-103,B,202302,15,1068,0.0
E1,M08,103-1,B,SF-103,B,202303,16,1099,2.0
E1,M08,103-1,B,SF-103,B,202304,17,1130,1.0
E1,M08,103-1,B,SF-103,B,202305,18,1162,2.0
E1,M08,103-1,B,SF-103,B,202306,19,1193,0.0
E1,M08,103-1,B,SF-103,B,202307,20,1224,3.0
E1,M08,103-1,B,SF-103,B,202308,21,1255,1.0
E1,M08,103-1,B,SF-103,B,202309,22,1286,0.0
E1,M08,103-1,B,SF-103,B,202310,23,1318,1.0
E1,M08,103-1,B,SF-103,B,202311,24,1349,0.0
E1,M08,103-1,B,SF-103,B,202312,25,1380,0.0
E1,M08,103-1,B,SF-103,B,202401,26,1411,1.0
E1,M08,103-1,B,SF-103,B,202402,27,1442,0.0
E1,M08,103-1,B,SF-103,B,202403,28,1474,0.0
E1,M08,103-1,B,SF-103,B,202404,29,1505,0.0
E1,M08,103-1,B,SF-103,B,202405,30,1536,3.0
E1,M08,103-1,B,SF-103,B,202406,31,1567,2.0
E1,M08,103-1,B,SF-103,B,202407,32,1598,1.0
E1,M08,103-1,B,SF-103,B,202408,33,1630,2.0
E1,M08,103-1,B,SF-103,B,202409,34,1661,3.0
E1,M08,103-1,B,SF-103,B,202410,35,1692,1.0
E1,M08,103-1,B,SF-103,B,202411,36,1723,1.0
E1,M08,103-1,B,SF-103,B,202412,37,1754,1.0
E1,M08,103-1,C,SF-103,B,202111,0,500,1.0
E1,M08,103-1,C,SF-103,B,202201,2,552,1.0
E1,M08,103-1,C,SF-103,B,202202,3,578,1.0
E1,M08,103-1,C,SF-103,B,202203,4,604,0.0
E1,M08,103-1,C,SF-103,B,202204,5,630,2.0
E1,M08,103-1,C,SF-103,B,202205,6,656,2.0
E1,M08,103-1,C,SF-103,B,202206,7,682,0.0
E1,M08,103-1,C,SF-103,B,202207,8,708,1.0
E1,M08,103-1,C,SF-103,B,202208,9,734,0.0
E1,M08,103-1,C,SF-103,B,202209,10,760,2.0
E1,M08,103-1,C,SF-103,B,202210,11,786,0.0
E1,M08,103-1,C,SF-103,B,202211,12,812,0.0
E1,M08,103-1,C,SF-103,B,202212,13,838,0.0
E1,M08,103-1,C,SF-103,B,202301,14,864,0.0
E1,M08,103-1,C,SF-103,B,202302,15,890,2.0
E1,M08,103-1,C,SF-103,B,202303,16,916,0.0
E1,M08,103-1,C,SF-103,B,202304,17,942,0.0
E1,M08,103-1,C,SF-103,B,202305,18,968,0.0
E1,M08,103-1,C,SF-103,B,202306,19,994,0.0
E1,M08,103-1,C,SF-103,B,202307,20,1020,0.0
E1,M08,103-1,C,SF-103,B,202308,21,1046,0.0
E1,M08,103-1,C,SF-103,B,202309,22,1072,0.0
E1,M08,103-1,C,SF-103,B,202310,23,1098,1.0
E1,M08,103-1,C,SF-103,B,202311,24,1124,1.0
E1,M08,103-1,C,SF-103,B,202312,25,1150,0.0
E1,M08,103-1,C,SF-103,B,202401,26,1176,2.0
E1,M08,103-1,C,SF-103,B,202402,27,1202,0.0
E1,M08,103-1,C,SF-103,B,202403,28,1228,4.0
E1,M08,103-1,C,SF-103,B,202404,29,1254,1.0
E1,M08,103-1,C,SF-103,B,202405,30,1280,1.0
E1,M08,103-1,C,SF-103,B,202406,31,1306,1.0
E1,M08,103-1,C,SF-103,B,202407,32,1332,1.0
E1,M08,103-1,C,SF-103,B,202408,33,1358,0.0
E1,M08,103-1,C,SF-103,B,202409,34,1384,2.0
E1,M08,103-1,C,SF-103,B,202410,35,1410,0.0
E1,M08,103-1,C,SF-103,B,202411,36,1436,1.0
E1,M08,103-1,D,SF-103,B,202112,1,394,2.0
E1,M08,103-1,D,SF-103,B,202201,2,414,1.0
E1,M08,103-1,D,SF-103,B,202202,3,434,1.0
E1,M08,103-1,D,SF-103,B,202203,4,453,0.0
E1,M08,103-1,D,SF-103,B,202204,5,472,0.0
E1,M08,103-1,D,SF-103,B,202205,6,492,0.0
E1,M08,103-1,D,SF-103,B,202206,7,512,1.0
E1,M08,103-1,D,SF-103,B,202207,8,531,0.0
E1,M08,103-1,D,SF-103,B,202208,9,550,1.0
E1,M08,103-1,D,SF-103,B,202209,10,570,1.0
E1,M08,103-1,D,SF-103,B,202210,11,590,1.0
E1,M08,103-1,D,SF-103,B,202211,12,609,0.0
E1,M08,103-1,D,SF-103,B,202212,13,628,0.0
E1,M08,103-1,D,SF-103,B,202301,14,648,0.0
E1,M08,103-1,D,SF-103,B,202302,15,668,1.0
E1,M08,103-1,D,SF-103,B,202303,16,687,1.0
E1,M08,103-1,D,SF-103,B,202304,17,706,0.0
E1,M08,103-1,D,SF-103,B,202305,18,726,0.0
E1,M08,103-1,D,SF-103,B,202306,19,746,0.0
E1,M08,103-1,D,SF-103,B,202307,20,765,1.0
E1,M08,103-1,D,SF-103,B,202308,21,784,0.0
E1,M08,103-1,D,SF-103,B,202309,22,804,0.0
E1,M08,103-1,D,SF-103,B,202310,23,824,1.0
E1,M08,103-1,D,SF-103,B,202311,24,843,0.0
E1,M08,103-1,D,SF-103,B,202312,25,862,0.0
E1,M08,103-1,D,SF-103,B,202401,26,882,0.0
E1,M08,103-1,D,SF-103,B,202402,27,902,0.0
E1,M08,103-1,D,SF-103,B,202403,28,921,1.0
E1,M08,103-1,D,SF-103,B,202404,29,940,0.0
E1,M08,103-1,D,SF-103,B,202405,30,960,1.0
E1,M08,103-1,D,SF-103,B,202406,31,980,1.0
E1,M08,103-1,D,SF-103,B,202407,32,999,2.0
E1,M08,103-1,D,SF-103,B,202408,33,1018,2.0
E1,M08,103-1,D,SF-103,B,202409,34,1038,0.0
E1,M08,103-1,D,SF-103,B,202410,35,1058,0.0
E1,M08,103-1,E,SF-103,B,202207,8,248,0.0
E1,M08,103-1,E,SF-103,B,202208,9,257,0.0
E1,M08,103-1,E,SF-103,B,202209,10,266,0.0
E1,M08,103-1,E,SF-103,B,202210,11,275,0.0
E1,M08,103-1,E,SF-103,B,202211,12,284,0.0
E1,M08,103-1,E,SF-103,B,202212,13,293,0.0
E1,M08,103-1,E,SF-103,B,202301,14,302,0.0
E1,M08,103-1,E,SF-103,B,202302,15,312,0.0
E1,M08,103-1,E,SF-103,B,202303,16,321,0.0
E1,M08,103-1,E,SF-103,B,202304,17,330,1.0
E1,M08,103-1,E,SF-103,B,202305,18,339,0.0
E1,M08,103-1,E,SF-103,B,202306,19,348,0.0
E1,M08,103-1,E,SF-103,B,202307,20,357,0.0
E1,M08,103-1,E,SF-103,B,202308,21,366,1.0
E1,M08,103-1,E,SF-103,B,202309,22,375,0.0
E1,M08,103-1,E,SF-103,B,202310,23,384,0.0
E1,M08,103-1,E,SF-103,B,202311,24,393,0.0
E1,M08,103-1,E,SF-103,B,202312,25,403,1.0
E1,M08,103-1,E,SF-103,B,202401,26,412,1.0
E1,M08,103-1,E,SF-103,B,202402,27,421,0.0
E1,M08,103-1,E,SF-103,B,202403,28,430,0.0
E1,M08,103-1,E,SF-103,B,202404,29,439,1.0
E1,M08,103-1,E,SF-103,B,202405,30,448,0.0
E1,M08,103-1,E,SF-103,B,202406,31,457,0.0
E1,M08,103-1,E,SF-103,B,202407,32,466,0.0
E1,M08,103-1,E,SF-103,B,202408,33,475,0.0
E1,M08,103-1,E,SF-103,B,202409,34,484,0.0
E1,M08,103-1,E,SF-103,B,202410,35,494,0.0
E1,M08,103-1,E,SF-103,B,202411,36,503,0.0
E1,M08,103-1,E,SF-103,B,202412,37,512,0.0
E1,M08,104-0,A,SF-104,B,202201,2,938,1.0
E1,M08,104-0,A,SF-104,B,202202,3,983,2.0
E1,M08,104-0,A,SF-104,B,202203,4,1027,0.0
E1,M08,104-0,A,SF-104,B,202204,5,1071,3.0
E1,M08,104-0,A,SF-104,B,202205,6,1115,1.0
E1,M08,104-0,A,SF-104,B,202206,7,1159,2.0
E1,M08,104-0,A,SF-104,B,202207,8,1204,1.0
E1,M08,104-0,A,SF-104,B,202208,9,1248,1.0
E1,M08,104-0,A,SF-104,B,202209,10,1292,1.0
E1,M08,104-0,A,SF-104,B,202210,11,1336,1.0
E1,M08,104-0,A,SF-104,B,202211,12,1380,1.0
E1,M08,104-0,A,SF-104,B,202212,13,1425,1.0
E1,M08,104-0,A,SF-104,B,202301,14,1469,3.0
E1,M08,104-0,A,SF-104,B,202302,15,1513,0.0
E1,M08,104-0,A,SF-104,B,202303,16,1557,3.0
E1,M08,104-0,A,SF-104,B,202304,17,1601,2.0
E1,M08,104-0,A,SF-104,B,202305,18,1646,3.0
E1,M08,104-0,A,SF-104,B,202306,19,1690,1.0
E1,M08,104-0,A,SF-104,B,202307,20,1734,3.0
E1,M08,104-0,A,SF-104,B,202308,21,1778,1.0
E1,M08,104-0,A,SF-104,B,202309,22,1822,2.0
E1,M08,104-0,A,SF-104,B,202310,23,1867,2.0
E1,M08,104-0,A,SF-104,B,202311,24,1911,4.0
E1,M08,104-0,A,SF-104,B,202312,25,1955,1.0
E1,M08,104-0,A,SF-104,B,202401,26,1999,5.0
E1,M08,104-0,A,SF-104,B,202402,27,2043,0.0
E1,M08,104-0,A,SF-104,B,202403,28,2088,2.0
E1,M08,104-0,A,SF-104,B,202404,29,2132,2.0
E1,M08,104-0,A,SF-104,B,202405,30,2176,6.0
E1,M08,104-0,A,SF-104,B,202406,31,2220,1.0
E1,M08,104-0,A,SF-104,B,202407,32,2264,4.0
E1,M08,104-0,A,SF-104,B,202408,33,2309,3.0
E1,M08,104-0,A,SF-104,B,202409,34,2353,0.0
E1,M08,104-0,A,SF-104,B,202410,35,2397,3.0
E1,M08,104-0,A,SF-104,B,202411,36,2441,2.0
E1,M08,104-0,A,SF-104,B,202412,37,2485,3.0
E1,M08,104-0,ALL,SF-104,B,202111,0,2500,1.0
E1,M08,104-0,ALL,SF-104,B,202112,1,2630,2.0
E1,M08,104-0,ALL,SF-104,B,202201,2,2760,3.0
E1,M08,104-0,ALL,SF-104,B,202202,3,2890,3.0
E1,M08,104-0,ALL,SF-104,B,202203,4,3020,0.0
E1,M08,104-0,ALL,SF-104,B,202204,5,3150,5.0
E1,M08,104-0,ALL,SF-104,B,202205,6,3280,2.0
E1,M08,104-0,ALL,SF-104,B,202206,7,3410,3.0
E1,M08,104-0,ALL,SF-104,B,202207,8,3540,4.0
E1,M08,104-0,ALL,SF-104,B,202208,9,3670,2.0
E1,M08,104-0,ALL,SF-104,B,202209,10,3800,6.0
E1,M08,104-0,ALL,SF-104,B,202210,11,3930,4.0
E1,M08,104-0,ALL,SF-104,B,202211,12,4060,3.0
E1,M08,104-0,ALL,SF-104,B,202212,13,4190,5.0
E1,M08,104-0,ALL,SF-104,B,202301,14,4320,10.0
E1,M08,104-0,ALL,SF-104,B,202302,15,4450,0.0
E1,M08,104-0,ALL,SF-104,B,202303,16,4580,3.0
E1,M08,104-0,ALL,SF-104,B,202304,17,4710,10.0
E1,M08,104-0,ALL,SF-104,B,202305,18,4840,6.0
E1,M08,104-0,ALL,SF-104,B,202306,19,4970,1.0
E1,M08,104-0,ALL,SF-104,B,202307,20,5100,8.0
E1,M08,104-0,ALL,SF-104,B,202308,21,5230,3.0
E1,M08,104-0,ALL,SF-104,B,202309,22,5360,6.0
E1,M08,104-0,ALL,SF-104,B,202310,23,5490,5.0
E1,M08,104-0,ALL,SF-104,B,202311,24,5620,6.0
E1,M08,104-0,ALL,SF-104,B,202312,25,5750,6.0
E1,M08,104-0,ALL,SF-104,B,202401,26,5880,9.0
E1,M08,104-0,ALL,SF-104,B,202402,27,6010,1.0
E1,M08,104-0,ALL,SF-104,B,202403,28,6140,11.0
E1,M08,104-0,ALL,SF-104,B,202404,29,6270,4.0
E1,M08,104-0,ALL,SF-104,B,202405,30,6400,13.0
E1,M08,104-0,ALL,SF-104,B,202406,31,6530,4.0
E1,M08,104-0,ALL,SF-104,B,202407,32,6660,5.0
E1,M08,104-0,ALL,SF-104,B,202408,33,6790,6.0
E1,M08,104-0,ALL,SF-104,B,202409,34,6920,4.0
E1,M08,104-0,ALL,SF-104,B,202410,35,7050,6.0
E1,M08,104-0,ALL,SF-104,B,202411,36,7180,7.0
E1,M08,104-0,ALL,SF-104,B,202412,37,7310,4.0
E1,M08,104-0,B,SF-104,B,202111,0,600,1.0
E1,M08,104-0,B,SF-104,B,202201,2,662,0.0
E1,M08,104-0,B,SF-104,B,202202,3,694,0.0
E1,M08,104-0,B,SF-104,B,202203,4,725,0.0
E1,M08,104-0,B,SF-104,B,202204,5,756,2.0
E1,M08,104-0,B,SF-104,B,202205,6,787,1.0
E1,M08,104-0,B,SF-104,B,202206,7,818,1.0
E1,M08,104-0,B,SF-104,B,202207,8,850,1.0
E1,M08,104-0,B,SF-104,B,202208,9,881,0.0
E1,M08,104-0,B,SF-104,B,202209,10,912,2.0
E1,M08,104-0,B,SF-104,B,202210,11,943,2.0
E1,M08,104-0,B,SF-104,B,202211,12,974,0.0
E1,M08,104-0,B,SF-104,B,202212,13,1006,1.0
E1,M08,104-0,B,SF-104,B,202301,14,1037,3.0
E1,M08,104-0,B,SF-104,B,202302,15,1068,0.0
E1,M08,104-0,B,SF-104,B,202303,16,1099,0.0
E1,M08,104-0,B,SF-104,B,202304,17,1130,0.0
E1,M08,104-0,B,SF-104,B,202305,18,1162,0.0
E1,M08,104-0,B,SF-104,B,202306,19,1193,0.0
E1,M08,104-0,B,SF-104,B,202307,20,1224,3.0
E1,M08,104-0,B,SF-104,B,202308,21,1255,0.0
E1,M08,104-0,B,SF-104,B,202309,22,1286,2.0
E1,M08,104-0,B,SF-104,B,202310,23,1318,2.0
E1,M08,104-0,B,SF-104,B,202311,24,1349,1.0
E1,M08,104-0,B,SF-104,B,202312,25,1380,2.0
E1,M08,104-0,B,SF-104,B,202401,26,1411,0.0
E1,M08,104-0,B,SF-104,B,202402,27,1442,1.0
E1,M08,104-0,B,SF-104,B,202403,28,1474,4.0
E1,M08,104-0,B,SF-104,B,202404,29,1505,0.0
E1,M08,104-0,B,SF-104,B,202405,30,1536,3.0
E1,M08,104-0,B,SF-104,B,202406,31,1567,1.0
E1,M08,104-0,B,SF-104,B,202407,32,1598,1.0
E1,M08,104-0,B,SF-104,B,202408,33,1630,0.0
E1,M08,104-0,B,SF-104,B,202409,34,1661,2.0
E1,M08,104-0,B,SF-104,B,202410,35,1692,1.0
E1,M08,104-0,B,SF-104,B,202411,36,1723,3.0
E1,M08,104-0,B,SF-104,B,202412,37,1754,1.0
E1,M08,104-0,C,SF-104,B,202112,1,526,1.0
E1,M08,104-0,C,SF-104,B,202201,2,552,2.0
E1,M08,104-0,C,SF-104,B,202202,3,578,1.0
E1,M08,104-0,C,SF-104,B,202203,4,604,0.0
E1,M08,104-0,C,SF-104,B,202204,5,630,0.0
E1,M08,104-0,C,SF-104,B,202205,6,656,0.0
E1,M08,104-0,C,SF-104,B,202206,7,682,0.0
E1,M08,104-0,C,SF-104,B,202207,8,708,1.0
E1,M08,104-0,C,SF-104,B,202208,9,734,0.0
E1,M08,104-0,C,SF-104,B,202209,10,760,1.0
E1,M08,104-0,C,SF-104,B,202210,11,786,1.0
E1,M08,104-0,C,SF-104,B,202211,12,812,1.0
E1,M08,104-0,C,SF-104,B,202212,13,838,2.0
E1,M08,104-0,C,SF-104,B,202301,14,864,1.0
E1,M08,104-0,C,SF-104,B,202302,15,890,0.0
E1,M08,104-0,C,SF-104,B,202303,16,916,0.0
E1,M08,104-0,C,SF-104,B,202304,17,942,2.0
E1,M08,104-0,C,SF-104,B,202305,18,968,2.0
E1,M08,104-0,C,SF-104,B,202306,19,994,0.0
E1,M08,104-0,C,SF-104,B,202307,20,1020,2.0
E1,M08,104-0,C,SF-104,B,202308,21,1046,1.0
E1,M08,104-0,C,SF-104,B,202309,22,1072,1.0
E1,M08,104-0,C,SF-104,B,202310,23,1098,1.0
E1,M08,104-0,C,SF-104,B,202311,24,1124,1.0
E1,M08,104-0,C,SF-104,B,202312,25,1150,1.0
E1,M08,104-0,C,SF-104,B,202401,26,1176,3.0
E1,M08,104-0,C,SF-104,B,202402,27,1202,0.0
E1,M08,104-0,C,SF-104,B,202403,28,1228,2.0
E1,M08,104-0,C,SF-104,B,202404,29,1254,1.0
E1,M08,104-0,C,SF-104,B,202405,30,1280,1.0
E1,M08,104-0,C,SF-104,B,202406,31,1306,1.0
E1,M08,104-0,C,SF-104,B,202407,32,1332,0.0
E1,M08,104-0,C,SF-104,B,202408,33,1358,1.0
E1,M08,104-0,C,SF-104,B,202409,34,1384,0.0
E1,M08,104-0,C,SF-104,B,202410,35,1410,1.0
E1,M08,104-0,C,SF-104,B,202411,36,1436,2.0
E1,M08,104-0,D,SF-104,B,202112,1,394,1.0
E1,M08,104-0,D,SF-104,B,202201,2,414,0.0
E1,M08,104-0,D,SF-104,B,202202,3,434,0.0
E1,M08,104-0,D,SF-104,B,202203,4,453,0.0
E1,M08,104-0,D,SF-104,B,202204,5,472,0.0
E1,M08,104-0,D,SF-104,B,202205,6,492,0.0
E1,M08,104-0,D,SF-104,B,202206,7,512,0.0
E1,M08,104-0,D,SF-104,B,202207,8,531,0.0
E1,M08,104-0,D,SF-104,B,202208,9,550,1.0
E1,M08,104-0,D,SF-104,B,202209,10,570,2.0
E1,M08,104-0,D,SF-104,B,202210,11,590,0.0
E1,M08,104-0,D,SF-104,B,202211,12,609,1.0
E1,M08,104-0,D,SF-104,B,202212,13,628,0.0
E1,M08,104-0,D,SF-104,B,202301,14,648,1.0
E1,M08,104-0,D,SF-104,B,202302,15,668,0.0
E1,M08,104-0,D,SF-104,B,202303,16,687,0.0
E1,M08,104-0,D,SF-104,B,202304,17,706,5.0
E1,M08,104-0,D,SF-104,B,202305,18,726,0.0
E1,M08,104-0,D,SF-104,B,202306,19,746,0.0
E1,M08,104-0,D,SF-104,B,202307,20,765,0.0
E1,M08,104-0,D,SF-104,B,202308,21,784,1.0
E1,M08,104-0,D,SF-104,B,202309,22,804,0.0
E1,M08,104-0,D,SF-104,B,202310,23,824,0.0
E1,M08,104-0,D,SF-104,B,202311,24,843,0.0
E1,M08,104-0,D,SF-104,B,202312,25,862,2.0
E1,M08,104-0,D,SF-104,B,202401,26,882,1.0
E1,M08,104-0,D,SF-104,B,202402,27,902,0.0
E1,M08,104-0,D,SF-104,B,202403,28,921,3.0
E1,M08,104-0,D,SF-104,B,202404,29,940,0.0
E1,M08,104-0,D,SF-104,B,202405,30,960,1.0
E1,M08,104-0,D,SF-104,B,202406,31,980,1.0
E1,M08,104-0,D,SF-104,B,202407,32,999,0.0
E1,M08,104-0,D,SF-104,B,202408,33,1018,2.0
E1,M08,104-0,D,SF-104,B,202409,34,1038,1.0
E1,M08,104-0,D,SF-104,B,202410,35,1058,0.0
E1,M08,104-0,E,SF-104,B,202207,8,248,1.0
E1,M08,104-0,E,SF-104,B,202208,9,257,0.0
E1,M08,104-0,E,SF-104,B,202209,10,266,0.0
E1,M08,104-0,E,SF-104,B,202210,11,275,0.0
E1,M08,104-0,E,SF-104,B,202211,12,284,0.0
E1,M08,104-0,E,SF-104,B,202212,13,293,1.0
E1,M08,104-0,E,SF-104,B,202301,14,302,2.0
E1,M08,104-0,E,SF-104,B,202302,15,312,0.0
E1,M08,104-0,E,SF-104,B,202303,16,321,0.0
E1,M08,104-0,E,SF-104,B,202304,17,330,1.0
E1,M08,104-0,E,SF-104,B,202305,18,339,1.0
E1,M08,104-0,E,SF-104,B,202306,19,348,0.0
E1,M08,104-0,E,SF-104,B,202307,20,357,0.0
E1,M08,104-0,E,SF-104,B,202308,21,366,0.0
E1,M08,104-0,E,SF-104,B,202309,22,375,1.0
E1,M08,104-0,E,SF-104,B,202310,23,384,0.0
E1,M08,104-0,E,SF-104,B,202311,24,393,0.0
E1,M08,104-0,E,SF-104,B,202312,25,403,0.0
E1,M08,104-0,E,SF-104,B,202401,26,412,0.0
E1,M08,104-0,E,SF-104,B,202402,27,421,0.0
E1,M08,104-0,E,SF-104,B,202403,28,430,0.0
E1,M08,104-0,E,SF-104,B,202404,29,439,1.0
E1,M08,104-0,E,SF-104,B,202405,30,448,2.0
E1,M08,104-0,E,SF-104,B,202406,31,457,0.0
E1,M08,104-0,E,SF-104,B,202407,32,466,0.0
E1,M08,104-0,E,SF-104,B,202408,33,475,0.0
E1,M08,104-0,E,SF-104,B,202409,34,484,1.0
E1,M08,104-0,E,SF-104,B,202410,35,494,1.0
E1,M08,104-0,E,SF-104,B,202411,36,503,0.0
E1,M08,104-0,E,SF-104,B,202412,37,512,0.0
E1,M08,105-0,A,SF-105,B,202201,2,938,0.0
E1,M08,105-0,A,SF-105,B,202202,3,983,2.0
E1,M08,105-0,A,SF-105,B,202203,4,1027,0.0
E1,M08,105-0,A,SF-105,B,202204,5,1071,0.0
E1,M08,105-0,A,SF-105,B,202205,6,1115,0.0
E1,M08,105-0,A,SF-105,B,202206,7,1159,1.0
E1,M08,105-0,A,SF-105,B,202207,8,1204,0.0
E1,M08,105-0,A,SF-105,B,202208,9,1248,0.0
E1,M08,105-0,A,SF-105,B,202209,10,1292,1.0
E1,M08,105-0,A,SF-105,B,202210,11,1336,0.0
E1,M08,105-0,A,SF-105,B,202211,12,1380,1.0
E1,M08,105-0,A,SF-105,B,202212,13,1425,1.0
E1,M08,105-0,A,SF-105,B,202301,14,1469,0.0
E1,M08,105-0,A,SF-105,B,202302,15,1513,0.0
E1,M08,105-0,A,SF-105,B,202303,16,1557,0.0
E1,M08,105-0,A,SF-105,B,202304,17,1601,0.0
E1,M08,105-0,A,SF-105,B,202305,18,1646,0.0
E1,M08,105-0,A,SF-105,B,202306,19,1690,1.0
E1,M08,105-0,A,SF-105,B,202307,20,1734,0.0
E1,M08,105-0,A,SF-105,B,202308,21,1778,0.0
E1,M08,105-0,A,SF-105,B,202309,22,1822,0.0
E1,M08,105-0,A,SF-105,B,202310,23,1867,1.0
E1,M08,105-0,A,SF-105,B,202311,24,1911,0.0
E1,M08,105-0,A,SF-105,B,202312,25,1955,0.0
E1,M08,105-0,A,SF-105,B,202401,26,1999,1.0
E1,M08,105-0,A,SF-105,B,202402,27,2043,1.0
E1,M08,105-0,A,SF-105,B,202403,28,2088,0.0
E1,M08,105-0,A,SF-105,B,202404,29,2132,0.0
E1,M08,105-0,A,SF-105,B,202405,30,2176,0.0
E1,M08,105-0,A,SF-105,B,202406,31,2220,0.0
E1,M08,105-0,A,SF-105,B,202407,32,2264,1.0
E1,M08,105-0,A,SF-105,B,202408,33,2309,1.0
E1,M08,105-0,A,SF-105,B,202409,34,2353,3.0
E1,M08,105-0,A,SF-105,B,202410,35,2397,1.0
E1,M08,105-0,A,SF-105,B,202411,36,2441,0.0
E1,M08,105-0,A,SF-105,B,202412,37,2485,0.0
E1,M08,105-0,ALL,SF-105,B,202111,0,2500,0.0
E1,M08,105-0,ALL,SF-105,B,202112,1,2630,0.0
E1,M08,105-0,ALL,SF-105,B,202201,2,2760,0.0
E1,M08,105-0,ALL,SF-105,B,202202,3,2890,3.0
E1,M08,105-0,ALL,SF-105,B,202203,4,3020,1.0
E1,M08,105-0,ALL,SF-105,B,202204,5,3150,2.0
E1,M08,105-0,ALL,SF-105,B,202205,6,3280,1.0
E1,M08,105-0,ALL,SF-105,B,202206,7,3410,3.0
E1,M08,105-0,ALL,SF-105,B,202207,8,3540,0.0
E1,M08,105-0,ALL,SF-105,B,202208,9,3670,1.0
E1,M08,105-0,ALL,SF-105,B,202209,10,3800,3.0
E1,M08,105-0,ALL,SF-105,B,202210,11,3930,0.0
E1,M08,105-0,ALL,SF-105,B,202211,12,4060,3.0
E1,M08,105-0,ALL,SF-105,B,202212,13,4190,1.0
E1,M08,105-0,ALL,SF-105,B,202301,14,4320,2.0
E1,M08,105-0,ALL,SF-105,B,202302,15,4450,1.0
E1,M08,105-0,ALL,SF-105,B,202303,16,4580,0.0
E1,M08,105-0,ALL,SF-105,B,202304,17,4710,2.0
E1,M08,105-0,ALL,SF-105,B,202305,18,4840,2.0
E1,M08,105-0,ALL,SF-105,B,202306,19,4970,2.0
E1,M08,105-0,ALL,SF-105,B,202307,20,5100,0.0
E1,M08,105-0,ALL,SF-105,B,202308,21,5230,3.0
E1,M08,105-0,ALL,SF-105,B,202309,22,5360,1.0
E1,M08,105-0,ALL,SF-105,B,202310,23,5490,2.0
E1,M08,105-0,ALL,SF-105,B,202311,24,5620,1.0
E1,M08,105-0,ALL,SF-105,B,202312,25,5750,1.0
E1,M08,105-0,ALL,SF-105,B,202401,26,5880,2.0
E1,M08,105-0,ALL,SF-105,B,202402,27,6010,2.0
E1,M08,105-0,ALL,SF-105,B,202403,28,6140,2.0
E1,M08,105-0,ALL,SF-105,B,202404,29,6270,0.0
E1,M08,105-0,ALL,SF-105,B,202405,30,6400,1.0
E1,M08,105-0,ALL,SF-105,B,202406,31,6530,0.0
E1,M08,105-0,ALL,SF-105,B,202407,32,6660,1.0
E1,M08,105-0,ALL,SF-105,B,202408,33,6790,2.0
E1,M08,105-0,ALL,SF-105,B,202409,34,6920,4.0
E1,M08,105-0,ALL,SF-105,B,202410,35,7050,3.0
E1,M08,105-0,ALL,SF-105,B,202411,36,7180,1.0
E1,M08,105-0,ALL,SF-105,B,202412,37,7310,1.0
E1,M08,105-0,B,SF-105,B,202201,2,662,0.0
E1,M08,105-0,B,SF-105,B,202202,3,694,1.0
E1,M08,105-0,B,SF-105,B,202203,4,725,1.0
E1,M08,105-0,B,SF-105,B,202204,5,756,0.0
E1,M08,105-0,B,SF-105,B,202205,6,787,0.0
E1,M08,105-0,B,SF-105,B,202206,7,818,0.0
E1,M08,105-0,B,SF-105,B,202207,8,850,0.0
E1,M08,105-0,B,SF-105,B,202208,9,881,1.0
E1,M08,105-0,B,SF-105,B,202209,10,912,2.0
E1,M08,105-0,B,SF-105,B,202210,11,943,0.0
E1,M08,105-0,B,SF-105,B,202211,12,974,1.0
E1,M08,105-0,B,SF-105,B,202212,13,1006,0.0
E1,M08,105-0,B,SF-105,B,202301,14,1037,1.0
E1,M08,105-0,B,SF-105,B,202302,15,1068,1.0
E1,M08,105-0,B,SF-105,B,202303,16,1099,0.0
E1,M08,105-0,B,SF-105,B,202304,17,1130,2.0
E1,M08,105-0,B,SF-105,B,202305,18,1162,0.0
E1,M08,105-0,B,SF-105,B,202306,19,1193,0.0
E1,M08,105-0,B,SF-105,B,202307,20,1224,0.0
E1,M08,105-0,B,SF-105,B,202308,21,1255,1.0
E1,M08,105-0,B,SF-105,B,202309,22,1286,0.0
E1,M08,105-0,B,SF-105,B,202310,23,1318,0.0
E1,M08,105-0,B,SF-105,B,202311,24,1349,1.0
E1,M08,105-0,B,SF-105,B,202312,25,1380,0.0
E1,M08,105-0,B,SF-105,B,202401,26,1411,0.0
E1,M08,105-0,B,SF-105,B,202402,27,1442,0.0
E1,M08,105-0,B,SF-105,B,202403,28,1474,1.0
E1,M08,105-0,B,SF-105,B,202404,29,1505,0.0
E1,M08,105-0,B,SF-105,B,202405,30,1536,0.0
E1,M08,105-0,B,SF-105,B,202406,31,1567,0.0
E1,M08,105-0,B,SF-105,B,202407,32,1598,0.0
E1,M08,105-0,B,SF-105,B,202408,33,1630,0.0
E1,M08,105-0,B,SF-105,B,202409,34,1661,1.0
E1,M08,105-0,B,SF-105,B,202410,35,1692,0.0
E1,M08,105-0,B,SF-105,B,202411,36,1723,0.0
E1,M08,105-0,B,SF-105,B,202412,37,1754,1.0
E1,M08,105-0,C,SF-105,B,202201,2,552,0.0
E1,M08,105-0,C,SF-105,B,202202,3,578,0.0
E1,M08,105-0,C,SF-105,B,202203,4,604,0.0
E1,M08,105-0,C,SF-105,B,202204,5,630,0.0
E1,M08,105-0,C,SF-105,B,202205,6,656,0.0
E1,M08,105-0,C,SF-105,B,202206,7,682,1.0
E1,M08,105-0,C,SF-105,B,202207,8,708,0.0
E1,M08,105-0,C,SF-105,B,202208,9,734,0.0
E1,M08,105-0,C,SF-105,B,202209,10,760,0.0
E1,M08,105-0,C,SF-105,B,202210,11,786,0.0
E1,M08,105-0,C,SF-105,B,202211,12,812,0.0
E1,M08,105-0,C,SF-105,B,202212,13,838,0.0
E1,M08,105-0,C,SF-105,B,202301,14,864,1.0
E1,M08,105-0,C,SF-105,B,202302,15,890,0.0
E1,M08,105-0,C,SF-105,B,202303,16,916,0.0
E1,M08,105-0,C,SF-105,B,202304,17,942,0.0
E1,M08,105-0,C,SF-105,B,202305,18,968,0.0
E1,M08,105-0,C,SF-105,B,202306,19,994,1.0
E1,M08,105-0,C,SF-105,B,202307,20,1020,0.0
E1,M08,105-0,C,SF-105,B,202308,21,1046,2.0
E1,M08,105-0,C,SF-105,B,202309,22,1072,0.0
E1,M08,105-0,C,SF-105,B,202310,23,1098,0.0
E1,M08,105-0,C,SF-105,B,202311,24,1124,0.0
E1,M08,105-0,C,SF-105,B,202312,25,1150,1.0
E1,M08,105-0,C,SF-105,B,202401,26,1176,1.0
E1,M08,105-0,C,SF-105,B,202402,27,1202,0.0
E1,M08,105-0,C,SF-105,B,202403,28,1228,0.0
E1,M08,105-0,C,SF-105,B,202404,29,1254,0.0
E1,M08,105-0,C,SF-105,B,202405,30,1280,0.0
E1,M08,105-0,C,SF-105,B,202406,31,1306,0.0
E1,M08,105-0,C,SF-105,B,202407,32,1332,0.0
E1,M08,105-0,C,SF-105,B,202408,33,1358,0.0
E1,M08,105-0,C,SF-105,B,202409,34,1384,0.0
E1,M08,105-0,C,SF-105,B,202410,35,1410,2.0
E1,M08,105-0,C,SF-105,B,202411,36,1436,1.0
E1,M08,105-0,D,SF-105,B,202201,2,414,0.0
E1,M08,105-0,D,SF-105,B,202202,3,434,0.0
E1,M08,105-0,D,SF-105,B,202203,4,453,0.0
E1,M08,105-0,D,SF-105,B,202204,5,472,2.0
E1,M08,105-0,D,SF-105,B,202205,6,492,1.0
E1,M08,105-0,D,SF-105,B,202206,7,512,1.0
E1,M08,105-0,D,SF-105,B,202207,8,531,0.0
E1,M08,105-0,D,SF-105,B,202208,9,550,0.0
E1,M08,105-0,D,SF-105,B,202209,10,570,0.0
E1,M08,105-0,D,SF-105,B,202210,11,590,0.0
E1,M08,105-0,D,SF-105,B,202211,12,609,1.0
E1,M08,105-0,D,SF-105,B,202212,13,628,0.0
E1,M08,105-0,D,SF-105,B,202301,14,648,0.0
E1,M08,105-0,D,SF-105,B,202302,15,668,0.0
E1,M08,105-0,D,SF-105,B,202303,16,687,0.0
E1,M08,105-0,D,SF-105,B,202304,17,706,0.0
E1,M08,105-0,D,SF-105,B,202305,18,726,2.0
E1,M08,105-0,D,SF-105,B,202306,19,746,0.0
E1,M08,105-0,D,SF-105,B,202307,20,765,0.0
E1,M08,105-0,D,SF-105,B,202308,21,784,0.0
E1,M08,105-0,D,SF-105,B,202309,22,804,1.0
E1,M08,105-0,D,SF-105,B,202310,23,824,1.0
E1,M08,105-0,D,SF-105,B,202311,24,843,0.0
E1,M08,105-0,D,SF-105,B,202312,25,862,0.0
E1,M08,105-0,D,SF-105,B,202401,26,882,0.0
E1,M08,105-0,D,SF-105,B,202402,27,902,0.0
E1,M08,105-0,D,SF-105,B,202403,28,921,0.0
E1,M08,105-0,D,SF-105,B,202404,29,940,0.0
E1,M08,105-0,D,SF-105,B,202405,30,960,1.0
E1,M08,105-0,D,SF-105,B,202406,31,980,0.0
E1,M08,105-0,D,SF-105,B,202407,32,999,0.0
E1,M08,105-0,D,SF-105,B,202408,33,1018,1.0
E1,M08,105-0,D,SF-105,B,202409,34,1038,0.0
E1,M08,105-0,D,SF-105,B,202410,35,1058,0.0
E1,M08,105-0,E,SF-105,B,202207,8,248,0.0
E1,M08,105-0,E,SF-105,B,202208,9,257,0.0
E1,M08,105-0,E,SF-105,B,202209,10,266,0.0
E1,M08,105-0,E,SF-105,B,202210,11,275,0.0
E1,M08,105-0,E,SF-105,B,202211,12,284,0.0
E1,M08,105-0,E,SF-105,B,202212,13,293,0.0
E1,M08,105-0,E,SF-105,B,202301,14,302,0.0
E1,M08,105-0,E,SF-105,B,202302,15,312,0.0
E1,M08,105-0,E,SF-105,B,202303,16,321,0.0
E1,M08,105-0,E,SF-105,B,202304,17,330,0.0
E1,M08,105-0,E,SF-105,B,202305,18,339,0.0
E1,M08,105-0,E,SF-105,B,202306,19,348,0.0
E1,M08,105-0,E,SF-105,B,202307,20,357,0.0
E1,M08,105-0,E,SF-105,B,202308,21,366,0.0
E1,M08,105-0,E,SF-105,B,202309,22,375,0.0
E1,M08,105-0,E,SF-105,B,202310,23,384,0.0
E1,M08,105-0,E,SF-105,B,202311,24,393,0.0
E1,M08,105-0,E,SF-105,B,202312,25,403,0.0
E1,M08,105-0,E,SF-105,B,202401,26,412,0.0
E1,M08,105-0,E,SF-105,B,202402,27,421,1.0
E1,M08,105-0,E,SF-105,B,202403,28,430,1.0
E1,M08,105-0,E,SF-105,B,202404,29,439,0.0
E1,M08,105-0,E,SF-105,B,202405,30,448,0.0
E1,M08,105-0,E,SF-105,B,202406,31,457,0.0
E1,M08,105-0,E,SF-105,B,202407,32,466,0.0
E1,M08,105-0,E,SF-105,B,202408,33,475,0.0
E1,M08,105-0,E,SF-105,B,202409,34,484,0.0
E1,M08,105-0,E,SF-105,B,202410,35,494,0.0
E1,M08,105-0,E,SF-105,B,202411,36,503,0.0
E1,M08,105-0,E,SF-105,B,202412,37,512,0.0
E1,M09,100-0,A,SF-100,A,202112,0,850,1.0
E1,M09,100-0,A,SF-100,A,202201,1,894,2.0
E1,M09,100-0,A,SF-100,A,202202,2,938,0.0
E1,M09,100-0,A,SF-100,A,202203,3,983,1.0
E1,M09,100-0,A,SF-100,A,202204,4,1027,1.0
E1,M09,100-0,A,SF-100,A,202205,5,1071,1.0
E1,M09,100-0,A,SF-100,A,202206,6,1115,1.0
E1,M09,100-0,A,SF-100,A,202207,7,1159,3.0
E1,M09,100-0,A,SF-100,A,202208,8,1204,3.0
E1,M09,100-0,A,SF-100,A,202209,9,1248,1.0
E1,M09,100-0,A,SF-100,A,202210,10,1292,2.0
E1,M09,100-0,A,SF-100,A,202211,11,1336,1.0
E1,M09,100-0,A,SF-100,A,202212,12,1380,0.0
E1,M09,100-0,A,SF-100,A,202301,13,1425,3.0
E1,M09,100-0,A,SF-100,A,202302,14,1469,0.0
E1,M09,100-0,A,SF-100,A,202303,15,1513,2.0
E1,M09,100-0,A,SF-100,A,202304,16,1557,2.0
E1,M09,100-0,A,SF-100,A,202305,17,1601,1.0
E1,M09,100-0,A,SF-100,A,202306,18,1646,4.0
E1,M09,100-0,A,SF-100,A,202307,19,1690,1.0
E1,M09,100-0,A,SF-100,A,202308,20,1734,5.0
E1,M09,100-0,A,SF-100,A,202309,21,1778,2.0
E1,M09,100-0,A,SF-100,A,202310,22,1822,1.0
E1,M09,100-0,A,SF-100,A,202311,23,1867,1.0
E1,M09,100-0,A,SF-100,A,202312,24,1911,1.0
E1,M09,100-0,A,SF-100,A,202401,25,1955,2.0
E1,M09,100-0,A,SF-100,A,202402,26,1999,2.0
E1,M09,100-0,A,SF-100,A,202403,27,2043,3.0
E1,M09,100-0,A,SF-100,A,202404,28,2088,4.0
E1,M09,100-0,A,SF-100,A,202405,29,2132,3.0
E1,M09,100-0,A,SF-100,A,202406,30,2176,1.0
E1,M09,100-0,A,SF-100,A,202407,31,2220,1.0
E1,M09,100-0,A,SF-100,A,202408,32,2264,2.0
E1,M09,100-0,A,SF-100,A,202409,33,2309,2.0
E1,M09,100-0,A,SF-100,A,202410,34,2353,2.0
E1,M09,100-0,A,SF-100,A,202411,35,2397,3.0
E1,M09,100-0,A,SF-100,A,202412,36,2441,3.0
E1,M09,100-0,ALL,SF-100,A,202112,0,2500,4.0
E1,M09,100-0,ALL,SF-100,A,202201,1,2630,3.0
E1,M09,100-0,ALL,SF-100,A,202202,2,2760,1.0
E1,M09,100-0,ALL,SF-100,A,202203,3,2890,2.0
E1,M09,100-0,ALL,SF-100,A,202204,4,3020,2.0
E1,M09,100-0,ALL,SF-100,A,202205,5,3150,3.0
E1,M09,100-0,ALL,SF-100,A,202206,6,3280,4.0
E1,M09,100-0,ALL,SF-100,A,202207,7,3410,5.0
E1,M09,100-0,ALL,SF-100,A,202208,8,3540,3.0
E1,M09,100-0,ALL,SF-100,A,202209,9,3670,3.0
E1,M09,100-0,ALL,SF-100,A,202210,10,3800,4.0
E1,M09,100-0,ALL,SF-100,A,202211,11,3930,5.0
E1,M09,100-0,ALL,SF-100,A,202212,12,4060,0.0
E1,M09,100-0,ALL,SF-100,A,202301,13,4190,6.0
E1,M09,100-0,ALL,SF-100,A,202302,14,4320,1.0
E1,M09,100-0,ALL,SF-100,A,202303,15,4450,5.0
E1,M09,100-0,ALL,SF-100,A,202304,16,4580,9.0
E1,M09,100-0,ALL,SF-100,A,202305,17,4710,5.0
E1,M09,100-0,ALL,SF-100,A,202306,18,4840,9.0
E1,M09,100-0,ALL,SF-100,A,202307,19,4970,4.0
E1,M09,100-0,ALL,SF-100,A,202308,20,5100,10.0
E1,M09,100-0,ALL,SF-100,A,202309,21,5230,4.0
E1,M09,100-0,ALL,SF-100,A,202310,22,5360,7.0
E1,M09,100-0,ALL,SF-100,A,202311,23,5490,4.0
E1,M09,100-0,ALL,SF-100,A,202312,24,5620,6.0
E1,M09,100-0,ALL,SF-100,A,202401,25,5750,4.0
E1,M09,100-0,ALL,SF-100,A,202402,26,5880,4.0
E1,M09,100-0,ALL,SF-100,A,202403,27,6010,11.0
E1,M09,100-0,ALL,SF-100,A,202404,28,6140,9.0
E1,M09,100-0,ALL,SF-100,A,202405,29,6270,7.0
E1,M09,100-0,ALL,SF-100,A,202406,30,6400,6.0
E1,M09,100-0,ALL,SF-100,A,202407,31,6530,5.0
E1,M09,100-0,ALL,SF-100,A,202408,32,6660,6.0
E1,M09,100-0,ALL,SF-100,A,202409,33,6790,8.0
E1,M09,100-0,ALL,SF-100,A,202410,34,6920,8.0
E1,M09,100-0,ALL,SF-100,A,202411,35,7050,8.0
E1,M09,100-0,ALL,SF-100,A,202412,36,7180,4.0
E1,M09,100-0,B,SF-100,A,202112,0,600,1.0
E1,M09,100-0,B,SF-100,A,202201,1,631,1.0
E1,M09,100-0,B,SF-100,A,202202,2,662,0.0
E1,M09,100-0,B,SF-100,A,202203,3,694,0.0
E1,M09,100-0,B,SF-100,A,202204,4,725,1.0
E1,M09,100-0,B,SF-100,A,202205,5,756,0.0
E1,M09,100-0,B,SF-100,A,202206,6,787,3.0
E1,M09,100-0,B,SF-100,A,202207,7,818,1.0
E1,M09,100-0,B,SF-100,A,202208,8,850,0.0
E1,M09,100-0,B,SF-100,A,202209,9,881,1.0
E1,M09,100-0,B,SF-100,A,202210,10,912,1.0
E1,M09,100-0,B,SF-100,A,202211,11,943,1.0
E1,M09,100-0,B,SF-100,A,202212,12,974,0.0
E1,M09,100-0,B,SF-100,A,202301,13,1006,2.0
E1,M09,100-0,B,SF-100,A,202302,14,1037,1.0
E1,M09,100-0,B,SF-100,A,202303,15,1068,1.0
E1,M09,100-0,B,SF-100,A,202304,16,1099,3.0
E1,M09,100-0,B,SF-100,A,202305,17,1130,0.0
E1,M09,100-0,B,SF-100,A,202306,18,1162,1.0
E1,M09,100-0,B,SF-100,A,202307,19,1193,1.0
E1,M09,100-0,B,SF-100,A,202308,20,1224,1.0
E1,M09,100-0,B,SF-100,A,202309,21,1255,0.0
E1,M09,100-0,B,SF-100,A,202310,22,1286,4.0
E1,M09,100-0,B,SF-100,A,202311,23,1318,1.0
E1,M09,100-0,B,SF-100,A,202312,24,1349,0.0
E1,M09,100-0,B,SF-100,A,202401,25,1380,1.0
E1,M09,100-0,B,SF-100,A,202402,26,1411,1.0
E1,M09,100-0,B,SF-100,A,202403,27,1442,1.0
E1,M09,100-0,B,SF-100,A,202404,28,1474,4.0
E1,M09,100-0,B,SF-100,A,202405,29,1505,0.0
E1,M09,100-0,B,SF-100,A,202406,30,1536,1.0
E1,M09,100-0,B,SF-100,A,202407,31,1567,0.0
E1,M09,100-0,B,SF-100,A,202408,32,1598,4.0
E1,M09,100-0,B,SF-100,A,202409,33,1630,1.0
E1,M09,100-0,B,SF-100,A,202410,34,1661,4.0
E1,M09,100-0,B,SF-100,A,202411,35,1692,4.0
E1,M09,100-0,B,SF-100,A,202412,36,1723,0.0
E1,M09,100-0,C,SF-100,A,202112,0,500,2.0
E1,M09,100-0,C,SF-100,A,202202,2,552,1.0
E1,M09,100-0,C,SF-100,A,202203,3,578,1.0
E1,M09,100-0,C,SF-100,A,202204,4,604,0.0
E1,M09,100-0,C,SF-100,A,202205,5,630,0.0
E1,M09,100-0,C,SF-100,A,202206,6,656,0.0
E1,M09,100-0,C,SF-100,A,202207,7,682,1.0
E1,M09,100-0,C,SF-100,A,202208,8,708,0.0
E1,M09,100-0,C,SF-100,A,202209,9,734,1.0
E1,M09,100-0,C,SF-100,A,202210,10,760,0.0
E1,M09,100-0,C,SF-100,A,202211,11,786,0.0
E1,M09,100-0,C,SF-100,A,202212,12,812,0.0
E1,M09,100-0,C,SF-100,A,202301,13,838,0.0
E1,M09,100-0,C,SF-100,A,202302,14,864,0.0
E1,M09,100-0,C,SF-100,A,202303,15,890,2.0
E1,M09,100-0,C,SF-100,A,202304,16,916,1.0
E1,M09,100-0,C,SF-100,A,202305,17,942,1.0
E1,M09,100-0,C,SF-100,A,202306,18,968,4.0
E1,M09,100-0,C,SF-100,A,202307,19,994,1.0
E1,M09,100-0,C,SF-100,A,202308,20,1020,1.0
E1,M09,100-0,C,SF-100,A,202309,21,1046,1.0
E1,M09,100-0,C,SF-100,A,202310,22,1072,1.0
E1,M09,100-0,C,SF-100,A,202311,23,1098,1.0
E1,M09,100-0,C,SF-100,A,202312,24,1124,2.0
E1,M09,100-0,C,SF-100,A,202401,25,1150,1.0
E1,M09,100-0,C,SF-100,A,202402,26,1176,0.0
E1,M09,100-0,C,SF-100,A,202403,27,1202,1.0
E1,M09,100-0,C,SF-100,A,202404,28,1228,0.0
E1,M09,100-0,C,SF-100,A,202405,29,1254,1.0
E1,M09,100-0,C,SF-100,A,202406,30,1280,2.0
E1,M09,100-0,C,SF-100,A,202407,31,1306,2.0
E1,M09,100-0,C,SF-100,A,202408,32,1332,0.0
E1,M09,100-0,C,SF-100,A,202409,33,1358,3.0
E1,M09,100-0,C,SF-100,A,202410,34,1384,1.0
E1,M09,100-0,C,SF-100,A,202411,35,1410,1.0
E1,M09,100-0,D,SF-100,A,202202,2,414,0.0
E1,M09,100-0,D,SF-100,A,202203,3,434,0.0
E1,M09,100-0,D,SF-100,A,202204,4,453,0.0
E1,M09,100-0,D,SF-100,A,202205,5,472,2.0
E1,M09,100-0,D,SF-100,A,202206,6,492,0.0
E1,M09,100-0,D,SF-100,A,202207,7,512,0.0
E1,M09,100-0,D,SF-100,A,202208,8,531,0.0
E1,M09,100-0,D,SF-100,A,202209,9,550,0.0
E1,M09,100-0,D,SF-100,A,202210,10,570,0.0
E1,M09,100-0,D,SF-100,A,202211,11,590,2.0
E1,M09,100-0,D,SF-100,A,202212,12,609,0.0
E1,M09,100-0,D,SF-100,A,202301,13,628,0.0
E1,M09,100-0,D,SF-100,A,202302,14,648,0.0
E1,M09,100-0,D,SF-100,A,202303,15,668,0.0
E1,M09,100-0,D,SF-100,A,202304,16,687,3.0
E1,M09,100-0,D,SF-100,A,202305,17,706,0.0
E1,M09,100-0,D,SF-100,A,202306,18,726,0.0
E1,M09,100-0,D,SF-100,A,202307,19,746,1.0
E1,M09,100-0,D,SF-100,A,202308,20,765,1.0
E1,M09,100-0,D,SF-100,A,202309,21,784,1.0
E1,M09,100-0,D,SF-100,A,202310,22,804,0.0
E1,M09,100-0,D,SF-100,A,202311,23,824,1.0
E1,M09,100-0,D,SF-100,A,202312,24,843,2.0
E1,M09,100-0,D,SF-100,A,202401,25,862,0.0
E1,M09,100-0,D,SF-100,A,202402,26,882,1.0
E1,M09,100-0,D,SF-100,A,202403,27,902,2.0
E1,M09,100-0,D,SF-100,A,202404,28,921,1.0
E1,M09,100-0,D,SF-100,A,202405,29,940,2.0
E1,M09,100-0,D,SF-100,A,202406,30,960,1.0
E1,M09,100-0,D,SF-100,A,202407,31,980,2.0
E1,M09,100-0,D,SF-100,A,202408,32,999,0.0
E1,M09,100-0,D,SF-100,A,202409,33,1018,1.0
E1,M09,100-0,D,SF-100,A,202410,34,1038,1.0
E1,M09,100-0,E,SF-100,A,202208,8,248,0.0
E1,M09,100-0,E,SF-100,A,202209,9,257,0.0
E1,M09,100-0,E,SF-100,A,202210,10,266,1.0
E1,M09,100-0,E,SF-100,A,202211,11,275,1.0
E1,M09,100-0,E,SF-100,A,202212,12,284,0.0
E1,M09,100-0,E,SF-100,A,202301,13,293,1.0
E1,M09,100-0,E,SF-100,A,202302,14,302,0.0
E1,M09,100-0,E,SF-100,A,202303,15,312,0.0
E1,M09,100-0,E,SF-100,A,202304,16,321,0.0
E1,M09,100-0,E,SF-100,A,202305,17,330,3.0
E1,M09,100-0,E,SF-100,A,202306,18,339,0.0
E1,M09,100-0,E,SF-100,A,202307,19,348,0.0
E1,M09,100-0,E,SF-100,A,202308,20,357,2.0
E1,M09,100-0,E,SF-100,A,202309,21,366,0.0
E1,M09,100-0,E,SF-100,A,202310,22,375,1.0
E1,M09,100-0,E,SF-100,A,202311,23,384,0.0
E1,M09,100-0,E,SF-100,A,202312,24,393,1.0
E1,M09,100-0,E,SF-100,A,202401,25,403,0.0
E1,M09,100-0,E,SF-100,A,202402,26,412,0.0
E1,M09,100-0,E,SF-100,A,202403,27,421,4.0
E1,M09,100-0,E,SF-100,A,202404,28,430,0.0
E1,M09,100-0,E,SF-100,A,202405,29,439,1.0
E1,M09,100-0,E,SF-100,A,202406,30,448,1.0
E1,M09,100-0,E,SF-100,A,202407,31,457,0.0
E1,M09,100-0,E,SF-100,A,202408,32,466,0.0
E1,M09,100-0,E,SF-100,A,202409,33,475,1.0
E1,M09,100-0,E,SF-100,A,202410,34,484,0.0
E1,M09,100-0,E,SF-100,A,202411,35,494,0.0
E1,M09,100-0,E,SF-100,A,202412,36,503,1.0
E1,M09,101-0,A,SF-101,A,202112,0,850,3.0
E1,M09,101-0,A,SF-101,A,202201,1,894,2.0
E1,M09,101-0,A,SF-101,A,202202,2,938,0.0
E1,M09,101-0,A,SF-101,A,202203,3,983,2.0
E1,M09,101-0,A,SF-101,A,202204,4,1027,1.0
E1,M09,101-0,A,SF-101,A,202205,5,1071,0.0
E1,M09,101-0,A,SF-101,A,202206,6,1115,1.0
E1,M09,101-0,A,SF-101,A,202207,7,1159,2.0
E1,M09,101-0,A,SF-101,A,202208,8,1204,3.0
E1,M09,101-0,A,SF-101,A,202209,9,1248,1.0
E1,M09,101-0,A,SF-101,A,202210,10,1292,1.0
E1,M09,101-0,A,SF-101,A,202211,11,1336,1.0
E1,M09,101-0,A,SF-101,A,202212,12,1380,0.0
E1,M09,101-0,A,SF-101,A,202301,13,1425,0.0
E1,M09,101-0,A,SF-101,A,202302,14,1469,0.0
E1,M09,101-0,A,SF-101,A,202303,15,1513,1.0
E1,M09,101-0,A,SF-101,A,202304,16,1557,2.0
E1,M09,101-0,A,SF-101,A,202305,17,1601,3.0
E1,M09,101-0,A,SF-101,A,202306,18,1646,1.0
E1,M09,101-0,A,SF-101,A,202307,19,1690,1.0
E1,M09,101-0,A,SF-101,A,202308,20,1734,2.0
E1,M09,101-0,A,SF-101,A,202309,21,1778,3.0
E1,M09,101-0,A,SF-101,A,202310,22,1822,1.0
E1,M09,101-0,A,SF-101,A,202311,23,1867,2.0
E1,M09,101-0,A,SF-101,A,202312,24,1911,1.0
E1,M09,101-0,A,SF-101,A,202401,25,1955,2.0
E1,M09,101-0,A,SF-101,A,202402,26,1999,1.0
E1,M09,101-0,A,SF-101,A,202403,27,2043,1.0
E1,M09,101-0,A,SF-101,A,202404,28,2088,2.0
E1,M09,101-0,A,SF-101,A,202405,29,2132,2.0
E1,M09,101-0,A,SF-101,A,202406,30,2176,3.0
E1,M09,101-0,A,SF-101,A,202407,31,2220,1.0
E1,M09,101-0,A,SF-101,A,202408,32,2264,4.0
E1,M09,101-0,A,SF-101,A,202409,33,2309,0.0
E1,M09,101-0,A,SF-101,A,202410,34,2353,2.0
E1,M09,101-0,A,SF-101,A,202411,35,2397,6.0
E1,M09,101-0,A,SF-101,A,202412,36,2441,1.0
E1,M09,101-0,ALL,SF-101,A,202112,0,2500,3.0
E1,M09,101-0,ALL,SF-101,A,202201,1,2630,3.0
E1,M09,101-0,ALL,SF-101,A,202202,2,2760,0.0
E1,M09,101-0,ALL,SF-101,A,202203,3,2890,3.0
E1,M09,101-0,ALL,SF-101,A,202204,4,3020,2.0
E1,M09,101-0,ALL,SF-101,A,202205,5,3150,3.0
E1,M09,101-0,ALL,SF-101,A,202206,6,3280,4.0
E1,M09,101-0,ALL,SF-101,A,202207,7,3410,4.0
E1,M09,101-0,ALL,SF-101,A,202208,8,3540,4.0
E1,M09,101-0,ALL,SF-101,A,202209,9,3670,3.0
E1,M09,101-0,ALL,SF-101,A,202210,10,3800,5.0
E1,M09,101-0,ALL,SF-101,A,202211,11,3930,4.0
E1,M09,101-0,ALL,SF-101,A,202212,12,4060,4.0
E1,M09,101-0,ALL,SF-101,A,202301,13,4190,6.0
E1,M09,101-0,ALL,SF-101,A,202302,14,4320,2.0
E1,M09,101-0,ALL,SF-101,A,202303,15,4450,2.0
E1,M09,101-0,ALL,SF-101,A,202304,16,4580,5.0
E1,M09,101-0,ALL,SF-101,A,202305,17,4710,3.0
E1,M09,101-0,ALL,SF-101,A,202306,18,4840,2.0
E1,M09,101-0,ALL,SF-101,A,202307,19,4970,2.0
E1,M09,101-0,ALL,SF-101,A,202308,20,5100,5.0
E1,M09,101-0,ALL,SF-101,A,202309,21,5230,7.0
E1,M09,101-0,ALL,SF-101,A,202310,22,5360,6.0
E1,M09,101-0,ALL,SF-101,A,202311,23,5490,8.0
E1,M09,101-0,ALL,SF-101,A,202312,24,5620,3.0
E1,M09,101-0,ALL,SF-101,A,202401,25,5750,3.0
E1,M09,101-0,ALL,SF-101,A,202402,26,5880,3.0
E1,M09,101-0,ALL,SF-101,A,202403,27,6010,5.0
E1,M09,101-0,ALL,SF-101,A,202404,28,6140,5.0
E1,M09,101-0,ALL,SF-101,A,202405,29,6270,8.0
E1,M09,101-0,ALL,SF-101,A,202406,30,6400,6.0
E1,M09,101-0,ALL,SF-101,A,202407,31,6530,4.0
E1,M09,101-0,ALL,SF-101,A,202408,32,6660,9.0
E1,M09,101-0,ALL,SF-101,A,202409,33,6790,4.0
E1,M09,101-0,ALL,SF-101,A,202410,34,6920,5.0
E1,M09,101-0,ALL,SF-101,A,202411,35,7050,8.0
E1,M09,101-0,ALL,SF-101,A,202412,36,7180,2.0
E1,M09,101-0,B,SF-101,A,202201,1,631,1.0
E1,M09,101-0,B,SF-101,A,202202,2,662,0.0
E1,M09,101-0,B,SF-101,A,202203,3,694,1.0
E1,M09,101-0,B,SF-101,A,202204,4,725,0.0
E1,M09,101-0,B,SF-101,A,202205,5,756,2.0
E1,M09,101-0,B,SF-101,A,202206,6,787,0.0
E1,M09,101-0,B,SF-101,A,202207,7,818,0.0
E1,M09,101-0,B,SF-101,A,202208,8,850,0.0
E1,M09,101-0,B,SF-101,A,202209,9,881,0.0
E1,M09,101-0,B,SF-101,A,202210,10,912,1.0
E1,M09,101-0,B,SF-101,A,202211,11,943,3.0
E1,M09,101-0,B,SF-101,A,202212,12,974,1.0
E1,M09,101-0,B,SF-101,A,202301,13,1006,4.0
E1,M09,101-0,B,SF-101,A,202302,14,1037,2.0
E1,M09,101-0,B,SF-101,A,202303,15,1068,0.0
E1,M09,101-0,B,SF-101,A,202304,16,1099,1.0
E1,M09,101-0,B,SF-101,A,202305,17,1130,0.0
E1,M09,101-0,B,SF-101,A,202306,18,1162,0.0
E1,M09,101-0,B,SF-101,A,202307,19,1193,1.0
E1,M09,101-0,B,SF-101,A,202308,20,1224,1.0
E1,M09,101-0,B,SF-101,A,202309,21,1255,2.0
E1,M09,101-0,B,SF-101,A,202310,22,1286,2.0
E1,M09,101-0,B,SF-101,A,202311,23,1318,2.0
E1,M09,101-0,B,SF-101,A,202312,24,1349,1.0
E1,M09,101-0,B,SF-101,A,202401,25,1380,1.0
E1,M09,101-0,B,SF-101,A,202402,26,1411,0.0
E1,M09,101-0,B,SF-101,A,202403,27,1442,3.0
E1,M09,101-0,B,SF-101,A,202404,28,1474,1.0
E1,M09,101-0,B,SF-101,A,202405,29,1505,1.0
E1,M09,101-0,B,SF-101,A,202406,30,1536,2.0
E1,M09,101-0,B,SF-101,A,202407,31,1567,2.0
E1,M09,101-0,B,SF-101,A,202408,32,1598,2.0
E1,M09,101-0,B,SF-101,A,202409,33,1630,1.0
E1,M09,101-0,B,SF-101,A,202410,34,1661,1.0
E1,M09,101-0,B,SF-101,A,202411,35,1692,0.0
E1,M09,101-0,B,SF-101,A,202412,36,1723,1.0
E1,M09,101-0,C,SF-101,A,202202,2,552,0.0
E1,M09,101-0,C,SF-101,A,202203,3,578,0.0
E1,M09,101-0,C,SF-101,A,202204,4,604,0.0
E1,M09,101-0,C,SF-101,A,202205,5,630,0.0
E1,M09,101-0,C,SF-101,A,202206,6,656,1.0
E1,M09,101-0,C,SF-101,A,202207,7,682,1.0
E1,M09,101-0,C,SF-101,A,202208,8,708,1.0
E1,M09,101-0,C,SF-101,A,202209,9,734,1.0
E1,M09,101-0,C,SF-101,A,202210,10,760,1.0
E1,M09,101-0,C,SF-101,A,202211,11,786,0.0
E1,M09,101-0,C,SF-101,A,202212,12,812,0.0
E1,M09,101-0,C,SF-101,A,202301,13,838,1.0
E1,M09,101-0,C,SF-101,A,202302,14,864,0.0
E1,M09,101-0,C,SF-101,A,202303,15,890,1.0
E1,M09,101-0,C,SF-101,A,202304,16,916,1.0
E1,M09,101-0,C,SF-101,A,202305,17,942,0.0
E1,M09,101-0,C,SF-101,A,202306,18,968,1.0
E1,M09,101-0,C,SF-101,A,202307,19,994,0.0
E1,M09,101-0,C,SF-101,A,202308,20,1020,2.0
E1,M09,101-0,C,SF-101,A,202309,21,1046,1.0
E1,M09,101-0,C,SF-101,A,202310,22,1072,1.0
E1,M09,101-0,C,SF-101,A,202311,23,1098,1.0
E1,M09,101-0,C,SF-101,A,202312,24,1124,0.0
E1,M09,101-0,C,SF-101,A,202401,25,1150,0.0
E1,M09,101-0,C,SF-101,A,202402,26,1176,2.0
E1,M09,101-0,C,SF-101,A,202403,27,1202,1.0
E1,M09,101-0,C,SF-101,A,202404,28,1228,0.0
E1,M09,101-0,C,SF-101,A,202405,29,1254,1.0
E1,M09,101-0,C,SF-101,A,202406,30,1280,0.0
E1,M09,101-0,C,SF-101,A,202407,31,1306,1.0
E1,M09,101-0,C,SF-101,A,202408,32,1332,2.0
E1,M09,101-0,C,SF-101,A,202409,33,1358,1.0
E1,M09,101-0,C,SF-101,A,202410,34,1384,1.0
E1,M09,101-0,C,SF-101,A,202411,35,1410,2.0
E1,M09,101-0,D,SF-101,A,202202,2,414,0.0
E1,M09,101-0,D,SF-101,A,202203,3,434,0.0
E1,M09,101-0,D,SF-101,A,202204,4,453,1.0
E1,M09,101-0,D,SF-101,A,202205,5,472,1.0
E1,M09,101-0,D,SF-101,A,202206,6,492,2.0
E1,M09,101-0,D,SF-101,A,202207,7,512,1.0
E1,M09,101-0,D,SF-101,A,202208,8,531,0.0
E1,M09,101-0,D,SF-101,A,202209,9,550,1.0
E1,M09,101-0,D,SF-101,A,202210,10,570,2.0
E1,M09,101-0,D,SF-101,A,202211,11,590,0.0
E1,M09,101-0,D,SF-101,A,202212,12,609,2.0
E1,M09,101-0,D,SF-101,A,202301,13,628,0.0
E1,M09,101-0,D,SF-101,A,202302,14,648,0.0
E1,M09,101-0,D,SF-101,A,202303,15,668,0.0
E1,M09,101-0,D,SF-101,A,202304,16,687,1.0
E1,M09,101-0,D,SF-101,A,202305,17,706,0.0
E1,M09,101-0,D,SF-101,A,202306,18,726,0.0
E1,M09,101-0,D,SF-101,A,202307,19,746,0.0
E1,M09,101-0,D,SF-101,A,202308,20,765,0.0
E1,M09,101-0,D,SF-101,A,202309,21,784,1.0
E1,M09,101-0,D,SF-101,A,202310,22,804,1.0
E1,M09,101-0,D,SF-101,A,202311,23,824,3.0
E1,M09,101-0,D,SF-101,A,202312,24,843,0.0
E1,M09,101-0,D,SF-101,A,202401,25,862,0.0
E1,M09,101-0,D,SF-101,A,202402,26,882,0.0
E1,M09,101-0,D,SF-101,A,202403,27,902,0.0
E1,M09,101-0,D,SF-101,A,202404,28,921,1.0
E1,M09,101-0,D,SF-101,A,202405,29,940,4.0
E1,M09,101-0,D,SF-101,A,202406,30,960,1.0
E1,M09,101-0,D,SF-101,A,202407,31,980,0.0
E1,M09,101-0,D,SF-101,A,202408,32,999,1.0
E1,M09,101-0,D,SF-101,A,202409,33,1018,2.0
E1,M09,101-0,D,SF-101,A,202410,34,1038,1.0
E1,M09,101-0,E,SF-101,A,202208,8,248,0.0
E1,M09,101-0,E,SF-101,A,202209,9,257,0.0
E1,M09,101-0,E,SF-101,A,202210,10,266,0.0
E1,M09,101-0,E,SF-101,A,202211,11,275,0.0
E1,M09,101-0,E,SF-101,A,202212,12,284,1.0
E1,M09,101-0,E,SF-101,A,202301,13,293,1.0
E1,M09,101-0,E,SF-101,A,202302,14,302,0.0
E1,M09,101-0,E,SF-101,A,202303,15,312,0.0
E1,M09,101-0,E,SF-101,A,202304,16,321,0.0
E1,M09,101-0,E,SF-101,A,202305,17,330,0.0
E1,M09,101-0,E,SF-101,A,202306,18,339,0.0
E1,M09,101-0,E,SF-101,A,202307,19,348,0.0
E1,M09,101-0,E,SF-101,A,202308,20,357,0.0
E1,M09,101-0,E,SF-101,A,202309,21,366,0.0
E1,M09,101-0,E,SF-101,A,202310,22,375,1.0
E1,M09,101-0,E,SF-101,A,202311,23,384,0.0
E1,M09,101-0,E,SF-101,A,202312,24,393,1.0
E1,M09,101-0,E,SF-101,A,202401,25,403,0.0
E1,M09,101-0,E,SF-101,A,202402,26,412,0.0
E1,M09,101-0,E,SF-101,A,202403,27,421,0.0
E1,M09,101-0,E,SF-101,A,202404,28,430,1.0
E1,M09,101-0,E,SF-101,A,202405,29,439,0.0
E1,M09,101-0,E,SF-101,A,202406,30,448,0.0
E1,M09,101-0,E,SF-101,A,202407,31,457,0.0
E1,M09,101-0,E,SF-101,A,202408,32,466,0.0
E1,M09,101-0,E,SF-101,A,202409,33,475,0.0
E1,M09,101-0,E,SF-101,A,202410,34,484,0.0
E1,M09,101-0,E,SF-101,A,202411,35,494,0.0
E1,M09,101-0,E,SF-101,A,202412,36,503,0.0
E1,M09,102-0,A,SF-102,A,202201,1,894,1.0
E1,M09,102-0,A,SF-102,A,202202,2,938,0.0
E1,M09,102-0,A,SF-102,A,202203,3,983,0.0
E1,M09,102-0,A,SF-102,A,202204,4,1027,1.0
E1,M09,102-0,A,SF-102,A,202205,5,1071,0.0
E1,M09,102-0,A,SF-102,A,202206,6,1115,1.0
E1,M09,102-0,A,SF-102,A,202207,7,1159,0.0
E1,M09,102-0,A,SF-102,A,202208,8,1204,3.0
E1,M09,102-0,A,SF-102,A,202209,9,1248,2.0
E1,M09,102-0,A,SF-102,A,202210,10,1292,2.0
E1,M09,102-0,A,SF-102,A,202211,11,1336,1.0
E1,M09,102-0,A,SF-102,A,202212,12,1380,0.0
E1,M09,102-0,A,SF-102,A,202301,13,1425,1.0
E1,M09,102-0,A,SF-102,A,202302,14,1469,3.0
E1,M09,102-0,A,SF-102,A,202303,15,1513,2.0
E1,M09,102-0,A,SF-102,A,202304,16,1557,0.0
E1,M09,102-0,A,SF-102,A,202305,17,1601,4.0
E1,M09,102-0,A,SF-102,A,202306,18,1646,0.0
E1,M09,102-0,A,SF-102,A,202307,19,1690,4.0
E1,M09,102-0,A,SF-102,A,202308,20,1734,5.0
E1,M09,102-0,A,SF-102,A,202309,21,1778,0.0
E1,M09,102-0,A,SF-102,A,202310,22,1822,1.0
E1,M09,102-0,A,SF-102,A,202311,23,1867,1.0
E1,M09,102-0,A,SF-102,A,202312,24,1911,2.0
E1,M09,102-0,A,SF-102,A,202401,25,1955,1.0
E1,M09,102-0,A,SF-102,A,202402,26,1999,1.0
E1,M09,102-0,A,SF-102,A,202403,27,2043,2.0
E1,M09,102-0,A,SF-102,A,202404,28,2088,2.0
E1,M09,102-0,A,SF-102,A,202405,29,2132,2.0
E1,M09,102-0,A,SF-102,A,202406,30,2176,6.0
E1,M09,102-0,A,SF-102,A,202407,31,2220,6.0
E1,M09,102-0,A,SF-102,A,202408,32,2264,3.0
E1,M09,102-0,A,SF-102,A,202409,33,2309,3.0
E1,M09,102-0,A,SF-102,A,202410,34,2353,4.0
E1,M09,102-0,A,SF-102,A,202411,35,2397,0.0
E1,M09,102-0,A,SF-102,A,202412,36,2441,3.0
E1,M09,102-0,ALL,SF-102,A,202112,0,2500,1.0
E1,M09,102-0,ALL,SF-102,A,202201,1,2630,2.0
E1,M09,102-0,ALL,SF-102,A,202202,2,2760,0.0
E1,M09,102-0,ALL,SF-102,A,202203,3,2890,1.0
E1,M09,102-0,ALL,SF-102,A,202204,4,3020,1.0
E1,M09,102-0,ALL,SF-102,A,202205,5,3150,0.0
E1,M09,102-0,ALL,SF-102,A,202206,6,3280,2.0
E1,M09,102-0,ALL,SF-102,A,202207,7,3410,1.0
E1,M09,102-0,ALL,SF-102,A,202208,8,3540,4.0
E1,M09,102-0,ALL,SF-102,A,202209,9,3670,4.0
E1,M09,102-0,ALL,SF-102,A,202210,10,3800,8.0
E1,M09,102-0,ALL,SF-102,A,202211,11,3930,2.0
E1,M09,102-0,ALL,SF-102,A,202212,12,4060,0.0
E1,M09,102-0,ALL,SF-102,A,202301,13,4190,4.0
E1,M09,102-0,ALL,SF-102,A,202302,14,4320,7.0
E1,M09,102-0,ALL,SF-102,A,202303,15,4450,7.0
E1,M09,102-0,ALL,SF-102,A,202304,16,4580,2.0
E1,M09,102-0,ALL,SF-102,A,202305,17,4710,8.0
E1,M09,102-0,ALL,SF-102,A,202306,18,4840,2.0
E1,M09,102-0,ALL,SF-102,A,202307,19,4970,7.0
E1,M09,102-0,ALL,SF-102,A,202308,20,5100,7.0
E1,M09,102-0,ALL,SF-102,A,202309,21,5230,3.0
E1,M09,102-0,ALL,SF-102,A,202310,22,5360,5.0
E1,M09,102-0,ALL,SF-102,A,202311,23,5490,5.0
E1,M09,102-0,ALL,SF-102,A,202312,24,5620,5.0
E1,M09,102-0,ALL,SF-102,A,202401,25,5750,7.0
E1,M09,102-0,ALL,SF-102,A,202402,26,5880,5.0
E1,M09,102-0,ALL,SF-102,A,202403,27,6010,6.0
E1,M09,102-0,ALL,SF-102,A,202404,28,6140,7.0
E1,M09,102-0,ALL,SF-102,A,202405,29,6270,5.0
E1,M09,102-0,ALL,SF-102,A,202406,30,6400,11.0
E1,M09,102-0,ALL,SF-102,A,202407,31,6530,12.0
E1,M09,102-0,ALL,SF-102,A,202408,32,6660,6.0
E1,M09,102-0,ALL,SF-102,A,202409,33,6790,9.0
E1,M09,102-0,ALL,SF-102,A,202410,34,6920,8.0
E1,M09,102-0,ALL,SF-102,A,202411,35,7050,7.0
E1,M09,102-0,ALL,SF-102,A,202412,36,7180,4.0
E1,M09,102-0,B,SF-102,A,202202,2,662,0.0
E1,M09,102-0,B,SF-102,A,202203,3,694,0.0
E1,M09,102-0,B,SF-102,A,202204,4,725,0.0
E1,M09,102-0,B,SF-102,A,202205,5,756,0.0
E1,M09,102-0,B,SF-102,A,202206,6,787,1.0
E1,M09,102-0,B,SF-102,A,202207,7,818,0.0
E1,M09,102-0,B,SF-102,A,202208,8,850,0.0
E1,M09,102-0,B,SF-102,A,202209,9,881,1.0
E1,M09,102-0,B,SF-102,A,202210,10,912,1.0
E1,M09,102-0,B,SF-102,A,202211,11,943,0.0
E1,M09,102-0,B,SF-102,A,202212,12,974,0.0
E1,M09,102-0,B,SF-102,A,202301,13,1006,2.0
E1,M09,102-0,B,SF-102,A,202302,14,1037,2.0
E1,M09,102-0,B,SF-102,A,202303,15,1068,2.0
E1,M09,102-0,B,SF-102,A,202304,16,1099,0.0
E1,M09,102-0,B,SF-102,A,202305,17,1130,2.0
E1,M09,102-0,B,SF-102,A,202306,18,1162,1.0
E1,M09,102-0,B,SF-102,A,202307,19,1193,2.0
E1,M09,102-0,B,SF-102,A,202308,20,1224,1.0
E1,M09,102-0,B,SF-102,A,202309,21,1255,3.0
E1,M09,102-0,B,SF-102,A,202310,22,1286,2.0
E1,M09,102-0,B,SF-102,A,202311,23,1318,2.0
E1,M09,102-0,B,SF-102,A,202312,24,1349,1.0
E1,M09,102-0,B,SF-102,A,202401,25,1380,3.0
E1,M09,102-0,B,SF-102,A,202402,26,1411,1.0
E1,M09,102-0,B,SF-102,A,202403,27,1442,1.0
E1,M09,102-0,B,SF-102,A,202404,28,1474,3.0
E1,M09,102-0,B,SF-102,A,202405,29,1505,1.0
E1,M09,102-0,B,SF-102,A,202406,30,1536,1.0
E1,M09,102-0,B,SF-102,A,202407,31,1567,4.0
E1,M09,102-0,B,SF-102,A,202408,32,1598,2.0
E1,M09,102-0,B,SF-102,A,202409,33,1630,2.0
E1,M09,102-0,B,SF-102,A,202410,34,1661,2.0
E1,M09,102-0,B,SF-102,A,202411,35,1692,4.0
E1,M09,102-0,B,SF-102,A,202412,36,1723,1.0
E1,M09,102-0,C,SF-102,A,202202,2,552,0.0
E1,M09,102-0,C,SF-102,A,202203,3,578,1.0
E1,M09,102-0,C,SF-102,A,202204,4,604,0.0
E1,M09,102-0,C,SF-102,A,202205,5,630,0.0
E1,M09,102-0,C,SF-102,A,202206,6,656,0.0
E1,M09,102-0,C,SF-102,A,202207,7,682,1.0
E1,M09,102-0,C,SF-102,A,202208,8,708,0.0
E1,M09,102-0,C,SF-102,A,202209,9,734,1.0
E1,M09,102-0,C,SF-102,A,202210,10,760,3.0
E1,M09,102-0,C,SF-102,A,202211,11,786,1.0
E1,M09,102-0,C,SF-102,A,202212,12,812,0.0
E1,M09,102-0,C,SF-102,A,202301,13,838,0.0
E1,M09,102-0,C,SF-102,A,202302,14,864,1.0
E1,M09,102-0,C,SF-102,A,202303,15,890,0.0
E1,M09,102-0,C,SF-102,A,202304,16,916,1.0
E1,M09,102-0,C,SF-102,A,202305,17,942,1.0
E1,M09,102-0,C,SF-102,A,202306,18,968,1.0
E1,M09,102-0,C,SF-102,A,202307,19,994,0.0
E1,M09,102-0,C,SF-102,A,202308,20,1020,1.0
E1,M09,102-0,C,SF-102,A,202309,21,1046,0.0
E1,M09,102-0,C,SF-102,A,202310,22,1072,0.0
E1,M09,102-0,C,SF-102,A,202311,23,1098,1.0
E1,M09,102-0,C,SF-102,A,202312,24,1124,2.0
E1,M09,102-0,C,SF-102,A,202401,25,1150,1.0
E1,M09,102-0,C,SF-102,A,202402,26,1176,1.0
E1,M09,102-0,C,SF-102,A,202403,27,1202,1.0
E1,M09,102-0,C,SF-102,A,202404,28,1228,1.0
E1,M09,102-0,C,SF-102,A,202405,29,1254,1.0
E1,M09,102-0,C,SF-102,A,202406,30,1280,1.0
E1,M09,102-0,C,SF-102,A,202407,31,1306,0.0
E1,M09,102-0,C,SF-102,A,202408,32,1332,0.0
E1,M09,102-0,C,SF-102,A,202409,33,1358,3.0
E1,M09,102-0,C,SF-102,A,202410,34,1384,1.0
E1,M09,102-0,C,SF-102,A,202411,35,1410,2.0
E1,M09,102-0,D,SF-102,A,202112,0,375,1.0
E1,M09,102-0,D,SF-102,A,202201,1,394,1.0
E1,M09,102-0,D,SF-102,A,202202,2,414,0.0
E1,M09,102-0,D,SF-102,A,202203,3,434,0.0
E1,M09,102-0,D,SF-102,A,202204,4,453,0.0
E1,M09,102-0,D,SF-102,A,202205,5,472,0.0
E1,M09,102-0,D,SF-102,A,202206,6,492,0.0
E1,M09,102-0,D,SF-102,A,202207,7,512,0.0
E1,M09,102-0,D,SF-102,A,202208,8,531,1.0
E1,M09,102-0,D,SF-102,A,202209,9,550,0.0
E1,M09,102-0,D,SF-102,A,202210,10,570,2.0
E1,M09,102-0,D,SF-102,A,202211,11,590,0.0
E1,M09,102-0,D,SF-102,A,202212,12,609,0.0
E1,M09,102-0,D,SF-102,A,202301,13,628,0.0
E1,M09,102-0,D,SF-102,A,202302,14,648,1.0
E1,M09,102-0,D,SF-102,A,202303,15,668,1.0
E1,M09,102-0,D,SF-102,A,202304,16,687,0.0
E1,M09,102-0,D,SF-102,A,202305,17,706,1.0
E1,M09,102-0,D,SF-102,A,202306,18,726,0.0
E1,M09,102-0,D,SF-102,A,202307,19,746,0.0
E1,M09,102-0,D,SF-102,A,202308,20,765,0.0
E1,M09,102-0,D,SF-102,A,202309,21,784,0.0
E1,M09,102-0,D,SF-102,A,202310,22,804,0.0
E1,M09,102-0,D,SF-102,A,202311,23,824,1.0
E1,M09,102-0,D,SF-102,A,202312,24,843,0.0
E1,M09,102-0,D,SF-102,A,202401,25,862,1.0
E1,M09,102-0,D,SF-102,A,202402,26,882,2.0
E1,M09,102-0,D,SF-102,A,202403,27,902,2.0
E1,M09,102-0,D,SF-102,A,202404,28,921,1.0
E1,M09,102-0,D,SF-102,A,202405,29,940,1.0
E1,M09,102-0,D,SF-102,A,202406,30,960,1.0
E1,M09,102-0,D,SF-102,A,202407,31,980,1.0
E1,M09,102-0,D,SF-102,A,202408,32,999,0.0
E1,M09,102-0,D,SF-102,A,202409,33,1018,1.0
E1,M09,102-0,D,SF-102,A,202410,34,1038,0.0
E1,M09,102-0,E,SF-102,A,202208,8,248,0.0
E1,M09,102-0,E,SF-102,A,202209,9,257,0.0
E1,M09,102-0,E,SF-102,A,202210,10,266,0.0
E1,M09,102-0,E,SF-102,A,202211,11,275,0.0
E1,M09,102-0,E,SF-102,A,202212,12,284,0.0
E1,M09,102-0,E,SF-102,A,202301,13,293,1.0
E1,M09,102-0,E,SF-102,A,202302,14,302,0.0
E1,M09,102-0,E,SF-102,A,202303,15,312,2.0
E1,M09,102-0,E,SF-102,A,202304,16,321,1.0
E1,M09,102-0,E,SF-102,A,202305,17,330,0.0
E1,M09,102-0,E,SF-102,A,202306,18,339,0.0
E1,M09,102-0,E,SF-102,A,202307,19,348,1.0
E1,M09,102-0,E,SF-102,A,202308,20,357,0.0
E1,M09,102-0,E,SF-102,A,202309,21,366,0.0
E1,M09,102-0,E,SF-102,A,202310,22,375,2.0
E1,M09,102-0,E,SF-102,A,202311,23,384,0.0
E1,M09,102-0,E,SF-102,A,202312,24,393,0.0
E1,M09,102-0,E,SF-102,A,202401,25,403,1.0
E1,M09,102-0,E,SF-102,A,202402,26,412,0.0
E1,M09,102-0,E,SF-102,A,202403,27,421,0.0
E1,M09,102-0,E,SF-102,A,202404,28,430,0.0
E1,M09,102-0,E,SF-102,A,202405,29,439,0.0
E1,M09,102-0,E,SF-102,A,202406,30,448,2.0
E1,M09,102-0,E,SF-102,A,202407,31,457,1.0
E1,M09,102-0,E,SF-102,A,202408,32,466,1.0
E1,M09,102-0,E,SF-102,A,202409,33,475,0.0
E1,M09,102-0,E,SF-102,A,202410,34,484,1.0
E1,M09,102-0,E,SF-102,A,202411,35,494,1.0
E1,M09,102-0,E,SF-102,A,202412,36,503,0.0
E1,M09,103-0,A,SF-103,A,202112,0,850,2.0
E1,M09,103-0,A,SF-103,A,202202,2,938,1.0
E1,M09,103-0,A,SF-103,A,202203,3,983,2.0
E1,M09,103-0,A,SF-103,A,202204,4,1027,0.0
E1,M09,103-0,A,SF-103,A,202205,5,1071,0.0
E1,M09,103-0,A,SF-103,A,202206,6,1115,1.0
E1,M09,103-0,A,SF-103,A,202207,7,1159,0.0
E1,M09,103-0,A,SF-103,A,202208,8,1204,0.0
E1,M09,103-0,A,SF-103,A,202209,9,1248,0.0
E1,M09,103-0,A,SF-103,A,202210,10,1292,2.0
E1,M09,103-0,A,SF-103,A,202211,11,1336,2.0
E1,M09,103-0,A,SF-103,A,202212,12,1380,2.0
E1,M09,103-0,A,SF-103,A,202301,13,1425,1.0
E1,M09,103-0,A,SF-103,A,202302,14,1469,0.0
E1,M09,103-0,A,SF-103,A,202303,15,1513,0.0
E1,M09,103-0,A,SF-103,A,202304,16,1557,2.0
E1,M09,103-0,A,SF-103,A,202305,17,1601,0.0
E1,M09,103-0,A,SF-103,A,202306,18,1646,0.0
E1,M09,103-0,A,SF-103,A,202307,19,1690,0.0
E1,M09,103-0,A,SF-103,A,202308,20,1734,0.0
E1,M09,103-0,A,SF-103,A,202309,21,1778,1.0
E1,M09,103-0,A,SF-103,A,202310,22,1822,1.0
E1,M09,103-0,A,SF-103,A,202311,23,1867,2.0
E1,M09,103-0,A,SF-103,A,202312,24,1911,1.0
E1,M09,103-0,A,SF-103,A,202401,25,1955,1.0
E1,M09,103-0,A,SF-103,A,202402,26,1999,4.0
E1,M09,103-0,A,SF-103,A,202403,27,2043,1.0
E1,M09,103-0,A,SF-103,A,202404,28,2088,1.0
E1,M09,103-0,A,SF-103,A,202405,29,2132,1.0
E1,M09,103-0,A,SF-103,A,202406,30,2176,0.0
E1,M09,103-0,A,SF-103,A,202407,31,2220,3.0
E1,M09,103-0,A,SF-103,A,202408,32,2264,2.0
E1,M09,103-0,A,SF-103,A,202409,33,2309,2.0
E1,M09,103-0,A,SF-103,A,202410,34,2353,0.0
E1,M09,103-0,A,SF-103,A,202411,35,2397,2.0
E1,M09,103-0,A,SF-103,A,202412,36,2441,3.0
E1,M09,103-0,ALL,SF-103,A,202112,0,2500,4.0
E1,M09,103-0,ALL,SF-103,A,202201,1,2630,2.0
E1,M09,103-0,ALL,SF-103,A,202202,2,2760,1.0
E1,M09,103-0,ALL,SF-103,A,202203,3,2890,2.0
E1,M09,103-0,ALL,SF-103,A,202204,4,3020,0.0
E1,M09,103-0,ALL,SF-103,A,202205,5,3150,2.0
E1,M09,103-0,ALL,SF-103,A,202206,6,3280,4.0
E1,M09,103-0,ALL,SF-103,A,202207,7,3410,4.0
E1,M09,103-0,ALL,SF-103,A,202208,8,3540,2.0
E1,M09,103-0,ALL,SF-103,A,202209,9,3670,0.0
E1,M09,103-0,ALL,SF-103,A,202210,10,3800,4.0
E1,M09,103-0,ALL,SF-103,A,202211,11,3930,4.0
E1,M09,103-0,ALL,SF-103,A,202212,12,4060,3.0
E1,M09,103-0,ALL,SF-103,A,202301,13,4190,3.0
E1,M09,103-0,ALL,SF-103,A,202302,14,4320,4.0
E1,M09,103-0,ALL,SF-103,A,202303,15,4450,2.0
E1,M09,103-0,ALL,SF-103,A,202304,16,4580,6.0
E1,M09,103-0,ALL,SF-103,A,202305,17,4710,0.0
E1,M09,103-0,ALL,SF-103,A,202306,18,4840,2.0
E1,M09,103-0,ALL,SF-103,A,202307,19,4970,5.0
E1,M09,103-0,ALL,SF-103,A,202308,20,5100,2.0
E1,M09,103-0,ALL,SF-103,A,202309,21,5230,6.0
E1,M09,103-0,ALL,SF-103,A,202310,22,5360,6.0
E1,M09,103-0,ALL,SF-103,A,202311,23,5490,2.0
E1,M09,103-0,ALL,SF-103,A,202312,24,5620,5.0
E1,M09,103-0,ALL,SF-103,A,202401,25,5750,3.0
E1,M09,103-0,ALL,SF-103,A,202402,26,5880,4.0
E1,M09,103-0,ALL,SF-103,A,202403,27,6010,6.0
E1,M09,103-0,ALL,SF-103,A,202404,28,6140,3.0
E1,M09,103-0,ALL,SF-103,A,202405,29,6270,5.0
E1,M09,103-0,ALL,SF-103,A,202406,30,6400,4.0
E1,M09,103-0,ALL,SF-103,A,202407,31,6530,6.0
E1,M09,103-0,ALL,SF-103,A,202408,32,6660,5.0
E1,M09,103-0,ALL,SF-103,A,202409,33,6790,8.0
E1,M09,103-0,ALL,SF-103,A,202410,34,6920,5.0
E1,M09,103-0,ALL,SF-103,A,202411,35,7050,4.0
E1,M09,103-0,ALL,SF-103,A,202412,36,7180,5.0
E1,M09,103-0,B,SF-103,A,202112,0,600,1.0
E1,M09,103-0,B,SF-103,A,202201,1,631,1.0
E1,M09,103-0,B,SF-103,A,202202,2,662,0.0
E1,M09,103-0,B,SF-103,A,202203,3,694,0.0
E1,M09,103-0,B,SF-103,A,202204,4,725,0.0
E1,M09,103-0,B,SF-103,A,202205,5,756,1.0
E1,M09,103-0,B,SF-103,A,202206,6,787,0.0
E1,M09,103-0,B,SF-103,A,202207,7,818,2.0
E1,M09,103-0,B,SF-103,A,202208,8,850,1.0
E1,M09,103-0,B,SF-103,A,202209,9,881,0.0
E1,M09,103-0,B,SF-103,A,202210,10,912,0.0
E1,M09,103-0,B,SF-103,A,202211,11,943,0.0
E1,M09,103-0,B,SF-103,A,202212,12,974,0.0
E1,M09,103-0,B,SF-103,A,202301,13,1006,0.0
E1,M09,103-0,B,SF-103,A,202302,14,1037,2.0
E1,M09,103-0,B,SF-103,A,202303,15,1068,0.0
E1,M09,103-0,B,SF-103,A,202304,16,1099,1.0
E1,M09,103-0,B,SF-103,A,202305,17,1130,0.0
E1,M09,103-0,B,SF-103,A,202306,18,1162,1.0
E1,M09,103-0,B,SF-103,A,202307,19,1193,2.0
E1,M09,103-0,B,SF-103,A,202308,20,1224,0.0
E1,M09,103-0,B,SF-103,A,202309,21,1255,1.0
E1,M09,103-0,B,SF-103,A,202310,22,1286,1.0
E1,M09,103-0,B,SF-103,A,202311,23,1318,0.0
E1,M09,103-0,B,SF-103,A,202312,24,1349,1.0
E1,M09,103-0,B,SF-103,A,202401,25,1380,0.0
E1,M09,103-0,B,SF-103,A,202402,26,1411,0.0
E1,M09,103-0,B,SF-103,A,202403,27,1442,1.0
E1,M09,103-0,B,SF-103,A,202404,28,1474,1.0
E1,M09,103-0,B,SF-103,A,202405,29,1505,3.0
E1,M09,103-0,B,SF-103,A,202406,30,1536,2.0
E1,M09,103-0,B,SF-103,A,202407,31,1567,1.0
E1,M09,103-0,B,SF-103,A,202408,32,1598,1.0
E1,M09,103-0,B,SF-103,A,202409,33,1630,3.0
E1,M09,103-0,B,SF-103,A,202410,34,1661,1.0
E1,M09,103-0,B,SF-103,A,202411,35,1692,2.0
E1,M09,103-0,B,SF-103,A,202412,36,1723,1.0
E1,M09,103-0,C,SF-103,A,202112,0,500,1.0
E1,M09,103-0,C,SF-103,A,202201,1,526,1.0
E1,M09,103-0,C,SF-103,A,202202,2,552,0.0
E1,M09,103-0,C,SF-103,A,202203,3,578,0.0
E1,M09,103-0,C,SF-103,A,202204,4,604,0.0
E1,M09,103-0,C,SF-103,A,202205,5,630,1.0
E1,M09,103-0,C,SF-103,A,202206,6,656,2.0
E1,M09,103-0,C,SF-103,A,202207,7,682,0.0
E1,M09,103-0,C,SF-103,A,202208,8,708,1.0
E1,M09,103-0,C,SF-103,A,202209,9,734,0.0
E1,M09,103-0,C,SF-103,A,202210,10,760,0.0
E1,M09,103-0,C,SF-103,A,202211,11,786,0.0
E1,M09,103-0,C,SF-103,A,202212,12,812,1.0
E1,M09,103-0,C,SF-103,A,202301,13,838,0.0
E1,M09,103-0,C,SF-103,A,202302,14,864,2.0
E1,M09,103-0,C,SF-103,A,202303,15,890,0.0
E1,M09,103-0,C,SF-103,A,202304,16,916,3.0
E1,M09,103-0,C,SF-103,A,202305,17,942,0.0
E1,M09,103-0,C,SF-103,A,202306,18,968,1.0
E1,M09,103-0,C,SF-103,A,202307,19,994,2.0
E1,M09,103-0,C,SF-103,A,202308,20,1020,1.0
E1,M09,103-0,C,SF-103,A,202309,21,1046,1.0
E1,M09,103-0,C,SF-103,A,202310,22,1072,4.0
E1,M09,103-0,C,SF-103,A,202311,23,1098,0.0
E1,M09,103-0,C,SF-103,A,202312,24,1124,2.0
E1,M09,103-0,C,SF-103,A,202401,25,1150,0.0
E1,M09,103-0,C,SF-103,A,202402,26,1176,0.0
E1,M09,103-0,C,SF-103,A,202403,27,1202,1.0
E1,M09,103-0,C,SF-103,A,202404,28,1228,0.0
E1,M09,103-0,C,SF-103,A,202405,29,1254,1.0
E1,M09,103-0,C,SF-103,A,202406,30,1280,1.0
E1,M09,103-0,C,SF-103,A,202407,31,1306,1.0
E1,M09,103-0,C,SF-103,A,202408,32,1332,1.0
E1,M09,103-0,C,SF-103,A,202409,33,1358,2.0
E1,M09,103-0,C,SF-103,A,202410,34,1384,3.0
E1,M09,103-0,C,SF-103,A,202411,35,1410,0.0
E1,M09,103-0,D,SF-103,A,202202,2,414,0.0
E1,M09,103-0,D,SF-103,A,202203,3,434,0.0
E1,M09,103-0,D,SF-103,A,202204,4,453,0.0
E1,M09,103-0,D,SF-103,A,202205,5,472,0.0
E1,M09,103-0,D,SF-103,A,202206,6,492,1.0
E1,M09,103-0,D,SF-103,A,202207,7,512,2.0
E1,M09,103-0,D,SF-103,A,202208,8,531,0.0
E1,M09,103-0,D,SF-103,A,202209,9,550,0.0
E1,M09,103-0,D,SF-103,A,202210,10,570,2.0
E1,M09,103-0,D,SF-103,A,202211,11,590,1.0
E1,M09,103-0,D,SF-103,A,202212,12,609,0.0
E1,M09,103-0,D,SF-103,A,202301,13,628,1.0
E1,M09,103-0,D,SF-103,A,202302,14,648,0.0
E1,M09,103-0,D,SF-103,A,202303,15,668,1.0
E1,M09,103-0,D,SF-103,A,202304,16,687,0.0
E1,M09,103-0,D,SF-103,A,202305,17,706,0.0
E1,M09,103-0,D,SF-103,A,202306,18,726,0.0
E1,M09,103-0,D,SF-103,A,202307,19,746,1.0
E1,M09,103-0,D,SF-103,A,202308,20,765,1.0
E1,M09,103-0,D,SF-103,A,202309,21,784,1.0
E1,M09,103-0,D,SF-103,A,202310,22,804,0.0
E1,M09,103-0,D,SF-103,A,202311,23,824,0.0
E1,M09,103-0,D,SF-103,A,202312,24,843,1.0
E1,M09,103-0,D,SF-103,A,202401,25,862,2.0
E1,M09,103-0,D,SF-103,A,202402,26,882,0.0
E1,M09,103-0,D,SF-103,A,202403,27,902,3.0
E1,M09,103-0,D,SF-103,A,202404,28,921,1.0
E1,M09,103-0,D,SF-103,A,202405,29,940,0.0
E1,M09,103-0,D,SF-103,A,202406,30,960,1.0
E1,M09,103-0,D,SF-103,A,202407,31,980,1.0
E1,M09,103-0,D,SF-103,A,202408,32,999,0.0
E1,M09,103-0,D,SF-103,A,202409,33,1018,1.0
E1,M09,103-0,D,SF-103,A,202410,34,1038,1.0
E1,M09,103-0,E,SF-103,A,202208,8,248,0.0
E1,M09,103-0,E,SF-103,A,202209,9,257,0.0
E1,M09,103-0,E,SF-103,A,202210,10,266,0.0
E1,M09,103-0,E,SF-103,A,202211,11,275,1.0
E1,M09,103-0,E,SF-103,A,202212,12,284,0.0
E1,M09,103-0,E,SF-103,A,202301,13,293,1.0
E1,M09,103-0,E,SF-103,A,202302,14,302,0.0
E1,M09,103-0,E,SF-103,A,202303,15,312,1.0
E1,M09,103-0,E,SF-103,A,202304,16,321,0.0
E1,M09,103-0,E,SF-103,A,202305,17,330,0.0
E1,M09,103-0,E,SF-103,A,202306,18,339,0.0
E1,M09,103-0,E,SF-103,A,202307,19,348,0.0
E1,M09,103-0,E,SF-103,A,202308,20,357,0.0
E1,M09,103-0,E,SF-103,A,202309,21,366,2.0
E1,M09,103-0,E,SF-103,A,202310,22,375,0.0
E1,M09,103-0,E,SF-103,A,202311,23,384,0.0
E1,M09,103-0,E,SF-103,A,202312,24,393,0.0
E1,M09,103-0,E,SF-103,A,202401,25,403,0.0
E1,M09,103-0,E,SF-103,A,202402,26,412,0.0
E1,M09,103-0,E,SF-103,A,202403,27,421,0.0
E1,M09,103-0,E,SF-103,A,202404,28,430,0.0
E1,M09,103-0,E,SF-103,A,202405,29,439,0.0
E1,M09,103-0,E,SF-103,A,202406,30,448,0.0
E1,M09,103-0,E,SF-103,A,202407,31,457,0.0
E1,M09,103-0,E,SF-103,A,202408,32,466,1.0
E1,M09,103-0,E,SF-103,A,202409,33,475,0.0
E1,M09,103-0,E,SF-103,A,202410,34,484,0.0
E1,M09,103-0,E,SF-103,A,202411,35,494,0.0
E1,M09,103-0,E,SF-103,A,202412,36,503,1.0
E1,M09,103-1,A,SF-103,A,202112,0,850,2.0
E1,M09,103-1,A,SF-103,A,202202,2,938,1.0
E1,M09,103-1,A,SF-103,A,202203,3,983,1.0
E1,M09,103-1,A,SF-103,A,202204,4,1027,2.0
E1,M09,103-1,A,SF-103,A,202205,5,1071,0.0
E1,M09,103-1,A,SF-103,A,202206,6,1115,0.0
E1,M09,103-1,A,SF-103,A,202207,7,1159,2.0
E1,M09,103-1,A,SF-103,A,202208,8,1204,0.0
E1,M09,103-1,A,SF-103,A,202209,9,1248,0.0
E1,M09,103-1,A,SF-103,A,202210,10,1292,1.0
E1,M09,103-1,A,SF-103,A,202211,11,1336,1.0
E1,M09,103-1,A,SF-103,A,202212,12,1380,0.0
E1,M09,103-1,A,SF-103,A,202301,13,1425,1.0
E1,M09,103-1,A,SF-103,A,202302,14,1469,0.0
E1,M09,103-1,A,SF-103,A,202303,15,1513,2.0
E1,M09,103-1,A,SF-103,A,202304,16,1557,1.0
E1,M09,103-1,A,SF-103,A,202305,17,1601,1.0
E1,M09,103-1,A,SF-103,A,202306,18,1646,2.0
E1,M09,103-1,A,SF-103,A,202307,19,1690,2.0
E1,M09,103-1,A,SF-103,A,202308,20,1734,1.0
E1,M09,103-1,A,SF-103,A,202309,21,1778,1.0
E1,M09,103-1,A,SF-103,A,202310,22,1822,0.0
E1,M09,103-1,A,SF-103,A,202311,23,1867,1.0
E1,M09,103-1,A,SF-103,A,202312,24,1911,1.0
E1,M09,103-1,A,SF-103,A,202401,25,1955,0.0
E1,M09,103-1,A,SF-103,A,202402,26,1999,3.0
E1,M09,103-1,A,SF-103,A,202403,27,2043,1.0
E1,M09,103-1,A,SF-103,A,202404,28,2088,0.0
E1,M09,103-1,A,SF-103,A,202405,29,2132,2.0
E1,M09,103-1,A,SF-103,A,202406,30,2176,1.0
E1,M09,103-1,A,SF-103,A,202407,31,2220,2.0
E1,M09,103-1,A,SF-103,A,202408,32,2264,1.0
E1,M09,103-1,A,SF-103,A,202409,33,2309,2.0
E1,M09,103-1,A,SF-103,A,202410,34,2353,1.0
E1,M09,103-1,A,SF-103,A,202411,35,2397,2.0
E1,M09,103-1,A,SF-103,A,202412,36,2441,0.0
E1,M09,103-1,ALL,SF-103,A,202112,0,2500,4.0
E1,M09,103-1,ALL,SF-103,A,202201,1,2630,0.0
E1,M09,103-1,ALL,SF-103,A,202202,2,2760,2.0
E1,M09,103-1,ALL,SF-103,A,202203,3,2890,1.0
E1,M09,103-1,ALL,SF-103,A,202204,4,3020,6.0
E1,M09,103-1,ALL,SF-103,A,202205,5,3150,0.0
E1,M09,103-1,ALL,SF-103,A,202206,6,3280,1.0
E1,M09,103-1,ALL,SF-103,A,202207,7,3410,2.0
E1,M09,103-1,ALL,SF-103,A,202208,8,3540,0.0
E1,M09,103-1,ALL,SF-103,A,202209,9,3670,5.0
E1,M09,103-1,ALL,SF-103,A,202210,10,3800,2.0
E1,M09,103-1,ALL,SF-103,A,202211,11,3930,4.0
E1,M09,103-1,ALL,SF-103,A,202212,12,4060,3.0
E1,M09,103-1,ALL,SF-103,A,202301,13,4190,1.0
E1,M09,103-1,ALL,SF-103,A,202302,14,4320,3.0
E1,M09,103-1,ALL,SF-103,A,202303,15,4450,4.0
E1,M09,103-1,ALL,SF-103,A,202304,16,4580,7.0
E1,M09,103-1,ALL,SF-103,A,202305,17,4710,2.0
E1,M09,103-1,ALL,SF-103,A,202306,18,4840,8.0
E1,M09,103-1,ALL,SF-103,A,202307,19,4970,6.0
E1,M09,103-1,ALL,SF-103,A,202308,20,5100,2.0
E1,M09,103-1,ALL,SF-103,A,202309,21,5230,3.0
E1,M09,103-1,ALL,SF-103,A,202310,22,5360,1.0
E1,M09,103-1,ALL,SF-103,A,202311,23,5490,6.0
E1,M09,103-1,ALL,SF-103,A,202312,24,5620,4.0
E1,M09,103-1,ALL,SF-103,A,202401,25,5750,4.0
E1,M09,103-1,ALL,SF-103,A,202402,26,5880,5.0
E1,M09,103-1,ALL,SF-103,A,202403,27,6010,4.0
E1,M09,103-1,ALL,SF-103,A,202404,28,6140,4.0
E1,M09,103-1,ALL,SF-103,A,202405,29,6270,4.0
E1,M09,103-1,ALL,SF-103,A,202406,30,6400,4.0
E1,M09,103-1,ALL,SF-103,A,202407,31,6530,4.0
E1,M09,103-1,ALL,SF-103,A,202408,32,6660,6.0
E1,M09,103-1,ALL,SF-103,A,202409,33,6790,7.0
E1,M09,103-1,ALL,SF-103,A,202410,34,6920,4.0
E1,M09,103-1,ALL,SF-103,A,202411,35,7050,5.0
E1,M09,103-1,ALL,SF-103,A,202412,36,7180,3.0
E1,M09,103-1,B,SF-103,A,202112,0,600,1.0
E1,M09,103-1,B,SF-103,A,202202,2,662,0.0
E1,M09,103-1,B,SF-103,A,202203,3,694,0.0
E1,M09,103-1,B,SF-103,A,202204,4,725,2.0
E1,M09,103-1,B,SF-103,A,202205,5,756,0.0
E1,M09,103-1,B,SF-103,A,202206,6,787,1.0
E1,M09,103-1,B,SF-103,A,202207,7,818,0.0
E1,M09,103-1,B,SF-103,A,202208,8,850,0.0
E1,M09,103-1,B,SF-103,A,202209,9,881,0.0
E1,M09,103-1,B,SF-103,A,202210,10,912,0.0
E1,M09,103-1,B,SF-103,A,202211,11,943,0.0
E1,M09,103-1,B,SF-103,A,202212,12,974,0.0
E1,M09,103-1,B,SF-103,A,202301,13,1006,0.0
E1,M09,103-1,B,SF-103,A,202302,14,1037,1.0
E1,M09,103-1,B,SF-103,A,202303,15,1068,1.0
E1,M09,103-1,B,SF-103,A,202304,16,1099,3.0
E1,M09,103-1,B,SF-103,A,202305,17,1130,0.0
E1,M09,103-1,B,SF-103,A,202306,18,1162,3.0
E1,M09,103-1,B,SF-103,A,202307,19,1193,2.0
E1,M09,103-1,B,SF-103,A,202308,20,1224,0.0
E1,M09,103-1,B,SF-103,A,202309,21,1255,0.0
E1,M09,103-1,B,SF-103,A,202310,22,1286,0.0
E1,M09,103-1,B,SF-103,A,202311,23,1318,1.0
E1,M09,103-1,B,SF-103,A,202312,24,1349,2.0
E1,M09,103-1,B,SF-103,A,202401,25,1380,0.0
E1,M09,103-1,B,SF-103,A,202402,26,1411,1.0
E1,M09,103-1,B,SF-103,A,202403,27,1442,2.0
E1,M09,103-1,B,SF-103,A,202404,28,1474,3.0
E1,M09,103-1,B,SF-103,A,202405,29,1505,0.0
E1,M09,103-1,B,SF-103,A,202406,30,1536,1.0
E1,M09,103-1,B,SF-103,A,202407,31,1567,0.0
E1,M09,103-1,B,SF-103,A,202408,32,1598,2.0
E1,M09,103-1,B,SF-103,A,202409,33,1630,0.0
E1,M09,103-1,B,SF-103,A,202410,34,1661,2.0
E1,M09,103-1,B,SF-103,A,202411,35,1692,1.0
E1,M09,103-1,B,SF-103,A,202412,36,1723,2.0
E1,M09,103-1,C,SF-103,A,202112,0,500,1.0
E1,M09,103-1,C,SF-103,A,202202,2,552,0.0
E1,M09,103-1,C,SF-103,A,202203,3,578,0.0
E1,M09,103-1,C,SF-103,A,202204,4,604,0.0
E1,M09,103-1,C,SF-103,A,202205,5,630,0.0
E1,M09,103-1,C,SF-103,A,202206,6,656,0.0
E1,M09,103-1,C,SF-103,A,202207,7,682,0.0
E1,M09,103-1,C,SF-103,A,202208,8,708,0.0
E1,M09,103-1,C,SF-103,A,202209,9,734,4.0
E1,M09,103-1,C,SF-103,A,202210,10,760,0.0
E1,M09,103-1,C,SF-103,A,202211,11,786,2.0
E1,M09,103-1,C,SF-103,A,202212,12,812,1.0
E1,M09,103-1,C,SF-103,A,202301,13,838,0.0
E1,M09,103-1,C,SF-103,A,202302,14,864,2.0
E1,M09,103-1,C,SF-103,A,202303,15,890,1.0
E1,M09,103-1,C,SF-103,A,202304,16,916,1.0
E1,M09,103-1,C,SF-103,A,202305,17,942,0.0
E1,M09,103-1,C,SF-103,A,202306,18,968,3.0
E1,M09,103-1,C,SF-103,A,202307,19,994,0.0
E1,M09,103-1,C,SF-103,A,202308,20,1020,1.0
E1,M09,103-1,C,SF-103,A,202309,21,1046,2.0
E1,M09,103-1,C,SF-103,A,202310,22,1072,0.0
E1,M09,103-1,C,SF-103,A,202311,23,1098,1.0
E1,M09,103-1,C,SF-103,A,202312,24,1124,0.0
E1,M09,103-1,C,SF-103,A,202401,25,1150,3.0
E1,M09,103-1,C,SF-103,A,202402,26,1176,1.0
E1,M09,103-1,C,SF-103,A,202403,27,1202,1.0
E1,M09,103-1,C,SF-103,A,202404,28,1228,0.0
E1,M09,103-1,C,SF-103,A,202405,29,1254,2.0
E1,M09,103-1,C,SF-103,A,202406,30,1280,1.0
E1,M09,103-1,C,SF-103,A,202407,31,1306,2.0
E1,M09,103-1,C,SF-103,A,202408,32,1332,1.0
E1,M09,103-1,C,SF-103,A,202409,33,1358,2.0
E1,M09,103-1,C,SF-103,A,202410,34,1384,0.0
E1,M09,103-1,C,SF-103,A,202411,35,1410,0.0
E1,M09,103-1,D,SF-103,A,202202,2,414,1.0
E1,M09,103-1,D,SF-103,A,202203,3,434,0.0
E1,M09,103-1,D,SF-103,A,202204,4,453,2.0
E1,M09,103-1,D,SF-103,A,202205,5,472,0.0
E1,M09,103-1,D,SF-103,A,202206,6,492,0.0
E1,M09,103-1,D,SF-103,A,202207,7,512,0.0
E1,M09,103-1,D,SF-103,A,202208,8,531,0.0
E1,M09,103-1,D,SF-103,A,202209,9,550,0.0
E1,M09,103-1,D,SF-103,A,202210,10,570,1.0
E1,M09,103-1,D,SF-103,A,202211,11,590,1.0
E1,M09,103-1,D,SF-103,A,202212,12,609,2.0
E1,M09,103-1,D,SF-103,A,202301,13,628,0.0
E1,M09,103-1,D,SF-103,A,202302,14,648,0.0
E1,M09,103-1,D,SF-103,A,202303,15,668,0.0
E1,M09,103-1,D,SF-103,A,202304,16,687,1.0
E1,M09,103-1,D,SF-103,A,202305,17,706,0.0
E1,M09,103-1,D,SF-103,A,202306,18,726,0.0
E1,M09,103-1,D,SF-103,A,202307,19,746,1.0
E1,M09,103-1,D,SF-103,A,202308,20,765,0.0
E1,M09,103-1,D,SF-103,A,202309,21,784,0.0
E1,M09,103-1,D,SF-103,A,202310,22,804,1.0
E1,M09,103-1,D,SF-103,A,202311,23,824,2.0
E1,M09,103-1,D,SF-103,A,202312,24,843,1.0
E1,M09,103-1,D,SF-103,A,202401,25,862,0.0
E1,M09,103-1,D,SF-103,A,202402,26,882,0.0
E1,M09,103-1,D,SF-103,A,202403,27,902,0.0
E1,M09,103-1,D,SF-103,A,202404,28,921,1.0
E1,M09,103-1,D,SF-103,A,202405,29,940,0.0
E1,M09,103-1,D,SF-103,A,202406,30,960,0.0
E1,M09,103-1,D,SF-103,A,202407,31,980,0.0
E1,M09,103-1,D,SF-103,A,202408,32,999,1.0
E1,M09,103-1,D,SF-103,A,202409,33,1018,1.0
E1,M09,103-1,D,SF-103,A,202410,34,1038,0.0
E1,M09,103-1,E,SF-103,A,202208,8,248,0.0
E1,M09,103-1,E,SF-103,A,202209,9,257,1.0
E1,M09,103-1,E,SF-103,A,202210,10,266,0.0
E1,M09,103-1,E,SF-103,A,202211,11,275,0.0
E1,M09,103-1,E,SF-103,A,202212,12,284,0.0
E1,M09,103-1,E,SF-103,A,202301,13,293,0.0
E1,M09,103-1,E,SF-103,A,202302,14,302,0.0
E1,M09,103-1,E,SF-103,A,202303,15,312,0.0
E1,M09,103-1,E,SF-103,A,202304,16,321,1.0
E1,M09,103-1,E,SF-103,A,202305,17,330,1.0
E1,M09,103-1,E,SF-103,A,202306,18,339,0.0
E1,M09,103-1,E,SF-103,A,202307,19,348,1.0
E1,M09,103-1,E,SF-103,A,202308,20,357,0.0
E1,M09,103-1,E,SF-103,A,202309,21,366,0.0
E1,M09,103-1,E,SF-103,A,202310,22,375,0.0
E1,M09,103-1,E,SF-103,A,202311,23,384,1.0
E1,M09,103-1,E,SF-103,A,202312,24,393,0.0
E1,M09,103-1,E,SF-103,A,202401,25,403,1.0
E1,M09,103-1,E,SF-103,A,202402,26,412,0.0
E1,M09,103-1,E,SF-103,A,202403,27,421,0.0
E1,M09,103-1,E,SF-103,A,202404,28,430,0.0
E1,M09,103-1,E,SF-103,A,202405,29,439,0.0
E1,M09,103-1,E,SF-103,A,202406,30,448,1.0
E1,M09,103-1,E,SF-103,A,202407,31,457,0.0
E1,M09,103-1,E,SF-103,A,202408,32,466,1.0
E1,M09,103-1,E,SF-103,A,202409,33,475,2.0
E1,M09,103-1,E,SF-103,A,202410,34,484,1.0
E1,M09,103-1,E,SF-103,A,202411,35,494,2.0
E1,M09,103-1,E,SF-103,A,202412,36,503,1.0
E1,M09,104-0,A,SF-104,A,202202,2,938,1.0
E1,M09,104-0,A,SF-104,A,202203,3,983,3.0
E1,M09,104-0,A,SF-104,A,202204,4,1027,1.0
E1,M09,104-0,A,SF-104,A,202205,5,1071,1.0
E1,M09,104-0,A,SF-104,A,202206,6,1115,0.0
E1,M09,104-0,A,SF-104,A,202207,7,1159,2.0
E1,M09,104-0,A,SF-104,A,202208,8,1204,2.0
E1,M09,104-0,A,SF-104,A,202209,9,1248,2.0
E1,M09,104-0,A,SF-104,A,202210,10,1292,1.0
E1,M09,104-0,A,SF-104,A,202211,11,1336,1.0
E1,M09,104-0,A,SF-104,A,202212,12,1380,1.0
E1,M09,104-0,A,SF-104,A,202301,13,1425,1.0
E1,M09,104-0,A,SF-104,A,202302,14,1469,1.0
E1,M09,104-0,A,SF-104,A,202303,15,1513,2.0
E1,M09,104-0,A,SF-104,A,202304,16,1557,2.0
E1,M09,104-0,A,SF-104,A,202305,17,1601,3.0
E1,M09,104-0,A,SF-104,A,202306,18,1646,3.0
E1,M09,104-0,A,SF-104,A,202307,19,1690,2.0
E1,M09,104-0,A,SF-104,A,202308,20,1734,1.0
E1,M09,104-0,A,SF-104,A,202309,21,1778,2.0
E1,M09,104-0,A,SF-104,A,202310,22,1822,0.0
E1,M09,104-0,A,SF-104,A,202311,23,1867,3.0
E1,M09,104-0,A,SF-104,A,202312,24,1911,0.0
E1,M09,104-0,A,SF-104,A,202401,25,1955,3.0
E1,M09,104-0,A,SF-104,A,202402,26,1999,2.0
E1,M09,104-0,A,SF-104,A,202403,27,2043,0.0
E1,M09,104-0,A,SF-104,A,202404,28,2088,1.0
E1,M09,104-0,A,SF-104,A,202405,29,2132,1.0
E1,M09,104-0,A,SF-104,A,202406,30,2176,0.0
E1,M09,104-0,A,SF-104,A,202407,31,2220,2.0
E1,M09,104-0,A,SF-104,A,202408,32,2264,1.0
E1,M09,104-0,A,SF-104,A,202409,33,2309,2.0
E1,M09,104-0,A,SF-104,A,202410,34,2353,5.0
E1,M09,104-0,A,SF-104,A,202411,35,2397,3.0
E1,M09,104-0,A,SF-104,A,202412,36,2441,2.0
E1,M09,104-0,ALL,SF-104,A,202112,0,2500,0.0
E1,M09,104-0,ALL,SF-104,A,202201,1,2630,0.0
E1,M09,104-0,ALL,SF-104,A,202202,2,2760,3.0
E1,M09,104-0,ALL,SF-104,A,202203,3,2890,5.0
E1,M09,104-0,ALL,SF-104,A,202204,4,3020,1.0
E1,M09,104-0,ALL,SF-104,A,202205,5,3150,4.0
E1,M09,104-0,ALL,SF-104,A,202206,6,3280,0.0
E1,M09,104-0,ALL,SF-104,A,202207,7,3410,6.0
E1,M09,104-0,ALL,SF-104,A,202208,8,3540,2.0
E1,M09,104-0,ALL,SF-104,A,202209,9,3670,5.0
E1,M09,104-0,ALL,SF-104,A,202210,10,3800,6.0
E1,M09,104-0,ALL,SF-104,A,202211,11,3930,3.0
E1,M09,104-0,ALL,SF-104,A,202212,12,4060,3.0
E1,M09,104-0,ALL,SF-104,A,202301,13,4190,2.0
E1,M09,104-0,ALL,SF-104,A,202302,14,4320,3.0
E1,M09,104-0,ALL,SF-104,A,202303,15,4450,3.0
E1,M09,104-0,ALL,SF-104,A,202304,16,4580,6.0
E1,M09,104-0,ALL,SF-104,A,202305,17,4710,7.0
E1,M09,104-0,ALL,SF-104,A,202306,18,4840,9.0
E1,M09,104-0,ALL,SF-104,A,202307,19,4970,3.0
E1,M09,104-0,ALL,SF-104,A,202308,20,5100,6.0
E1,M09,104-0,ALL,SF-104,A,202309,21,5230,4.0
E1,M09,104-0,ALL,SF-104,A,202310,22,5360,7.0
E1,M09,104-0,ALL,SF-104,A,202311,23,5490,6.0
E1,M09,104-0,ALL,SF-104,A,202312,24,5620,3.0
E1,M09,104-0,ALL,SF-104,A,202401,25,5750,5.0
E1,M09,104-0,ALL,SF-104,A,202402,26,5880,3.0
E1,M09,104-0,ALL,SF-104,A,202403,27,6010,1.0
E1,M09,104-0,ALL,SF-104,A,202404,28,6140,3.0
E1,M09,104-0,ALL,SF-104,A,202405,29,6270,5.0
E1,M09,104-0,ALL,SF-104,A,202406,30,6400,3.0
E1,M09,104-0,ALL,SF-104,A,202407,31,6530,8.0
E1,M09,104-0,ALL,SF-104,A,202408,32,6660,8.0
E1,M09,104-0,ALL,SF-104,A,202409,33,6790,5.0
E1,M09,104-0,ALL,SF-104,A,202410,34,6920,7.0
E1,M09,104-0,ALL,SF-104,A,202411,35,7050,6.0
E1,M09,104-0,ALL,SF-104,A,202412,36,7180,3.0
E1,M09,104-0,B,SF-104,A,202202,2,662,1.0
E1,M09,104-0,B,SF-104,A,202203,3,694,0.0
E1,M09,104-0,B,SF-104,A,202204,4,725,0.0
E1,M09,104-0,B,SF-104,A,202205,5,756,2.0
E1,M09,104-0,B,SF-104,A,202206,6,787,0.0
E1,M09,104-0,B,SF-104,A,202207,7,818,3.0
E1,M09,104-0,B,SF-104,A,202208,8,850,0.0
E1,M09,104-0,B,SF-104,A,202209,9,881,2.0
E1,M09,104-0,B,SF-104,A,202210,10,912,2.0
E1,M09,104-0,B,SF-104,A,202211,11,943,1.0
E1,M09,104-0,B,SF-104,A,202212,12,974,1.0
E1,M09,104-0,B,SF-104,A,202301,13,1006,0.0
E1,M09,104-0,B,SF-104,A,202302,14,1037,2.0
E1,M09,104-0,B,SF-104,A,202303,15,1068,0.0
E1,M09,104-0,B,SF-104,A,202304,16,1099,2.0
E1,M09,104-0,B,SF-104,A,202305,17,1130,3.0
E1,M09,104-0,B,SF-104,A,202306,18,1162,3.0
E1,M09,104-0,B,SF-104,A,202307,19,1193,0.0
E1,M09,104-0,B,SF-104,A,202308,20,1224,3.0
E1,M09,104-0,B,SF-104,A,202309,21,1255,1.0
E1,M09,104-0,B,SF-104,A,202310,22,1286,3.0
E1,M09,104-0,B,SF-104,A,202311,23,1318,0.0
E1,M09,104-0,B,SF-104,A,202312,24,1349,2.0
E1,M09,104-0,B,SF-104,A,202401,25,1380,1.0
E1,M09,104-0,B,SF-104,A,202402,26,1411,1.0
E1,M09,104-0,B,SF-104,A,202403,27,1442,1.0
E1,M09,104-0,B,SF-104,A,202404,28,1474,1.0
E1,M09,104-0,B,SF-104,A,202405,29,1505,1.0
E1,M09,104-0,B,SF-104,A,202406,30,1536,3.0
E1,M09,104-0,B,SF-104,A,202407,31,1567,1.0
E1,M09,104-0,B,SF-104,A,202408,32,1598,0.0
E1,M09,104-0,B,SF-104,A,202409,33,1630,1.0
E1,M09,104-0,B,SF-104,A,202410,34,1661,1.0
E1,M09,104-0,B,SF-104,A,202411,35,1692,3.0
E1,M09,104-0,B,SF-104,A,202412,36,1723,1.0
E1,M09,104-0,C,SF-104,A,202202,2,552,1.0
E1,M09,104-0,C,SF-104,A,202203,3,578,2.0
E1,M09,104-0,C,SF-104,A,202204,4,604,0.0
E1,M09,104-0,C,SF-104,A,202205,5,630,0.0
E1,M09,104-0,C,SF-104,A,202206,6,656,0.0
E1,M09,104-0,C,SF-104,A,202207,7,682,1.0
E1,M09,104-0,C,SF-104,A,202208,8,708,0.0
E1,M09,104-0,C,SF-104,A,202209,9,734,1.0
E1,M09,104-0,C,SF-104,A,202210,10,760,2.0
E1,M09,104-0,C,SF-104,A,202211,11,786,1.0
E1,M09,104-0,C,SF-104,A,202212,12,812,1.0
E1,M09,104-0,C,SF-104,A,202301,13,838,0.0
E1,M09,104-0,C,SF-104,A,202302,14,864,0.0
E1,M09,104-0,C,SF-104,A,202303,15,890,1.0
E1,M09,104-0,C,SF-104,A,202304,16,916,2.0
E1,M09,104-0,C,SF-104,A,202305,17,942,0.0
E1,M09,104-0,C,SF-104,A,202306,18,968,1.0
E1,M09,104-0,C,SF-104,A,202307,19,994,0.0
E1,M09,104-0,C,SF-104,A,202308,20,1020,2.0
E1,M09,104-0,C,SF-104,A,202309,21,1046,0.0
E1,M09,104-0,C,SF-104,A,202310,22,1072,4.0
E1,M09,104-0,C,SF-104,A,202311,23,1098,2.0
E1,M09,104-0,C,SF-104,A,202312,24,1124,0.0
E1,M09,104-0,C,SF-104,A,202401,25,1150,0.0
E1,M09,104-0,C,SF-104,A,202402,26,1176,0.0
E1,M09,104-0,C,SF-104,A,202403,27,1202,0.0
E1,M09,104-0,C,SF-104,A,202404,28,1228,0.0
E1,M09,104-0,C,SF-104,A,202405,29,1254,2.0
E1,M09,104-0,C,SF-104,A,202406,30,1280,0.0
E1,M09,104-0,C,SF-104,A,202407,31,1306,3.0
E1,M09,104-0,C,SF-104,A,202408,32,1332,3.0
E1,M09,104-0,C,SF-104,A,202409,33,1358,2.0
E1,M09,104-0,C,SF-104,A,202410,34,1384,1.0
E1,M09,104-0,C,SF-104,A,202411,35,1410,0.0
E1,M09,104-0,D,SF-104,A,202202,2,414,0.0
E1,M09,104-0,D,SF-104,A,202203,3,434,0.0
E1,M09,104-0,D,SF-104,A,202204,4,453,0.0
E1,M09,104-0,D,SF-104,A,202205,5,472,1.0
E1,M09,104-0,D,SF-104,A,202206,6,492,0.0
E1,M09,104-0,D,SF-104,A,202207,7,512,0.0
E1,M09,104-0,D,SF-104,A,202208,8,531,0.0
E1,M09,104-0,D,SF-104,A,202209,9,550,0.0
E1,M09,104-0,D,SF-104,A,202210,10,570,1.0
E1,M09,104-0,D,SF-104,A,202211,11,590,0.0
E1,M09,104-0,D,SF-104,A,202212,12,609,0.0
E1,M09,104-0,D,SF-104,A,202301,13,628,1.0
E1,M09,104-0,D,SF-104,A,202302,14,648,0.0
E1,M09,104-0,D,SF-104,A,202303,15,668,0.0
E1,M09,104-0,D,SF-104,A,202304,16,687,0.0
E1,M09,104-0,D,SF-104,A,202305,17,706,1.0
E1,M09,104-0,D,SF-104,A,202306,18,726,2.0
E1,M09,104-0,D,SF-104,A,202307,19,746,1.0
E1,M09,104-0,D,SF-104,A,202308,20,765,0.0
E1,M09,104-0,D,SF-104,A,202309,21,784,1.0
E1,M09,104-0,D,SF-104,A,202310,22,804,0.0
E1,M09,104-0,D,SF-104,A,202311,23,824,1.0
E1,M09,104-0,D,SF-104,A,202312,24,843,1.0
E1,M09,104-0,D,SF-104,A,202401,25,862,1.0
E1,M09,104-0,D,SF-104,A,202402,26,882,0.0
E1,M09,104-0,D,SF-104,A,202403,27,902,0.0
E1,M09,104-0,D,SF-104,A,202404,28,921,1.0
E1,M09,104-0,D,SF-104,A,202405,29,940,0.0
E1,M09,104-0,D,SF-104,A,202406,30,960,0.0
E1,M09,104-0,D,SF-104,A,202407,31,980,2.0
E1,M09,104-0,D,SF-104,A,202408,32,999,3.0
E1,M09,104-0,D,SF-104,A,202409,33,1018,0.0
E1,M09,104-0,D,SF-104,A,202410,34,1038,0.0
E1,M09,104-0,E,SF-104,A,202208,8,248,0.0
E1,M09,104-0,E,SF-104,A,202209,9,257,0.0
E1,M09,104-0,E,SF-104,A,202210,10,266,0.0
E1,M09,104-0,E,SF-104,A,202211,11,275,0.0
E1,M09,104-0,E,SF-104,A,202212,12,284,0.0
E1,M09,104-0,E,SF-104,A,202301,13,293,0.0
E1,M09,104-0,E,SF-104,A,202302,14,302,0.0
E1,M09,104-0,E,SF-104,A,202303,15,312,0.0
E1,M09,104-0,E,SF-104,A,202304,16,321,0.0
E1,M09,104-0,E,SF-104,A,202305,17,330,0.0
E1,M09,104-0,E,SF-104,A,202306,18,339,0.0
E1,M09,104-0,E,SF-104,A,202307,19,348,0.0
E1,M09,104-0,E,SF-104,A,202308,20,357,0.0
E1,M09,104-0,E,SF-104,A,202309,21,366,0.0
E1,M09,104-0,E,SF-104,A,202310,22,375,0.0
E1,M09,104-0,E,SF-104,A,202311,23,384,0.0
E1,M09,104-0,E,SF-104,A,202312,24,393,0.0
E1,M09,104-0,E,SF-104,A,202401,25,403,0.0
E1,M09,104-0,E,SF-104,A,202402,26,412,0.0
E1,M09,104-0,E,SF-104,A,202403,27,421,0.0
E1,M09,104-0,E,SF-104,A,202404,28,430,0.0
E1,M09,104-0,E,SF-104,A,202405,29,439,1.0
E1,M09,104-0,E,SF-104,A,202406,30,448,0.0
E1,M09,104-0,E,SF-104,A,202407,31,457,0.0
E1,M09,104-0,E,SF-104,A,202408,32,466,1.0
E1,M09,104-0,E,SF-104,A,202409,33,475,0.0
E1,M09,104-0,E,SF-104,A,202410,34,484,0.0
E1,M09,104-0,E,SF-104,A,202411,35,494,0.0
E1,M09,104-0,E,SF-104,A,202412,36,503,0.0
E1,M09,104-1,A,SF-104,A,202201,1,894,3.0
E1,M09,104-1,A,SF-104,A,202202,2,938,2.0
E1,M09,104-1,A,SF-104,A,202203,3,983,0.0
E1,M09,104-1,A,SF-104,A,202204,4,1027,1.0
E1,M09,104-1,A,SF-104,A,202205,5,1071,0.0
E1,M09,104-1,A,SF-104,A,202206,6,1115,0.0
E1,M09,104-1,A,SF-104,A,202207,7,1159,1.0
E1,M09,104-1,A,SF-104,A,202208,8,1204,0.0
E1,M09,104-1,A,SF-104,A,202209,9,1248,2.0
E1,M09,104-1,A,SF-104,A,202210,10,1292,0.0
E1,M09,104-1,A,SF-104,A,202211,11,1336,0.0
E1,M09,104-1,A,SF-104,A,202212,12,1380,2.0
E1,M09,104-1,A,SF-104,A,202301,13,1425,2.0
E1,M09,104-1,A,SF-104,A,202302,14,1469,2.0
E1,M09,104-1,A,SF-104,A,202303,15,1513,2.0
E1,M09,104-1,A,SF-104,A,202304,16,1557,0.0
E1,M09,104-1,A,SF-104,A,202305,17,1601,1.0
E1,M09,104-1,A,SF-104,A,202306,18,1646,4.0
E1,M09,104-1,A,SF-104,A,202307,19,1690,0.0
E1,M09,104-1,A,SF-104,A,202308,20,1734,3.0
E1,M09,104-1,A,SF-104,A,202309,21,1778,0.0
E1,M09,104-1,A,SF-104,A,202310,22,1822,0.0
E1,M09,104-1,A,SF-104,A,202311,23,1867,1.0
E1,M09,104-1,A,SF-104,A,202312,24,1911,3.0
E1,M09,104-1,A,SF-104,A,202401,25,1955,1.0
E1,M09,104-1,A,SF-104,A,202402,26,1999,2.0
E1,M09,104-1,A,SF-104,A,202403,27,2043,4.0
E1,M09,104-1,A,SF-104,A,202404,28,2088,1.0
E1,M09,104-1,A,SF-104,A,202405,29,2132,4.0
E1,M09,104-1,A,SF-104,A,202406,30,2176,1.0
E1,M09,104-1,A,SF-104,A,202407,31,2220,5.0
E1,M09,104-1,A,SF-104,A,202408,32,2264,1.0
E1,M09,104-1,A,SF-104,A,202409,33,2309,2.0
E1,M09,104-1,A,SF-104,A,202410,34,2353,0.0
E1,M09,104-1,A,SF-104,A,202411,35,2397,4.0
E1,M09,104-1,A,SF-104,A,202412,36,2441,2.0
E1,M09,104-1,ALL,SF-104,A,202112,0,2500,0.0
E1,M09,104-1,ALL,SF-104,A,202201,1,2630,5.0
E1,M09,104-1,ALL,SF-104,A,202202,2,2760,4.0
E1,M09,104-1,ALL,SF-104,A,202203,3,2890,2.0
E1,M09,104-1,ALL,SF-104,A,202204,4,3020,3.0
E1,M09,104-1,ALL,SF-104,A,202205,5,3150,2.0
E1,M09,104-1,ALL,SF-104,A,202206,6,3280,2.0
E1,M09,104-1,ALL,SF-104,A,202207,7,3410,5.0
E1,M09,104-1,ALL,SF-104,A,202208,8,3540,1.0
E1,M09,104-1,ALL,SF-104,A,202209,9,3670,3.0
E1,M09,104-1,ALL,SF-104,A,202210,10,3800,2.0
E1,M09,104-1,ALL,SF-104,A,202211,11,3930,3.0
E1,M09,104-1,ALL,SF-104,A,202212,12,4060,4.0
E1,M09,104-1,ALL,SF-104,A,202301,13,4190,5.0
E1,M09,104-1,ALL,SF-104,A,202302,14,4320,3.0
E1,M09,104-1,ALL,SF-104,A,202303,15,4450,6.0
E1,M09,104-1,ALL,SF-104,A,202304,16,4580,3.0
E1,M09,104-1,ALL,SF-104,A,202305,17,4710,8.0
E1,M09,104-1,ALL,SF-104,A,202306,18,4840,8.0
E1,M09,104-1,ALL,SF-104,A,202307,19,4970,5.0
E1,M09,104-1,ALL,SF-104,A,202308,20,5100,7.0
E1,M09,104-1,ALL,SF-104,A,202309,21,5230,9.0
E1,M09,104-1,ALL,SF-104,A,202310,22,5360,3.0
E1,M09,104-1,ALL,SF-104,A,202311,23,5490,5.0
E1,M09,104-1,ALL,SF-104,A,202312,24,5620,6.0
E1,M09,104-1,ALL,SF-104,A,202401,25,5750,4.0
E1,M09,104-1,ALL,SF-104,A,202402,26,5880,7.0
E1,M09,104-1,ALL,SF-104,A,202403,27,6010,10.0
E1,M09,104-1,ALL,SF-104,A,202404,28,6140,9.0
E1,M09,104-1,ALL,SF-104,A,202405,29,6270,9.0
E1,M09,104-1,ALL,SF-104,A,202406,30,6400,8.0
E1,M09,104-1,ALL,SF-104,A,202407,31,6530,9.0
E1,M09,104-1,ALL,SF-104,A,202408,32,6660,2.0
E1,M09,104-1,ALL,SF-104,A,202409,33,6790,6.0
E1,M09,104-1,ALL,SF-104,A,202410,34,6920,2.0
E1,M09,104-1,ALL,SF-104,A,202411,35,7050,7.0
E1,M09,104-1,ALL,SF-104,A,202412,36,7180,5.0
E1,M09,104-1,B,SF-104,A,202201,1,631,1.0
E1,M09,104-1,B,SF-104,A,202202,2,662,1.0
E1,M09,104-1,B,SF-104,A,202203,3,694,0.0
E1,M09,104-1,B,SF-104,A,202204,4,725,1.0
E1,M09,104-1,B,SF-104,A,202205,5,756,0.0
E1,M09,104-1,B,SF-104,A,202206,6,787,0.0
E1,M09,104-1,B,SF-104,A,202207,7,818,3.0
E1,M09,104-1,B,SF-104,A,202208,8,850,0.0
E1,M09,104-1,B,SF-104,A,202209,9,881,0.0
E1,M09,104-1,B,SF-104,A,202210,10,912,2.0
E1,M09,104-1,B,SF-104,A,202211,11,943,1.0
E1,M09,104-1,B,SF-104,A,202212,12,974,0.0
E1,M09,104-1,B,SF-104,A,202301,13,1006,0.0
E1,M09,104-1,B,SF-104,A,202302,14,1037,0.0
E1,M09,104-1,B,SF-104,A,202303,15,1068,1.0
E1,M09,104-1,B,SF-104,A,202304,16,1099,2.0
E1,M09,104-1,B,SF-104,A,202305,17,1130,2.0
E1,M09,104-1,B,SF-104,A,202306,18,1162,0.0
E1,M09,104-1,B,SF-104,A,202307,19,1193,0.0
E1,M09,104-1,B,SF-104,A,202308,20,1224,2.0
E1,M09,104-1,B,SF-104,A,202309,21,1255,2.0
E1,M09,104-1,B,SF-104,A,202310,22,1286,0.0
E1,M09,104-1,B,SF-104,A,202311,23,1318,1.0
E1,M09,104-1,B,SF-104,A,202312,24,1349,1.0
E1,M09,104-1,B,SF-104,A,202401,25,1380,1.0
E1,M09,104-1,B,SF-104,A,202402,26,1411,2.0
E1,M09,104-1,B,SF-104,A,202403,27,1442,4.0
E1,M09,104-1,B,SF-104,A,202404,28,1474,1.0
E1,M09,104-1,B,SF-104,A,202405,29,1505,3.0
E1,M09,104-1,B,SF-104,A,202406,30,1536,2.0
E1,M09,104-1,B,SF-104,A,202407,31,1567,0.0
E1,M09,104-1,B,SF-104,A,202408,32,1598,0.0
E1,M09,104-1,B,SF-104,A,202409,33,1630,0.0
E1,M09,104-1,B,SF-104,A,202410,34,1661,0.0
E1,M09,104-1,B,SF-104,A,202411,35,1692,2.0
E1,M09,104-1,B,SF-104,A,202412,36,1723,2.0
E1,M09,104-1,C,SF-104,A,202201,1,526,1.0
E1,M09,104-1,C,SF-104,A,202202,2,552,0.0
E1,M09,104-1,C,SF-104,A,202203,3,578,1.0
E1,M09,104-1,C,SF-104,A,202204,4,604,1.0
E1,M09,104-1,C,SF-104,A,202205,5,630,1.0
E1,M09,104-1,C,SF-104,A,202206,6,656,1.0
E1,M09,104-1,C,SF-104,A,202207,7,682,0.0
E1,M09,104-1,C,SF-104,A,202208,8,708,1.0
E1,M09,104-1,C,SF-104,A,202209,9,734,1.0
E1,M09,104-1,C,SF-104,A,202210,10,760,0.0
E1,M09,104-1,C,SF-104,A,202211,11,786,1.0
E1,M09,104-1,C,SF-104,A,202212,12,812,0.0
E1,M09,104-1,C,SF-104,A,202301,13,838,2.0
E1,M09,104-1,C,SF-104,A,202302,14,864,0.0
E1,M09,104-1,C,SF-104,A,202303,15,890,1.0
E1,M09,104-1,C,SF-104,A,202304,16,916,1.0
E1,M09,104-1,C,SF-104,A,202305,17,942,1.0
E1,M09,104-1,C,SF-104,A,202306,18,968,0.0
E1,M09,104-1,C,SF-104,A,202307,19,994,3.0
E1,M09,104-1,C,SF-104,A,202308,20,1020,1.0
E1,M09,104-1,C,SF-104,A,202309,21,1046,3.0
E1,M09,104-1,C,SF-104,A,202310,22,1072,1.0
E1,M09,104-1,C,SF-104,A,202311,23,1098,1.0
E1,M09,104-1,C,SF-104,A,202312,24,1124,0.0
E1,M09,104-1,C,SF-104,A,202401,25,1150,1.0
E1,M09,104-1,C,SF-104,A,202402,26,1176,2.0
E1,M09,104-1,C,SF-104,A,202403,27,1202,1.0
E1,M09,104-1,C,SF-104,A,202404,28,1228,4.0
E1,M09,104-1,C,SF-104,A,202405,29,1254,2.0
E1,M09,104-1,C,SF-104,A,202406,30,1280,2.0
E1,M09,104-1,C,SF-104,A,202407,31,1306,2.0
E1,M09,104-1,C,SF-104,A,202408,32,1332,0.0
E1,M09,104-1,C,SF-104,A,202409,33,1358,2.0
E1,M09,104-1,C,SF-104,A,202410,34,1384,2.0
E1,M09,104-1,C,SF-104,A,202411,35,1410,1.0
E1,M09,104-1,D,SF-104,A,202202,2,414,1.0
E1,M09,104-1,D,SF-104,A,202203,3,434,1.0
E1,M09,104-1,D,SF-104,A,202204,4,453,0.0
E1,M09,104-1,D,SF-104,A,202205,5,472,1.0
E1,M09,104-1,D,SF-104,A,202206,6,492,1.0
E1,M09,104-1,D,SF-104,A,202207,7,512,1.0
E1,M09,104-1,D,SF-104,A,202208,8,531,0.0
E1,M09,104-1,D,SF-104,A,202209,9,550,0.0
E1,M09,104-1,D,SF-104,A,202210,10,570,0.0
E1,M09,104-1,D,SF-104,A,202211,11,590,1.0
E1,M09,104-1,D,SF-104,A,202212,12,609,1.0
E1,M09,104-1,D,SF-104,A,202301,13,628,0.0
E1,M09,104-1,D,SF-104,A,202302,14,648,0.0
E1,M09,104-1,D,SF-104,A,202303,15,668,2.0
E1,M09,104-1,D,SF-104,A,202304,16,687,0.0
E1,M09,104-1,D,SF-104,A,202305,17,706,4.0
E1,M09,104-1,D,SF-104,A,202306,18,726,3.0
E1,M09,104-1,D,SF-104,A,202307,19,746,1.0
E1,M09,104-1,D,SF-104,A,202308,20,765,1.0
E1,M09,104-1,D,SF-104,A,202309,21,784,3.0
E1,M09,104-1,D,SF-104,A,202310,22,804,2.0
E1,M09,104-1,D,SF-104,A,202311,23,824,2.0
E1,M09,104-1,D,SF-104,A,202312,24,843,1.0
E1,M09,104-1,D,SF-104,A,202401,25,862,0.0
E1,M09,104-1,D,SF-104,A,202402,26,882,1.0
E1,M09,104-1,D,SF-104,A,202403,27,902,1.0
E1,M09,104-1,D,SF-104,A,202404,28,921,2.0
E1,M09,104-1,D,SF-104,A,202405,29,940,0.0
E1,M09,104-1,D,SF-104,A,202406,30,960,2.0
E1,M09,104-1,D,SF-104,A,202407,31,980,1.0
E1,M09,104-1,D,SF-104,A,202408,32,999,1.0
E1,M09,104-1,D,SF-104,A,202409,33,1018,2.0
E1,M09,104-1,D,SF-104,A,202410,34,1038,0.0
E1,M09,104-1,E,SF-104,A,202208,8,248,0.0
E1,M09,104-1,E,SF-104,A,202209,9,257,0.0
E1,M09,104-1,E,SF-104,A,202210,10,266,0.0
E1,M09,104-1,E,SF-104,A,202211,11,275,0.0
E1,M09,104-1,E,SF-104,A,202212,12,284,1.0
E1,M09,104-1,E,SF-104,A,202301,13,293,1.0
E1,M09,104-1,E,SF-104,A,202302,14,302,1.0
E1,M09,104-1,E,SF-104,A,202303,15,312,0.0
E1,M09,104-1,E,SF-104,A,202304,16,321,0.0
E1,M09,104-1,E,SF-104,A,202305,17,330,0.0
E1,M09,104-1,E,SF-104,A,202306,18,339,1.0
E1,M09,104-1,E,SF-104,A,202307,19,348,1.0
E1,M09,104-1,E,SF-104,A,202308,20,357,0.0
E1,M09,104-1,E,SF-104,A,202309,21,366,1.0
E1,M09,104-1,E,SF-104,A,202310,22,375,0.0
E1,M09,104-1,E,SF-104,A,202311,23,384,0.0
E1,M09,104-1,E,SF-104,A,202312,24,393,1.0
E1,M09,104-1,E,SF-104,A,202401,25,403,1.0
E1,M09,104-1,E,SF-104,A,202402,26,412,0.0
E1,M09,104-1,E,SF-104,A,202403,27,421,0.0
E1,M09,104-1,E,SF-104,A,202404,28,430,1.0
E1,M09,104-1,E,SF-104,A,202405,29,439,0.0
E1,M09,104-1,E,SF-104,A,202406,30,448,1.0
E1,M09,104-1,E,SF-104,A,202407,31,457,1.0
E1,M09,104-1,E,SF-104,A,202408,32,466,0.0
E1,M09,104-1,E,SF-104,A,202409,33,475,0.0
E1,M09,104-1,E,SF-104,A,202410,34,484,0.0
E1,M09,104-1,E,SF-104,A,202411,35,494,0.0
E1,M09,104-1,E,SF-104,A,202412,36,503,1.0
E1,M09,105-0,A,SF-105,A,202202,2,938,1.0
E1,M09,105-0,A,SF-105,A,202203,3,983,0.0
E1,M09,105-0,A,SF-105,A,202204,4,1027,0.0
E1,M09,105-0,A,SF-105,A,202205,5,1071,0.0
E1,M09,105-0,A,SF-105,A,202206,6,1115,1.0
E1,M09,105-0,A,SF-105,A,202207,7,1159,1.0
E1,M09,105-0,A,SF-105,A,202208,8,1204,0.0
E1,M09,105-0,A,SF-105,A,202209,9,1248,0.0
E1,M09,105-0,A,SF-105,A,202210,10,1292,0.0
E1,M09,105-0,A,SF-105,A,202211,11,1336,0.0
E1,M09,105-0,A,SF-105,A,202212,12,1380,0.0
E1,M09,105-0,A,SF-105,A,202301,13,1425,0.0
E1,M09,105-0,A,SF-105,A,202302,14,1469,1.0
E1,M09,105-0,A,SF-105,A,202303,15,1513,1.0
E1,M09,105-0,A,SF-105,A,202304,16,1557,3.0
E1,M09,105-0,A,SF-105,A,202305,17,1601,0.0
E1,M09,105-0,A,SF-105,A,202306,18,1646,3.0
E1,M09,105-0,A,SF-105,A,202307,19,1690,0.0
E1,M09,105-0,A,SF-105,A,202308,20,1734,1.0
E1,M09,105-0,A,SF-105,A,202309,21,1778,1.0
E1,M09,105-0,A,SF-105,A,202310,22,1822,3.0
E1,M09,105-0,A,SF-105,A,202311,23,1867,0.0
E1,M09,105-0,A,SF-105,A,202312,24,1911,0.0
E1,M09,105-0,A,SF-105,A,202401,25,1955,0.0
E1,M09,105-0,A,SF-105,A,202402,26,1999,1.0
E1,M09,105-0,A,SF-105,A,202403,27,2043,1.0
E1,M09,105-0,A,SF-105,A,202404,28,2088,0.0
E1,M09,105-0,A,SF-105,A,202405,29,2132,2.0
E1,M09,105-0,A,SF-105,A,202406,30,2176,0.0
E1,M09,105-0,A,SF-105,A,202407,31,2220,1.0
E1,M09,105-0,A,SF-105,A,202408,32,2264,0.0
E1,M09,105-0,A,SF-105,A,202409,33,2309,0.0
E1,M09,105-0,A,SF-105,A,202410,34,2353,0.0
E1,M09,105-0,A,SF-105,A,202411,35,2397,0.0
E1,M09,105-0,A,SF-105,A,202412,36,2441,0.0
E1,M09,105-0,ALL,SF-105,A,202112,0,2500,0.0
E1,M09,105-0,ALL,SF-105,A,202201,1,2630,0.0
E1,M09,105-0,ALL,SF-105,A,202202,2,2760,1.0
E1,M09,105-0,ALL,SF-105,A,202203,3,2890,1.0
E1,M09,105-0,ALL,SF-105,A,202204,4,3020,0.0
E1,M09,105-0,ALL,SF-105,A,202205,5,3150,0.0
E1,M09,105-0,ALL,SF-105,A,202206,6,3280,1.0
E1,M09,105-0,ALL,SF-105,A,202207,7,3410,2.0
E1,M09,105-0,ALL,SF-105,A,202208,8,3540,1.0
E1,M09,105-0,ALL,SF-105,A,202209,9,3670,0.0
E1,M09,105-0,ALL,SF-105,A,202210,10,3800,1.0
E1,M09,105-0,ALL,SF-105,A,202211,11,3930,0.0
E1,M09,105-0,ALL,SF-105,A,202212,12,4060,1.0
E1,M09,105-0,ALL,SF-105,A,202301,13,4190,0.0
E1,M09,105-0,ALL,SF-105,A,202302,14,4320,2.0
E1,M09,105-0,ALL,SF-105,A,202303,15,4450,2.0
E1,M09,105-0,ALL,SF-105,A,202304,16,4580,4.0
E1,M09,105-0,ALL,SF-105,A,202305,17,4710,1.0
E1,M09,105-0,ALL,SF-105,A,202306,18,4840,5.0
E1,M09,105-0,ALL,SF-105,A,202307,19,4970,1.0
E1,M09,105-0,ALL,SF-105,A,202308,20,5100,1.0
E1,M09,105-0,ALL,SF-105,A,202309,21,5230,2.0
E1,M09,105-0,ALL,SF-105,A,202310,22,5360,3.0
E1,M09,105-0,ALL,SF-105,A,202311,23,5490,1.0
E1,M09,105-0,ALL,SF-105,A,202312,24,5620,1.0
E1,M09,105-0,ALL,SF-105,A,202401,25,5750,1.0
E1,M09,105-0,ALL,SF-105,A,202402,26,5880,3.0
E1,M09,105-0,ALL,SF-105,A,202403,27,6010,3.0
E1,M09,105-0,ALL,SF-105,A,202404,28,6140,0.0
E1,M09,105-0,ALL,SF-105,A,202405,29,6270,3.0
E1,M09,105-0,ALL,SF-105,A,202406,30,6400,3.0
E1,M09,105-0,ALL,SF-105,A,202407,31,6530,2.0
E1,M09,105-0,ALL,SF-105,A,202408,32,6660,0.0
E1,M09,105-0,ALL,SF-105,A,202409,33,6790,1.0
E1,M09,105-0,ALL,SF-105,A,202410,34,6920,1.0
E1,M09,105-0,ALL,SF-105,A,202411,35,7050,1.0
E1,M09,105-0,ALL,SF-105,A,202412,36,7180,0.0
E1,M09,105-0,B,SF-105,A,202202,2,662,0.0
E1,M09,105-0,B,SF-105,A,202203,3,694,0.0
E1,M09,105-0,B,SF-105,A,202204,4,725,0.0
E1,M09,105-0,B,SF-105,A,202205,5,756,0.0
E1,M09,105-0,B,SF-105,A,202206,6,787,0.0
E1,M09,105-0,B,SF-105,A,202207,7,818,0.0
E1,M09,105-0,B,SF-105,A,202208,8,850,0.0
E1,M09,105-0,B,SF-105,A,202209,9,881,0.0
E1,M09,105-0,B,SF-105,A,202210,10,912,0.0
E1,M09,105-0,B,SF-105,A,202211,11,943,0.0
E1,M09,105-0,B,SF-105,A,202212,12,974,0.0
E1,M09,105-0,B,SF-105,A,202301,13,1006,0.0
E1,M09,105-0,B,SF-105,A,202302,14,1037,0.0
E1,M09,105-0,B,SF-105,A,202303,15,1068,0.0
E1,M09,105-0,B,SF-105,A,202304,16,1099,0.0
E1,M09,105-0,B,SF-105,A,202305,17,1130,0.0
E1,M09,105-0,B,SF-105,A,202306,18,1162,0.0
E1,M09,105-0,B,SF-105,A,202307,19,1193,1.0
E1,M09,105-0,B,SF-105,A,202308,20,1224,0.0
E1,M09,105-0,B,SF-105,A,202309,21,1255,0.0
E1,M09,105-0,B,SF-105,A,202310,22,1286,0.0
E1,M09,105-0,B,SF-105,A,202311,23,1318,0.0
E1,M09,105-0,B,SF-105,A,202312,24,1349,0.0
E1,M09,105-0,B,SF-105,A,202401,25,1380,0.0
E1,M09,105-0,B,SF-105,A,202402,26,1411,1.0
E1,M09,105-0,B,SF-105,A,202403,27,1442,1.0
E1,M09,105-0,B,SF-105,A,202404,28,1474,0.0
E1,M09,105-0,B,SF-105,A,202405,29,1505,0.0
E1,M09,105-0,B,SF-105,A,202406,30,1536,0.0
E1,M09,105-0,B,SF-105,A,202407,31,1567,1.0
E1,M09,105-0,B,SF-105,A,202408,32,1598,0.0
E1,M09,105-0,B,SF-105,A,202409,33,1630,0.0
E1,M09,105-0,B,SF-105,A,202410,34,1661,1.0
E1,M09,105-0,B,SF-105,A,202411,35,1692,1.0
E1,M09,105-0,B,SF-105,A,202412,36,1723,0.0
E1,M09,105-0,C,SF-105,A,202202,2,552,0.0
E1,M09,105-0,C,SF-105,A,202203,3,578,0.0
E1,M09,105-0,C,SF-105,A,202204,4,604,0.0
E1,M09,105-0,C,SF-105,A,202205,5,630,0.0
E1,M09,105-0,C,SF-105,A,202206,6,656,0.0
E1,M09,105-0,C,SF-105,A,202207,7,682,1.0
E1,M09,105-0,C,SF-105,A,202208,8,708,0.0
E1,M09,105-0,C,SF-105,A,202209,9,734,0.0
E1,M09,105-0,C,SF-105,A,202210,10,760,0.0
E1,M09,105-0,C,SF-105,A,202211,11,786,0.0
E1,M09,105-0,C,SF-105,A,202212,12,812,1.0
E1,M09,105-0,C,SF-105,A,202301,13,838,0.0
E1,M09,105-0,C,SF-105,A,202302,14,864,0.0
E1,M09,105-0,C,SF-105,A,202303,15,890,1.0
E1,M09,105-0,C,SF-105,A,202304,16,916,0.0
E1,M09,105-0,C,SF-105,A,202305,17,942,1.0
E1,M09,105-0,C,SF-105,A,202306,18,968,1.0
E1,M09,105-0,C,SF-105,A,202307,19,994,0.0
E1,M09,105-0,C,SF-105,A,202308,20,1020,0.0
E1,M09,105-0,C,SF-105,A,202309,21,1046,1.0
E1,M09,105-0,C,SF-105,A,202310,22,1072,0.0
E1,M09,105-0,C,SF-105,A,202311,23,1098,0.0
E1,M09,105-0,C,SF-105,A,202312,24,1124,0.0
E1,M09,105-0,C,SF-105,A,202401,25,1150,1.0
E1,M09,105-0,C,SF-105,A,202402,26,1176,0.0
E1,M09,105-0,C,SF-105,A,202403,27,1202,0.0
E1,M09,105-0,C,SF-105,A,202404,28,1228,0.0
E1,M09,105-0,C,SF-105,A,202405,29,1254,0.0
E1,M09,105-0,C,SF-105,A,202406,30,1280,2.0
E1,M09,105-0,C,SF-105,A,202407,31,1306,0.0
E1,M09,105-0,C,SF-105,A,202408,32,1332,0.0
E1,M09,105-0,C,SF-105,A,202409,33,1358,1.0
E1,M09,105-0,C,SF-105,A,202410,34,1384,0.0
E1,M09,105-0,C,SF-105,A,202411,35,1410,0.0
E1,M09,105-0,D,SF-105,A,202202,2,414,0.0
E1,M09,105-0,D,SF-105,A,202203,3,434,1.0
E1,M09,105-0,D,SF-105,A,202204,4,453,0.0
E1,M09,105-0,D,SF-105,A,202205,5,472,0.0
E1,M09,105-0,D,SF-105,A,202206,6,492,0.0
E1,M09,105-0,D,SF-105,A,202207,7,512,0.0
E1,M09,105-0,D,SF-105,A,202208,8,531,1.0
E1,M09,105-0,D,SF-105,A,202209,9,550,0.0
E1,M09,105-0,D,SF-105,A,202210,10,570,1.0
E1,M09,105-0,D,SF-105,A,202211,11,590,0.0
E1,M09,105-0,D,SF-105,A,202212,12,609,0.0
E1,M09,105-0,D,SF-105,A,202301,13,628,0.0
E1,M09,105-0,D,SF-105,A,202302,14,648,1.0
E1,M09,105-0,D,SF-105,A,202303,15,668,0.0
E1,M09,105-0,D,SF-105,A,202304,16,687,1.0
E1,M09,105-0,D,SF-105,A,202305,17,706,0.0
E1,M09,105-0,D,SF-105,A,202306,18,726,1.0
E1,M09,105-0,D,SF-105,A,202307,19,746,0.0
E1,M09,105-0,D,SF-105,A,202308,20,765,0.0
E1,M09,105-0,D,SF-105,A,202309,21,784,0.0
E1,M09,105-0,D,SF-105,A,202310,22,804,0.0
E1,M09,105-0,D,SF-105,A,202311,23,824,1.0
E1,M09,105-0,D,SF-105,A,202312,24,843,0.0
E1,M09,105-0,D,SF-105,A,202401,25,862,0.0
E1,M09,105-0,D,SF-105,A,202402,26,882,1.0
E1,M09,105-0,D,SF-105,A,202403,27,902,0.0
E1,M09,105-0,D,SF-105,A,202404,28,921,0.0
E1,M09,105-0,D,SF-105,A,202405,29,940,0.0
E1,M09,105-0,D,SF-105,A,202406,30,960,0.0
E1,M09,105-0,D,SF-105,A,202407,31,980,0.0
E1,M09,105-0,D,SF-105,A,202408,32,999,0.0
E1,M09,105-0,D,SF-105,A,202409,33,1018,0.0
E1,M09,105-0,D,SF-105,A,202410,34,1038,0.0
E1,M09,105-0,E,SF-105,A,202208,8,248,0.0
E1,M09,105-0,E,SF-105,A,202209,9,257,0.0
E1,M09,105-0,E,SF-105,A,202210,10,266,0.0
E1,M09,105-0,E,SF-105,A,202211,11,275,0.0
E1,M09,105-0,E,SF-105,A,202212,12,284,0.0
E1,M09,105-0,E,SF-105,A,202301,13,293,0.0
E1,M09,105-0,E,SF-105,A,202302,14,302,0.0
E1,M09,105-0,E,SF-105,A,202303,15,312,0.0
E1,M09,105-0,E,SF-105,A,202304,16,321,0.0
E1,M09,105-0,E,SF-105,A,202305,17,330,0.0
E1,M09,105-0,E,SF-105,A,202306,18,339,0.0
E1,M09,105-0,E,SF-105,A,202307,19,348,0.0
E1,M09,105-0,E,SF-105,A,202308,20,357,0.0
E1,M09,105-0,E,SF-105,A,202309,21,366,0.0
E1,M09,105-0,E,SF-105,A,202310,22,375,0.0
E1,M09,105-0,E,SF-105,A,202311,23,384,0.0
E1,M09,105-0,E,SF-105,A,202312,24,393,1.0
E1,M09,105-0,E,SF-105,A,202401,25,403,0.0
E1,M09,105-0,E,SF-105,A,202402,26,412,0.0
E1,M09,105-0,E,SF-105,A,202403,27,421,1.0
E1,M09,105-0,E,SF-105,A,202404,28,430,0.0
E1,M09,105-0,E,SF-105,A,202405,29,439,1.0
E1,M09,105-0,E,SF-105,A,202406,30,448,1.0
E1,M09,105-0,E,SF-105,A,202407,31,457,0.0
E1,M09,105-0,E,SF-105,A,202408,32,466,0.0
E1,M09,105-0,E,SF-105,A,202409,33,475,0.0
E1,M09,105-0,E,SF-105,A,202410,34,484,0.0
E1,M09,105-0,E,SF-105,A,202411,35,494,0.0
E1,M09,105-0,E,SF-105,A,202412,36,503,0.0
E1,M10,100-0,A,SF-100,A,202201,0,850,2.0
E1,M10,100-0,A,SF-100,A,202202,1,894,1.0
E1,M10,100-0,A,SF-100,A,202203,2,938,1.0
E1,M10,100-0,A,SF-100,A,202204,3,983,1.0
E1,M10,100-0,A,SF-100,A,202205,4,1027,2.0
E1,M10,100-0,A,SF-100,A,202206,5,1071,3.0
E1,M10,100-0,A,SF-100,A,202207,6,1115,5.0
E1,M10,100-0,A,SF-100,A,202208,7,1159,1.0
E1,M10,100-0,A,SF-100,A,202209,8,1204,0.0
E1,M10,100-0,A,SF-100,A,202210,9,1248,0.0
E1,M10,100-0,A,SF-100,A,202211,10,1292,5.0
E1,M10,100-0,A,SF-100,A,202212,11,1336,4.0
E1,M10,100-0,A,SF-100,A,202301,12,1380,0.0
E1,M10,100-0,A,SF-100,A,202302,13,1425,3.0
E1,M10,100-0,A,SF-100,A,202303,14,1469,0.0
E1,M10,100-0,A,SF-100,A,202304,15,1513,2.0
E1,M10,100-0,A,SF-100,A,202305,16,1557,1.0
E1,M10,100-0,A,SF-100,A,202306,17,1601,6.0
E1,M10,100-0,A,SF-100,A,202307,18,1646,1.0
E1,M10,100-0,A,SF-100,A,202308,19,1690,1.0
E1,M10,100-0,A,SF-100,A,202309,20,1734,0.0
E1,M10,100-0,A,SF-100,A,202310,21,1778,1.0
E1,M10,100-0,A,SF-100,A,202311,22,1822,0.0
E1,M10,100-0,A,SF-100,A,202312,23,1867,2.0
E1,M10,100-0,A,SF-100,A,202401,24,1911,1.0
E1,M10,100-0,A,SF-100,A,202402,25,1955,0.0
E1,M10,100-0,A,SF-100,A,202403,26,1999,0.0
E1,M10,100-0,A,SF-100,A,202404,27,2043,3.0
E1,M10,100-0,A,SF-100,A,202405,28,2088,0.0
E1,M10,100-0,A,SF-100,A,202406,29,2132,1.0
E1,M10,100-0,A,SF-100,A,202407,30,2176,1.0
E1,M10,100-0,A,SF-100,A,202408,31,2220,1.0
E1,M10,100-0,A,SF-100,A,202409,32,2264,1.0
E1,M10,100-0,A,SF-100,A,202410,33,2309,3.0
E1,M10,100-0,A,SF-100,A,202411,34,2353,2.0
E1,M10,100-0,A,SF-100,A,202412,35,2397,7.0
E1,M10,100-0,ALL,SF-100,A,202201,0,2500,4.0
E1,M10,100-0,ALL,SF-100,A,202202,1,2630,2.0
E1,M10,100-0,ALL,SF-100,A,202203,2,2760,5.0
E1,M10,100-0,ALL,SF-100,A,202204,3,2890,2.0
E1,M10,100-0,ALL,SF-100,A,202205,4,3020,3.0
E1,M10,100-0,ALL,SF-100,A,202206,5,3150,5.0
E1,M10,100-0,ALL,SF-100,A,202207,6,3280,6.0
E1,M10,100-0,ALL,SF-100,A,202208,7,3410,3.0
E1,M10,100-0,ALL,SF-100,A,202209,8,3540,1.0
E1,M10,100-0,ALL,SF-100,A,202210,9,3670,3.0
E1,M10,100-0,ALL,SF-100,A,202211,10,3800,9.0
E1,M10,100-0,ALL,SF-100,A,202212,11,3930,4.0
E1,M10,100-0,ALL,SF-100,A,202301,12,4060,0.0
E1,M10,100-0,ALL,SF-100,A,202302,13,4190,7.0
E1,M10,100-0,ALL,SF-100,A,202303,14,4320,9.0
E1,M10,100-0,ALL,SF-100,A,202304,15,4450,7.0
E1,M10,100-0,ALL,SF-100,A,202305,16,4580,6.0
E1,M10,100-0,ALL,SF-100,A,202306,17,4710,9.0
E1,M10,100-0,ALL,SF-100,A,202307,18,4840,8.0
E1,M10,100-0,ALL,SF-100,A,202308,19,4970,3.0
E1,M10,100-0,ALL,SF-100,A,202309,20,5100,7.0
E1,M10,100-0,ALL,SF-100,A,202310,21,5230,5.0
E1,M10,100-0,ALL,SF-100,A,202311,22,5360,4.0
E1,M10,100-0,ALL,SF-100,A,202312,23,5490,5.0
E1,M10,100-0,ALL,SF-100,A,202401,24,5620,5.0
E1,M10,100-0,ALL,SF-100,A,202402,25,5750,4.0
E1,M10,100-0,ALL,SF-100,A,202403,26,5880,6.0
E1,M10,100-0,ALL,SF-100,A,202404,27,6010,5.0
E1,M10,100-0,ALL,SF-100,A,202405,28,6140,6.0
E1,M10,100-0,ALL,SF-100,A,202406,29,6270,6.0
E1,M10,100-0,ALL,SF-100,A,202407,30,6400,5.0
E1,M10,100-0,ALL,SF-100,A,202408,31,6530,10.0
E1,M10,100-0,ALL,SF-100,A,202409,32,6660,6.0
E1,M10,100-0,ALL,SF-100,A,202410,33,6790,9.0
E1,M10,100-0,ALL,SF-100,A,202411,34,6920,6.0
E1,M10,100-0,ALL,SF-100,A,202412,35,7050,8.0
E1,M10,100-0,B,SF-100,A,202203,2,662,3.0
E1,M10,100-0,B,SF-100,A,202204,3,694,1.0
E1,M10,100-0,B,SF-100,A,202205,4,725,1.0
E1,M10,100-0,B,SF-100,A,202206,5,756,1.0
E1,M10,100-0,B,SF-100,A,202207,6,787,1.0
E1,M10,100-0,B,SF-100,A,202208,7,818,1.0
E1,M10,100-0,B,SF-100,A,202209,8,850,0.0
E1,M10,100-0,B,SF-100,A,202210,9,881,2.0
E1,M10,100-0,B,SF-100,A,202211,10,912,1.0
E1,M10,100-0,B,SF-100,A,202212,11,943,0.0
E1,M10,100-0,B,SF-100,A,202301,12,974,0.0
E1,M10,100-0,B,SF-100,A,202302,13,1006,2.0
E1,M10,100-0,B,SF-100,A,202303,14,1037,3.0
E1,M10,100-0,B,SF-100,A,202304,15,1068,2.0
E1,M10,100-0,B,SF-100,A,202305,16,1099,2.0
E1,M10,100-0,B,SF-100,A,202306,17,1130,3.0
E1,M10,100-0,B,SF-100,A,202307,18,1162,4.0
E1,M10,100-0,B,SF-100,A,202308,19,1193,0.0
E1,M10,100-0,B,SF-100,A,202309,20,1224,2.0
E1,M10,100-0,B,SF-100,A,202310,21,1255,2.0
E1,M10,100-0,B,SF-100,A,202311,22,1286,2.0
E1,M10,100-0,B,SF-100,A,202312,23,1318,1.0
E1,M10,100-0,B,SF-100,A,202401,24,1349,2.0
E1,M10,100-0,B,SF-100,A,202402,25,1380,1.0
E1,M10,100-0,B,SF-100,A,202403,26,1411,3.0
E1,M10,100-0,B,SF-100,A,202404,27,1442,1.0
E1,M10,100-0,B,SF-100,A,202405,28,1474,0.0
E1,M10,100-0,B,SF-100,A,202406,29,1505,3.0
E1,M10,100-0,B,SF-100,A,202407,30,1536,3.0
E1,M10,100-0,B,SF-100,A,202408,31,1567,2.0
E1,M10,100-0,B,SF-100,A,202409,32,1598,2.0
E1,M10,100-0,B,SF-100,A,202410,33,1630,1.0
E1,M10,100-0,B,SF-100,A,202411,34,1661,2.0
E1,M10,100-0,B,SF-100,A,202412,35,1692,1.0
E1,M10,100-0,C,SF-100,A,202201,0,500,2.0
E1,M10,100-0,C,SF-100,A,202203,2,552,1.0
E1,M10,100-0,C,SF-100,A,202204,3,578,0.0
E1,M10,100-0,C,SF-100,A,202205,4,604,0.0
E1,M10,100-0,C,SF-100,A,202206,5,630,1.0
E1,M10,100-0,C,SF-100,A,202207,6,656,0.0
E1,M10,100-0,C,SF-100,A,202208,7,682,1.0
E1,M10,100-0,C,SF-100,A,202209,8,708,0.0
E1,M10,100-0,C,SF-100,A,202210,9,734,1.0
E1,M10,100-0,C,SF-100,A,202211,10,760,0.0
E1,M10,100-0,C,SF-100,A,202212,11,786,0.0
E1,M10,100-0,C,SF-100,A,202301,12,812,0.0
E1,M10,100-0,C,SF-100,A,202302,13,838,1.0
E1,M10,100-0,C,SF-100,A,202303,14,864,2.0
E1,M10,100-0,C,SF-100,A,202304,15,890,3.0
E1,M10,100-0,C,SF-100,A,202305,16,916,1.0
E1,M10,100-0,C,SF-100,A,202306,17,942,0.0
E1,M10,100-0,C,SF-100,A,202307,18,968,3.0
E1,M10,100-0,C,SF-100,A,202308,19,994,1.0
E1,M10,100-0,C,SF-100,A,202309,20,1020,2.0
E1,M10,100-0,C,SF-100,A,202310,21,1046,1.0
E1,M10,100-0,C,SF-100,A,202311,22,1072,1.0
E1,M10,100-0,C,SF-100,A,202312,23,1098,1.0
E1,M10,100-0,C,SF-100,A,202401,24,1124,1.0
E1,M10,100-0,C,SF-100,A,202402,25,1150,1.0
E1,M10,100-0,C,SF-100,A,202403,26,1176,3.0
E1,M10,100-0,C,SF-100,A,202404,27,1202,1.0
E1,M10,100-0,C,SF-100,A,202405,28,1228,1.0
E1,M10,100-0,C,SF-100,A,202406,29,1254,0.0
E1,M10,100-0,C,SF-100,A,202407,30,1280,0.0
E1,M10,100-0,C,SF-100,A,202408,31,1306,3.0
E1,M10,100-0,C,SF-100,A,202409,32,1332,1.0
E1,M10,100-0,C,SF-100,A,202410,33,1358,3.0
E1,M10,100-0,C,SF-100,A,202411,34,1384,2.0
E1,M10,100-0,D,SF-100,A,202202,1,394,1.0
E1,M10,100-0,D,SF-100,A,202203,2,414,0.0
E1,M10,100-0,D,SF-100,A,202204,3,434,0.0
E1,M10,100-0,D,SF-100,A,202205,4,453,0.0
E1,M10,100-0,D,SF-100,A,202206,5,472,0.0
E1,M10,100-0,D,SF-100,A,202207,6,492,0.0
E1,M10,100-0,D,SF-100,A,202208,7,512,0.0
E1,M10,100-0,D,SF-100,A,202209,8,531,0.0
E1,M10,100-0,D,SF-100,A,202210,9,550,0.0
E1,M10,100-0,D,SF-100,A,202211,10,570,3.0
E1,M10,100-0,D,SF-100,A,202212,11,590,0.0
E1,M10,100-0,D,SF-100,A,202301,12,609,0.0
E1,M10,100-0,D,SF-100,A,202302,13,628,1.0
E1,M10,100-0,D,SF-100,A,202303,14,648,2.0
E1,M10,100-0,D,SF-100,A,202304,15,668,0.0
E1,M10,100-0,D,SF-100,A,202305,16,687,1.0
E1,M10,100-0,D,SF-100,A,202306,17,706,0.0
E1,M10,100-0,D,SF-100,A,202307,18,726,0.0
E1,M10,100-0,D,SF-100,A,202308,19,746,0.0
E1,M10,100-0,D,SF-100,A,202309,20,765,3.0
E1,M10,100-0,D,SF-100,A,202310,21,784,0.0
E1,M10,100-0,D,SF-100,A,202311,22,804,1.0
E1,M10,100-0,D,SF-100,A,202312,23,824,1.0
E1,M10,100-0,D,SF-100,A,202401,24,843,1.0
E1,M10,100-0,D,SF-100,A,202402,25,862,2.0
E1,M10,100-0,D,SF-100,A,202403,26,882,0.0
E1,M10,100-0,D,SF-100,A,202404,27,902,0.0
E1,M10,100-0,D,SF-100,A,202405,28,921,5.0
E1,M10,100-0,D,SF-100,A,202406,29,940,1.0
E1,M10,100-0,D,SF-100,A,202407,30,960,1.0
E1,M10,100-0,D,SF-100,A,202408,31,980,4.0
E1,M10,100-0,D,SF-100,A,202409,32,999,1.0
E1,M10,100-0,D,SF-100,A,202410,33,1018,1.0
E1,M10,100-0,E,SF-100,A,202209,8,248,1.0
E1,M10,100-0,E,SF-100,A,202210,9,257,0.0
E1,M10,100-0,E,SF-100,A,202211,10,266,0.0
E1,M10,100-0,E,SF-100,A,202212,11,275,0.0
E1,M10,100-0,E,SF-100,A,202301,12,284,0.0
E1,M10,100-0,E,SF-100,A,202302,13,293,0.0
E1,M10,100-0,E,SF-100,A,202303,14,302,2.0
E1,M10,100-0,E,SF-100,A,202304,15,312,0.0
E1,M10,100-0,E,SF-100,A,202305,16,321,1.0
E1,M10,100-0,E,SF-100,A,202306,17,330,0.0
E1,M10,100-0,E,SF-100,A,202307,18,339,0.0
E1,M10,100-0,E,SF-100,A,202308,19,348,1.0
E1,M10,100-0,E,SF-100,A,202309,20,357,0.0
E1,M10,100-0,E,SF-100,A,202310,21,366,1.0
E1,M10,100-0,E,SF-100,A,202311,22,375,0.0
E1,M10,100-0,E,SF-100,A,202312,23,384,0.0
E1,M10,100-0,E,SF-100,A,202401,24,393,0.0
E1,M10,100-0,E,SF-100,A,202402,25,403,0.0
E1,M10,100-0,E,SF-100,A,202403,26,412,0.0
E1,M10,100-0,E,SF-100,A,202404,27,421,0.0
E1,M10,100-0,E,SF-100,A,202405,28,430,0.0
E1,M10,100-0,E,SF-100,A,202406,29,439,1.0
E1,M10,100-0,E,SF-100,A,202407,30,448,0.0
E1,M10,100-0,E,SF-100,A,202408,31,457,0.0
E1,M10,100-0,E,SF-100,A,202409,32,466,1.0
E1,M10,100-0,E,SF-100,A,202410,33,475,1.0
E1,M10,100-0,E,SF-100,A,202411,34,484,0.0
E1,M10,100-0,E,SF-100,A,202412,35,494,0.0
E1,M10,101-0,A,SF-101,A,202203,2,938,0.0
E1,M10,101-0,A,SF-101,A,202204,3,983,1.0
E1,M10,101-0,A,SF-101,A,202205,4,1027,0.0
E1,M10,101-0,A,SF-101,A,202206,5,1071,1.0
E1,M10,101-0,A,SF-101,A,202207,6,1115,1.0
E1,M10,101-0,A,SF-101,A,202208,7,1159,2.0
E1,M10,101-0,A,SF-101,A,202209,8,1204,1.0
E1,M10,101-0,A,SF-101,A,202210,9,1248,2.0
E1,M10,101-0,A,SF-101,A,202211,10,1292,1.0
E1,M10,101-0,A,SF-101,A,202212,11,1336,1.0
E1,M10,101-0,A,SF-101,A,202301,12,1380,1.0
E1,M10,101-0,A,SF-101,A,202302,13,1425,1.0
E1,M10,101-0,A,SF-101,A,202303,14,1469,0.0
E1,M10,101-0,A,SF-101,A,202304,15,1513,1.0
E1,M10,101-0,A,SF-101,A,202305,16,1557,0.0
E1,M10,101-0,A,SF-101,A,202306,17,1601,1.0
E1,M10,101-0,A,SF-101,A,202307,18,1646,1.0
E1,M10,101-0,A,SF-101,A,202308,19,1690,2.0
E1,M10,101-0,A,SF-101,A,202309,20,1734,1.0
E1,M10,101-0,A,SF-101,A,202310,21,1778,4.0
E1,M10,101-0,A,SF-101,A,202311,22,1822,0.0
E1,M10,101-0,A,SF-101,A,202312,23,1867,2.0
E1,M10,101-0,A,SF-101,A,202401,24,1911,1.0
E1,M10,101-0,A,SF-101,A,202402,25,1955,1.0
E1,M10,101-0,A,SF-101,A,202403,26,1999,4.0
E1,M10,101-0,A,SF-101,A,202404,27,2043,4.0
E1,M10,101-0,A,SF-101,A,202405,28,2088,4.0
E1,M10,101-0,A,SF-101,A,202406,29,2132,1.0
E1,M10,101-0,A,SF-101,A,202407,30,2176,4.0
E1,M10,101-0,A,SF-101,A,202408,31,2220,3.0
E1,M10,101-0,A,SF-101,A,202409,32,2264,0.0
E1,M10,101-0,A,SF-101,A,202410,33,2309,1.0
E1,M10,101-0,A,SF-101,A,202411,34,2353,0.0
E1,M10,101-0,A,SF-101,A,202412,35,2397,3.0
E1,M10,101-0,ALL,SF-101,A,202201,0,2500,1.0
E1,M10,101-0,ALL,SF-101,A,202202,1,2630,0.0
E1,M10,101-0,ALL,SF-101,A,202203,2,2760,1.0
E1,M10,101-0,ALL,SF-101,A,202204,3,2890,2.0
E1,M10,101-0,ALL,SF-101,A,202205,4,3020,0.0
E1,M10,101-0,ALL,SF-101,A,202206,5,3150,3.0
E1,M10,101-0,ALL,SF-101,A,202207,6,3280,2.0
E1,M10,101-0,ALL,SF-101,A,202208,7,3410,4.0
E1,M10,101-0,ALL,SF-101,A,202209,8,3540,3.0
E1,M10,101-0,ALL,SF-101,A,202210,9,3670,3.0
E1,M10,101-0,ALL,SF-101,A,202211,10,3800,3.0
E1,M10,101-0,ALL,SF-101,A,202212,11,3930,2.0
E1,M10,101-0,ALL,SF-101,A,202301,12,4060,2.0
E1,M10,101-0,ALL,SF-101,A,202302,13,4190,4.0
E1,M10,101-0,ALL,SF-101,A,202303,14,4320,3.0
E1,M10,101-0,ALL,SF-101,A,202304,15,4450,4.0
E1,M10,101-0,ALL,SF-101,A,202305,16,4580,1.0
E1,M10,101-0,ALL,SF-101,A,202306,17,4710,7.0
E1,M10,101-0,ALL,SF-101,A,202307,18,4840,3.0
E1,M10,101-0,ALL,SF-101,A,202308,19,4970,4.0
E1,M10,101-0,ALL,SF-101,A,202309,20,5100,4.0
E1,M10,101-0,ALL,SF-101,A,202310,21,5230,6.0
E1,M10,101-0,ALL,SF-101,A,202311,22,5360,1.0
E1,M10,101-0,ALL,SF-101,A,202312,23,5490,3.0
E1,M10,101-0,ALL,SF-101,A,202401,24,5620,6.0
E1,M10,101-0,ALL,SF-101,A,202402,25,5750,2.0
E1,M10,101-0,ALL,SF-101,A,202403,26,5880,5.0
E1,M10,101-0,ALL,SF-101,A,202404,27,6010,8.0
E1,M10,101-0,ALL,SF-101,A,202405,28,6140,5.0
E1,M10,101-0,ALL,SF-101,A,202406,29,6270,10.0
E1,M10,101-0,ALL,SF-101,A,202407,30,6400,6.0
E1,M10,101-0,ALL,SF-101,A,202408,31,6530,7.0
E1,M10,101-0,ALL,SF-101,A,202409,32,6660,4.0
E1,M10,101-0,ALL,SF-101,A,202410,33,6790,6.0
E1,M10,101-0,ALL,SF-101,A,202411,34,6920,5.0
E1,M10,101-0,ALL,SF-101,A,202412,35,7050,5.0
E1,M10,101-0,B,SF-101,A,202203,2,662,0.0
E1,M10,101-0,B,SF-101,A,202204,3,694,0.0
E1,M10,101-0,B,SF-101,A,202205,4,725,0.0
E1,M10,101-0,B,SF-101,A,202206,5,756,1.0
E1,M10,101-0,B,SF-101,A,202207,6,787,1.0
E1,M10,101-0,B,SF-101,A,202208,7,818,1.0
E1,M10,101-0,B,SF-101,A,202209,8,850,1.0
E1,M10,101-0,B,SF-101,A,202210,9,881,1.0
E1,M10,101-0,B,SF-101,A,202211,10,912,1.0
E1,M10,101-0,B,SF-101,A,202212,11,943,0.0
E1,M10,101-0,B,SF-101,A,202301,12,974,1.0
E1,M10,101-0,B,SF-101,A,202302,13,1006,1.0
E1,M10,101-0,B,SF-101,A,202303,14,1037,1.0
E1,M10,101-0,B,SF-101,A,202304,15,1068,2.0
E1,M10,101-0,B,SF-101,A,202305,16,1099,1.0
E1,M10,101-0,B,SF-101,A,202306,17,1130,1.0
E1,M10,101-0,B,SF-101,A,202307,18,1162,2.0
E1,M10,101-0,B,SF-101,A,202308,19,1193,1.0
E1,M10,101-0,B,SF-101,A,202309,20,1224,2.0
E1,M10,101-0,B,SF-101,A,202310,21,1255,0.0
E1,M10,101-0,B,SF-101,A,202311,22,1286,0.0
E1,M10,101-0,B,SF-101,A,202312,23,1318,0.0
E1,M10,101-0,B,SF-101,A,202401,24,1349,5.0
E1,M10,101-0,B,SF-101,A,202402,25,1380,0.0
E1,M10,101-0,B,SF-101,A,202403,26,1411,0.0
E1,M10,101-0,B,SF-101,A,202404,27,1442,3.0
E1,M10,101-0,B,SF-101,A,202405,28,1474,0.0
E1,M10,101-0,B,SF-101,A,202406,29,1505,5.0
E1,M10,101-0,B,SF-101,A,202407,30,1536,0.0
E1,M10,101-0,B,SF-101,A,202408,31,1567,2.0
E1,M10,101-0,B,SF-101,A,202409,32,1598,1.0
E1,M10,101-0,B,SF-101,A,202410,33,1630,1.0
E1,M10,101-0,B,SF-101,A,202411,34,1661,3.0
E1,M10,101-0,B,SF-101,A,202412,35,1692,1.0
E1,M10,101-0,C,SF-101,A,202201,0,500,1.0
E1,M10,101-0,C,SF-101,A,202203,2,552,1.0
E1,M10,101-0,C,SF-101,A,202204,3,578,0.0
E1,M10,101-0,C,SF-101,A,202205,4,604,0.0
E1,M10,101-0,C,SF-101,A,202206,5,630,1.0
E1,M10,101-0,C,SF-101,A,202207,6,656,0.0
E1,M10,101-0,C,SF-101,A,202208,7,682,1.0
E1,M10,101-0,C,SF-101,A,202209,8,708,0.0
E1,M10,101-0,C,SF-101,A,202210,9,734,0.0
E1,M10,101-0,C,SF-101,A,202211,10,760,0.0
E1,M10,101-0,C,SF-101,A,202212,11,786,1.0
E1,M10,101-0,C,SF-101,A,202301,12,812,0.0
E1,M10,101-0,C,SF-101,A,202302,13,838,1.0
E1,M10,101-0,C,SF-101,A,202303,14,864,1.0
E1,M10,101-0,C,SF-101,A,202304,15,890,0.0
E1,M10,101-0,C,SF-101,A,202305,16,916,0.0
E1,M10,101-0,C,SF-101,A,202306,17,942,3.0
E1,M10,101-0,C,SF-101,A,202307,18,968,0.0
E1,M10,101-0,C,SF-101,A,202308,19,994,1.0
E1,M10,101-0,C,SF-101,A,202309,20,1020,0.0
E1,M10,101-0,C,SF-101,A,202310,21,1046,2.0
E1,M10,101-0,C,SF-101,A,202311,22,1072,0.0
E1,M10,101-0,C,SF-101,A,202312,23,1098,1.0
E1,M10,101-0,C,SF-101,A,202401,24,1124,0.0
E1,M10,101-0,C,SF-101,A,202402,25,1150,1.0
E1,M10,101-0,C,SF-101,A,202403,26,1176,0.0
E1,M10,101-0,C,SF-101,A,202404,27,1202,0.0
E1,M10,101-0,C,SF-101,A,202405,28,1228,1.0
E1,M10,101-0,C,SF-101,A,202406,29,1254,2.0
E1,M10,101-0,C,SF-101,A,202407,30,1280,1.0
E1,M10,101-0,C,SF-101,A,202408,31,1306,0.0
E1,M10,101-0,C,SF-101,A,202409,32,1332,1.0
E1,M10,101-0,C,SF-101,A,202410,33,1358,3.0
E1,M10,101-0,C,SF-101,A,202411,34,1384,1.0
E1,M10,101-0,D,SF-101,A,202203,2,414,0.0
E1,M10,101-0,D,SF-101,A,202204,3,434,1.0
E1,M10,101-0,D,SF-101,A,202205,4,453,0.0
E1,M10,101-0,D,SF-101,A,202206,5,472,0.0
E1,M10,101-0,D,SF-101,A,202207,6,492,0.0
E1,M10,101-0,D,SF-101,A,202208,7,512,0.0
E1,M10,101-0,D,SF-101,A,202209,8,531,0.0
E1,M10,101-0,D,SF-101,A,202210,9,550,0.0
E1,M10,101-0,D,SF-101,A,202211,10,570,1.0
E1,M10,101-0,D,SF-101,A,202212,11,590,0.0
E1,M10,101-0,D,SF-101,A,202301,12,609,0.0
E1,M10,101-0,D,SF-101,A,202302,13,628,1.0
E1,M10,101-0,D,SF-101,A,202303,14,648,1.0
E1,M10,101-0,D,SF-101,A,202304,15,668,0.0
E1,M10,101-0,D,SF-101,A,202305,16,687,0.0
E1,M10,101-0,D,SF-101,A,202306,17,706,2.0
E1,M10,101-0,D,SF-101,A,202307,18,726,0.0
E1,M10,101-0,D,SF-101,A,202308,19,746,0.0
E1,M10,101-0,D,SF-101,A,202309,20,765,0.0
E1,M10,101-0,D,SF-101,A,202310,21,784,0.0
E1,M10,101-0,D,SF-101,A,202311,22,804,1.0
E1,M10,101-0,D,SF-101,A,202312,23,824,0.0
E1,M10,101-0,D,SF-101,A,202401,24,843,0.0
E1,M10,101-0,D,SF-101,A,202402,25,862,0.0
E1,M10,101-0,D,SF-101,A,202403,26,882,1.0
E1,M10,101-0,D,SF-101,A,202404,27,902,0.0
E1,M10,101-0,D,SF-101,A,202405,28,921,0.0
E1,M10,101-0,D,SF-101,A,202406,29,940,1.0
E1,M10,101-0,D,SF-101,A,202407,30,960,1.0
E1,M10,101-0,D,SF-101,A,202408,31,980,0.0
E1,M10,101-0,D,SF-101,A,202409,32,999,2.0
E1,M10,101-0,D,SF-101,A,202410,33,1018,0.0
E1,M10,101-0,E,SF-101,A,202209,8,248,1.0
E1,M10,101-0,E,SF-101,A,202210,9,257,0.0
E1,M10,101-0,E,SF-101,A,202211,10,266,0.0
E1,M10,101-0,E,SF-101,A,202212,11,275,0.0
E1,M10,101-0,E,SF-101,A,202301,12,284,0.0
E1,M10,101-0,E,SF-101,A,202302,13,293,0.0
E1,M10,101-0,E,SF-101,A,202303,14,302,0.0
E1,M10,101-0,E,SF-101,A,202304,15,312,1.0
E1,M10,101-0,E,SF-101,A,202305,16,321,0.0
E1,M10,101-0,E,SF-101,A,202306,17,330,0.0
E1,M10,101-0,E,SF-101,A,202307,18,339,0.0
E1,M10,101-0,E,SF-101,A,202308,19,348,0.0
E1,M10,101-0,E,SF-101,A,202309,20,357,1.0
E1,M10,101-0,E,SF-101,A,202310,21,366,0.0
E1,M10,101-0,E,SF-101,A,202311,22,375,0.0
E1,M10,101-0,E,SF-101,A,202312,23,384,0.0
E1,M10,101-0,E,SF-101,A,202401,24,393,0.0
E1,M10,101-0,E,SF-101,A,202402,25,403,0.0
E1,M10,101-0,E,SF-101,A,202403,26,412,0.0
E1,M10,101-0,E,SF-101,A,202404,27,421,1.0
E1,M10,101-0,E,SF-101,A,202405,28,430,0.0
E1,M10,101-0,E,SF-101,A,202406,29,439,1.0
E1,M10,101-0,E,SF-101,A,202407,30,448,0.0
E1,M10,101-0,E,SF-101,A,202408,31,457,2.0
E1,M10,101-0,E,SF-101,A,202409,32,466,0.0
E1,M10,101-0,E,SF-101,A,202410,33,475,1.0
E1,M10,101-0,E,SF-101,A,202411,34,484,1.0
E1,M10,101-0,E,SF-101,A,202412,35,494,1.0
E1,M10,102-0,A,SF-102,A,202201,0,850,1.0
E1,M10,102-0,A,SF-102,A,202202,1,894,3.0
E1,M10,102-0,A,SF-102,A,202203,2,938,2.0
E1,M10,102-0,A,SF-102,A,202204,3,983,1.0
E1,M10,102-0,A,SF-102,A,202205,4,1027,2.0
E1,M10,102-0,A,SF-102,A,202206,5,1071,2.0
E1,M10,102-0,A,SF-102,A,202207,6,1115,1.0
E1,M10,102-0,A,SF-102,A,202208,7,1159,1.0
E1,M10,102-0,A,SF-102,A,202209,8,1204,2.0
E1,M10,102-0,A,SF-102,A,202210,9,1248,0.0
E1,M10,102-0,A,SF-102,A,202211,10,1292,0.0
E1,M10,102-0,A,SF-102,A,202212,11,1336,2.0
E1,M10,102-0,A,SF-102,A,202301,12,1380,3.0
E1,M10,102-0,A,SF-102,A,202302,13,1425,0.0
E1,M10,102-0,A,SF-102,A,202303,14,1469,0.0
E1,M10,102-0,A,SF-102,A,202304,15,1513,0.0
E1,M10,102-0,A,SF-102,A,202305,16,1557,1.0
E1,M10,102-0,A,SF-102,A,202306,17,1601,2.0
E1,M10,102-0,A,SF-102,A,202307,18,1646,1.0
E1,M10,102-0,A,SF-102,A,202308,19,1690,0.0
E1,M10,102-0,A,SF-102,A,202309,20,1734,2.0
E1,M10,102-0,A,SF-102,A,202310,21,1778,2.0
E1,M10,102-0,A,SF-102,A,202311,22,1822,0.0
E1,M10,102-0,A,SF-102,A,202312,23,1867,3.0
E1,M10,102-0,A,SF-102,A,202401,24,1911,5.0
E1,M10,102-0,A,SF-102,A,202402,25,1955,1.0
E1,M10,102-0,A,SF-102,A,202403,26,1999,3.0
E1,M10,102-0,A,SF-102,A,202404,27,2043,1.0
E1,M10,102-0,A,SF-102,A,202405,28,2088,0.0
E1,M10,102-0,A,SF-102,A,202406,29,2132,2.0
E1,M10,102-0,A,SF-102,A,202407,30,2176,2.0
E1,M10,102-0,A,SF-102,A,202408,31,2220,2.0
E1,M10,102-0,A,SF-102,A,202409,32,2264,1.0
E1,M10,102-0,A,SF-102,A,202410,33,2309,2.0
E1,M10,102-0,A,SF-102,A,202411,34,2353,4.0
E1,M10,102-0,A,SF-102,A,202412,35,2397,1.0
E1,M10,102-0,ALL,SF-102,A,202201,0,2500,2.0
E1,M10,102-0,ALL,SF-102,A,202202,1,2630,5.0
E1,M10,102-0,ALL,SF-102,A,202203,2,2760,3.0
E1,M10,102-0,ALL,SF-102,A,202204,3,2890,1.0
E1,M10,102-0,ALL,SF-102,A,202205,4,3020,3.0
E1,M10,102-0,ALL,SF-102,A,202206,5,3150,3.0
E1,M10,102-0,ALL,SF-102,A,202207,6,3280,2.0
E1,M10,102-0,ALL,SF-102,A,202208,7,3410,3.0
E1,M10,102-0,ALL,SF-102,A,202209,8,3540,4.0
E1,M10,102-0,ALL,SF-102,A,202210,9,3670,1.0
E1,M10,102-0,ALL,SF-102,A,202211,10,3800,1.0
E1,M10,102-0,ALL,SF-102,A,202212,11,3930,5.0
E1,M10,102-0,ALL,SF-102,A,202301,12,4060,9.0
E1,M10,102-0,ALL,SF-102,A,202302,13,4190,2.0
E1,M10,102-0,ALL,SF-102,A,202303,14,4320,4.0
E1,M10,102-0,ALL,SF-102,A,202304,15,4450,2.0
E1,M10,102-0,ALL,SF-102,A,202305,16,4580,4.0
E1,M10,102-0,ALL,SF-102,A,202306,17,4710,6.0
E1,M10,102-0,ALL,SF-102,A,202307,18,4840,5.0
E1,M10,102-0,ALL,SF-102,A,202308,19,4970,3.0
E1,M10,102-0,ALL,SF-102,A,202309,20,5100,7.0
E1,M10,102-0,ALL,SF-102,A,202310,21,5230,4.0
E1,M10,102-0,ALL,SF-102,A,202311,22,5360,1.0
E1,M10,102-0,ALL,SF-102,A,202312,23,5490,5.0
E1,M10,102-0,ALL,SF-102,A,202401,24,5620,12.0
E1,M10,102-0,ALL,SF-102,A,202402,25,5750,6.0
E1,M10,102-0,ALL,SF-102,A,202403,26,5880,9.0
E1,M10,102-0,ALL,SF-102,A,202404,27,6010,6.0
E1,M10,102-0,ALL,SF-102,A,202405,28,6140,1.0
E1,M10,102-0,ALL,SF-102,A,202406,29,6270,6.0
E1,M10,102-0,ALL,SF-102,A,202407,30,6400,5.0
E1,M10,102-0,ALL,SF-102,A,202408,31,6530,8.0
E1,M10,102-0,ALL,SF-102,A,202409,32,6660,6.0
E1,M10,102-0,ALL,SF-102,A,202410,33,6790,5.0
E1,M10,102-0,ALL,SF-102,A,202411,34,6920,8.0
E1,M10,102-0,ALL,SF-102,A,202412,35,7050,2.0
E1,M10,102-0,B,SF-102,A,202202,1,631,1.0
E1,M10,102-0,B,SF-102,A,202203,2,662,0.0
E1,M10,102-0,B,SF-102,A,202204,3,694,0.0
E1,M10,102-0,B,SF-102,A,202205,4,725,0.0
E1,M10,102-0,B,SF-102,A,202206,5,756,1.0
E1,M10,102-0,B,SF-102,A,202207,6,787,1.0
E1,M10,102-0,B,SF-102,A,202208,7,818,0.0
E1,M10,102-0,B,SF-102,A,202209,8,850,0.0
E1,M10,102-0,B,SF-102,A,202210,9,881,1.0
E1,M10,102-0,B,SF-102,A,202211,10,912,0.0
E1,M10,102-0,B,SF-102,A,202212,11,943,1.0
E1,M10,102-0,B,SF-102,A,202301,12,974,1.0
E1,M10,102-0,B,SF-102,A,202302,13,1006,1.0
E1,M10,102-0,B,SF-102,A,202303,14,1037,1.0
E1,M10,102-0,B,SF-102,A,202304,15,1068,0.0
E1,M10,102-0,B,SF-102,A,202305,16,1099,1.0
E1,M10,102-0,B,SF-102,A,202306,17,1130,0.0
E1,M10,102-0,B,SF-102,A,202307,18,1162,1.0
E1,M10,102-0,B,SF-102,A,202308,19,1193,1.0
E1,M10,102-0,B,SF-102,A,202309,20,1224,1.0
E1,M10,102-0,B,SF-102,A,202310,21,1255,1.0
E1,M10,102-0,B,SF-102,A,202311,22,1286,0.0
E1,M10,102-0,B,SF-102,A,202312,23,1318,1.0
E1,M10,102-0,B,SF-102,A,202401,24,1349,3.0
E1,M10,102-0,B,SF-102,A,202402,25,1380,2.0
E1,M10,102-0,B,SF-102,A,202403,26,1411,2.0
E1,M10,102-0,B,SF-102,A,202404,27,1442,2.0
E1,M10,102-0,B,SF-102,A,202405,28,1474,1.0
E1,M10,102-0,B,SF-102,A,202406,29,1505,1.0
E1,M10,102-0,B,SF-102,A,202407,30,1536,1.0
E1,M10,102-0,B,SF-102,A,202408,31,1567,1.0
E1,M10,102-0,B,SF-102,A,202409,32,1598,3.0
E1,M10,102-0,B,SF-102,A,202410,33,1630,3.0
E1,M10,102-0,B,SF-102,A,202411,34,1661,2.0
E1,M10,102-0,B,SF-102,A,202412,35,1692,0.0
E1,M10,102-0,C,SF-102,A,202201,0,500,1.0
E1,M10,102-0,C,SF-102,A,202203,2,552,1.0
E1,M10,102-0,C,SF-102,A,202204,3,578,0.0
E1,M10,102-0,C,SF-102,A,202205,4,604,0.0
E1,M10,102-0,C,SF-102,A,202206,5,630,0.0
E1,M10,102-0,C,SF-102,A,202207,6,656,0.0
E1,M10,102-0,C,SF-102,A,202208,7,682,0.0
E1,M10,102-0,C,SF-102,A,202209,8,708,1.0
E1,M10,102-0,C,SF-102,A,202210,9,734,0.0
E1,M10,102-0,C,SF-102,A,202211,10,760,1.0
E1,M10,102-0,C,SF-102,A,202212,11,786,2.0
E1,M10,102-0,C,SF-102,A,202301,12,812,3.0
E1,M10,102-0,C,SF-102,A,202302,13,838,1.0
E1,M10,102-0,C,SF-102,A,202303,14,864,2.0
E1,M10,102-0,C,SF-102,A,202304,15,890,1.0
E1,M10,102-0,C,SF-102,A,202305,16,916,0.0
E1,M10,102-0,C,SF-102,A,202306,17,942,3.0
E1,M10,102-0,C,SF-102,A,202307,18,968,1.0
E1,M10,102-0,C,SF-102,A,202308,19,994,1.0
E1,M10,102-0,C,SF-102,A,202309,20,1020,4.0
E1,M10,102-0,C,SF-102,A,202310,21,1046,1.0
E1,M10,102-0,C,SF-102,A,202311,22,1072,1.0
E1,M10,102-0,C,SF-102,A,202312,23,1098,0.0
E1,M10,102-0,C,SF-102,A,202401,24,1124,3.0
E1,M10,102-0,C,SF-102,A,202402,25,1150,1.0
E1,M10,102-0,C,SF-102,A,202403,26,1176,2.0
E1,M10,102-0,C,SF-102,A,202404,27,1202,1.0
E1,M10,102-0,C,SF-102,A,202405,28,1228,0.0
E1,M10,102-0,C,SF-102,A,202406,29,1254,2.0
E1,M10,102-0,C,SF-102,A,202407,30,1280,0.0
E1,M10,102-0,C,SF-102,A,202408,31,1306,3.0
E1,M10,102-0,C,SF-102,A,202409,32,1332,0.0
E1,M10,102-0,C,SF-102,A,202410,33,1358,0.0
E1,M10,102-0,C,SF-102,A,202411,34,1384,1.0
E1,M10,102-0,D,SF-102,A,202202,1,394,1.0
E1,M10,102-0,D,SF-102,A,202203,2,414,0.0
E1,M10,102-0,D,SF-102,A,202204,3,434,0.0
E1,M10,102-0,D,SF-102,A,202205,4,453,1.0
E1,M10,102-0,D,SF-102,A,202206,5,472,0.0
E1,M10,102-0,D,SF-102,A,202207,6,492,0.0
E1,M10,102-0,D,SF-102,A,202208,7,512,2.0
E1,M10,102-0,D,SF-102,A,202209,8,531,1.0
E1,M10,102-0,D,SF-102,A,202210,9,550,0.0
E1,M10,102-0,D,SF-102,A,202211,10,570,0.0
E1,M10,102-0,D,SF-102,A,202212,11,590,0.0
E1,M10,102-0,D,SF-102,A,202301,12,609,2.0
E1,M10,102-0,D,SF-102,A,202302,13,628,0.0
E1,M10,102-0,D,SF-102,A,202303,14,648,1.0
E1,M10,102-0,D,SF-102,A,202304,15,668,1.0
E1,M10,102-0,D,SF-102,A,202305,16,687,2.0
E1,M10,102-0,D,SF-102,A,202306,17,706,1.0
E1,M10,102-0,D,SF-102,A,202307,18,726,2.0
E1,M10,102-0,D,SF-102,A,202308,19,746,1.0
E1,M10,102-0,D,SF-102,A,202309,20,765,0.0
E1,M10,102-0,D,SF-102,A,202310,21,784,0.0
E1,M10,102-0,D,SF-102,A,202311,22,804,0.0
E1,M10,102-0,D,SF-102,A,202312,23,824,1.0
E1,M10,102-0,D,SF-102,A,202401,24,843,0.0
E1,M10,102-0,D,SF-102,A,202402,25,862,2.0
E1,M10,102-0,D,SF-102,A,202403,26,882,2.0
E1,M10,102-0,D,SF-102,A,202404,27,902,2.0
E1,M10,102-0,D,SF-102,A,202405,28,921,0.0
E1,M10,102-0,D,SF-102,A,202406,29,940,1.0
E1,M10,102-0,D,SF-102,A,202407,30,960,2.0
E1,M10,102-0,D,SF-102,A,202408,31,980,2.0
E1,M10,102-0,D,SF-102,A,202409,32,999,2.0
E1,M10,102-0,D,SF-102,A,202410,33,1018,0.0
E1,M10,102-0,E,SF-102,A,202209,8,248,0.0
E1,M10,102-0,E,SF-102,A,202210,9,257,0.0
E1,M10,102-0,E,SF-102,A,202211,10,266,0.0
E1,M10,102-0,E,SF-102,A,202212,11,275,0.0
E1,M10,102-0,E,SF-102,A,202301,12,284,0.0
E1,M10,102-0,E,SF-102,A,202302,13,293,0.0
E1,M10,102-0,E,SF-102,A,202303,14,302,0.0
E1,M10,102-0,E,SF-102,A,202304,15,312,0.0
E1,M10,102-0,E,SF-102,A,202305,16,321,0.0
E1,M10,102-0,E,SF-102,A,202306,17,330,0.0
E1,M10,102-0,E,SF-102,A,202307,18,339,0.0
E1,M10,102-0,E,SF-102,A,202308,19,348,0.0
E1,M10,102-0,E,SF-102,A,202309,20,357,0.0
E1,M10,102-0,E,SF-102,A,202310,21,366,0.0
E1,M10,102-0,E,SF-102,A,202311,22,375,0.0
E1,M10,102-0,E,SF-102,A,202312,23,384,0.0
E1,M10,102-0,E,SF-102,A,202401,24,393,1.0
E1,M10,102-0,E,SF-102,A,202402,25,403,0.0
E1,M10,102-0,E,SF-102,A,202403,26,412,0.0
E1,M10,102-0,E,SF-102,A,202404,27,421,0.0
E1,M10,102-0,E,SF-102,A,202405,28,430,0.0
E1,M10,102-0,E,SF-102,A,202406,29,439,0.0
E1,M10,102-0,E,SF-102,A,202407,30,448,0.0
E1,M10,102-0,E,SF-102,A,202408,31,457,0.0
E1,M10,102-0,E,SF-102,A,202409,32,466,0.0
E1,M10,102-0,E,SF-102,A,202410,33,475,0.0
E1,M10,102-0,E,SF-102,A,202411,34,484,1.0
E1,M10,102-0,E,SF-102,A,202412,35,494,1.0
E1,M10,103-0,A,SF-103,A,202201,0,850,1.0
E1,M10,103-0,A,SF-103,A,202203,2,938,0.0
E1,M10,103-0,A,SF-103,A,202204,3,983,1.0
E1,M10,103-0,A,SF-103,A,202205,4,1027,0.0
E1,M10,103-0,A,SF-103,A,202206,5,1071,0.0
E1,M10,103-0,A,SF-103,A,202207,6,1115,0.0
E1,M10,103-0,A,SF-103,A,202208,7,1159,0.0
E1,M10,103-0,A,SF-103,A,202209,8,1204,2.0
E1,M10,103-0,A,SF-103,A,202210,9,1248,0.0
E1,M10,103-0,A,SF-103,A,202211,10,1292,1.0
E1,M10,103-0,A,SF-103,A,202212,11,1336,0.0
E1,M10,103-0,A,SF-103,A,202301,12,1380,1.0
E1,M10,103-0,A,SF-103,A,202302,13,1425,2.0
E1,M10,103-0,A,SF-103,A,202303,14,1469,1.0
E1,M10,103-0,A,SF-103,A,202304,15,1513,1.0
E1,M10,103-0,A,SF-103,A,202305,16,1557,0.0
E1,M10,103-0,A,SF-103,A,202306,17,1601,0.0
E1,M10,103-0,A,SF-103,A,202307,18,1646,1.0
E1,M10,103-0,A,SF-103,A,202308,19,1690,1.0
E1,M10,103-0,A,SF-103,A,202309,20,1734,1.0
E1,M10,103-0,A,SF-103,A,202310,21,1778,1.0
E1,M10,103-0,A,SF-103,A,202311,22,1822,0.0
E1,M10,103-0,A,SF-103,A,202312,23,1867,2.0
E1,M10,103-0,A,SF-103,A,202401,24,1911,1.0
E1,M10,103-0,A,SF-103,A,202402,25,1955,1.0
E1,M10,103-0,A,SF-103,A,202403,26,1999,1.0
E1,M10,103-0,A,SF-103,A,202404,27,2043,1.0
E1,M10,103-0,A,SF-103,A,202405,28,2088,1.0
E1,M10,103-0,A,SF-103,A,202406,29,2132,2.0
E1,M10,103-0,A,SF-103,A,202407,30,2176,2.0
E1,M10,103-0,A,SF-103,A,202408,31,2220,0.0
E1,M10,103-0,A,SF-103,A,202409,32,2264,1.0
E1,M10,103-0,A,SF-103,A,202410,33,2309,1.0
E1,M10,103-0,A,SF-103,A,202411,34,2353,2.0
E1,M10,103-0,A,SF-103,A,202412,35,2397,1.0
E1,M10,103-0,ALL,SF-103,A,202201,0,2500,5.0
E1,M10,103-0,ALL,SF-103,A,202202,1,2630,1.0
E1,M10,103-0,ALL,SF-103,A,202203,2,2760,0.0
E1,M10,103-0,ALL,SF-103,A,202204,3,2890,3.0
E1,M10,103-0,ALL,SF-103,A,202205,4,3020,1.0
E1,M10,103-0,ALL,SF-103,A,202206,5,3150,1.0
E1,M10,103-0,ALL,SF-103,A,202207,6,3280,1.0
E1,M10,103-0,ALL,SF-103,A,202208,7,3410,1.0
E1,M10,103-0,ALL,SF-103,A,202209,8,3540,2.0
E1,M10,103-0,ALL,SF-103,A,202210,9,3670,1.0
E1,M10,103-0,ALL,SF-103,A,202211,10,3800,4.0
E1,M10,103-0,ALL,SF-103,A,202212,11,3930,0.0
E1,M10,103-0,ALL,SF-103,A,202301,12,4060,3.0
E1,M10,103-0,ALL,SF-103,A,202302,13,4190,4.0
E1,M10,103-0,ALL,SF-103,A,202303,14,4320,1.0
E1,M10,103-0,ALL,SF-103,A,202304,15,4450,6.0
E1,M10,103-0,ALL,SF-103,A,202305,16,4580,0.0
E1,M10,103-0,ALL,SF-103,A,202306,17,4710,4.0
E1,M10,103-0,ALL,SF-103,A,202307,18,4840,3.0
E1,M10,103-0,ALL,SF-103,A,202308,19,4970,1.0
E1,M10,103-0,ALL,SF-103,A,202309,20,5100,3.0
E1,M10,103-0,ALL,SF-103,A,202310,21,5230,1.0
E1,M10,103-0,ALL,SF-103,A,202311,22,5360,0.0
E1,M10,103-0,ALL,SF-103,A,202312,23,5490,4.0
E1,M10,103-0,ALL,SF-103,A,202401,24,5620,4.0
E1,M10,103-0,ALL,SF-103,A,202402,25,5750,5.0
E1,M10,103-0,ALL,SF-103,A,202403,26,5880,3.0
E1,M10,103-0,ALL,SF-103,A,202404,27,6010,4.0
E1,M10,103-0,ALL,SF-103,A,202405,28,6140,5.0
E1,M10,103-0,ALL,SF-103,A,202406,29,6270,3.0
E1,M10,103-0,ALL,SF-103,A,202407,30,6400,5.0
E1,M10,103-0,ALL,SF-103,A,202408,31,6530,0.0
E1,M10,103-0,ALL,SF-103,A,202409,32,6660,3.0
E1,M10,103-0,ALL,SF-103,A,202410,33,6790,2.0
E1,M10,103-0,ALL,SF-103,A,202411,34,6920,3.0
E1,M10,103-0,ALL,SF-103,A,202412,35,7050,2.0
E1,M10,103-0,B,SF-103,A,202201,0,600,3.0
E1,M10,103-0,B,SF-103,A,202202,1,631,1.0
E1,M10,103-0,B,SF-103,A,202203,2,662,0.0
E1,M10,103-0,B,SF-103,A,202204,3,694,2.0
E1,M10,103-0,B,SF-103,A,202205,4,725,0.0
E1,M10,103-0,B,SF-103,A,202206,5,756,0.0
E1,M10,103-0,B,SF-103,A,202207,6,787,1.0
E1,M10,103-0,B,SF-103,A,202208,7,818,1.0
E1,M10,103-0,B,SF-103,A,202209,8,850,0.0
E1,M10,103-0,B,SF-103,A,202210,9,881,0.0
E1,M10,103-0,B,SF-103,A,202211,10,912,2.0
E1,M10,103-0,B,SF-103,A,202212,11,943,0.0
E1,M10,103-0,B,SF-103,A,202301,12,974,1.0
E1,M10,103-0,B,SF-103,A,202302,13,1006,0.0
E1,M10,103-0,B,SF-103,A,202303,14,1037,0.0
E1,M10,103-0,B,SF-103,A,202304,15,1068,2.0
E1,M10,103-0,B,SF-103,A,202305,16,1099,0.0
E1,M10,103-0,B,SF-103,A,202306,17,1130,2.0
E1,M10,103-0,B,SF-103,A,202307,18,1162,2.0
E1,M10,103-0,B,SF-103,A,202308,19,1193,0.0
E1,M10,103-0,B,SF-103,A,202309,20,1224,1.0
E1,M10,103-0,B,SF-103,A,202310,21,1255,0.0
E1,M10,103-0,B,SF-103,A,202311,22,1286,0.0
E1,M10,103-0,B,SF-103,A,202312,23,1318,0.0
E1,M10,103-0,B,SF-103,A,202401,24,1349,1.0
E1,M10,103-0,B,SF-103,A,202402,25,1380,0.0
E1,M10,103-0,B,SF-103,A,202403,26,1411,2.0
E1,M10,103-0,B,SF-103,A,202404,27,1442,0.0
E1,M10,103-0,B,SF-103,A,202405,28,1474,2.0
E1,M10,103-0,B,SF-103,A,202406,29,1505,1.0
E1,M10,103-0,B,SF-103,A,202407,30,1536,2.0
E1,M10,103-0,B,SF-103,A,202408,31,1567,0.0
E1,M10,103-0,B,SF-103,A,202409,32,1598,0.0
E1,M10,103-0,B,SF-103,A,202410,33,1630,1.0
E1,M10,103-0,B,SF-103,A,202411,34,1661,1.0
E1,M10,103-0,B,SF-103,A,202412,35,1692,0.0
E1,M10,103-0,C,SF-103,A,202201,0,500,1.0
E1,M10,103-0,C,SF-103,A,202203,2,552,0.0
E1,M10,103-0,C,SF-103,A,202204,3,578,0.0
E1,M10,103-0,C,SF-103,A,202205,4,604,0.0
E1,M10,103-0,C,SF-103,A,202206,5,630,1.0
E1,M10,103-0,C,SF-103,A,202207,6,656,0.0
E1,M10,103-0,C,SF-103,A,202208,7,682,0.0
E1,M10,103-0,C,SF-103,A,202209,8,708,0.0
E1,M10,103-0,C,SF-103,A,202210,9,734,0.0
E1,M10,103-0,C,SF-103,A,202211,10,760,0.0
E1,M10,103-0,C,SF-103,A,202212,11,786,0.0
E1,M10,103-0,C,SF-103,A,202301,12,812,0.0
E1,M10,103-0,C,SF-103,A,202302,13,838,0.0
E1,M10,103-0,C,SF-103,A,202303,14,864,0.0
E1,M10,103-0,C,SF-103,A,202304,15,890,0.0
E1,M10,103-0,C,SF-103,A,202305,16,916,0.0
E1,M10,103-0,C,SF-103,A,202306,17,942,2.0
E1,M10,103-0,C,SF-103,A,202307,18,968,0.0
E1,M10,103-0,C,SF-103,A,202308,19,994,0.0
E1,M10,103-0,C,SF-103,A,202309,20,1020,1.0
E1,M10,103-0,C,SF-103,A,202310,21,1046,0.0
E1,M10,103-0,C,SF-103,A,202311,22,1072,0.0
E1,M10,103-0,C,SF-103,A,202312,23,1098,1.0
E1,M10,103-0,C,SF-103,A,202401,24,1124,1.0
E1,M10,103-0,C,SF-103,A,202402,25,1150,2.0
E1,M10,103-0,C,SF-103,A,202403,26,1176,0.0
E1,M10,103-0,C,SF-103,A,202404,27,1202,2.0
E1,M10,103-0,C,SF-103,A,202405,28,1228,1.0
E1,M10,103-0,C,SF-103,A,202406,29,1254,0.0
E1,M10,103-0,C,SF-103,A,202407,30,1280,1.0
E1,M10,103-0,C,SF-103,A,202408,31,1306,0.0
E1,M10,103-0,C,SF-103,A,202409,32,1332,0.0
E1,M10,103-0,C,SF-103,A,202410,33,1358,0.0
E1,M10,103-0,C,SF-103,A,202411,34,1384,0.0
E1,M10,103-0,D,SF-103,A,202203,2,414,0.0
E1,M10,103-0,D,SF-103,A,202204,3,434,0.0
E1,M10,103-0,D,SF-103,A,202205,4,453,1.0
E1,M10,103-0,D,SF-103,A,202206,5,472,0.0
E1,M10,103-0,D,SF-103,A,202207,6,492,0.0
E1,M10,103-0,D,SF-103,A,202208,7,512,0.0
E1,M10,103-0,D,SF-103,A,202209,8,531,0.0
E1,M10,103-0,D,SF-103,A,202210,9,550,1.0
E1,M10,103-0,D,SF-103,A,202211,10,570,0.0
E1,M10,103-0,D,SF-103,A,202212,11,590,0.0
E1,M10,103-0,D,SF-103,A,202301,12,609,1.0
E1,M10,103-0,D,SF-103,A,202302,13,628,2.0
E1,M10,103-0,D,SF-103,A,202303,14,648,0.0
E1,M10,103-0,D,SF-103,A,202304,15,668,2.0
E1,M10,103-0,D,SF-103,A,202305,16,687,0.0
E1,M10,103-0,D,SF-103,A,202306,17,706,0.0
E1,M10,103-0,D,SF-103,A,202307,18,726,0.0
E1,M10,103-0,D,SF-103,A,202308,19,746,0.0
E1,M10,103-0,D,SF-103,A,202309,20,765,0.0
E1,M10,103-0,D,SF-103,A,202310,21,784,0.0
E1,M10,103-0,D,SF-103,A,202311,22,804,0.0
E1,M10,103-0,D,SF-103,A,202312,23,824,1.0
E1,M10,103-0,D,SF-103,A,202401,24,843,1.0
E1,M10,103-0,D,SF-103,A,202402,25,862,1.0
E1,M10,103-0,D,SF-103,A,202403,26,882,0.0
E1,M10,103-0,D,SF-103,A,202404,27,902,1.0
E1,M10,103-0,D,SF-103,A,202405,28,921,1.0
E1,M10,103-0,D,SF-103,A,202406,29,940,0.0
E1,M10,103-0,D,SF-103,A,202407,30,960,0.0
E1,M10,103-0,D,SF-103,A,202408,31,980,0.0
E1,M10,103-0,D,SF-103,A,202409,32,999,2.0
E1,M10,103-0,D,SF-103,A,202410,33,1018,0.0
E1,M10,103-0,E,SF-103,A,202209,8,248,0.0
E1,M10,103-0,E,SF-103,A,202210,9,257,0.0
E1,M10,103-0,E,SF-103,A,202211,10,266,1.0
E1,M10,103-0,E,SF-103,A,202212,11,275,0.0
E1,M10,103-0,E,SF-103,A,202301,12,284,0.0
E1,M10,103-0,E,SF-103,A,202302,13,293,0.0
E1,M10,103-0,E,SF-103,A,202303,14,302,0.0
E1,M10,103-0,E,SF-103,A,202304,15,312,1.0
E1,M10,103-0,E,SF-103,A,202305,16,321,0.0
E1,M10,103-0,E,SF-103,A,202306,17,330,0.0
E1,M10,103-0,E,SF-103,A,202307,18,339,0.0
E1,M10,103-0,E,SF-103,A,202308,19,348,0.0
E1,M10,103-0,E,SF-103,A,202309,20,357,0.0
E1,M10,103-0,E,SF-103,A,202310,21,366,0.0
E1,M10,103-0,E,SF-103,A,202311,22,375,0.0
E1,M10,103-0,E,SF-103,A,202312,23,384,0.0
E1,M10,103-0,E,SF-103,A,202401,24,393,0.0
E1,M10,103-0,E,SF-103,A,202402,25,403,1.0
E1,M10,103-0,E,SF-103,A,202403,26,412,0.0
E1,M10,103-0,E,SF-103,A,202404,27,421,0.0
E1,M10,103-0,E,SF-103,A,202405,28,430,0.0
E1,M10,103-0,E,SF-103,A,202406,29,439,0.0
E1,M10,103-0,E,SF-103,A,202407,30,448,0.0
E1,M10,103-0,E,SF-103,A,202408,31,457,0.0
E1,M10,103-0,E,SF-103,A,202409,32,466,0.0
E1,M10,103-0,E,SF-103,A,202410,33,475,0.0
E1,M10,103-0,E,SF-103,A,202411,34,484,0.0
E1,M10,103-0,E,SF-103,A,202412,35,494,1.0
E1,M10,103-1,A,SF-103,A,202203,2,938,3.0
E1,M10,103-1,A,SF-103,A,202204,3,983,0.0
E1,M10,103-1,A,SF-103,A,202205,4,1027,1.0
E1,M10,103-1,A,SF-103,A,202206,5,1071,0.0
E1,M10,103-1,A,SF-103,A,202207,6,1115,0.0
E1,M10,103-1,A,SF-103,A,202208,7,1159,1.0
E1,M10,103-1,A,SF-103,A,202209,8,1204,1.0
E1,M10,103-1,A,SF-103,A,202210,9,1248,1.0
E1,M10,103-1,A,SF-103,A,202211,10,1292,1.0
E1,M10,103-1,A,SF-103,A,202212,11,1336,1.0
E1,M10,103-1,A,SF-103,A,202301,12,1380,0.0
E1,M10,103-1,A,SF-103,A,202302,13,1425,2.0
E1,M10,103-1,A,SF-103,A,202303,14,1469,1.0
E1,M10,103-1,A,SF-103,A,202304,15,1513,2.0
E1,M10,103-1,A,SF-103,A,202305,16,1557,2.0
E1,M10,103-1,A,SF-103,A,202306,17,1601,2.0
E1,M10,103-1,A,SF-103,A,202307,18,1646,2.0
E1,M10,103-1,A,SF-103,A,202308,19,1690,1.0
E1,M10,103-1,A,SF-103,A,202309,20,1734,1.0
E1,M10,103-1,A,SF-103,A,202310,21,1778,0.0
E1,M10,103-1,A,SF-103,A,202311,22,1822,1.0
E1,M10,103-1,A,SF-103,A,202312,23,1867,0.0
E1,M10,103-1,A,SF-103,A,202401,24,1911,0.0
E1,M10,103-1,A,SF-103,A,202402,25,1955,2.0
E1,M10,103-1,A,SF-103,A,202403,26,1999,2.0
E1,M10,103-1,A,SF-103,A,202404,27,2043,1.0
E1,M10,103-1,A,SF-103,A,202405,28,2088,0.0
E1,M10,103-1,A,SF-103,A,202406,29,2132,1.0
E1,M10,103-1,A,SF-103,A,202407,30,2176,3.0
E1,M10,103-1,A,SF-103,A,202408,31,2220,1.0
E1,M10,103-1,A,SF-103,A,202409,32,2264,2.0
E1,M10,103-1,A,SF-103,A,202410,33,2309,1.0
E1,M10,103-1,A,SF-103,A,202411,34,2353,0.0
E1,M10,103-1,A,SF-103,A,202412,35,2397,1.0
E1,M10,103-1,ALL,SF-103,A,202201,0,2500,3.0
E1,M10,103-1,ALL,SF-103,A,202202,1,2630,2.0
E1,M10,103-1,ALL,SF-103,A,202203,2,2760,3.0
E1,M10,103-1,ALL,SF-103,A,202204,3,2890,2.0
E1,M10,103-1,ALL,SF-103,A,202205,4,3020,2.0
E1,M10,103-1,ALL,SF-103,A,202206,5,3150,0.0
E1,M10,103-1,ALL,SF-103,A,202207,6,3280,2.0
E1,M10,103-1,ALL,SF-103,A,202208,7,3410,2.0
E1,M10,103-1,ALL,SF-103,A,202209,8,3540,3.0
E1,M10,103-1,ALL,SF-103,A,202210,9,3670,5.0
E1,M10,103-1,ALL,SF-103,A,202211,10,3800,3.0
E1,M10,103-1,ALL,SF-103,A,202212,11,3930,1.0
E1,M10,103-1,ALL,SF-103,A,202301,12,4060,4.0
E1,M10,103-1,ALL,SF-103,A,202302,13,4190,6.0
E1,M10,103-1,ALL,SF-103,A,202303,14,4320,5.0
E1,M10,103-1,ALL,SF-103,A,202304,15,4450,4.0
E1,M10,103-1,ALL,SF-103,A,202305,16,4580,4.0
E1,M10,103-1,ALL,SF-103,A,202306,17,4710,5.0
E1,M10,103-1,ALL,SF-103,A,202307,18,4840,3.0
E1,M10,103-1,ALL,SF-103,A,202308,19,4970,4.0
E1,M10,103-1,ALL,SF-103,A,202309,20,5100,3.0
E1,M10,103-1,ALL,SF-103,A,202310,21,5230,7.0
E1,M10,103-1,ALL,SF-103,A,202311,22,5360,4.0
E1,M10,103-1,ALL,SF-103,A,202312,23,5490,1.0
E1,M10,103-1,ALL,SF-103,A,202401,24,5620,3.0
E1,M10,103-1,ALL,SF-103,A,202402,25,5750,5.0
E1,M10,103-1,ALL,SF-103,A,202403,26,5880,2.0
E1,M10,103-1,ALL,SF-103,A,202404,27,6010,3.0
E1,M10,103-1,ALL,SF-103,A,202405,28,6140,3.0
E1,M10,103-1,ALL,SF-103,A,202406,29,6270,3.0
E1,M10,103-1,ALL,SF-103,A,202407,30,6400,9.0
E1,M10,103-1,ALL,SF-103,A,202408,31,6530,5.0
E1,M10,103-1,ALL,SF-103,A,202409,32,6660,4.0
E1,M10,103-1,ALL,SF-103,A,202410,33,6790,4.0
E1,M10,103-1,ALL,SF-103,A,202411,34,6920,2.0
E1,M10,103-1,ALL,SF-103,A,202412,35,7050,1.0
E1,M10,103-1,B,SF-103,A,202201,0,600,3.0
E1,M10,103-1,B,SF-103,A,202203,2,662,0.0
E1,M10,103-1,B,SF-103,A,202204,3,694,1.0
E1,M10,103-1,B,SF-103,A,202205,4,725,0.0
E1,M10,103-1,B,SF-103,A,202206,5,756,0.0
E1,M10,103-1,B,SF-103,A,202207,6,787,1.0
E1,M10,103-1,B,SF-103,A,202208,7,818,0.0
E1,M10,103-1,B,SF-103,A,202209,8,850,0.0
E1,M10,103-1,B,SF-103,A,202210,9,881,1.0
E1,M10,103-1,B,SF-103,A,202211,10,912,1.0
E1,M10,103-1,B,SF-103,A,202212,11,943,0.0
E1,M10,103-1,B,SF-103,A,202301,12,974,1.0
E1,M10,103-1,B,SF-103,A,202302,13,1006,0.0
E1,M10,103-1,B,SF-103,A,202303,14,1037,2.0
E1,M10,103-1,B,SF-103,A,202304,15,1068,1.0
E1,M10,103-1,B,SF-103,A,202305,16,1099,0.0
E1,M10,103-1,B,SF-103,A,202306,17,1130,0.0
E1,M10,103-1,B,SF-103,A,202307,18,1162,1.0
E1,M10,103-1,B,SF-103,A,202308,19,1193,1.0
E1,M10,103-1,B,SF-103,A,202309,20,1224,1.0
E1,M10,103-1,B,SF-103,A,202310,21,1255,2.0
E1,M10,103-1,B,SF-103,A,202311,22,1286,1.0
E1,M10,103-1,B,SF-103,A,202312,23,1318,1.0
E1,M10,103-1,B,SF-103,A,202401,24,1349,1.0
E1,M10,103-1,B,SF-103,A,202402,25,1380,1.0
E1,M10,103-1,B,SF-103,A,202403,26,1411,0.0
E1,M10,103-1,B,SF-103,A,202404,27,1442,0.0
E1,M10,103-1,B,SF-103,A,202405,28,1474,0.0
E1,M10,103-1,B,SF-103,A,202406,29,1505,1.0
E1,M10,103-1,B,SF-103,A,202407,30,1536,2.0
E1,M10,103-1,B,SF-103,A,202408,31,1567,1.0
E1,M10,103-1,B,SF-103,A,202409,32,1598,0.0
E1,M10,103-1,B,SF-103,A,202410,33,1630,1.0
E1,M10,103-1,B,SF-103,A,202411,34,1661,2.0
E1,M10,103-1,B,SF-103,A,202412,35,1692,0.0
E1,M10,103-1,C,SF-103,A,202202,1,526,1.0
E1,M10,103-1,C,SF-103,A,202203,2,552,0.0
E1,M10,103-1,C,SF-103,A,202204,3,578,1.0
E1,M10,103-1,C,SF-103,A,202205,4,604,0.0
E1,M10,103-1,C,SF-103,A,202206,5,630,0.0
E1,M10,103-1,C,SF-103,A,202207,6,656,0.0
E1,M10,103-1,C,SF-103,A,202208,7,682,1.0
E1,M10,103-1,C,SF-103,A,202209,8,708,2.0
E1,M10,103-1,C,SF-103,A,202210,9,734,3.0
E1,M10,103-1,C,SF-103,A,202211,10,760,0.0
E1,M10,103-1,C,SF-103,A,202212,11,786,0.0
E1,M10,103-1,C,SF-103,A,202301,12,812,0.0
E1,M10,103-1,C,SF-103,A,202302,13,838,1.0
E1,M10,103-1,C,SF-103,A,202303,14,864,0.0
E1,M10,103-1,C,SF-103,A,202304,15,890,0.0
E1,M10,103-1,C,SF-103,A,202305,16,916,2.0
E1,M10,103-1,C,SF-103,A,202306,17,942,1.0
E1,M10,103-1,C,SF-103,A,202307,18,968,0.0
E1,M10,103-1,C,SF-103,A,202308,19,994,1.0
E1,M10,103-1,C,SF-103,A,202309,20,1020,0.0
E1,M10,103-1,C,SF-103,A,202310,21,1046,4.0
E1,M10,103-1,C,SF-103,A,202311,22,1072,1.0
E1,M10,103-1,C,SF-103,A,202312,23,1098,0.0
E1,M10,103-1,C,SF-103,A,202401,24,1124,0.0
E1,M10,103-1,C,SF-103,A,202402,25,1150,1.0
E1,M10,103-1,C,SF-103,A,202403,26,1176,0.0
E1,M10,103-1,C,SF-103,A,202404,27,1202,0.0
E1,M10,103-1,C,SF-103,A,202405,28,1228,1.0
E1,M10,103-1,C,SF-103,A,202406,29,1254,1.0
E1,M10,103-1,C,SF-103,A,202407,30,1280,1.0
E1,M10,103-1,C,SF-103,A,202408,31,1306,2.0
E1,M10,103-1,C,SF-103,A,202409,32,1332,2.0
E1,M10,103-1,C,SF-103,A,202410,33,1358,1.0
E1,M10,103-1,C,SF-103,A,202411,34,1384,0.0
E1,M10,103-1,D,SF-103,A,202202,1,394,1.0
E1,M10,103-1,D,SF-103,A,202203,2,414,0.0
E1,M10,103-1,D,SF-103,A,202204,3,434,0.0
E1,M10,103-1,D,SF-103,A,202205,4,453,1.0
E1,M10,103-1,D,SF-103,A,202206,5,472,0.0
E1,M10,103-1,D,SF-103,A,202207,6,492,1.0
E1,M10,103-1,D,SF-103,A,202208,7,512,0.0
E1,M10,103-1,D,SF-103,A,202209,8,531,0.0
E1,M10,103-1,D,SF-103,A,202210,9,550,0.0
E1,M10,103-1,D,SF-103,A,202211,10,570,1.0
E1,M10,103-1,D,SF-103,A,202212,11,590,0.0
E1,M10,103-1,D,SF-103,A,202301,12,609,2.0
E1,M10,103-1,D,SF-103,A,202302,13,628,3.0
E1,M10,103-1,D,SF-103,A,202303,14,648,2.0
E1,M10,103-1,D,SF-103,A,202304,15,668,1.0
E1,M10,103-1,D,SF-103,A,202305,16,687,0.0
E1,M10,103-1,D,SF-103,A,202306,17,706,2.0
E1,M10,103-1,D,SF-103,A,202307,18,726,0.0
E1,M10,103-1,D,SF-103,A,202308,19,746,1.0
E1,M10,103-1,D,SF-103,A,202309,20,765,1.0
E1,M10,103-1,D,SF-103,A,202310,21,784,1.0
E1,M10,103-1,D,SF-103,A,202311,22,804,1.0
E1,M10,103-1,D,SF-103,A,202312,23,824,0.0
E1,M10,103-1,D,SF-103,A,202401,24,843,2.0
E1,M10,103-1,D,SF-103,A,202402,25,862,1.0
E1,M10,103-1,D,SF-103,A,202403,26,882,0.0
E1,M10,103-1,D,SF-103,A,202404,27,902,2.0
E1,M10,103-1,D,SF-103,A,202405,28,921,2.0
E1,M10,103-1,D,SF-103,A,202406,29,940,0.0
E1,M10,103-1,D,SF-103,A,202407,30,960,0.0
E1,M10,103-1,D,SF-103,A,202408,31,980,0.0
E1,M10,103-1,D,SF-103,A,202409,32,999,0.0
E1,M10,103-1,D,SF-103,A,202410,33,1018,0.0
E1,M10,103-1,E,SF-103,A,202209,8,248,0.0
E1,M10,103-1,E,SF-103,A,202210,9,257,0.0
E1,M10,103-1,E,SF-103,A,202211,10,266,0.0
E1,M10,103-1,E,SF-103,A,202212,11,275,0.0
E1,M10,103-1,E,SF-103,A,202301,12,284,1.0
E1,M10,103-1,E,SF-103,A,202302,13,293,0.0
E1,M10,103-1,E,SF-103,A,202303,14,302,0.0
E1,M10,103-1,E,SF-103,A,202304,15,312,0.0
E1,M10,103-1,E,SF-103,A,202305,16,321,0.0
E1,M10,103-1,E,SF-103,A,202306,17,330,0.0
E1,M10,103-1,E,SF-103,A,202307,18,339,0.0
E1,M10,103-1,E,SF-103,A,202308,19,348,0.0
E1,M10,103-1,E,SF-103,A,202309,20,357,0.0
E1,M10,103-1,E,SF-103,A,202310,21,366,0.0
E1,M10,103-1,E,SF-103,A,202311,22,375,0.0
E1,M10,103-1,E,SF-103,A,202312,23,384,0.0
E1,M10,103-1,E,SF-103,A,202401,24,393,0.0
E1,M10,103-1,E,SF-103,A,202402,25,403,0.0
E1,M10,103-1,E,SF-103,A,202403,26,412,0.0
E1,M10,103-1,E,SF-103,A,202404,27,421,0.0
E1,M10,103-1,E,SF-103,A,202405,28,430,0.0
E1,M10,103-1,E,SF-103,A,202406,29,439,0.0
E1,M10,103-1,E,SF-103,A,202407,30,448,3.0
E1,M10,103-1,E,SF-103,A,202408,31,457,1.0
E1,M10,103-1,E,SF-103,A,202409,32,466,0.0
E1,M10,103-1,E,SF-103,A,202410,33,475,1.0
E1,M10,103-1,E,SF-103,A,202411,34,484,0.0
E1,M10,103-1,E,SF-103,A,202412,35,494,0.0
E1,M10,104-0,A,SF-104,A,202201,0,850,3.0
E1,M10,104-0,A,SF-104,A,202203,2,938,1.0
E1,M10,104-0,A,SF-104,A,202204,3,983,1.0
E1,M10,104-0,A,SF-104,A,202205,4,1027,1.0
E1,M10,104-0,A,SF-104,A,202206,5,1071,0.0
E1,M10,104-0,A,SF-104,A,202207,6,1115,2.0
E1,M10,104-0,A,SF-104,A,202208,7,1159,0.0
E1,M10,104-0,A,SF-104,A,202209,8,1204,0.0
E1,M10,104-0,A,SF-104,A,202210,9,1248,1.0
E1,M10,104-0,A,SF-104,A,202211,10,1292,1.0
E1,M10,104-0,A,SF-104,A,202212,11,1336,2.0
E1,M10,104-0,A,SF-104,A,202301,12,1380,0.0
E1,M10,104-0,A,SF-104,A,202302,13,1425,0.0
E1,M10,104-0,A,SF-104,A,202303,14,1469,1.0
E1,M10,104-0,A,SF-104,A,202304,15,1513,1.0
E1,M10,104-0,A,SF-104,A,202305,16,1557,2.0
E1,M10,104-0,A,SF-104,A,202306,17,1601,2.0
E1,M10,104-0,A,SF-104,A,202307,18,1646,2.0
E1,M10,104-0,A,SF-104,A,202308,19,1690,2.0
E1,M10,104-0,A,SF-104,A,202309,20,1734,2.0
E1,M10,104-0,A,SF-104,A,202310,21,1778,0.0
E1,M10,104-0,A,SF-104,A,202311,22,1822,0.0
E1,M10,104-0,A,SF-104,A,202312,23,1867,1.0
E1,M10,104-0,A,SF-104,A,202401,24,1911,0.0
E1,M10,104-0,A,SF-104,A,202402,25,1955,2.0
E1,M10,104-0,A,SF-104,A,202403,26,1999,2.0
E1,M10,104-0,A,SF-104,A,202404,27,2043,3.0
E1,M10,104-0,A,SF-104,A,202405,28,2088,3.0
E1,M10,104-0,A,SF-104,A,202406,29,2132,4.0
E1,M10,104-0,A,SF-104,A,202407,30,2176,2.0
E1,M10,104-0,A,SF-104,A,202408,31,2220,2.0
E1,M10,104-0,A,SF-104,A,202409,32,2264,3.0
E1,M10,104-0,A,SF-104,A,202410,33,2309,0.0
E1,M10,104-0,A,SF-104,A,202411,34,2353,1.0
E1,M10,104-0,A,SF-104,A,202412,35,2397,0.0
E1,M10,104-0,ALL,SF-104,A,202201,0,2500,5.0
E1,M10,104-0,ALL,SF-104,A,202202,1,2630,2.0
E1,M10,104-0,ALL,SF-104,A,202203,2,2760,2.0
E1,M10,104-0,ALL,SF-104,A,202204,3,2890,1.0
E1,M10,104-0,ALL,SF-104,A,202205,4,3020,4.0
E1,M10,104-0,ALL,SF-104,A,202206,5,3150,1.0
E1,M10,104-0,ALL,SF-104,A,202207,6,3280,2.0
E1,M10,104-0,ALL,SF-104,A,202208,7,3410,2.0
E1,M10,104-0,ALL,SF-104,A,202209,8,3540,3.0
E1,M10,104-0,ALL,SF-104,A,202210,9,3670,2.0
E1,M10,104-0,ALL,SF-104,A,202211,10,3800,1.0
E1,M10,104-0,ALL,SF-104,A,202212,11,3930,3.0
E1,M10,104-0,ALL,SF-104,A,202301,12,4060,2.0
E1,M10,104-0,ALL,SF-104,A,202302,13,4190,3.0
E1,M10,104-0,ALL,SF-104,A,202303,14,4320,3.0
E1,M10,104-0,ALL,SF-104,A,202304,15,4450,7.0
E1,M10,104-0,ALL,SF-104,A,202305,16,4580,7.0
E1,M10,104-0,ALL,SF-104,A,202306,17,4710,4.0
E1,M10,104-0,ALL,SF-104,A,202307,18,4840,5.0
E1,M10,104-0,ALL,SF-104,A,202308,19,4970,7.0
E1,M10,104-0,ALL,SF-104,A,202309,20,5100,7.0
E1,M10,104-0,ALL,SF-104,A,202310,21,5230,2.0
E1,M10,104-0,ALL,SF-104,A,202311,22,5360,6.0
E1,M10,104-0,ALL,SF-104,A,202312,23,5490,3.0
E1,M10,104-0,ALL,SF-104,A,202401,24,5620,3.0
E1,M10,104-0,ALL,SF-104,A,202402,25,5750,5.0
E1,M10,104-0,ALL,SF-104,A,202403,26,5880,5.0
E1,M10,104-0,ALL,SF-104,A,202404,27,6010,7.0
E1,M10,104-0,ALL,SF-104,A,202405,28,6140,10.0
E1,M10,104-0,ALL,SF-104,A,202406,29,6270,9.0
E1,M10,104-0,ALL,SF-104,A,202407,30,6400,5.0
E1,M10,104-0,ALL,SF-104,A,202408,31,6530,6.0
E1,M10,104-0,ALL,SF-104,A,202409,32,6660,9.0
E1,M10,104-0,ALL,SF-104,A,202410,33,6790,0.0
E1,M10,104-0,ALL,SF-104,A,202411,34,6920,3.0
E1,M10,104-0,ALL,SF-104,A,202412,35,7050,2.0
E1,M10,104-0,B,SF-104,A,202201,0,600,1.0
E1,M10,104-0,B,SF-104,A,202202,1,631,1.0
E1,M10,104-0,B,SF-104,A,202203,2,662,1.0
E1,M10,104-0,B,SF-104,A,202204,3,694,0.0
E1,M10,104-0,B,SF-104,A,202205,4,725,0.0
E1,M10,104-0,B,SF-104,A,202206,5,756,0.0
E1,M10,104-0,B,SF-104,A,202207,6,787,0.0
E1,M10,104-0,B,SF-104,A,202208,7,818,1.0
E1,M10,104-0,B,SF-104,A,202209,8,850,0.0
E1,M10,104-0,B,SF-104,A,202210,9,881,0.0
E1,M10,104-0,B,SF-104,A,202211,10,912,0.0
E1,M10,104-0,B,SF-104,A,202212,11,943,1.0
E1,M10,104-0,B,SF-104,A,202301,12,974,0.0
E1,M10,104-0,B,SF-104,A,202302,13,1006,2.0
E1,M10,104-0,B,SF-104,A,202303,14,1037,1.0
E1,M10,104-0,B,SF-104,A,202304,15,1068,2.0
E1,M10,104-0,B,SF-104,A,202305,16,1099,1.0
E1,M10,104-0,B,SF-104,A,202306,17,1130,1.0
E1,M10,104-0,B,SF-104,A,202307,18,1162,1.0
E1,M10,104-0,B,SF-104,A,202308,19,1193,3.0
E1,M10,104-0,B,SF-104,A,202309,20,1224,0.0
E1,M10,104-0,B,SF-104,A,202310,21,1255,1.0
E1,M10,104-0,B,SF-104,A,202311,22,1286,2.0
E1,M10,104-0,B,SF-104,A,202312,23,1318,0.0
E1,M10,104-0,B,SF-104,A,202401,24,1349,0.0
E1,M10,104-0,B,SF-104,A,202402,25,1380,1.0
E1,M10,104-0,B,SF-104,A,202403,26,1411,2.0
E1,M10,104-0,B,SF-104,A,202404,27,1442,1.0
E1,M10,104-0,B,SF-104,A,202405,28,1474,0.0
E1,M10,104-0,B,SF-104,A,202406,29,1505,0.0
E1,M10,104-0,B,SF-104,A,202407,30,1536,2.0
E1,M10,104-0,B,SF-104,A,202408,31,1567,1.0
E1,M10,104-0,B,SF-104,A,202409,32,1598,2.0
E1,M10,104-0,B,SF-104,A,202410,33,1630,0.0
E1,M10,104-0,B,SF-104,A,202411,34,1661,1.0
E1,M10,104-0,B,SF-104,A,202412,35,1692,2.0
E1,M10,104-0,C,SF-104,A,202201,0,500,1.0
E1,M10,104-0,C,SF-104,A,202202,1,526,1.0
E1,M10,104-0,C,SF-104,A,202203,2,552,0.0
E1,M10,104-0,C,SF-104,A,202204,3,578,0.0
E1,M10,104-0,C,SF-104,A,202205,4,604,0.0
E1,M10,104-0,C,SF-104,A,202206,5,630,0.0
E1,M10,104-0,C,SF-104,A,202207,6,656,0.0
E1,M10,104-0,C,SF-104,A,202208,7,682,1.0
E1,M10,104-0,C,SF-104,A,202209,8,708,2.0
E1,M10,104-0,C,SF-104,A,202210,9,734,0.0
E1,M10,104-0,C,SF-104,A,202211,10,760,0.0
E1,M10,104-0,C,SF-104,A,202212,11,786,0.0
E1,M10,104-0,C,SF-104,A,202301,12,812,2.0
E1,M10,104-0,C,SF-104,A,202302,13,838,1.0
E1,M10,104-0,C,SF-104,A,202303,14,864,1.0
E1,M10,104-0,C,SF-104,A,202304,15,890,1.0
E1,M10,104-0,C,SF-104,A,202305,16,916,2.0
E1,M10,104-0,C,SF-104,A,202306,17,942,0.0
E1,M10,104-0,C,SF-104,A,202307,18,968,1.0
E1,M10,104-0,C,SF-104,A,202308,19,994,1.0
E1,M10,104-0,C,SF-104,A,202309,20,1020,2.0
E1,M10,104-0,C,SF-104,A,202310,21,1046,1.0
E1,M10,104-0,C,SF-104,A,202311,22,1072,2.0
E1,M10,104-0,C,SF-104,A,202312,23,1098,2.0
E1,M10,104-0,C,SF-104,A,202401,24,1124,3.0
E1,M10,104-0,C,SF-104,A,202402,25,1150,1.0
E1,M10,104-0,C,SF-104,A,202403,26,1176,1.0
E1,M10,104-0,C,SF-104,A,202404,27,1202,2.0
E1,M10,104-0,C,SF-104,A,202405,28,1228,6.0
E1,M10,104-0,C,SF-104,A,202406,29,1254,3.0
E1,M10,104-0,C,SF-104,A,202407,30,1280,1.0
E1,M10,104-0,C,SF-104,A,202408,31,1306,1.0
E1,M10,104-0,C,SF-104,A,202409,32,1332,4.0
E1,M10,104-0,C,SF-104,A,202410,33,1358,0.0
E1,M10,104-0,C,SF-104,A,202411,34,1384,1.0
E1,M10,104-0,D,SF-104,A,202203,2,414,0.0
E1,M10,104-0,D,SF-104,A,202204,3,434,0.0
E1,M10,104-0,D,SF-104,A,202205,4,453,3.0
E1,M10,104-0,D,SF-104,A,202206,5,472,1.0
E1,M10,104-0,D,SF-104,A,202207,6,492,0.0
E1,M10,104-0,D,SF-104,A,202208,7,512,0.0
E1,M10,104-0,D,SF-104,A,202209,8,531,1.0
E1,M10,104-0,D,SF-104,A,202210,9,550,0.0
E1,M10,104-0,D,SF-104,A,202211,10,570,0.0
E1,M10,104-0,D,SF-104,A,202212,11,590,0.0
E1,M10,104-0,D,SF-104,A,202301,12,609,0.0
E1,M10,104-0,D,SF-104,A,202302,13,628,0.0
E1,M10,104-0,D,SF-104,A,202303,14,648,0.0
E1,M10,104-0,D,SF-104,A,202304,15,668,2.0
E1,M10,104-0,D,SF-104,A,202305,16,687,1.0
E1,M10,104-0,D,SF-104,A,202306,17,706,1.0
E1,M10,104-0,D,SF-104,A,202307,18,726,0.0
E1,M10,104-0,D,SF-104,A,202308,19,746,1.0
E1,M10,104-0,D,SF-104,A,202309,20,765,1.0
E1,M10,104-0,D,SF-104,A,202310,21,784,0.0
E1,M10,104-0,D,SF-104,A,202311,22,804,2.0
E1,M10,104-0,D,SF-104,A,202312,23,824,0.0
E1,M10,104-0,D,SF-104,A,202401,24,843,0.0
E1,M10,104-0,D,SF-104,A,202402,25,862,0.0
E1,M10,104-0,D,SF-104,A,202403,26,882,0.0
E1,M10,104-0,D,SF-104,A,202404,27,902,0.0
E1,M10,104-0,D,SF-104,A,202405,28,921,0.0
E1,M10,104-0,D,SF-104,A,202406,29,940,2.0
E1,M10,104-0,D,SF-104,A,202407,30,960,0.0
E1,M10,104-0,D,SF-104,A,202408,31,980,0.0
E1,M10,104-0,D,SF-104,A,202409,32,999,0.0
E1,M10,104-0,D,SF-104,A,202410,33,1018,0.0
E1,M10,104-0,E,SF-104,A,202209,8,248,0.0
E1,M10,104-0,E,SF-104,A,202210,9,257,1.0
E1,M10,104-0,E,SF-104,A,202211,10,266,0.0
E1,M10,104-0,E,SF-104,A,202212,11,275,0.0
E1,M10,104-0,E,SF-104,A,202301,12,284,0.0
E1,M10,104-0,E,SF-104,A,202302,13,293,0.0
E1,M10,104-0,E,SF-104,A,202303,14,302,0.0
E1,M10,104-0,E,SF-104,A,202304,15,312,1.0
E1,M10,104-0,E,SF-104,A,202305,16,321,1.0
E1,M10,104-0,E,SF-104,A,202306,17,330,0.0
E1,M10,104-0,E,SF-104,A,202307,18,339,1.0
E1,M10,104-0,E,SF-104,A,202308,19,348,0.0
E1,M10,104-0,E,SF-104,A,202309,20,357,2.0
E1,M10,104-0,E,SF-104,A,202310,21,366,0.0
E1,M10,104-0,E,SF-104,A,202311,22,375,0.0
E1,M10,104-0,E,SF-104,A,202312,23,384,0.0
E1,M10,104-0,E,SF-104,A,202401,24,393,0.0
E1,M10,104-0,E,SF-104,A,202402,25,403,1.0
E1,M10,104-0,E,SF-104,A,202403,26,412,0.0
E1,M10,104-0,E,SF-104,A,202404,27,421,1.0
E1,M10,104-0,E,SF-104,A,202405,28,430,1.0
E1,M10,104-0,E,SF-104,A,202406,29,439,0.0
E1,M10,104-0,E,SF-104,A,202407,30,448,0.0
E1,M10,104-0,E,SF-104,A,202408,31,457,2.0
E1,M10,104-0,E,SF-104,A,202409,32,466,0.0
E1,M10,104-0,E,SF-104,A,202410,33,475,0.0
E1,M10,104-0,E,SF-104,A,202411,34,484,0.0
E1,M10,104-0,E,SF-104,A,202412,35,494,0.0
E1,M10,105-0,A,SF-105,A,202202,1,894,1.0
E1,M10,105-0,A,SF-105,A,202203,2,938,1.0
E1,M10,105-0,A,SF-105,A,202204,3,983,0.0
E1,M10,105-0,A,SF-105,A,202205,4,1027,0.0
E1,M10,105-0,A,SF-105,A,202206,5,1071,1.0
E1,M10,105-0,A,SF-105,A,202207,6,1115,1.0
E1,M10,105-0,A,SF-105,A,202208,7,1159,0.0
E1,M10,105-0,A,SF-105,A,202209,8,1204,0.0
E1,M10,105-0,A,SF-105,A,202210,9,1248,0.0
E1,M10,105-0,A,SF-105,A,202211,10,1292,1.0
E1,M10,105-0,A,SF-105,A,202212,11,1336,1.0
E1,M10,105-0,A,SF-105,A,202301,12,1380,0.0
E1,M10,105-0,A,SF-105,A,202302,13,1425,1.0
E1,M10,105-0,A,SF-105,A,202303,14,1469,1.0
E1,M10,105-0,A,SF-105,A,202304,15,1513,0.0
E1,M10,105-0,A,SF-105,A,202305,16,1557,1.0
E1,M10,105-0,A,SF-105,A,202306,17,1601,0.0
E1,M10,105-0,A,SF-105,A,202307,18,1646,1.0
E1,M10,105-0,A,SF-105,A,202308,19,1690,0.0
E1,M10,105-0,A,SF-105,A,202309,20,1734,0.0
E1,M10,105-0,A,SF-105,A,202310,21,1778,0.0
E1,M10,105-0,A,SF-105,A,202311,22,1822,1.0
E1,M10,105-0,A,SF-105,A,202312,23,1867,0.0
E1,M10,105-0,A,SF-105,A,202401,24,1911,0.0
E1,M10,105-0,A,SF-105,A,202402,25,1955,2.0
E1,M10,105-0,A,SF-105,A,202403,26,1999,1.0
E1,M10,105-0,A,SF-105,A,202404,27,2043,0.0
E1,M10,105-0,A,SF-105,A,202405,28,2088,1.0
E1,M10,105-0,A,SF-105,A,202406,29,2132,1.0
E1,M10,105-0,A,SF-105,A,202407,30,2176,2.0
E1,M10,105-0,A,SF-105,A,202408,31,2220,0.0
E1,M10,105-0,A,SF-105,A,202409,32,2264,2.0
E1,M10,105-0,A,SF-105,A,202410,33,2309,0.0
E1,M10,105-0,A,SF-105,A,202411,34,2353,0.0
E1,M10,105-0,A,SF-105,A,202412,35,2397,2.0
E1,M10,105-0,ALL,SF-105,A,202201,0,2500,1.0
E1,M10,105-0,ALL,SF-105,A,202202,1,2630,1.0
E1,M10,105-0,ALL,SF-105,A,202203,2,2760,1.0
E1,M10,105-0,ALL,SF-105,A,202204,3,2890,0.0
E1,M10,105-0,ALL,SF-105,A,202205,4,3020,2.0
E1,M10,105-0,ALL,SF-105,A,202206,5,3150,1.0
E1,M10,105-0,ALL,SF-105,A,202207,6,3280,1.0
E1,M10,105-0,ALL,SF-105,A,202208,7,3410,2.0
E1,M10,105-0,ALL,SF-105,A,202209,8,3540,2.0
E1,M10,105-0,ALL,SF-105,A,202210,9,3670,2.0
E1,M10,105-0,ALL,SF-105,A,202211,10,3800,1.0
E1,M10,105-0,ALL,SF-105,A,202212,11,3930,3.0
E1,M10,105-0,ALL,SF-105,A,202301,12,4060,2.0
E1,M10,105-0,ALL,SF-105,A,202302,13,4190,2.0
E1,M10,105-0,ALL,SF-105,A,202303,14,4320,3.0
E1,M10,105-0,ALL,SF-105,A,202304,15,4450,0.0
E1,M10,105-0,ALL,SF-105,A,202305,16,4580,1.0
E1,M10,105-0,ALL,SF-105,A,202306,17,4710,0.0
E1,M10,105-0,ALL,SF-105,A,202307,18,4840,2.0
E1,M10,105-0,ALL,SF-105,A,202308,19,4970,1.0
E1,M10,105-0,ALL,SF-105,A,202309,20,5100,1.0
E1,M10,105-0,ALL,SF-105,A,202310,21,5230,0.0
E1,M10,105-0,ALL,SF-105,A,202311,22,5360,2.0
E1,M10,105-0,ALL,SF-105,A,202312,23,5490,0.0
E1,M10,105-0,ALL,SF-105,A,202401,24,5620,0.0
E1,M10,105-0,ALL,SF-105,A,202402,25,5750,3.0
E1,M10,105-0,ALL,SF-105,A,202403,26,5880,2.0
E1,M10,105-0,ALL,SF-105,A,202404,27,6010,0.0
E1,M10,105-0,ALL,SF-105,A,202405,28,6140,4.0
E1,M10,105-0,ALL,SF-105,A,202406,29,6270,2.0
E1,M10,105-0,ALL,SF-105,A,202407,30,6400,4.0
E1,M10,105-0,ALL,SF-105,A,202408,31,6530,1.0
E1,M10,105-0,ALL,SF-105,A,202409,32,6660,5.0
E1,M10,105-0,ALL,SF-105,A,202410,33,6790,3.0
E1,M10,105-0,ALL,SF-105,A,202411,34,6920,0.0
E1,M10,105-0,ALL,SF-105,A,202412,35,7050,4.0
E1,M10,105-0,B,SF-105,A,202201,0,600,1.0
E1,M10,105-0,B,SF-105,A,202203,2,662,0.0
E1,M10,105-0,B,SF-105,A,202204,3,694,0.0
E1,M10,105-0,B,SF-105,A,202205,4,725,1.0
E1,M10,105-0,B,SF-105,A,202206,5,756,0.0
E1,M10,105-0,B,SF-105,A,202207,6,787,0.0
E1,M10,105-0,B,SF-105,A,202208,7,818,1.0
E1,M10,105-0,B,SF-105,A,202209,8,850,1.0
E1,M10,105-0,B,SF-105,A,202210,9,881,1.0
E1,M10,105-0,B,SF-105,A,202211,10,912,0.0
E1,M10,105-0,B,SF-105,A,202212,11,943,0.0
E1,M10,105-0,B,SF-105,A,202301,12,974,0.0
E1,M10,105-0,B,SF-105,A,202302,13,1006,0.0
E1,M10,105-0,B,SF-105,A,202303,14,1037,0.0
E1,M10,105-0,B,SF-105,A,202304,15,1068,0.0
E1,M10,105-0,B,SF-105,A,202305,16,1099,0.0
E1,M10,105-0,B,SF-105,A,202306,17,1130,0.0
E1,M10,105-0,B,SF-105,A,202307,18,1162,0.0
E1,M10,105-0,B,SF-105,A,202308,19,1193,0.0
E1,M10,105-0,B,SF-105,A,202309,20,1224,0.0
E1,M10,105-0,B,SF-105,A,202310,21,1255,0.0
E1,M10,105-0,B,SF-105,A,202311,22,1286,1.0
E1,M10,105-0,B,SF-105,A,202312,23,1318,0.0
E1,M10,105-0,B,SF-105,A,202401,24,1349,0.0
E1,M10,105-0,B,SF-105,A,202402,25,1380,1.0
E1,M10,105-0,B,SF-105,A,202403,26,1411,1.0
E1,M10,105-0,B,SF-105,A,202404,27,1442,0.0
E1,M10,105-0,B,SF-105,A,202405,28,1474,2.0
E1,M10,105-0,B,SF-105,A,202406,29,1505,0.0
E1,M10,105-0,B,SF-105,A,202407,30,1536,0.0
E1,M10,105-0,B,SF-105,A,202408,31,1567,0.0
E1,M10,105-0,B,SF-105,A,202409,32,1598,0.0
E1,M10,105-0,B,SF-105,A,202410,33,1630,1.0
E1,M10,105-0,B,SF-105,A,202411,34,1661,0.0
E1,M10,105-0,B,SF-105,A,202412,35,1692,1.0
E1,M10,105-0,C,SF-105,A,202203,2,552,0.0
E1,M10,105-0,C,SF-105,A,202204,3,578,0.0
E1,M10,105-0,C,SF-105,A,202205,4,604,1.0
E1,M10,105-0,C,SF-105,A,202206,5,630,0.0
E1,M10,105-0,C,SF-105,A,202207,6,656,0.0
E1,M10,105-0,C,SF-105,A,202208,7,682,0.0
E1,M10,105-0,C,SF-105,A,202209,8,708,1.0
E1,M10,105-0,C,SF-105,A,202210,9,734,0.0
E1,M10,105-0,C,SF-105,A,202211,10,760,0.0
E1,M10,105-0,C,SF-105,A,202212,11,786,1.0
E1,M10,105-0,C,SF-105,A,202301,12,812,0.0
E1,M10,105-0,C,SF-105,A,202302,13,838,0.0
E1,M10,105-0,C,SF-105,A,202303,14,864,0.0
E1,M10,105-0,C,SF-105,A,202304,15,890,0.0
E1,M10,105-0,C,SF-105,A,202305,16,916,0.0
E1,M10,105-0,C,SF-105,A,202306,17,942,0.0
E1,M10,105-0,C,SF-105,A,202307,18,968,0.0
E1,M10,105-0,C,SF-105,A,202308,19,994,0.0
E1,M10,105-0,C,SF-105,A,202309,20,1020,0.0
E1,M10,105-0,C,SF-105,A,202310,21,1046,0.0
E1,M10,105-0,C,SF-105,A,202311,22,1072,0.0
E1,M10,105-0,C,SF-105,A,202312,23,1098,0.0
E1,M10,105-0,C,SF-105,A,202401,24,1124,0.0
E1,M10,105-0,C,SF-105,A,202402,25,1150,0.0
E1,M10,105-0,C,SF-105,A,202403,26,1176,0.0
E1,M10,105-0,C,SF-105,A,202404,27,1202,0.0
E1,M10,105-0,C,SF-105,A,202405,28,1228,1.0
E1,M10,105-0,C,SF-105,A,202406,29,1254,0.0
E1,M10,105-0,C,SF-105,A,202407,30,1280,1.0
E1,M10,105-0,C,SF-105,A,202408,31,1306,0.0
E1,M10,105-0,C,SF-105,A,202409,32,1332,2.0
E1,M10,105-0,C,SF-105,A,202410,33,1358,2.0
E1,M10,105-0,C,SF-105,A,202411,34,1384,0.0
E1,M10,105-0,D,SF-105,A,202203,2,414,0.0
E1,M10,105-0,D,SF-105,A,202204,3,434,0.0
E1,M10,105-0,D,SF-105,A,202205,4,453,0.0
E1,M10,105-0,D,SF-105,A,202206,5,472,0.0
E1,M10,105-0,D,SF-105,A,202207,6,492,0.0
E1,M10,105-0,D,SF-105,A,202208,7,512,1.0
E1,M10,105-0,D,SF-105,A,202209,8,531,0.0
E1,M10,105-0,D,SF-105,A,202210,9,550,1.0
E1,M10,105-0,D,SF-105,A,202211,10,570,0.0
E1,M10,105-0,D,SF-105,A,202212,11,590,1.0
E1,M10,105-0,D,SF-105,A,202301,12,609,2.0
E1,M10,105-0,D,SF-105,A,202302,13,628,0.0
E1,M10,105-0,D,SF-105,A,202303,14,648,1.0
E1,M10,105-0,D,SF-105,A,202304,15,668,0.0
E1,M10,105-0,D,SF-105,A,202305,16,687,0.0
E1,M10,105-0,D,SF-105,A,202306,17,706,0.0
E1,M10,105-0,D,SF-105,A,202307,18,726,1.0
E1,M10,105-0,D,SF-105,A,202308,19,746,1.0
E1,M10,105-0,D,SF-105,A,202309,20,765,1.0
E1,M10,105-0,D,SF-105,A,202310,21,784,0.0
E1,M10,105-0,D,SF-105,A,202311,22,804,0.0
E1,M10,105-0,D,SF-105,A,202312,23,824,0.0
E1,M10,105-0,D,SF-105,A,202401,24,843,0.0
E1,M10,105-0,D,SF-105,A,202402,25,862,0.0
E1,M10,105-0,D,SF-105,A,202403,26,882,0.0
E1,M10,105-0,D,SF-105,A,202404,27,902,0.0
E1,M10,105-0,D,SF-105,A,202405,28,921,0.0
E1,M10,105-0,D,SF-105,A,202406,29,940,1.0
E1,M10,105-0,D,SF-105,A,202407,30,960,1.0
E1,M10,105-0,D,SF-105,A,202408,31,980,1.0
E1,M10,105-0,D,SF-105,A,202409,32,999,1.0
E1,M10,105-0,D,SF-105,A,202410,33,1018,0.0
E1,M10,105-0,E,SF-105,A,202209,8,248,0.0
E1,M10,105-0,E,SF-105,A,202210,9,257,0.0
E1,M10,105-0,E,SF-105,A,202211,10,266,0.0
E1,M10,105-0,E,SF-105,A,202212,11,275,0.0
E1,M10,105-0,E,SF-105,A,202301,12,284,0.0
E1,M10,105-0,E,SF-105,A,202302,13,293,1.0
E1,M10,105-0,E,SF-105,A,202303,14,302,1.0
E1,M10,105-0,E,SF-105,A,202304,15,312,0.0
E1,M10,105-0,E,SF-105,A,202305,16,321,0.0
E1,M10,105-0,E,SF-105,A,202306,17,330,0.0
E1,M10,105-0,E,SF-105,A,202307,18,339,0.0
E1,M10,105-0,E,SF-105,A,202308,19,348,0.0
E1,M10,105-0,E,SF-105,A,202309,20,357,0.0
E1,M10,105-0,E,SF-105,A,202310,21,366,0.0
E1,M10,105-0,E,SF-105,A,202311,22,375,0.0
E1,M10,105-0,E,SF-105,A,202312,23,384,0.0
E1,M10,105-0,E,SF-105,A,202401,24,393,0.0
E1,M10,105-0,E,SF-105,A,202402,25,403,0.0
E1,M10,105-0,E,SF-105,A,202403,26,412,0.0
E1,M10,105-0,E,SF-105,A,202404,27,421,0.0
E1,M10,105-0,E,SF-105,A,202405,28,430,0.0
E1,M10,105-0,E,SF-105,A,202406,29,439,0.0
E1,M10,105-0,E,SF-105,A,202407,30,448,0.0
E1,M10,105-0,E,SF-105,A,202408,31,457,0.0
E1,M10,105-0,E,SF-105,A,202409,32,466,0.0
E1,M10,105-0,E,SF-105,A,202410,33,475,0.0
E1,M10,105-0,E,SF-105,A,202411,34,484,0.0
E1,M10,105-0,E,SF-105,A,202412,35,494,1.0
E1,M11,100-0,A,SF-100,B,202203,0,850,4.0
E1,M11,100-0,A,SF-100,B,202204,1,894,2.0
E1,M11,100-0,A,SF-100,B,202205,2,938,2.0
E1,M11,100-0,A,SF-100,B,202206,3,983,0.0
E1,M11,100-0,A,SF-100,B,202207,4,1027,2.0
E1,M11,100-0,A,SF-100,B,202208,5,1071,0.0
E1,M11,100-0,A,SF-100,B,202209,6,1115,1.0
E1,M11,100-0,A,SF-100,B,202210,7,1159,3.0
E1,M11,100-0,A,SF-100,B,202211,8,1204,6.0
E1,M11,100-0,A,SF-100,B,202212,9,1248,4.0
E1,M11,100-0,A,SF-100,B,202301,10,1292,0.0
E1,M11,100-0,A,SF-100,B,202302,11,1336,2.0
E1,M11,100-0,A,SF-100,B,202303,12,1380,0.0
E1,M11,100-0,A,SF-100,B,202304,13,1425,3.0
E1,M11,100-0,A,SF-100,B,202305,14,1469,3.0
E1,M11,100-0,A,SF-100,B,202306,15,1513,2.0
E1,M11,100-0,A,SF-100,B,202307,16,1557,0.0
E1,M11,100-0,A,SF-100,B,202308,17,1601,2.0
E1,M11,100-0,A,SF-100,B,202309,18,1646,1.0
E1,M11,100-0,A,SF-100,B,202310,19,1690,2.0
E1,M11,100-0,A,SF-100,B,202311,20,1734,1.0
E1,M11,100-0,A,SF-100,B,202312,21,1778,3.0
E1,M11,100-0,A,SF-100,B,202401,22,1822,5.0
E1,M11,100-0,A,SF-100,B,202402,23,1867,5.0
E1,M11,100-0,A,SF-100,B,202403,24,1911,3.0
E1,M11,100-0,A,SF-100,B,202404,25,1955,1.0
E1,M11,100-0,A,SF-100,B,202405,26,1999,2.0
E1,M11,100-0,A,SF-100,B,202406,27,2043,5.0
E1,M11,100-0,A,SF-100,B,202407,28,2088,3.0
E1,M11,100-0,A,SF-100,B,202408,29,2132,1.0
E1,M11,100-0,A,SF-100,B,202409,30,2176,4.0
E1,M11,100-0,A,SF-100,B,202410,31,2220,4.0
E1,M11,100-0,A,SF-100,B,202411,32,2264,2.0
E1,M11,100-0,A,SF-100,B,202412,33,2309,3.0
E1,M11,100-0,ALL,SF-100,B,202203,0,2500,4.0
E1,M11,100-0,ALL,SF-100,B,202204,1,2630,5.0
E1,M11,100-0,ALL,SF-100,B,202205,2,2760,3.0
E1,M11,100-0,ALL,SF-100,B,202206,3,2890,0.0
E1,M11,100-0,ALL,SF-100,B,202207,4,3020,2.0
E1,M11,100-0,ALL,SF-100,B,202208,5,3150,5.0
E1,M11,100-0,ALL,SF-100,B,202209,6,3280,2.0
E1,M11,100-0,ALL,SF-100,B,202210,7,3410,4.0
E1,M11,100-0,ALL,SF-100,B,202211,8,3540,11.0
E1,M11,100-0,ALL,SF-100,B,202212,9,3670,8.0
E1,M11,100-0,ALL,SF-100,B,202301,10,3800,4.0
E1,M11,100-0,ALL,SF-100,B,202302,11,3930,6.0
E1,M11,100-0,ALL,SF-100,B,202303,12,4060,4.0
E1,M11,100-0,ALL,SF-100,B,202304,13,4190,8.0
E1,M11,100-0,ALL,SF-100,B,202305,14,4320,8.0
E1,M11,100-0,ALL,SF-100,B,202306,15,4450,5.0
E1,M11,100-0,ALL,SF-100,B,202307,16,4580,0.0
E1,M11,100-0,ALL,SF-100,B,202308,17,4710,6.0
E1,M11,100-0,ALL,SF-100,B,202309,18,4840,4.0
E1,M11,100-0,ALL,SF-100,B,202310,19,4970,4.0
E1,M11,100-0,ALL,SF-100,B,202311,20,5100,4.0
E1,M11,100-0,ALL,SF-100,B,202312,21,5230,8.0
E1,M11,100-0,ALL,SF-100,B,202401,22,5360,8.0
E1,M11,100-0,ALL,SF-100,B,202402,23,5490,13.0
E1,M11,100-0,ALL,SF-100,B,202403,24,5620,6.0
E1,M11,100-0,ALL,SF-100,B,202404,25,5750,2.0
E1,M11,100-0,ALL,SF-100,B,202405,26,5880,12.0
E1,M11,100-0,ALL,SF-100,B,202406,27,6010,9.0
E1,M11,100-0,ALL,SF-100,B,202407,28,6140,10.0
E1,M11,100-0,ALL,SF-100,B,202408,29,6270,9.0
E1,M11,100-0,ALL,SF-100,B,202409,30,6400,10.0
E1,M11,100-0,ALL,SF-100,B,202410,31,6530,10.0
E1,M11,100-0,ALL,SF-100,B,202411,32,6660,9.0
E1,M11,100-0,ALL,SF-100,B,202412,33,6790,4.0
E1,M11,100-0,B,SF-100,B,202204,1,631,1.0
E1,M11,100-0,B,SF-100,B,202205,2,662,1.0
E1,M11,100-0,B,SF-100,B,202206,3,694,0.0
E1,M11,100-0,B,SF-100,B,202207,4,725,0.0
E1,M11,100-0,B,SF-100,B,202208,5,756,1.0
E1,M11,100-0,B,SF-100,B,202209,6,787,1.0
E1,M11,100-0,B,SF-100,B,202210,7,818,0.0
E1,M11,100-0,B,SF-100,B,202211,8,850,2.0
E1,M11,100-0,B,SF-100,B,202212,9,881,1.0
E1,M11,100-0,B,SF-100,B,202301,10,912,0.0
E1,M11,100-0,B,SF-100,B,202302,11,943,2.0
E1,M11,100-0,B,SF-100,B,202303,12,974,0.0
E1,M11,100-0,B,SF-100,B,202304,13,1006,2.0
E1,M11,100-0,B,SF-100,B,202305,14,1037,4.0
E1,M11,100-0,B,SF-100,B,202306,15,1068,1.0
E1,M11,100-0,B,SF-100,B,202307,16,1099,0.0
E1,M11,100-0,B,SF-100,B,202308,17,1130,1.0
E1,M11,100-0,B,SF-100,B,202309,18,1162,0.0
E1,M11,100-0,B,SF-100,B,202310,19,1193,1.0
E1,M11,100-0,B,SF-100,B,202311,20,1224,2.0
E1,M11,100-0,B,SF-100,B,202312,21,1255,4.0
E1,M11,100-0,B,SF-100,B,202401,22,1286,1.0
E1,M11,100-0,B,SF-100,B,202402,23,1318,6.0
E1,M11,100-0,B,SF-100,B,202403,24,1349,3.0
E1,M11,100-0,B,SF-100,B,202404,25,1380,0.0
E1,M11,100-0,B,SF-100,B,202405,26,1411,3.0
E1,M11,100-0,B,SF-100,B,202406,27,1442,2.0
E1,M11,100-0,B,SF-100,B,202407,28,1474,5.0
E1,M11,100-0,B,SF-100,B,202408,29,1505,3.0
E1,M11,100-0,B,SF-100,B,202409,30,1536,2.0
E1,M11,100-0,B,SF-100,B,202410,31,1567,3.0
E1,M11,100-0,B,SF-100,B,202411,32,1598,3.0
E1,M11,100-0,B,SF-100,B,202412,33,1630,0.0
E1,M11,100-0,C,SF-100,B,202204,1,526,1.0
E1,M11,100-0,C,SF-100,B,202205,2,552,0.0
E1,M11,100-0,C,SF-100,B,202206,3,578,0.0
E1,M11,100-0,C,SF-100,B,202207,4,604,0.0
E1,M11,100-0,C,SF-100,B,202208,5,630,3.0
E1,M11,100-0,C,SF-100,B,202209,6,656,0.0
E1,M11,100-0,C,SF-100,B,202210,7,682,1.0
E1,M11,100-0,C,SF-100,B,202211,8,708,0.0
E1,M11,100-0,C,SF-100,B,202212,9,734,1.0
E1,M11,100-0,C,SF-100,B,202301,10,760,1.0
E1,M11,100-0,C,SF-100,B,202302,11,786,1.0
E1,M11,100-0,C,SF-100,B,202303,12,812,2.0
E1,M11,100-0,C,SF-100,B,202304,13,838,1.0
E1,M11,100-0,C,SF-100,B,202305,14,864,0.0
E1,M11,100-0,C,SF-100,B,202306,15,890,0.0
E1,M11,100-0,C,SF-100,B,202307,16,916,0.0
E1,M11,100-0,C,SF-100,B,202308,17,942,1.0
E1,M11,100-0,C,SF-100,B,202309,18,968,2.0
E1,M11,100-0,C,SF-100,B,202310,19,994,0.0
E1,M11,100-0,C,SF-100,B,202311,20,1020,1.0
E1,M11,100-0,C,SF-100,B,202312,21,1046,0.0
E1,M11,100-0,C,SF-100,B,202401,22,1072,1.0
E1,M11,100-0,C,SF-100,B,202402,23,1098,0.0
E1,M11,100-0,C,SF-100,B,202403,24,1124,0.0
E1,M11,100-0,C,SF-100,B,202404,25,1150,0.0
E1,M11,100-0,C,SF-100,B,202405,26,1176,1.0
E1,M11,100-0,C,SF-100,B,202406,27,1202,0.0
E1,M11,100-0,C,SF-100,B,202407,28,1228,0.0
E1,M11,100-0,C,SF-100,B,202408,29,1254,1.0
E1,M11,100-0,C,SF-100,B,202409,30,1280,1.0
E1,M11,100-0,C,SF-100,B,202410,31,1306,3.0
E1,M11,100-0,C,SF-100,B,202411,32,1332,1.0
E1,M11,100-0,D,SF-100,B,202204,1,394,1.0
E1,M11,100-0,D,SF-100,B,202205,2,414,0.0
E1,M11,100-0,D,SF-100,B,202206,3,434,0.0
E1,M11,100-0,D,SF-100,B,202207,4,453,0.0
E1,M11,100-0,D,SF-100,B,202208,5,472,1.0
E1,M11,100-0,D,SF-100,B,202209,6,492,0.0
E1,M11,100-0,D,SF-100,B,202210,7,512,0.0
E1,M11,100-0,D,SF-100,B,202211,8,531,1.0
E1,M11,100-0,D,SF-100,B,202212,9,550,2.0
E1,M11,100-0,D,SF-100,B,202301,10,570,3.0
E1,M11,100-0,D,SF-100,B,202302,11,590,1.0
E1,M11,100-0,D,SF-100,B,202303,12,609,2.0
E1,M11,100-0,D,SF-100,B,202304,13,628,1.0
E1,M11,100-0,D,SF-100,B,202305,14,648,1.0
E1,M11,100-0,D,SF-100,B,202306,15,668,1.0
E1,M11,100-0,D,SF-100,B,202307,16,687,0.0
E1,M11,100-0,D,SF-100,B,202308,17,706,1.0
E1,M11,100-0,D,SF-100,B,202309,18,726,1.0
E1,M11,100-0,D,SF-100,B,202310,19,746,1.0
E1,M11,100-0,D,SF-100,B,202311,20,765,0.0
E1,M11,100-0,D,SF-100,B,202312,21,784,0.0
E1,M11,100-0,D,SF-100,B,202401,22,804,0.0
E1,M11,100-0,D,SF-100,B,202402,23,824,2.0
E1,M11,100-0,D,SF-100,B,202403,24,843,0.0
E1,M11,100-0,D,SF-100,B,202404,25,862,1.0
E1,M11,100-0,D,SF-100,B,202405,26,882,4.0
E1,M11,100-0,D,SF-100,B,202406,27,902,0.0
E1,M11,100-0,D,SF-100,B,202407,28,921,1.0
E1,M11,100-0,D,SF-100,B,202408,29,940,4.0
E1,M11,100-0,D,SF-100,B,202409,30,960,1.0
E1,M11,100-0,D,SF-100,B,202410,31,980,0.0
E1,M11,100-0,E,SF-100,B,202211,8,248,2.0
E1,M11,100-0,E,SF-100,B,202212,9,257,0.0
E1,M11,100-0,E,SF-100,B,202301,10,266,0.0
E1,M11,100-0,E,SF-100,B,202302,11,275,0.0
E1,M11,100-0,E,SF-100,B,202303,12,284,0.0
E1,M11,100-0,E,SF-100,B,202304,13,293,1.0
E1,M11,100-0,E,SF-100,B,202305,14,302,0.0
E1,M11,100-0,E,SF-100,B,202306,15,312,1.0
E1,M11,100-0,E,SF-100,B,202307,16,321,0.0
E1,M11,100-0,E,SF-100,B,202308,17,330,1.0
E1,M11,100-0,E,SF-100,B,202309,18,339,0.0
E1,M11,100-0,E,SF-100,B,202310,19,348,0.0
E1,M11,100-0,E,SF-100,B,202311,20,357,0.0
E1,M11,100-0,E,SF-100,B,202312,21,366,1.0
E1,M11,100-0,E,SF-100,B,202401,22,375,1.0
E1,M11,100-0,E,SF-100,B,202402,23,384,0.0
E1,M11,100-0,E,SF-100,B,202403,24,393,0.0
E1,M11,100-0,E,SF-100,B,202404,25,403,0.0
E1,M11,100-0,E,SF-100,B,202405,26,412,2.0
E1,M11,100-0,E,SF-100,B,202406,27,421,2.0
E1,M11,100-0,E,SF-100,B,202407,28,430,1.0
E1,M11,100-0,E,SF-100,B,202408,29,439,0.0
E1,M11,100-0,E,SF-100,B,202409,30,448,2.0
E1,M11,100-0,E,SF-100,B,202410,31,457,0.0
E1,M11,100-0,E,SF-100,B,202411,32,466,3.0
E1,M11,100-0,E,SF-100,B,202412,33,475,1.0
E1,M11,101-0,A,SF-101,B,202204,1,894,1.0
E1,M11,101-0,A,SF-101,B,202205,2,938,0.0
E1,M11,101-0,A,SF-101,B,202206,3,983,1.0
E1,M11,101-0,A,SF-101,B,202207,4,1027,0.0
E1,M11,101-0,A,SF-101,B,202208,5,1071,2.0
E1,M11,101-0,A,SF-101,B,202209,6,1115,1.0
E1,M11,101-0,A,SF-101,B,202210,7,1159,1.0
E1,M11,101-0,A,SF-101,B,202211,8,1204,0.0
E1,M11,101-0,A,SF-101,B,202212,9,1248,1.0
E1,M11,101-0,A,SF-101,B,202301,10,1292,0.0
E1,M11,101-0,A,SF-101,B,202302,11,1336,1.0
E1,M11,101-0,A,SF-101,B,202303,12,1380,1.0
E1,M11,101-0,A,SF-101,B,202304,13,1425,1.0
E1,M11,101-0,A,SF-101,B,202305,14,1469,0.0
E1,M11,101-0,A,SF-101,B,202306,15,1513,2.0
E1,M11,101-0,A,SF-101,B,202307,16,1557,1.0
E1,M11,101-0,A,SF-101,B,202308,17,1601,0.0
E1,M11,101-0,A,SF-101,B,202309,18,1646,1.0
E1,M11,101-0,A,SF-101,B,202310,19,1690,0.0
E1,M11,101-0,A,SF-101,B,202311,20,1734,0.0
E1,M11,101-0,A,SF-101,B,202312,21,1778,0.0
E1,M11,101-0,A,SF-101,B,202401,22,1822,1.0
E1,M11,101-0,A,SF-101,B,202402,23,1867,4.0
E1,M11,101-0,A,SF-101,B,202403,24,1911,2.0
E1,M11,101-0,A,SF-101,B,202404,25,1955,1.0
E1,M11,101-0,A,SF-101,B,202405,26,1999,0.0
E1,M11,101-0,A,SF-101,B,202406,27,2043,1.0
E1,M11,101-0,A,SF-101,B,202407,28,2088,4.0
E1,M11,101-0,A,SF-101,B,202408,29,2132,1.0
E1,M11,101-0,A,SF-101,B,202409,30,2176,0.0
E1,M11,101-0,A,SF-101,B,202410,31,2220,5.0
E1,M11,101-0,A,SF-101,B,202411,32,2264,3.0
E1,M11,101-0,A,SF-101,B,202412,33,2309,0.0
E1,M11,101-0,ALL,SF-101,B,202203,0,2500,2.0
E1,M11,101-0,ALL,SF-101,B,202204,1,2630,4.0
E1,M11,101-0,ALL,SF-101,B,202205,2,2760,2.0
E1,M11,101-0,ALL,SF-101,B,202206,3,2890,2.0
E1,M11,101-0,ALL,SF-101,B,202207,4,3020,3.0
E1,M11,101-0,ALL,SF-101,B,202208,5,3150,4.0
E1,M11,101-0,ALL,SF-101,B,202209,6,3280,4.0
E1,M11,101-0,ALL,SF-101,B,202210,7,3410,2.0
E1,M11,101-0,ALL,SF-101,B,202211,8,3540,0.0
E1,M11,101-0,ALL,SF-101,B,202212,9,3670,3.0
E1,M11,101-0,ALL,SF-101,B,202301,10,3800,3.0
E1,M11,101-0,ALL,SF-101,B,202302,11,3930,3.0
E1,M11,101-0,ALL,SF-101,B,202303,12,4060,4.0
E1,M11,101-0,ALL,SF-101,B,202304,13,4190,2.0
E1,M11,101-0,ALL,SF-101,B,202305,14,4320,2.0
E1,M11,101-0,ALL,SF-101,B,202306,15,4450,5.0
E1,M11,101-0,ALL,SF-101,B,202307,16,4580,2.0
E1,M11,101-0,ALL,SF-101,B,202308,17,4710,2.0
E1,M11,101-0,ALL,SF-101,B,202309,18,4840,1.0
E1,M11,101-0,ALL,SF-101,B,202310,19,4970,5.0
E1,M11,101-0,ALL,SF-101,B,202311,20,5100,6.0
E1,M11,101-0,ALL,SF-101,B,202312,21,5230,2.0
E1,M11,101-0,ALL,SF-101,B,202401,22,5360,3.0
E1,M11,101-0,ALL,SF-101,B,202402,23,5490,7.0
E1,M11,101-0,ALL,SF-101,B,202403,24,5620,8.0
E1,M11,101-0,ALL,SF-101,B,202404,25,5750,7.0
E1,M11,101-0,ALL,SF-101,B,202405,26,5880,6.0
E1,M11,101-0,ALL,SF-101,B,202406,27,6010,4.0
E1,M11,101-0,ALL,SF-101,B,202407,28,6140,6.0
E1,M11,101-0,ALL,SF-101,B,202408,29,6270,3.0
E1,M11,101-0,ALL,SF-101,B,202409,30,6400,3.0
E1,M11,101-0,ALL,SF-101,B,202410,31,6530,8.0
E1,M11,101-0,ALL,SF-101,B,202411,32,6660,8.0
E1,M11,101-0,ALL,SF-101,B,202412,33,6790,2.0
E1,M11,101-0,B,SF-101,B,202204,1,631,1.0
E1,M11,101-0,B,SF-101,B,202205,2,662,1.0
E1,M11,101-0,B,SF-101,B,202206,3,694,0.0
E1,M11,101-0,B,SF-101,B,202207,4,725,1.0
E1,M11,101-0,B,SF-101,B,202208,5,756,1.0
E1,M11,101-0,B,SF-101,B,202209,6,787,2.0
E1,M11,101-0,B,SF-101,B,202210,7,818,1.0
E1,M11,101-0,B,SF-101,B,202211,8,850,0.0
E1,M11,101-0,B,SF-101,B,202212,9,881,2.0
E1,M11,101-0,B,SF-101,B,202301,10,912,3.0
E1,M11,101-0,B,SF-101,B,202302,11,943,0.0
E1,M11,101-0,B,SF-101,B,202303,12,974,1.0
E1,M11,101-0,B,SF-101,B,202304,13,1006,0.0
E1,M11,101-0,B,SF-101,B,202305,14,1037,1.0
E1,M11,101-0,B,SF-101,B,202306,15,1068,0.0
E1,M11,101-0,B,SF-101,B,202307,16,1099,0.0
E1,M11,101-0,B,SF-101,B,202308,17,1130,1.0
E1,M11,101-0,B,SF-101,B,202309,18,1162,0.0
E1,M11,101-0,B,SF-101,B,202310,19,1193,3.0
E1,M11,101-0,B,SF-101,B,202311,20,1224,4.0
E1,M11,101-0,B,SF-101,B,202312,21,1255,0.0
E1,M11,101-0,B,SF-101,B,202401,22,1286,2.0
E1,M11,101-0,B,SF-101,B,202402,23,1318,0.0
E1,M11,101-0,B,SF-101,B,202403,24,1349,1.0
E1,M11,101-0,B,SF-101,B,202404,25,1380,2.0
E1,M11,101-0,B,SF-101,B,202405,26,1411,2.0
E1,M11,101-0,B,SF-101,B,202406,27,1442,1.0
E1,M11,101-0,B,SF-101,B,202407,28,1474,0.0
E1,M11,101-0,B,SF-101,B,202408,29,1505,1.0
E1,M11,101-0,B,SF-101,B,202409,30,1536,0.0
E1,M11,101-0,B,SF-101,B,202410,31,1567,2.0
E1,M11,101-0,B,SF-101,B,202411,32,1598,0.0
E1,M11,101-0,B,SF-101,B,202412,33,1630,1.0
E1,M11,101-0,C,SF-101,B,202204,1,526,2.0
E1,M11,101-0,C,SF-101,B,202205,2,552,1.0
E1,M11,101-0,C,SF-101,B,202206,3,578,0.0
E1,M11,101-0,C,SF-101,B,202207,4,604,1.0
E1,M11,101-0,C,SF-101,B,202208,5,630,1.0
E1,M11,101-0,C,SF-101,B,202209,6,656,0.0
E1,M11,101-0,C,SF-101,B,202210,7,682,0.0
E1,M11,101-0,C,SF-101,B,202211,8,708,0.0
E1,M11,101-0,C,SF-101,B,202212,9,734,0.0
E1,M11,101-0,C,SF-101,B,202301,10,760,0.0
E1,M11,101-0,C,SF-101,B,202302,11,786,0.0
E1,M11,101-0,C,SF-101,B,202303,12,812,1.0
E1,M11,101-0,C,SF-101,B,202304,13,838,1.0
E1,M11,101-0,C,SF-101,B,202305,14,864,0.0
E1,M11,101-0,C,SF-101,B,202306,15,890,2.0
E1,M11,101-0,C,SF-101,B,202307,16,916,0.0
E1,M11,101-0,C,SF-101,B,202308,17,942,0.0
E1,M11,101-0,C,SF-101,B,202309,18,968,0.0
E1,M11,101-0,C,SF-101,B,202310,19,994,0.0
E1,M11,101-0,C,SF-101,B,202311,20,1020,1.0
E1,M11,101-0,C,SF-101,B,202312,21,1046,1.0
E1,M11,101-0,C,SF-101,B,202401,22,1072,0.0
E1,M11,101-0,C,SF-101,B,202402,23,1098,1.0
E1,M11,101-0,C,SF-101,B,202403,24,1124,1.0
E1,M11,101-0,C,SF-101,B,202404,25,1150,2.0
E1,M11,101-0,C,SF-101,B,202405,26,1176,1.0
E1,M11,101-0,C,SF-101,B,202406,27,1202,1.0
E1,M11,101-0,C,SF-101,B,202407,28,1228,0.0
E1,M11,101-0,C,SF-101,B,202408,29,1254,1.0
E1,M11,101-0,C,SF-101,B,202409,30,1280,2.0
E1,M11,101-0,C,SF-101,B,202410,31,1306,1.0
E1,M11,101-0,C,SF-101,B,202411,32,1332,2.0
E1,M11,101-0,D,SF-101,B,202203,0,375,2.0
E1,M11,101-0,D,SF-101,B,202205,2,414,0.0
E1,M11,101-0,D,SF-101,B,202206,3,434,1.0
E1,M11,101-0,D,SF-101,B,202207,4,453,1.0
E1,M11,101-0,D,SF-101,B,202208,5,472,0.0
E1,M11,101-0,D,SF-101,B,202209,6,492,1.0
E1,M11,101-0,D,SF-101,B,202210,7,512,0.0
E1,M11,101-0,D,SF-101,B,202211,8,531,0.0
E1,M11,101-0,D,SF-101,B,202212,9,550,0.0
E1,M11,101-0,D,SF-101,B,202301,10,570,0.0
E1,M11,101-0,D,SF-101,B,202302,11,590,1.0
E1,M11,101-0,D,SF-101,B,202303,12,609,1.0
E1,M11,101-0,D,SF-101,B,202304,13,628,0.0
E1,M11,101-0,D,SF-101,B,202305,14,648,1.0
E1,M11,101-0,D,SF-101,B,202306,15,668,0.0
E1,M11,101-0,D,SF-101,B,202307,16,687,1.0
E1,M11,101-0,D,SF-101,B,202308,17,706,0.0
E1,M11,101-0,D,SF-101,B,202309,18,726,0.0
E1,M11,101-0,D,SF-101,B,202310,19,746,0.0
E1,M11,101-0,D,SF-101,B,202311,20,765,0.0
E1,M11,101-0,D,SF-101,B,202312,21,784,1.0
E1,M11,101-0,D,SF-101,B,202401,22,804,0.0
E1,M11,101-0,D,SF-101,B,202402,23,824,2.0
E1,M11,101-0,D,SF-101,B,202403,24,843,3.0
E1,M11,101-0,D,SF-101,B,202404,25,862,2.0
E1,M11,101-0,D,SF-101,B,202405,26,882,1.0
E1,M11,101-0,D,SF-101,B,202406,27,902,1.0
E1,M11,101-0,D,SF-101,B,202407,28,921,2.0
E1,M11,101-0,D,SF-101,B,202408,29,940,0.0
E1,M11,101-0,D,SF-101,B,202409,30,960,0.0
E1,M11,101-0,D,SF-101,B,202410,31,980,0.0
E1,M11,101-0,E,SF-101,B,202211,8,248,0.0
E1,M11,101-0,E,SF-101,B,202212,9,257,0.0
E1,M11,101-0,E,SF-101,B,202301,10,266,0.0
E1,M11,101-0,E,SF-101,B,202302,11,275,1.0
E1,M11,101-0,E,SF-101,B,202303,12,284,0.0
E1,M11,101-0,E,SF-101,B,202304,13,293,0.0
E1,M11,101-0,E,SF-101,B,202305,14,302,0.0
E1,M11,101-0,E,SF-101,B,202306,15,312,1.0
E1,M11,101-0,E,SF-101,B,202307,16,321,0.0
E1,M11,101-0,E,SF-101,B,202308,17,330,1.0
E1,M11,101-0,E,SF-101,B,202309,18,339,0.0
E1,M11,101-0,E,SF-101,B,202310,19,348,2.0
E1,M11,101-0,E,SF-101,B,202311,20,357,1.0
E1,M11,101-0,E,SF-101,B,202312,21,366,0.0
E1,M11,101-0,E,SF-101,B,202401,22,375,0.0
E1,M11,101-0,E,SF-101,B,202402,23,384,0.0
E1,M11,101-0,E,SF-101,B,202403,24,393,1.0
E1,M11,101-0,E,SF-101,B,202404,25,403,0.0
E1,M11,101-0,E,SF-101,B,202405,26,412,2.0
E1,M11,101-0,E,SF-101,B,202406,27,421,0.0
E1,M11,101-0,E,SF-101,B,202407,28,430,0.0
E1,M11,101-0,E,SF-101,B,202408,29,439,0.0
E1,M11,101-0,E,SF-101,B,202409,30,448,1.0
E1,M11,101-0,E,SF-101,B,202410,31,457,0.0
E1,M11,101-0,E,SF-101,B,202411,32,466,3.0
E1,M11,101-0,E,SF-101,B,202412,33,475,1.0
E1,M11,102-0,A,SF-102,B,202203,0,850,2.0
E1,M11,102-0,A,SF-102,B,202204,1,894,1.0
E1,M11,102-0,A,SF-102,B,202205,2,938,2.0
E1,M11,102-0,A,SF-102,B,202206,3,983,1.0
E1,M11,102-0,A,SF-102,B,202207,4,1027,3.0
E1,M11,102-0,A,SF-102,B,202208,5,1071,1.0
E1,M11,102-0,A,SF-102,B,202209,6,1115,2.0
E1,M11,102-0,A,SF-102,B,202210,7,1159,1.0
E1,M11,102-0,A,SF-102,B,202211,8,1204,1.0
E1,M11,102-0,A,SF-102,B,202212,9,1248,1.0
E1,M11,102-0,A,SF-102,B,202301,10,1292,0.0
E1,M11,102-0,A,SF-102,B,202302,11,1336,2.0
E1,M11,102-0,A,SF-102,B,202303,12,1380,0.0
E1,M11,102-0,A,SF-102,B,202304,13,1425,1.0
E1,M11,102-0,A,SF-102,B,202305,14,1469,2.0
E1,M11,102-0,A,SF-102,B,202306,15,1513,2.0
E1,M11,102-0,A,SF-102,B,202307,16,1557,1.0
E1,M11,102-0,A,SF-102,B,202308,17,1601,1.0
E1,M11,102-0,A,SF-102,B,202309,18,1646,2.0
E1,M11,102-0,A,SF-102,B,202310,19,1690,1.0
E1,M11,102-0,A,SF-102,B,202311,20,1734,1.0
E1,M11,102-0,A,SF-102,B,202312,21,1778,1.0
E1,M11,102-0,A,SF-102,B,202401,22,1822,4.0
E1,M11,102-0,A,SF-102,B,202402,23,1867,2.0
E1,M11,102-0,A,SF-102,B,202403,24,1911,0.0
E1,M11,102-0,A,SF-102,B,202404,25,1955,5.0
E1,M11,102-0,A,SF-102,B,202405,26,1999,2.0
E1,M11,102-0,A,SF-102,B,202406,27,2043,0.0
E1,M11,102-0,A,SF-102,B,202407,28,2088,1.0
E1,M11,102-0,A,SF-102,B,202408,29,2132,0.0
E1,M11,102-0,A,SF-102,B,202409,30,2176,0.0
E1,M11,102-0,A,SF-102,B,202410,31,2220,2.0
E1,M11,102-0,A,SF-102,B,202411,32,2264,5.0
E1,M11,102-0,A,SF-102,B,202412,33,2309,4.0
E1,M11,102-0,ALL,SF-102,B,202203,0,2500,3.0
E1,M11,102-0,ALL,SF-102,B,202204,1,2630,4.0
E1,M11,102-0,ALL,SF-102,B,202205,2,2760,4.0
E1,M11,102-0,ALL,SF-102,B,202206,3,2890,2.0
E1,M11,102-0,ALL,SF-102,B,202207,4,3020,5.0
E1,M11,102-0,ALL,SF-102,B,202208,5,3150,1.0
E1,M11,102-0,ALL,SF-102,B,202209,6,3280,3.0
E1,M11,102-0,ALL,SF-102,B,202210,7,3410,6.0
E1,M11,102-0,ALL,SF-102,B,202211,8,3540,2.0
E1,M11,102-0,ALL,SF-102,B,202212,9,3670,6.0
E1,M11,102-0,ALL,SF-102,B,202301,10,3800,1.0
E1,M11,102-0,ALL,SF-102,B,202302,11,3930,6.0
E1,M11,102-0,ALL,SF-102,B,202303,12,4060,3.0
E1,M11,102-0,ALL,SF-102,B,202304,13,4190,3.0
E1,M11,102-0,ALL,SF-102,B,202305,14,4320,5.0
E1,M11,102-0,ALL,SF-102,B,202306,15,4450,8.0
E1,M11,102-0,ALL,SF-102,B,202307,16,4580,5.0
E1,M11,102-0,ALL,SF-102,B,202308,17,4710,6.0
E1,M11,102-0,ALL,SF-102,B,202309,18,4840,5.0
E1,M11,102-0,ALL,SF-102,B,202310,19,4970,7.0
E1,M11,102-0,ALL,SF-102,B,202311,20,5100,7.0
E1,M11,102-0,ALL,SF-102,B,202312,21,5230,3.0
E1,M11,102-0,ALL,SF-102,B,202401,22,5360,9.0
E1,M11,102-0,ALL,SF-102,B,202402,23,5490,7.0
E1,M11,102-0,ALL,SF-102,B,202403,24,5620,5.0
E1,M11,102-0,ALL,SF-102,B,202404,25,5750,8.0
E1,M11,102-0,ALL,SF-102,B,202405,26,5880,5.0
E1,M11,102-0,ALL,SF-102,B,202406,27,6010,3.0
E1,M11,102-0,ALL,SF-102,B,202407,28,6140,5.0
E1,M11,102-0,ALL,SF-102,B,202408,29,6270,5.0
E1,M11,102-0,ALL,SF-102,B,202409,30,6400,5.0
E1,M11,102-0,ALL,SF-102,B,202410,31,6530,4.0
E1,M11,102-0,ALL,SF-102,B,202411,32,6660,9.0
E1,M11,102-0,ALL,SF-102,B,202412,33,6790,4.0
E1,M11,102-0,B,SF-102,B,202203,0,600,1.0
E1,M11,102-0,B,SF-102,B,202204,1,631,1.0
E1,M11,102-0,B,SF-102,B,202205,2,662,1.0
E1,M11,102-0,B,SF-102,B,202206,3,694,0.0
E1,M11,102-0,B,SF-102,B,202207,4,725,1.0
E1,M11,102-0,B,SF-102,B,202208,5,756,0.0
E1,M11,102-0,B,SF-102,B,202209,6,787,0.0
E1,M11,102-0,B,SF-102,B,202210,7,818,3.0
E1,M11,102-0,B,SF-102,B,202211,8,850,1.0
E1,M11,102-0,B,SF-102,B,202212,9,881,3.0
E1,M11,102-0,B,SF-102,B,202301,10,912,0.0
E1,M11,102-0,B,SF-102,B,202302,11,943,2.0
E1,M11,102-0,B,SF-102,B,202303,12,974,1.0
E1,M11,102-0,B,SF-102,B,202304,13,1006,1.0
E1,M11,102-0,B,SF-102,B,202305,14,1037,0.0
E1,M11,102-0,B,SF-102,B,202306,15,1068,2.0
E1,M11,102-0,B,SF-102,B,202307,16,1099,2.0
E1,M11,102-0,B,SF-102,B,202308,17,1130,1.0
E1,M11,102-0,B,SF-102,B,202309,18,1162,1.0
E1,M11,102-0,B,SF-102,B,202310,19,1193,2.0
E1,M11,102-0,B,SF-102,B,202311,20,1224,1.0
E1,M11,102-0,B,SF-102,B,202312,21,1255,0.0
E1,M11,102-0,B,SF-102,B,202401,22,1286,2.0
E1,M11,102-0,B,SF-102,B,202402,23,1318,2.0
E1,M11,102-0,B,SF-102,B,202403,24,1349,3.0
E1,M11,102-0,B,SF-102,B,202404,25,1380,0.0
E1,M11,102-0,B,SF-102,B,202405,26,1411,1.0
E1,M11,102-0,B,SF-102,B,202406,27,1442,2.0
E1,M11,102-0,B,SF-102,B,202407,28,1474,0.0
E1,M11,102-0,B,SF-102,B,202408,29,1505,3.0
E1,M11,102-0,B,SF-102,B,202409,30,1536,2.0
E1,M11,102-0,B,SF-102,B,202410,31,1567,1.0
E1,M11,102-0,B,SF-102,B,202411,32,1598,3.0
E1,M11,102-0,B,SF-102,B,202412,33,1630,0.0
E1,M11,102-0,C,SF-102,B,202205,2,552,0.0
E1,M11,102-0,C,SF-102,B,202206,3,578,1.0
E1,M11,102-0,C,SF-102,B,202207,4,604,1.0
E1,M11,102-0,C,SF-102,B,202208,5,630,0.0
E1,M11,102-0,C,SF-102,B,202209,6,656,1.0
E1,M11,102-0,C,SF-102,B,202210,7,682,2.0
E1,M11,102-0,C,SF-102,B,202211,8,708,0.0
E1,M11,102-0,C,SF-102,B,202212,9,734,1.0
E1,M11,102-0,C,SF-102,B,202301,10,760,0.0
E1,M11,102-0,C,SF-102,B,202302,11,786,1.0
E1,M11,102-0,C,SF-102,B,202303,12,812,2.0
E1,M11,102-0,C,SF-102,B,202304,13,838,1.0
E1,M11,102-0,C,SF-102,B,202305,14,864,0.0
E1,M11,102-0,C,SF-102,B,202306,15,890,1.0
E1,M11,102-0,C,SF-102,B,202307,16,916,1.0
E1,M11,102-0,C,SF-102,B,202308,17,942,2.0
E1,M11,102-0,C,SF-102,B,202309,18,968,2.0
E1,M11,102-0,C,SF-102,B,202310,19,994,2.0
E1,M11,102-0,C,SF-102,B,202311,20,1020,4.0
E1,M11,102-0,C,SF-102,B,202312,21,1046,0.0
E1,M11,102-0,C,SF-102,B,202401,22,1072,1.0
E1,M11,102-0,C,SF-102,B,202402,23,1098,2.0
E1,M11,102-0,C,SF-102,B,202403,24,1124,1.0
E1,M11,102-0,C,SF-102,B,202404,25,1150,3.0
E1,M11,102-0,C,SF-102,B,202405,26,1176,0.0
E1,M11,102-0,C,SF-102,B,202406,27,1202,0.0
E1,M11,102-0,C,SF-102,B,202407,28,1228,4.0
E1,M11,102-0,C,SF-102,B,202408,29,1254,1.0
E1,M11,102-0,C,SF-102,B,202409,30,1280,2.0
E1,M11,102-0,C,SF-102,B,202410,31,1306,1.0
E1,M11,102-0,C,SF-102,B,202411,32,1332,1.0
E1,M11,102-0,D,SF-102,B,202204,1,394,2.0
E1,M11,102-0,D,SF-102,B,202205,2,414,1.0
E1,M11,102-0,D,SF-102,B,202206,3,434,0.0
E1,M11,102-0,D,SF-102,B,202207,4,453,0.0
E1,M11,102-0,D,SF-102,B,202208,5,472,0.0
E1,M11,102-0,D,SF-102,B,202209,6,492,0.0
E1,M11,102-0,D,SF-102,B,202210,7,512,0.0
E1,M11,102-0,D,SF-102,B,202211,8,531,0.0
E1,M11,102-0,D,SF-102,B,202212,9,550,1.0
E1,M11,102-0,D,SF-102,B,202301,10,570,1.0
E1,M11,102-0,D,SF-102,B,202302,11,590,1.0
E1,M11,102-0,D,SF-102,B,202303,12,609,0.0
E1,M11,102-0,D,SF-102,B,202304,13,628,0.0
E1,M11,102-0,D,SF-102,B,202305,14,648,1.0
E1,M11,102-0,D,SF-102,B,202306,15,668,2.0
E1,M11,102-0,D,SF-102,B,202307,16,687,1.0
E1,M11,102-0,D,SF-102,B,202308,17,706,1.0
E1,M11,102-0,D,SF-102,B,202309,18,726,0.0
E1,M11,102-0,D,SF-102,B,202310,19,746,1.0
E1,M11,102-0,D,SF-102,B,202311,20,765,0.0
E1,M11,102-0,D,SF-102,B,202312,21,784,2.0
E1,M11,102-0,D,SF-102,B,202401,22,804,1.0
E1,M11,102-0,D,SF-102,B,202402,23,824,0.0
E1,M11,102-0,D,SF-102,B,202403,24,843,0.0
E1,M11,102-0,D,SF-102,B,202404,25,862,0.0
E1,M11,102-0,D,SF-102,B,202405,26,882,0.0
E1,M11,102-0,D,SF-102,B,202406,27,902,1.0
E1,M11,102-0,D,SF-102,B,202407,28,921,0.0
E1,M11,102-0,D,SF-102,B,202408,29,940,1.0
E1,M11,102-0,D,SF-102,B,202409,30,960,1.0
E1,M11,102-0,D,SF-102,B,202410,31,980,0.0
E1,M11,102-0,E,SF-102,B,202211,8,248,0.0
E1,M11,102-0,E,SF-102,B,202212,9,257,0.0
E1,M11,102-0,E,SF-102,B,202301,10,266,0.0
E1,M11,102-0,E,SF-102,B,202302,11,275,0.0
E1,M11,102-0,E,SF-102,B,202303,12,284,0.0
E1,M11,102-0,E,SF-102,B,202304,13,293,0.0
E1,M11,102-0,E,SF-102,B,202305,14,302,2.0
E1,M11,102-0,E,SF-102,B,202306,15,312,1.0
E1,M11,102-0,E,SF-102,B,202307,16,321,0.0
E1,M11,102-0,E,SF-102,B,202308,17,330,1.0
E1,M11,102-0,E,SF-102,B,202309,18,339,0.0
E1,M11,102-0,E,SF-102,B,202310,19,348,1.0
E1,M11,102-0,E,SF-102,B,202311,20,357,1.0
E1,M11,102-0,E,SF-102,B,202312,21,366,0.0
E1,M11,102-0,E,SF-102,B,202401,22,375,1.0
E1,M11,102-0,E,SF-102,B,202402,23,384,1.0
E1,M11,102-0,E,SF-102,B,202403,24,393,1.0
E1,M11,102-0,E,SF-102,B,202404,25,403,0.0
E1,M11,102-0,E,SF-102,B,202405,26,412,2.0
E1,M11,102-0,E,SF-102,B,202406,27,421,0.0
E1,M11,102-0,E,SF-102,B,202407,28,430,0.0
E1,M11,102-0,E,SF-102,B,202408,29,439,0.0
E1,M11,102-0,E,SF-102,B,202409,30,448,0.0
E1,M11,102-0,E,SF-102,B,202410,31,457,0.0
E1,M11,102-0,E,SF-102,B,202411,32,466,0.0
E1,M11,102-0,E,SF-102,B,202412,33,475,0.0
E1,M11,103-0,A,SF-103,B,202205,2,938,2.0
E1,M11,103-0,A,SF-103,B,202206,3,983,1.0
E1,M11,103-0,A,SF-103,B,202207,4,1027,1.0
E1,M11,103-0,A,SF-103,B,202208,5,1071,0.0
E1,M11,103-0,A,SF-103,B,202209,6,1115,2.0
E1,M11,103-0,A,SF-103,B,202210,7,1159,0.0
E1,M11,103-0,A,SF-103,B,202211,8,1204,0.0
E1,M11,103-0,A,SF-103,B,202212,9,1248,2.0
E1,M11,103-0,A,SF-103,B,202301,10,1292,0.0
E1,M11,103-0,A,SF-103,B,202302,11,1336,0.0
E1,M11,103-0,A,SF-103,B,202303,12,1380,1.0
E1,M11,103-0,A,SF-103,B,202304,13,1425,3.0
E1,M11,103-0,A,SF-103,B,202305,14,1469,2.0
E1,M11,103-0,A,SF-103,B,202306,15,1513,0.0
E1,M11,103-0,A,SF-103,B,202307,16,1557,1.0
E1,M11,103-0,A,SF-103,B,202308,17,1601,0.0
E1,M11,103-0,A,SF-103,B,202309,18,1646,3.0
E1,M11,103-0,A,SF-103,B,202310,19,1690,0.0
E1,M11,103-0,A,SF-103,B,202311,20,1734,2.0
E1,M11,103-0,A,SF-103,B,202312,21,1778,3.0
E1,M11,103-0,A,SF-103,B,202401,22,1822,1.0
E1,M11,103-0,A,SF-103,B,202402,23,1867,0.0
E1,M11,103-0,A,SF-103,B,202403,24,1911,0.0
E1,M11,103-0,A,SF-103,B,202404,25,1955,1.0
E1,M11,103-0,A,SF-103,B,202405,26,1999,1.0
E1,M11,103-0,A,SF-103,B,202406,27,2043,2.0
E1,M11,103-0,A,SF-103,B,202407,28,2088,1.0
E1,M11,103-0,A,SF-103,B,202408,29,2132,2.0
E1,M11,103-0,A,SF-103,B,202409,30,2176,2.0
E1,M11,103-0,A,SF-103,B,202410,31,2220,1.0
E1,M11,103-0,A,SF-103,B,202411,32,2264,1.0
E1,M11,103-0,A,SF-103,B,202412,33,2309,2.0
E1,M11,103-0,ALL,SF-103,B,202203,0,2500,3.0
E1,M11,103-0,ALL,SF-103,B,202204,1,2630,1.0
E1,M11,103-0,ALL,SF-103,B,202205,2,2760,5.0
E1,M11,103-0,ALL,SF-103,B,202206,3,2890,3.0
E1,M11,103-0,ALL,SF-103,B,202207,4,3020,3.0
E1,M11,103-0,ALL,SF-103,B,202208,5,3150,1.0
E1,M11,103-0,ALL,SF-103,B,202209,6,3280,2.0
E1,M11,103-0,ALL,SF-103,B,202210,7,3410,0.0
E1,M11,103-0,ALL,SF-103,B,202211,8,3540,0.0
E1,M11,103-0,ALL,SF-103,B,202212,9,3670,4.0
E1,M11,103-0,ALL,SF-103,B,202301,10,3800,3.0
E1,M11,103-0,ALL,SF-103,B,202302,11,3930,1.0
E1,M11,103-0,ALL,SF-103,B,202303,12,4060,2.0
E1,M11,103-0,ALL,SF-103,B,202304,13,4190,4.0
E1,M11,103-0,ALL,SF-103,B,202305,14,4320,3.0
E1,M11,103-0,ALL,SF-103,B,202306,15,4450,3.0
E1,M11,103-0,ALL,SF-103,B,202307,16,4580,3.0
E1,M11,103-0,ALL,SF-103,B,202308,17,4710,2.0
E1,M11,103-0,ALL,SF-103,B,202309,18,4840,7.0
E1,M11,103-0,ALL,SF-103,B,202310,19,4970,2.0
E1,M11,103-0,ALL,SF-103,B,202311,20,5100,3.0
E1,M11,103-0,ALL,SF-103,B,202312,21,5230,5.0
E1,M11,103-0,ALL,SF-103,B,202401,22,5360,1.0
E1,M11,103-0,ALL,SF-103,B,202402,23,5490,2.0
E1,M11,103-0,ALL,SF-103,B,202403,24,5620,3.0
E1,M11,103-0,ALL,SF-103,B,202404,25,5750,6.0
E1,M11,103-0,ALL,SF-103,B,202405,26,5880,2.0
E1,M11,103-0,ALL,SF-103,B,202406,27,6010,4.0
E1,M11,103-0,ALL,SF-103,B,202407,28,6140,4.0
E1,M11,103-0,ALL,SF-103,B,202408,29,6270,5.0
E1,M11,103-0,ALL,SF-103,B,202409,30,6400,4.0
E1,M11,103-0,ALL,SF-103,B,202410,31,6530,5.0
E1,M11,103-0,ALL,SF-103,B,202411,32,6660,3.0
E1,M11,103-0,ALL,SF-103,B,202412,33,6790,4.0
E1,M11,103-0,B,SF-103,B,202203,0,600,2.0
E1,M11,103-0,B,SF-103,B,202204,1,631,1.0
E1,M11,103-0,B,SF-103,B,202205,2,662,1.0
E1,M11,103-0,B,SF-103,B,202206,3,694,1.0
E1,M11,103-0,B,SF-103,B,202207,4,725,1.0
E1,M11,103-0,B,SF-103,B,202208,5,756,1.0
E1,M11,103-0,B,SF-103,B,202209,6,787,0.0
E1,M11,103-0,B,SF-103,B,202210,7,818,0.0
E1,M11,103-0,B,SF-103,B,202211,8,850,0.0
E1,M11,103-0,B,SF-103,B,202212,9,881,0.0
E1,M11,103-0,B,SF-103,B,202301,10,912,1.0
E1,M11,103-0,B,SF-103,B,202302,11,943,0.0
E1,M11,103-0,B,SF-103,B,202303,12,974,0.0
E1,M11,103-0,B,SF-103,B,202304,13,1006,0.0
E1,M11,103-0,B,SF-103,B,202305,14,1037,0.0
E1,M11,103-0,B,SF-103,B,202306,15,1068,2.0
E1,M11,103-0,B,SF-103,B,202307,16,1099,1.0
E1,M11,103-0,B,SF-103,B,202308,17,1130,1.0
E1,M11,103-0,B,SF-103,B,202309,18,1162,1.0
E1,M11,103-0,B,SF-103,B,202310,19,1193,1.0
E1,M11,103-0,B,SF-103,B,202311,20,1224,1.0
E1,M11,103-0,B,SF-103,B,202312,21,1255,0.0
E1,M11,103-0,B,SF-103,B,202401,22,1286,0.0
E1,M11,103-0,B,SF-103,B,202402,23,1318,0.0
E1,M11,103-0,B,SF-103,B,202403,24,1349,0.0
E1,M11,103-0,B,SF-103,B,202404,25,1380,2.0
E1,M11,103-0,B,SF-103,B,202405,26,1411,0.0
E1,M11,103-0,B,SF-103,B,202406,27,1442,1.0
E1,M11,103-0,B,SF-103,B,202407,28,1474,1.0
E1,M11,103-0,B,SF-103,B,202408,29,1505,2.0
E1,M11,103-0,B,SF-103,B,202409,30,1536,2.0
E1,M11,103-0,B,SF-103,B,202410,31,1567,0.0
E1,M11,103-0,B,SF-103,B,202411,32,1598,1.0
E1,M11,103-0,B,SF-103,B,202412,33,1630,1.0
E1,M11,103-0,C,SF-103,B,202203,0,500,1.0
E1,M11,103-0,C,SF-103,B,202205,2,552,1.0
E1,M11,103-0,C,SF-103,B,202206,3,578,0.0
E1,M11,103-0,C,SF-103,B,202207,4,604,0.0
E1,M11,103-0,C,SF-103,B,202208,5,630,0.0
E1,M11,103-0,C,SF-103,B,202209,6,656,0.0
E1,M11,103-0,C,SF-103,B,202210,7,682,0.0
E1,M11,103-0,C,SF-103,B,202211,8,708,0.0
E1,M11,103-0,C,SF-103,B,202212,9,734,0.0
E1,M11,103-0,C,SF-103,B,202301,10,760,0.0
E1,M11,103-0,C,SF-103,B,202302,11,786,1.0
E1,M11,103-0,C,SF-103,B,202303,12,812,1.0
E1,M11,103-0,C,SF-103,B,202304,13,838,0.0
E1,M11,103-0,C,SF-103,B,202305,14,864,0.0
E1,M11,103-0,C,SF-103,B,202306,15,890,0.0
E1,M11,103-0,C,SF-103,B,202307,16,916,0.0
E1,M11,103-0,C,SF-103,B,202308,17,942,1.0
E1,M11,103-0,C,SF-103,B,202309,18,968,2.0
E1,M11,103-0,C,SF-103,B,202310,19,994,1.0
E1,M11,103-0,C,SF-103,B,202311,20,1020,0.0
E1,M11,103-0,C,SF-103,B,202312,21,1046,1.0
E1,M11,103-0,C,SF-103,B,202401,22,1072,0.0
E1,M11,103-0,C,SF-103,B,202402,23,1098,1.0
E1,M11,103-0,C,SF-103,B,202403,24,1124,1.0
E1,M11,103-0,C,SF-103,B,202404,25,1150,1.0
E1,M11,103-0,C,SF-103,B,202405,26,1176,0.0
E1,M11,103-0,C,SF-103,B,202406,27,1202,1.0
E1,M11,103-0,C,SF-103,B,202407,28,1228,2.0
E1,M11,103-0,C,SF-103,B,202408,29,1254,0.0
E1,M11,103-0,C,SF-103,B,202409,30,1280,0.0
E1,M11,103-0,C,SF-103,B,202410,31,1306,1.0
E1,M11,103-0,C,SF-103,B,202411,32,1332,1.0
E1,M11,103-0,D,SF-103,B,202205,2,414,1.0
E1,M11,103-0,D,SF-103,B,202206,3,434,1.0
E1,M11,103-0,D,SF-103,B,202207,4,453,1.0
E1,M11,103-0,D,SF-103,B,202208,5,472,0.0
E1,M11,103-0,D,SF-103,B,202209,6,492,0.0
E1,M11,103-0,D,SF-103,B,202210,7,512,0.0
E1,M11,103-0,D,SF-103,B,202211,8,531,0.0
E1,M11,103-0,D,SF-103,B,202212,9,550,2.0
E1,M11,103-0,D,SF-103,B,202301,10,570,2.0
E1,M11,103-0,D,SF-103,B,202302,11,590,0.0
E1,M11,103-0,D,SF-103,B,202303,12,609,0.0
E1,M11,103-0,D,SF-103,B,202304,13,628,1.0
E1,M11,103-0,D,SF-103,B,202305,14,648,1.0
E1,M11,103-0,D,SF-103,B,202306,15,668,1.0
E1,M11,103-0,D,SF-103,B,202307,16,687,0.0
E1,M11,103-0,D,SF-103,B,202308,17,706,0.0
E1,M11,103-0,D,SF-103,B,202309,18,726,0.0
E1,M11,103-0,D,SF-103,B,202310,19,746,0.0
E1,M11,103-0,D,SF-103,B,202311,20,765,0.0
E1,M11,103-0,D,SF-103,B,202312,21,784,1.0
E1,M11,103-0,D,SF-103,B,202401,22,804,0.0
E1,M11,103-0,D,SF-103,B,202402,23,824,0.0
E1,M11,103-0,D,SF-103,B,202403,24,843,1.0
E1,M11,103-0,D,SF-103,B,202404,25,862,2.0
E1,M11,103-0,D,SF-103,B,202405,26,882,1.0
E1,M11,103-0,D,SF-103,B,202406,27,902,0.0
E1,M11,103-0,D,SF-103,B,202407,28,921,0.0
E1,M11,103-0,D,SF-103,B,202408,29,940,1.0
E1,M11,103-0,D,SF-103,B,202409,30,960,0.0
E1,M11,103-0,D,SF-103,B,202410,31,980,2.0
E1,M11,103-0,E,SF-103,B,202211,8,248,0.0
E1,M11,103-0,E,SF-103,B,202212,9,257,0.0
E1,M11,103-0,E,SF-103,B,202301,10,266,0.0
E1,M11,103-0,E,SF-103,B,202302,11,275,0.0
E1,M11,103-0,E,SF-103,B,202303,12,284,0.0
E1,M11,103-0,E,SF-103,B,202304,13,293,0.0
E1,M11,103-0,E,SF-103,B,202305,14,302,0.0
E1,M11,103-0,E,SF-103,B,202306,15,312,0.0
E1,M11,103-0,E,SF-103,B,202307,16,321,1.0
E1,M11,103-0,E,SF-103,B,202308,17,330,0.0
E1,M11,103-0,E,SF-103,B,202309,18,339,1.0
E1,M11,103-0,E,SF-103,B,202310,19,348,0.0
E1,M11,103-0,E,SF-103,B,202311,20,357,0.0
E1,M11,103-0,E,SF-103,B,202312,21,366,0.0
E1,M11,103-0,E,SF-103,B,202401,22,375,0.0
E1,M11,103-0,E,SF-103,B,202402,23,384,1.0
E1,M11,103-0,E,SF-103,B,202403,24,393,1.0
E1,M11,103-0,E,SF-103,B,202404,25,403,0.0
E1,M11,103-0,E,SF-103,B,202405,26,412,0.0
E1,M11,103-0,E,SF-103,B,202406,27,421,0.0
E1,M11,103-0,E,SF-103,B,202407,28,430,0.0
E1,M11,103-0,E,SF-103,B,202408,29,439,0.0
E1,M11,103-0,E,SF-103,B,202409,30,448,0.0
E1,M11,103-0,E,SF-103,B,202410,31,457,1.0
E1,M11,103-0,E,SF-103,B,202411,32,466,0.0
E1,M11,103-0,E,SF-103,B,202412,33,475,1.0
E1,M11,103-1,A,SF-103,B,202205,2,938,0.0
E1,M11,103-1,A,SF-103,B,202206,3,983,0.0
E1,M11,103-1,A,SF-103,B,202207,4,1027,1.0
E1,M11,103-1,A,SF-103,B,202208,5,1071,0.0
E1,M11,103-1,A,SF-103,B,202209,6,1115,0.0
E1,M11,103-1,A,SF-103,B,202210,7,1159,0.0
E1,M11,103-1,A,SF-103,B,202211,8,1204,0.0
E1,M11,103-1,A,SF-103,B,202212,9,1248,1.0
E1,M11,103-1,A,SF-103,B,202301,10,1292,0.0
E1,M11,103-1,A,SF-103,B,202302,11,1336,0.0
E1,M11,103-1,A,SF-103,B,202303,12,1380,2.0
E1,M11,103-1,A,SF-103,B,202304,13,1425,2.0
E1,M11,103-1,A,SF-103,B,202305,14,1469,2.0
E1,M11,103-1,A,SF-103,B,202306,15,1513,1.0
E1,M11,103-1,A,SF-103,B,202307,16,1557,2.0
E1,M11,103-1,A,SF-103,B,202308,17,1601,2.0
E1,M11,103-1,A,SF-103,B,202309,18,1646,2.0
E1,M11,103-1,A,SF-103,B,202310,19,1690,2.0
E1,M11,103-1,A,SF-103,B,202311,20,1734,6.0
E1,M11,103-1,A,SF-103,B,202312,21,1778,1.0
E1,M11,103-1,A,SF-103,B,202401,22,1822,2.0
E1,M11,103-1,A,SF-103,B,202402,23,1867,1.0
E1,M11,103-1,A,SF-103,B,202403,24,1911,1.0
E1,M11,103-1,A,SF-103,B,202404,25,1955,0.0
E1,M11,103-1,A,SF-103,B,202405,26,1999,2.0
E1,M11,103-1,A,SF-103,B,202406,27,2043,1.0
E1,M11,103-1,A,SF-103,B,202407,28,2088,0.0
E1,M11,103-1,A,SF-103,B,202408,29,2132,1.0
E1,M11,103-1,A,SF-103,B,202409,30,2176,0.0
E1,M11,103-1,A,SF-103,B,202410,31,2220,0.0
E1,M11,103-1,A,SF-103,B,202411,32,2264,2.0
E1,M11,103-1,A,SF-103,B,202412,33,2309,3.0
E1,M11,103-1,ALL,SF-103,B,202203,0,2500,1.0
E1,M11,103-1,ALL,SF-103,B,202204,1,2630,1.0
E1,M11,103-1,ALL,SF-103,B,202205,2,2760,0.0
E1,M11,103-1,ALL,SF-103,B,202206,3,2890,0.0
E1,M11,103-1,ALL,SF-103,B,202207,4,3020,2.0
E1,M11,103-1,ALL,SF-103,B,202208,5,3150,1.0
E1,M11,103-1,ALL,SF-103,B,202209,6,3280,1.0
E1,M11,103-1,ALL,SF-103,B,202210,7,3410,0.0
E1,M11,103-1,ALL,SF-103,B,202211,8,3540,1.0
E1,M11,103-1,ALL,SF-103,B,202212,9,3670,5.0
E1,M11,103-1,ALL,SF-103,B,202301,10,3800,3.0
E1,M11,103-1,ALL,SF-103,B,202302,11,3930,1.0
E1,M11,103-1,ALL,SF-103,B,202303,12,4060,5.0
E1,M11,103-1,ALL,SF-103,B,202304,13,4190,3.0
E1,M11,103-1,ALL,SF-103,B,202305,14,4320,4.0
E1,M11,103-1,ALL,SF-103,B,202306,15,4450,1.0
E1,M11,103-1,ALL,SF-103,B,202307,16,4580,3.0
E1,M11,103-1,ALL,SF-103,B,202308,17,4710,5.0
E1,M11,103-1,ALL,SF-103,B,202309,18,4840,4.0
E1,M11,103-1,ALL,SF-103,B,202310,19,4970,4.0
E1,M11,103-1,ALL,SF-103,B,202311,20,5100,6.0
E1,M11,103-1,ALL,SF-103,B,202312,21,5230,1.0
E1,M11,103-1,ALL,SF-103,B,202401,22,5360,7.0
E1,M11,103-1,ALL,SF-103,B,202402,23,5490,4.0
E1,M11,103-1,ALL,SF-103,B,202403,24,5620,4.0
E1,M11,103-1,ALL,SF-103,B,202404,25,5750,0.0
E1,M11,103-1,ALL,SF-103,B,202405,26,5880,8.0
E1,M11,103-1,ALL,SF-103,B,202406,27,6010,4.0
E1,M11,103-1,ALL,SF-103,B,202407,28,6140,3.0
E1,M11,103-1,ALL,SF-103,B,202408,29,6270,2.0
E1,M11,103-1,ALL,SF-103,B,202409,30,6400,4.0
E1,M11,103-1,ALL,SF-103,B,202410,31,6530,3.0
E1,M11,103-1,ALL,SF-103,B,202411,32,6660,6.0
E1,M11,103-1,ALL,SF-103,B,202412,33,6790,4.0
E1,M11,103-1,B,SF-103,B,202203,0,600,1.0
E1,M11,103-1,B,SF-103,B,202204,1,631,1.0
E1,M11,103-1,B,SF-103,B,202205,2,662,0.0
E1,M11,103-1,B,SF-103,B,202206,3,694,0.0
E1,M11,103-1,B,SF-103,B,202207,4,725,1.0
E1,M11,103-1,B,SF-103,B,202208,5,756,0.0
E1,M11,103-1,B,SF-103,B,202209,6,787,0.0
E1,M11,103-1,B,SF-103,B,202210,7,818,0.0
E1,M11,103-1,B,SF-103,B,202211,8,850,0.0
E1,M11,103-1,B,SF-103,B,202212,9,881,0.0
E1,M11,103-1,B,SF-103,B,202301,10,912,1.0
E1,M11,103-1,B,SF-103,B,202302,11,943,0.0
E1,M11,103-1,B,SF-103,B,202303,12,974,0.0
E1,M11,103-1,B,SF-103,B,202304,13,1006,1.0
E1,M11,103-1,B,SF-103,B,202305,14,1037,1.0
E1,M11,103-1,B,SF-103,B,202306,15,1068,0.0
E1,M11,103-1,B,SF-103,B,202307,16,1099,1.0
E1,M11,103-1,B,SF-103,B,202308,17,1130,2.0
E1,M11,103-1,B,SF-103,B,202309,18,1162,0.0
E1,M11,103-1,B,SF-103,B,202310,19,1193,0.0
E1,M11,103-1,B,SF-103,B,202311,20,1224,0.0
E1,M11,103-1,B,SF-103,B,202312,21,1255,0.0
E1,M11,103-1,B,SF-103,B,202401,22,1286,1.0
E1,M11,103-1,B,SF-103,B,202402,23,1318,2.0
E1,M11,103-1,B,SF-103,B,202403,24,1349,1.0
E1,M11,103-1,B,SF-103,B,202404,25,1380,0.0
E1,M11,103-1,B,SF-103,B,202405,26,1411,3.0
E1,M11,103-1,B,SF-103,B,202406,27,1442,0.0
E1,M11,103-1,B,SF-103,B,202407,28,1474,0.0
E1,M11,103-1,B,SF-103,B,202408,29,1505,0.0
E1,M11,103-1,B,SF-103,B,202409,30,1536,0.0
E1,M11,103-1,B,SF-103,B,202410,31,1567,0.0
E1,M11,103-1,B,SF-103,B,202411,32,1598,3.0
E1,M11,103-1,B,SF-103,B,202412,33,1630,1.0
E1,M11,103-1,C,SF-103,B,202205,2,552,0.0
E1,M11,103-1,C,SF-103,B,202206,3,578,0.0
E1,M11,103-1,C,SF-103,B,202207,4,604,0.0
E1,M11,103-1,C,SF-103,B,202208,5,630,1.0
E1,M11,103-1,C,SF-103,B,202209,6,656,1.0
E1,M11,103-1,C,SF-103,B,202210,7,682,0.0
E1,M11,103-1,C,SF-103,B,202211,8,708,1.0
E1,M11,103-1,C,SF-103,B,202212,9,734,2.0
E1,M11,103-1,C,SF-103,B,202301,10,760,1.0
E1,M11,103-1,C,SF-103,B,202302,11,786,0.0
E1,M11,103-1,C,SF-103,B,202303,12,812,1.0
E1,M11,103-1,C,SF-103,B,202304,13,838,0.0
E1,M11,103-1,C,SF-103,B,202305,14,864,0.0
E1,M11,103-1,C,SF-103,B,202306,15,890,0.0
E1,M11,103-1,C,SF-103,B,202307,16,916,0.0
E1,M11,103-1,C,SF-103,B,202308,17,942,0.0
E1,M11,103-1,C,SF-103,B,202309,18,968,1.0
E1,M11,103-1,C,SF-103,B,202310,19,994,1.0
E1,M11,103-1,C,SF-103,B,202311,20,1020,0.0
E1,M11,103-1,C,SF-103,B,202312,21,1046,0.0
E1,M11,103-1,C,SF-103,B,202401,22,1072,3.0
E1,M11,103-1,C,SF-103,B,202402,23,1098,0.0
E1,M11,103-1,C,SF-103,B,202403,24,1124,1.0
E1,M11,103-1,C,SF-103,B,202404,25,1150,0.0
E1,M11,103-1,C,SF-103,B,202405,26,1176,1.0
E1,M11,103-1,C,SF-103,B,202406,27,1202,1.0
E1,M11,103-1,C,SF-103,B,202407,28,1228,1.0
E1,M11,103-1,C,SF-103,B,202408,29,1254,1.0
E1,M11,103-1,C,SF-103,B,202409,30,1280,2.0
E1,M11,103-1,C,SF-103,B,202410,31,1306,2.0
E1,M11,103-1,C,SF-103,B,202411,32,1332,1.0
E1,M11,103-1,D,SF-103,B,202205,2,414,0.0
E1,M11,103-1,D,SF-103,B,202206,3,434,0.0
E1,M11,103-1,D,SF-103,B,202207,4,453,0.0
E1,M11,103-1,D,SF-103,B,202208,5,472,0.0
E1,M11,103-1,D,SF-103,B,202209,6,492,0.0
E1,M11,103-1,D,SF-103,B,202210,7,512,0.0
E1,M11,103-1,D,SF-103,B,202211,8,531,0.0
E1,M11,103-1,D,SF-103,B,202212,9,550,1.0
E1,M11,103-1,D,SF-103,B,202301,10,570,0.0
E1,M11,103-1,D,SF-103,B,202302,11,590,1.0
E1,M11,103-1,D,SF-103,B,202303,12,609,2.0
E1,M11,103-1,D,SF-103,B,202304,13,628,0.0
E1,M11,103-1,D,SF-103,B,202305,14,648,1.0
E1,M11,103-1,D,SF-103,B,202306,15,668,0.0
E1,M11,103-1,D,SF-103,B,202307,16,687,0.0
E1,M11,103-1,D,SF-103,B,202308,17,706,1.0
E1,M11,103-1,D,SF-103,B,202309,18,726,0.0
E1,M11,103-1,D,SF-103,B,202310,19,746,0.0
E1,M11,103-1,D,SF-103,B,202311,20,765,0.0
E1,M11,103-1,D,SF-103,B,202312,21,784,0.0
E1,M11,103-1,D,SF-103,B,202401,22,804,1.0
E1,M11,103-1,D,SF-103,B,202402,23,824,1.0
E1,M11,103-1,D,SF-103,B,202403,24,843,1.0
E1,M11,103-1,D,SF-103,B,202404,25,862,0.0
E1,M11,103-1,D,SF-103,B,202405,26,882,1.0
E1,M11,103-1,D,SF-103,B,202406,27,902,2.0
E1,M11,103-1,D,SF-103,B,202407,28,921,2.0
E1,M11,103-1,D,SF-103,B,202408,29,940,0.0
E1,M11,103-1,D,SF-103,B,202409,30,960,2.0
E1,M11,103-1,D,SF-103,B,202410,31,980,1.0
E1,M11,103-1,E,SF-103,B,202211,8,248,0.0
E1,M11,103-1,E,SF-103,B,202212,9,257,1.0
E1,M11,103-1,E,SF-103,B,202301,10,266,1.0
E1,M11,103-1,E,SF-103,B,202302,11,275,0.0
E1,M11,103-1,E,SF-103,B,202303,12,284,0.0
E1,M11,103-1,E,SF-103,B,202304,13,293,0.0
E1,M11,103-1,E,SF-103,B,202305,14,302,0.0
E1,M11,103-1,E,SF-103,B,202306,15,312,0.0
E1,M11,103-1,E,SF-103,B,202307,16,321,0.0
E1,M11,103-1,E,SF-103,B,202308,17,330,0.0
E1,M11,103-1,E,SF-103,B,202309,18,339,1.0
E1,M11,103-1,E,SF-103,B,202310,19,348,1.0
E1,M11,103-1,E,SF-103,B,202311,20,357,0.0
E1,M11,103-1,E,SF-103,B,202312,21,366,0.0
E1,M11,103-1,E,SF-103,B,202401,22,375,0.0
E1,M11,103-1,E,SF-103,B,202402,23,384,0.0
E1,M11,103-1,E,SF-103,B,202403,24,393,0.0
E1,M11,103-1,E,SF-103,B,202404,25,403,0.0
E1,M11,103-1,E,SF-103,B,202405,26,412,1.0
E1,M11,103-1,E,SF-103,B,202406,27,421,0.0
E1,M11,103-1,E,SF-103,B,202407,28,430,0.0
E1,M11,103-1,E,SF-103,B,202408,29,439,0.0
E1,M11,103-1,E,SF-103,B,202409,30,448,0.0
E1,M11,103-1,E,SF-103,B,202410,31,457,0.0
E1,M11,103-1,E,SF-103,B,202411,32,466,0.0
E1,M11,103-1,E,SF-103,B,202412,33,475,0.0
E1,M11,104-0,A,SF-104,B,202203,0,850,2.0
E1,M11,104-0,A,SF-104,B,202204,1,894,2.0
E1,M11,104-0,A,SF-104,B,202205,2,938,3.0
E1,M11,104-0,A,SF-104,B,202206,3,983,1.0
E1,M11,104-0,A,SF-104,B,202207,4,1027,0.0
E1,M11,104-0,A,SF-104,B,202208,5,1071,5.0
E1,M11,104-0,A,SF-104,B,202209,6,1115,1.0
E1,M11,104-0,A,SF-104,B,202210,7,1159,3.0
E1,M11,104-0,A,SF-104,B,202211,8,1204,0.0
E1,M11,104-0,A,SF-104,B,202212,9,1248,2.0
E1,M11,104-0,A,SF-104,B,202301,10,1292,0.0
E1,M11,104-0,A,SF-104,B,202302,11,1336,0.0
E1,M11,104-0,A,SF-104,B,202303,12,1380,1.0
E1,M11,104-0,A,SF-104,B,202304,13,1425,3.0
E1,M11,104-0,A,SF-104,B,202305,14,1469,1.0
E1,M11,104-0,A,SF-104,B,202306,15,1513,2.0
E1,M11,104-0,A,SF-104,B,202307,16,1557,1.0
E1,M11,104-0,A,SF-104,B,202308,17,1601,5.0
E1,M11,104-0,A,SF-104,B,202309,18,1646,0.0
E1,M11,104-0,A,SF-104,B,202310,19,1690,1.0
E1,M11,104-0,A,SF-104,B,202311,20,1734,3.0
E1,M11,104-0,A,SF-104,B,202312,21,1778,2.0
E1,M11,104-0,A,SF-104,B,202401,22,1822,1.0
E1,M11,104-0,A,SF-104,B,202402,23,1867,4.0
E1,M11,104-0,A,SF-104,B,202403,24,1911,1.0
E1,M11,104-0,A,SF-104,B,202404,25,1955,0.0
E1,M11,104-0,A,SF-104,B,202405,26,1999,1.0
E1,M11,104-0,A,SF-104,B,202406,27,2043,2.0
E1,M11,104-0,A,SF-104,B,202407,28,2088,2.0
E1,M11,104-0,A,SF-104,B,202408,29,2132,1.0
E1,M11,104-0,A,SF-104,B,202409,30,2176,1.0
E1,M11,104-0,A,SF-104,B,202410,31,2220,3.0
E1,M11,104-0,A,SF-104,B,202411,32,2264,1.0
E1,M11,104-0,A,SF-104,B,202412,33,2309,3.0
E1,M11,104-0,ALL,SF-104,B,202203,0,2500,3.0
E1,M11,104-0,ALL,SF-104,B,202204,1,2630,2.0
E1,M11,104-0,ALL,SF-104,B,202205,2,2760,4.0
E1,M11,104-0,ALL,SF-104,B,202206,3,2890,3.0
E1,M11,104-0,ALL,SF-104,B,202207,4,3020,2.0
E1,M11,104-0,ALL,SF-104,B,202208,5,3150,6.0
E1,M11,104-0,ALL,SF-104,B,202209,6,3280,1.0
E1,M11,104-0,ALL,SF-104,B,202210,7,3410,3.0
E1,M11,104-0,ALL,SF-104,B,202211,8,3540,2.0
E1,M11,104-0,ALL,SF-104,B,202212,9,3670,5.0
E1,M11,104-0,ALL,SF-104,B,202301,10,3800,3.0
E1,M11,104-0,ALL,SF-104,B,202302,11,3930,2.0
E1,M11,104-0,ALL,SF-104,B,202303,12,4060,3.0
E1,M11,104-0,ALL,SF-104,B,202304,13,4190,8.0
E1,M11,104-0,ALL,SF-104,B,202305,14,4320,2.0
E1,M11,104-0,ALL,SF-104,B,202306,15,4450,7.0
E1,M11,104-0,ALL,SF-104,B,202307,16,4580,7.0
E1,M11,104-0,ALL,SF-104,B,202308,17,4710,6.0
E1,M11,104-0,ALL,SF-104,B,202309,18,4840,3.0
E1,M11,104-0,ALL,SF-104,B,202310,19,4970,3.0
E1,M11,104-0,ALL,SF-104,B,202311,20,5100,5.0
E1,M11,104-0,ALL,SF-104,B,202312,21,5230,7.0
E1,M11,104-0,ALL,SF-104,B,202401,22,5360,4.0
E1,M11,104-0,ALL,SF-104,B,202402,23,5490,4.0
E1,M11,104-0,ALL,SF-104,B,202403,24,5620,6.0
E1,M11,104-0,ALL,SF-104,B,202404,25,5750,5.0
E1,M11,104-0,ALL,SF-104,B,202405,26,5880,3.0
E1,M11,104-0,ALL,SF-104,B,202406,27,6010,4.0
E1,M11,104-0,ALL,SF-104,B,202407,28,6140,3.0
E1,M11,104-0,ALL,SF-104,B,202408,29,6270,5.0
E1,M11,104-0,ALL,SF-104,B,202409,30,6400,5.0
E1,M11,104-0,ALL,SF-104,B,202410,31,6530,7.0
E1,M11,104-0,ALL,SF-104,B,202411,32,6660,2.0
E1,M11,104-0,ALL,SF-104,B,202412,33,6790,4.0
E1,M11,104-0,B,SF-104,B,202205,2,662,0.0
E1,M11,104-0,B,SF-104,B,202206,3,694,0.0
E1,M11,104-0,B,SF-104,B,202207,4,725,0.0
E1,M11,104-0,B,SF-104,B,202208,5,756,0.0
E1,M11,104-0,B,SF-104,B,202209,6,787,0.0
E1,M11,104-0,B,SF-104,B,202210,7,818,0.0
E1,M11,104-0,B,SF-104,B,202211,8,850,1.0
E1,M11,104-0,B,SF-104,B,202212,9,881,2.0
E1,M11,104-0,B,SF-104,B,202301,10,912,1.0
E1,M11,104-0,B,SF-104,B,202302,11,943,0.0
E1,M11,104-0,B,SF-104,B,202303,12,974,0.0
E1,M11,104-0,B,SF-104,B,202304,13,1006,3.0
E1,M11,104-0,B,SF-104,B,202305,14,1037,0.0
E1,M11,104-0,B,SF-104,B,202306,15,1068,4.0
E1,M11,104-0,B,SF-104,B,202307,16,1099,2.0
E1,M11,104-0,B,SF-104,B,202308,17,1130,0.0
E1,M11,104-0,B,SF-104,B,202309,18,1162,0.0
E1,M11,104-0,B,SF-104,B,202310,19,1193,1.0
E1,M11,104-0,B,SF-104,B,202311,20,1224,0.0
E1,M11,104-0,B,SF-104,B,202312,21,1255,4.0
E1,M11,104-0,B,SF-104,B,202401,22,1286,1.0
E1,M11,104-0,B,SF-104,B,202402,23,1318,0.0
E1,M11,104-0,B,SF-104,B,202403,24,1349,2.0
E1,M11,104-0,B,SF-104,B,202404,25,1380,2.0
E1,M11,104-0,B,SF-104,B,202405,26,1411,1.0
E1,M11,104-0,B,SF-104,B,202406,27,1442,1.0
E1,M11,104-0,B,SF-104,B,202407,28,1474,0.0
E1,M11,104-0,B,SF-104,B,202408,29,1505,0.0
E1,M11,104-0,B,SF-104,B,202409,30,1536,1.0
E1,M11,104-0,B,SF-104,B,202410,31,1567,2.0
E1,M11,104-0,B,SF-104,B,202411,32,1598,1.0
E1,M11,104-0,B,SF-104,B,202412,33,1630,1.0
E1,M11,104-0,C,SF-104,B,202205,2,552,0.0
E1,M11,104-0,C,SF-104,B,202206,3,578,2.0
E1,M11,104-0,C,SF-104,B,202207,4,604,2.0
E1,M11,104-0,C,SF-104,B,202208,5,630,1.0
E1,M11,104-0,C,SF-104,B,202209,6,656,0.0
E1,M11,104-0,C,SF-104,B,202210,7,682,0.0
E1,M11,104-0,C,SF-104,B,202211,8,708,1.0
E1,M11,104-0,C,SF-104,B,202212,9,734,1.0
E1,M11,104-0,C,SF-104,B,202301,10,760,2.0
E1,M11,104-0,C,SF-104,B,202302,11,786,2.0
E1,M11,104-0,C,SF-104,B,202303,12,812,0.0
E1,M11,104-0,C,SF-104,B,202304,13,838,0.0
E1,M11,104-0,C,SF-104,B,202305,14,864,0.0
E1,M11,104-0,C,SF-104,B,202306,15,890,1.0
E1,M11,104-0,C,SF-104,B,202307,16,916,1.0
E1,M11,104-0,C,SF-104,B,202308,17,942,1.0
E1,M11,104-0,C,SF-104,B,202309,18,968,2.0
E1,M11,104-0,C,SF-104,B,202310,19,994,0.0
E1,M11,104-0,C,SF-104,B,202311,20,1020,2.0
E1,M11,104-0,C,SF-104,B,202312,21,1046,0.0
E1,M11,104-0,C,SF-104,B,202401,22,1072,1.0
E1,M11,104-0,C,SF-104,B,202402,23,1098,0.0
E1,M11,104-0,C,SF-104,B,202403,24,1124,1.0
E1,M11,104-0,C,SF-104,B,202404,25,1150,3.0
E1,M11,104-0,C,SF-104,B,202405,26,1176,1.0
E1,M11,104-0,C,SF-104,B,202406,27,1202,0.0
E1,M11,104-0,C,SF-104,B,202407,28,1228,1.0
E1,M11,104-0,C,SF-104,B,202408,29,1254,2.0
E1,M11,104-0,C,SF-104,B,202409,30,1280,3.0
E1,M11,104-0,C,SF-104,B,202410,31,1306,1.0
E1,M11,104-0,C,SF-104,B,202411,32,1332,0.0
E1,M11,104-0,D,SF-104,B,202203,0,375,1.0
E1,M11,104-0,D,SF-104,B,202205,2,414,1.0
E1,M11,104-0,D,SF-104,B,202206,3,434,0.0
E1,M11,104-0,D,SF-104,B,202207,4,453,0.0
E1,M11,104-0,D,SF-104,B,202208,5,472,0.0
E1,M11,104-0,D,SF-104,B,202209,6,492,0.0
E1,M11,104-0,D,SF-104,B,202210,7,512,0.0
E1,M11,104-0,D,SF-104,B,202211,8,531,0.0
E1,M11,104-0,D,SF-104,B,202212,9,550,0.0
E1,M11,104-0,D,SF-104,B,202301,10,570,0.0
E1,M11,104-0,D,SF-104,B,202302,11,590,0.0
E1,M11,104-0,D,SF-104,B,202303,12,609,1.0
E1,M11,104-0,D,SF-104,B,202304,13,628,1.0
E1,M11,104-0,D,SF-104,B,202305,14,648,0.0
E1,M11,104-0,D,SF-104,B,202306,15,668,0.0
E1,M11,104-0,D,SF-104,B,202307,16,687,2.0
E1,M11,104-0,D,SF-104,B,202308,17,706,0.0
E1,M11,104-0,D,SF-104,B,202309,18,726,0.0
E1,M11,104-0,D,SF-104,B,202310,19,746,1.0
E1,M11,104-0,D,SF-104,B,202311,20,765,0.0
E1,M11,104-0,D,SF-104,B,202312,21,784,1.0
E1,M11,104-0,D,SF-104,B,202401,22,804,0.0
E1,M11,104-0,D,SF-104,B,202402,23,824,0.0
E1,M11,104-0,D,SF-104,B,202403,24,843,2.0
E1,M11,104-0,D,SF-104,B,202404,25,862,0.0
E1,M11,104-0,D,SF-104,B,202405,26,882,0.0
E1,M11,104-0,D,SF-104,B,202406,27,902,1.0
E1,M11,104-0,D,SF-104,B,202407,28,921,0.0
E1,M11,104-0,D,SF-104,B,202408,29,940,2.0
E1,M11,104-0,D,SF-104,B,202409,30,960,0.0
E1,M11,104-0,D,SF-104,B,202410,31,980,1.0
E1,M11,104-0,E,SF-104,B,202211,8,248,0.0
E1,M11,104-0,E,SF-104,B,202212,9,257,0.0
E1,M11,104-0,E,SF-104,B,202301,10,266,0.0
E1,M11,104-0,E,SF-104,B,202302,11,275,0.0
E1,M11,104-0,E,SF-104,B,202303,12,284,1.0
E1,M11,104-0,E,SF-104,B,202304,13,293,1.0
E1,M11,104-0,E,SF-104,B,202305,14,302,1.0
E1,M11,104-0,E,SF-104,B,202306,15,312,0.0
E1,M11,104-0,E,SF-104,B,202307,16,321,1.0
E1,M11,104-0,E,SF-104,B,202308,17,330,0.0
E1,M11,104-0,E,SF-104,B,202309,18,339,1.0
E1,M11,104-0,E,SF-104,B,202310,19,348,0.0
E1,M11,104-0,E,SF-104,B,202311,20,357,0.0
E1,M11,104-0,E,SF-104,B,202312,21,366,0.0
E1,M11,104-0,E,SF-104,B,202401,22,375,1.0
E1,M11,104-0,E,SF-104,B,202402,23,384,0.0
E1,M11,104-0,E,SF-104,B,202403,24,393,0.0
E1,M11,104-0,E,SF-104,B,202404,25,403,0.0
E1,M11,104-0,E,SF-104,B,202405,26,412,0.0
E1,M11,104-0,E,SF-104,B,202406,27,421,0.0
E1,M11,104-0,E,SF-104,B,202407,28,430,0.0
E1,M11,104-0,E,SF-104,B,202408,29,439,0.0
E1,M11,104-0,E,SF-104,B,202409,30,448,0.0
E1,M11,104-0,E,SF-104,B,202410,31,457,0.0
E1,M11,104-0,E,SF-104,B,202411,32,466,0.0
E1,M11,104-0,E,SF-104,B,202412,33,475,0.0
E1,M11,104-1,A,SF-104,B,202203,0,850,1.0
E1,M11,104-1,A,SF-104,B,202204,1,894,1.0
E1,M11,104-1,A,SF-104,B,202205,2,938,1.0
E1,M11,104-1,A,SF-104,B,202206,3,983,1.0
E1,M11,104-1,A,SF-104,B,202207,4,1027,1.0
E1,M11,104-1,A,SF-104,B,202208,5,1071,1.0
E1,M11,104-1,A,SF-104,B,202209,6,1115,1.0
E1,M11,104-1,A,SF-104,B,202210,7,1159,2.0
E1,M11,104-1,A,SF-104,B,202211,8,1204,0.0
E1,M11,104-1,A,SF-104,B,202212,9,1248,1.0
E1,M11,104-1,A,SF-104,B,202301,10,1292,1.0
E1,M11,104-1,A,SF-104,B,202302,11,1336,0.0
E1,M11,104-1,A,SF-104,B,202303,12,1380,0.0
E1,M11,104-1,A,SF-104,B,202304,13,1425,3.0
E1,M11,104-1,A,SF-104,B,202305,14,1469,0.0
E1,M11,104-1,A,SF-104,B,202306,15,1513,2.0
E1,M11,104-1,A,SF-104,B,202307,16,1557,0.0
E1,M11,104-1,A,SF-104,B,202308,17,1601,3.0
E1,M11,104-1,A,SF-104,B,202309,18,1646,0.0
E1,M11,104-1,A,SF-104,B,202310,19,1690,0.0
E1,M11,104-1,A,SF-104,B,202311,20,1734,2.0
E1,M11,104-1,A,SF-104,B,202312,21,1778,3.0
E1,M11,104-1,A,SF-104,B,202401,22,1822,0.0
E1,M11,104-1,A,SF-104,B,202402,23,1867,2.0
E1,M11,104-1,A,SF-104,B,202403,24,1911,0.0
E1,M11,104-1,A,SF-104,B,202404,25,1955,3.0
E1,M11,104-1,A,SF-104,B,202405,26,1999,4.0
E1,M11,104-1,A,SF-104,B,202406,27,2043,1.0
E1,M11,104-1,A,SF-104,B,202407,28,2088,1.0
E1,M11,104-1,A,SF-104,B,202408,29,2132,1.0
E1,M11,104-1,A,SF-104,B,202409,30,2176,4.0
E1,M11,104-1,A,SF-104,B,202410,31,2220,4.0
E1,M11,104-1,A,SF-104,B,202411,32,2264,2.0
E1,M11,104-1,A,SF-104,B,202412,33,2309,1.0
E1,M11,104-1,ALL,SF-104,B,202203,0,2500,3.0
E1,M11,104-1,ALL,SF-104,B,202204,1,2630,3.0
E1,M11,104-1,ALL,SF-104,B,202205,2,2760,2.0
E1,M11,104-1,ALL,SF-104,B,202206,3,2890,5.0
E1,M11,104-1,ALL,SF-104,B,202207,4,3020,2.0
E1,M11,104-1,ALL,SF-104,B,202208,5,3150,5.0
E1,M11,104-1,ALL,SF-104,B,202209,6,3280,2.0
E1,M11,104-1,ALL,SF-104,B,202210,7,3410,4.0
E1,M11,104-1,ALL,SF-104,B,202211,8,3540,2.0
E1,M11,104-1,ALL,SF-104,B,202212,9,3670,2.0
E1,M11,104-1,ALL,SF-104,B,202301,10,3800,4.0
E1,M11,104-1,ALL,SF-104,B,202302,11,3930,3.0
E1,M11,104-1,ALL,SF-104,B,202303,12,4060,5.0
E1,M11,104-1,ALL,SF-104,B,202304,13,4190,5.0
E1,M11,104-1,ALL,SF-104,B,202305,14,4320,5.0
E1,M11,104-1,ALL,SF-104,B,202306,15,4450,3.0
E1,M11,104-1,ALL,SF-104,B,202307,16,4580,5.0
E1,M11,104-1,ALL,SF-104,B,202308,17,4710,6.0
E1,M11,104-1,ALL,SF-104,B,202309,18,4840,4.0
E1,M11,104-1,ALL,SF-104,B,202310,19,4970,3.0
E1,M11,104-1,ALL,SF-104,B,202311,20,5100,4.0
E1,M11,104-1,ALL,SF-104,B,202312,21,5230,6.0
E1,M11,104-1,ALL,SF-104,B,202401,22,5360,1.0
E1,M11,104-1,ALL,SF-104,B,202402,23,5490,5.0
E1,M11,104-1,ALL,SF-104,B,202403,24,5620,6.0
E1,M11,104-1,ALL,SF-104,B,202404,25,5750,6.0
E1,M11,104-1,ALL,SF-104,B,202405,26,5880,9.0
E1,M11,104-1,ALL,SF-104,B,202406,27,6010,4.0
E1,M11,104-1,ALL,SF-104,B,202407,28,6140,10.0
E1,M11,104-1,ALL,SF-104,B,202408,29,6270,8.0
E1,M11,104-1,ALL,SF-104,B,202409,30,6400,8.0
E1,M11,104-1,ALL,SF-104,B,202410,31,6530,10.0
E1,M11,104-1,ALL,SF-104,B,202411,32,6660,5.0
E1,M11,104-1,ALL,SF-104,B,202412,33,6790,2.0
E1,M11,104-1,B,SF-104,B,202204,1,631,1.0
E1,M11,104-1,B,SF-104,B,202205,2,662,0.0
E1,M11,104-1,B,SF-104,B,202206,3,694,2.0
E1,M11,104-1,B,SF-104,B,202207,4,725,0.0
E1,M11,104-1,B,SF-104,B,202208,5,756,3.0
E1,M11,104-1,B,SF-104,B,202209,6,787,1.0
E1,M11,104-1,B,SF-104,B,202210,7,818,1.0
E1,M11,104-1,B,SF-104,B,202211,8,850,1.0
E1,M11,104-1,B,SF-104,B,202212,9,881,0.0
E1,M11,104-1,B,SF-104,B,202301,10,912,0.0
E1,M11,104-1,B,SF-104,B,202302,11,943,1.0
E1,M11,104-1,B,SF-104,B,202303,12,974,1.0
E1,M11,104-1,B,SF-104,B,202304,13,1006,1.0
E1,M11,104-1,B,SF-104,B,202305,14,1037,1.0
E1,M11,104-1,B,SF-104,B,202306,15,1068,0.0
E1,M11,104-1,B,SF-104,B,202307,16,1099,2.0
E1,M11,104-1,B,SF-104,B,202308,17,1130,0.0
E1,M11,104-1,B,SF-104,B,202309,18,1162,2.0
E1,M11,104-1,B,SF-104,B,202310,19,1193,1.0
E1,M11,104-1,B,SF-104,B,202311,20,1224,0.0
E1,M11,104-1,B,SF-104,B,202312,21,1255,0.0
E1,M11,104-1,B,SF-104,B,202401,22,1286,1.0
E1,M11,104-1,B,SF-104,B,202402,23,1318,1.0
E1,M11,104-1,B,SF-104,B,202403,24,1349,0.0
E1,M11,104-1,B,SF-104,B,202404,25,1380,1.0
E1,M11,104-1,B,SF-104,B,202405,26,1411,2.0
E1,M11,104-1,B,SF-104,B,202406,27,1442,1.0
E1,M11,104-1,B,SF-104,B,202407,28,1474,3.0
E1,M11,104-1,B,SF-104,B,202408,29,1505,3.0
E1,M11,104-1,B,SF-104,B,202409,30,1536,1.0
E1,M11,104-1,B,SF-104,B,202410,31,1567,5.0
E1,M11,104-1,B,SF-104,B,202411,32,1598,2.0
E1,M11,104-1,B,SF-104,B,202412,33,1630,0.0
E1,M11,104-1,C,SF-104,B,202205,2,552,1.0
E1,M11,104-1,C,SF-104,B,202206,3,578,1.0
E1,M11,104-1,C,SF-104,B,202207,4,604,1.0
E1,M11,104-1,C,SF-104,B,202208,5,630,1.0
E1,M11,104-1,C,SF-104,B,202209,6,656,0.0
E1,M11,104-1,C,SF-104,B,202210,7,682,0.0
E1,M11,104-1,C,SF-104,B,202211,8,708,1.0
E1,M11,104-1,C,SF-104,B,202212,9,734,1.0
E1,M11,104-1,C,SF-104,B,202301,10,760,1.0
E1,M11,104-1,C,SF-104,B,202302,11,786,0.0
E1,M11,104-1,C,SF-104,B,202303,12,812,1.0
E1,M11,104-1,C,SF-104,B,202304,13,838,0.0
E1,M11,104-1,C,SF-104,B,202305,14,864,3.0
E1,M11,104-1,C,SF-104,B,202306,15,890,1.0
E1,M11,104-1,C,SF-104,B,202307,16,916,1.0
E1,M11,104-1,C,SF-104,B,202308,17,942,2.0
E1,M11,104-1,C,SF-104,B,202309,18,968,1.0
E1,M11,104-1,C,SF-104,B,202310,19,994,1.0
E1,M11,104-1,C,SF-104,B,202311,20,1020,0.0
E1,M11,104-1,C,SF-104,B,202312,21,1046,2.0
E1,M11,104-1,C,SF-104,B,202401,22,1072,0.0
E1,M11,104-1,C,SF-104,B,202402,23,1098,0.0
E1,M11,104-1,C,SF-104,B,202403,24,1124,4.0
E1,M11,104-1,C,SF-104,B,202404,25,1150,0.0
E1,M11,104-1,C,SF-104,B,202405,26,1176,2.0
E1,M11,104-1,C,SF-104,B,202406,27,1202,1.0
E1,M11,104-1,C,SF-104,B,202407,28,1228,2.0
E1,M11,104-1,C,SF-104,B,202408,29,1254,2.0
E1,M11,104-1,C,SF-104,B,202409,30,1280,1.0
E1,M11,104-1,C,SF-104,B,202410,31,1306,0.0
E1,M11,104-1,C,SF-104,B,202411,32,1332,1.0
E1,M11,104-1,D,SF-104,B,202203,0,375,2.0
E1,M11,104-1,D,SF-104,B,202204,1,394,1.0
E1,M11,104-1,D,SF-104,B,202205,2,414,0.0
E1,M11,104-1,D,SF-104,B,202206,3,434,1.0
E1,M11,104-1,D,SF-104,B,202207,4,453,0.0
E1,M11,104-1,D,SF-104,B,202208,5,472,0.0
E1,M11,104-1,D,SF-104,B,202209,6,492,0.0
E1,M11,104-1,D,SF-104,B,202210,7,512,1.0
E1,M11,104-1,D,SF-104,B,202211,8,531,0.0
E1,M11,104-1,D,SF-104,B,202212,9,550,0.0
E1,M11,104-1,D,SF-104,B,202301,10,570,2.0
E1,M11,104-1,D,SF-104,B,202302,11,590,2.0
E1,M11,104-1,D,SF-104,B,202303,12,609,3.0
E1,M11,104-1,D,SF-104,B,202304,13,628,1.0
E1,M11,104-1,D,SF-104,B,202305,14,648,1.0
E1,M11,104-1,D,SF-104,B,202306,15,668,0.0
E1,M11,104-1,D,SF-104,B,202307,16,687,2.0
E1,M11,104-1,D,SF-104,B,202308,17,706,1.0
E1,M11,104-1,D,SF-104,B,202309,18,726,1.0
E1,M11,104-1,D,SF-104,B,202310,19,746,1.0
E1,M11,104-1,D,SF-104,B,202311,20,765,1.0
E1,M11,104-1,D,SF-104,B,202312,21,784,1.0
E1,M11,104-1,D,SF-104,B,202401,22,804,0.0
E1,M11,104-1,D,SF-104,B,202402,23,824,0.0
E1,M11,104-1,D,SF-104,B,202403,24,843,0.0
E1,M11,104-1,D,SF-104,B,202404,25,862,1.0
E1,M11,104-1,D,SF-104,B,202405,26,882,1.0
E1,M11,104-1,D,SF-104,B,202406,27,902,1.0
E1,M11,104-1,D,SF-104,B,202407,28,921,3.0
E1,M11,104-1,D,SF-104,B,202408,29,940,1.0
E1,M11,104-1,D,SF-104,B,202409,30,960,2.0
E1,M11,104-1,D,SF-104,B,202410,31,980,0.0
E1,M11,104-1,E,SF-104,B,202211,8,248,0.0
E1,M11,104-1,E,SF-104,B,202212,9,257,0.0
E1,M11,104-1,E,SF-104,B,202301,10,266,0.0
E1,M11,104-1,E,SF-104,B,202302,11,275,0.0
E1,M11,104-1,E,SF-104,B,202303,12,284,0.0
E1,M11,104-1,E,SF-104,B,202304,13,293,0.0
E1,M11,104-1,E,SF-104,B,202305,14,302,0.0
E1,M11,104-1,E,SF-104,B,202306,15,312,0.0
E1,M11,104-1,E,SF-104,B,202307,16,321,0.0
E1,M11,104-1,E,SF-104,B,202308,17,330,0.0
E1,M11,104-1,E,SF-104,B,202309,18,339,0.0
E1,M11,104-1,E,SF-104,B,202310,19,348,0.0
E1,M11,104-1,E,SF-104,B,202311,20,357,1.0
E1,M11,104-1,E,SF-104,B,202312,21,366,0.0
E1,M11,104-1,E,SF-104,B,202401,22,375,0.0
E1,M11,104-1,E,SF-104,B,202402,23,384,2.0
E1,M11,104-1,E,SF-104,B,202403,24,393,2.0
E1,M11,104-1,E,SF-104,B,202404,25,403,1.0
E1,M11,104-1,E,SF-104,B,202405,26,412,0.0
E1,M11,104-1,E,SF-104,B,202406,27,421,0.0
E1,M11,104-1,E,SF-104,B,202407,28,430,1.0
E1,M11,104-1,E,SF-104,B,202408,29,439,1.0
E1,M11,104-1,E,SF-104,B,202409,30,448,0.0
E1,M11,104-1,E,SF-104,B,202410,31,457,1.0
E1,M11,104-1,E,SF-104,B,202411,32,466,0.0
E1,M11,104-1,E,SF-104,B,202412,33,475,1.0
E1,M11,104-2,A,SF-104,B,202203,0,850,3.0
E1,M11,104-2,A,SF-104,B,202205,2,938,2.0
E1,M11,104-2,A,SF-104,B,202206,3,983,1.0
E1,M11,104-2,A,SF-104,B,202207,4,1027,5.0
E1,M11,104-2,A,SF-104,B,202208,5,1071,1.0
E1,M11,104-2,A,SF-104,B,202209,6,1115,2.0
E1,M11,104-2,A,SF-104,B,202210,7,1159,1.0
E1,M11,104-2,A,SF-104,B,202211,8,1204,0.0
E1,M11,104-2,A,SF-104,B,202212,9,1248,0.0
E1,M11,104-2,A,SF-104,B,202301,10,1292,1.0
E1,M11,104-2,A,SF-104,B,202302,11,1336,3.0
E1,M11,104-2,A,SF-104,B,202303,12,1380,0.0
E1,M11,104-2,A,SF-104,B,202304,13,1425,2.0
E1,M11,104-2,A,SF-104,B,202305,14,1469,4.0
E1,M11,104-2,A,SF-104,B,202306,15,1513,1.0
E1,M11,104-2,A,SF-104,B,202307,16,1557,2.0
E1,M11,104-2,A,SF-104,B,202308,17,1601,1.0
E1,M11,104-2,A,SF-104,B,202309,18,1646,0.0
E1,M11,104-2,A,SF-104,B,202310,19,1690,1.0
E1,M11,104-2,A,SF-104,B,202311,20,1734,2.0
E1,M11,104-2,A,SF-104,B,202312,21,1778,2.0
E1,M11,104-2,A,SF-104,B,202401,22,1822,2.0
E1,M11,104-2,A,SF-104,B,202402,23,1867,1.0
E1,M11,104-2,A,SF-104,B,202403,24,1911,3.0
E1,M11,104-2,A,SF-104,B,202404,25,1955,1.0
E1,M11,104-2,A,SF-104,B,202405,26,1999,0.0
E1,M11,104-2,A,SF-104,B,202406,27,2043,0.0
E1,M11,104-2,A,SF-104,B,202407,28,2088,0.0
E1,M11,104-2,A,SF-104,B,202408,29,2132,2.0
E1,M11,104-2,A,SF-104,B,202409,30,2176,1.0
E1,M11,104-2,A,SF-104,B,202410,31,2220,3.0
E1,M11,104-2,A,SF-104,B,202411,32,2264,1.0
E1,M11,104-2,A,SF-104,B,202412,33,2309,1.0
E1,M11,104-2,ALL,SF-104,B,202203,0,2500,3.0
E1,M11,104-2,ALL,SF-104,B,202204,1,2630,2.0
E1,M11,104-2,ALL,SF-104,B,202205,2,2760,4.0
E1,M11,104-2,ALL,SF-104,B,202206,3,2890,3.0
E1,M11,104-2,ALL,SF-104,B,202207,4,3020,7.0
E1,M11,104-2,ALL,SF-104,B,202208,5,3150,2.0
E1,M11,104-2,ALL,SF-104,B,202209,6,3280,3.0
E1,M11,104-2,ALL,SF-104,B,202210,7,3410,3.0
E1,M11,104-2,ALL,SF-104,B,202211,8,3540,5.0
E1,M11,104-2,ALL,SF-104,B,202212,9,3670,3.0
E1,M11,104-2,ALL,SF-104,B,202301,10,3800,3.0
E1,M11,104-2,ALL,SF-104,B,202302,11,3930,4.0
E1,M11,104-2,ALL,SF-104,B,202303,12,4060,2.0
E1,M11,104-2,ALL,SF-104,B,202304,13,4190,2.0
E1,M11,104-2,ALL,SF-104,B,202305,14,4320,9.0
E1,M11,104-2,ALL,SF-104,B,202306,15,4450,5.0
E1,M11,104-2,ALL,SF-104,B,202307,16,4580,5.0
E1,M11,104-2,ALL,SF-104,B,202308,17,4710,4.0
E1,M11,104-2,ALL,SF-104,B,202309,18,4840,0.0
E1,M11,104-2,ALL,SF-104,B,202310,19,4970,6.0
E1,M11,104-2,ALL,SF-104,B,202311,20,5100,5.0
E1,M11,104-2,ALL,SF-104,B,202312,21,5230,8.0
E1,M11,104-2,ALL,SF-104,B,202401,22,5360,5.0
E1,M11,104-2,ALL,SF-104,B,202402,23,5490,8.0
E1,M11,104-2,ALL,SF-104,B,202403,24,5620,6.0
E1,M11,104-2,ALL,SF-104,B,202404,25,5750,4.0
E1,M11,104-2,ALL,SF-104,B,202405,26,5880,2.0
E1,M11,104-2,ALL,SF-104,B,202406,27,6010,3.0
E1,M11,104-2,ALL,SF-104,B,202407,28,6140,2.0
E1,M11,104-2,ALL,SF-104,B,202408,29,6270,7.0
E1,M11,104-2,ALL,SF-104,B,202409,30,6400,10.0
E1,M11,104-2,ALL,SF-104,B,202410,31,6530,6.0
E1,M11,104-2,ALL,SF-104,B,202411,32,6660,5.0
E1,M11,104-2,ALL,SF-104,B,202412,33,6790,2.0
E1,M11,104-2,B,SF-104,B,202205,2,662,2.0
E1,M11,104-2,B,SF-104,B,202206,3,694,1.0
E1,M11,104-2,B,SF-104,B,202207,4,725,1.0
E1,M11,104-2,B,SF-104,B,202208,5,756,0.0
E1,M11,104-2,B,SF-104,B,202209,6,787,0.0
E1,M11,104-2,B,SF-104,B,202210,7,818,0.0
E1,M11,104-2,B,SF-104,B,202211,8,850,1.0
E1,M11,104-2,B,SF-104,B,202212,9,881,0.0
E1,M11,104-2,B,SF-104,B,202301,10,912,1.0
E1,M11,104-2,B,SF-104,B,202302,11,943,0.0
E1,M11,104-2,B,SF-104,B,202303,12,974,1.0
E1,M11,104-2,B,SF-104,B,202304,13,1006,0.0
E1,M11,104-2,B,SF-104,B,202305,14,1037,0.0
E1,M11,104-2,B,SF-104,B,202306,15,1068,3.0
E1,M11,104-2,B,SF-104,B,202307,16,1099,1.0
E1,M11,104-2,B,SF-104,B,202308,17,1130,2.0
E1,M11,104-2,B,SF-104,B,202309,18,1162,0.0
E1,M11,104-2,B,SF-104,B,202310,19,1193,2.0
E1,M11,104-2,B,SF-104,B,202311,20,1224,1.0
E1,M11,104-2,B,SF-104,B,202312,21,1255,3.0
E1,M11,104-2,B,SF-104,B,202401,22,1286,2.0
E1,M11,104-2,B,SF-104,B,202402,23,1318,4.0
E1,M11,104-2,B,SF-104,B,202403,24,1349,2.0
E1,M11,104-2,B,SF-104,B,202404,25,1380,0.0
E1,M11,104-2,B,SF-104,B,202405,26,1411,1.0
E1,M11,104-2,B,SF-104,B,202406,27,1442,1.0
E1,M11,104-2,B,SF-104,B,202407,28,1474,1.0
E1,M11,104-2,B,SF-104,B,202408,29,1505,0.0
E1,M11,104-2,B,SF-104,B,202409,30,1536,3.0
E1,M11,104-2,B,SF-104,B,202410,31,1567,2.0
E1,M11,104-2,B,SF-104,B,202411,32,1598,3.0
E1,M11,104-2,B,SF-104,B,202412,33,1630,1.0
E1,M11,104-2,C,SF-104,B,202204,1,526,1.0
E1,M11,104-2,C,SF-104,B,202205,2,552,0.0
E1,M11,104-2,C,SF-104,B,202206,3,578,1.0
E1,M11,104-2,C,SF-104,B,202207,4,604,1.0
E1,M11,104-2,C,SF-104,B,202208,5,630,0.0
E1,M11,104-2,C,SF-104,B,202209,6,656,1.0
E1,M11,104-2,C,SF-104,B,202210,7,682,1.0
E1,M11,104-2,C,SF-104,B,202211,8,708,3.0
E1,M11,104-2,C,SF-104,B,202212,9,734,1.0
E1,M11,104-2,C,SF-104,B,202301,10,760,0.0
E1,M11,104-2,C,SF-104,B,202302,11,786,0.0
E1,M11,104-2,C,SF-104,B,202303,12,812,1.0
E1,M11,104-2,C,SF-104,B,202304,13,838,0.0
E1,M11,104-2,C,SF-104,B,202305,14,864,4.0
E1,M11,104-2,C,SF-104,B,202306,15,890,1.0
E1,M11,104-2,C,SF-104,B,202307,16,916,2.0
E1,M11,104-2,C,SF-104,B,202308,17,942,0.0
E1,M11,104-2,C,SF-104,B,202309,18,968,0.0
E1,M11,104-2,C,SF-104,B,202310,19,994,1.0
E1,M11,104-2,C,SF-104,B,202311,20,1020,2.0
E1,M11,104-2,C,SF-104,B,202312,21,1046,2.0
E1,M11,104-2,C,SF-104,B,202401,22,1072,1.0
E1,M11,104-2,C,SF-104,B,202402,23,1098,1.0
E1,M11,104-2,C,SF-104,B,202403,24,1124,0.0
E1,M11,104-2,C,SF-104,B,202404,25,1150,2.0
E1,M11,104-2,C,SF-104,B,202405,26,1176,1.0
E1,M11,104-2,C,SF-104,B,202406,27,1202,1.0
E1,M11,104-2,C,SF-104,B,202407,28,1228,1.0
E1,M11,104-2,C,SF-104,B,202408,29,1254,4.0
E1,M11,104-2,C,SF-104,B,202409,30,1280,2.0
E1,M11,104-2,C,SF-104,B,202410,31,1306,1.0
E1,M11,104-2,C,SF-104,B,202411,32,1332,1.0
E1,M11,104-2,D,SF-104,B,202204,1,394,1.0
E1,M11,104-2,D,SF-104,B,202205,2,414,0.0
E1,M11,104-2,D,SF-104,B,202206,3,434,0.0
E1,M11,104-2,D,SF-104,B,202207,4,453,0.0
E1,M11,104-2,D,SF-104,B,202208,5,472,1.0
E1,M11,104-2,D,SF-104,B,202209,6,492,0.0
E1,M11,104-2,D,SF-104,B,202210,7,512,1.0
E1,M11,104-2,D,SF-104,B,202211,8,531,1.0
E1,M11,104-2,D,SF-104,B,202212,9,550,2.0
E1,M11,104-2,D,SF-104,B,202301,10,570,0.0
E1,M11,104-2,D,SF-104,B,202302,11,590,1.0
E1,M11,104-2,D,SF-104,B,202303,12,609,0.0
E1,M11,104-2,D,SF-104,B,202304,13,628,0.0
E1,M11,104-2,D,SF-104,B,202305,14,648,1.0
E1,M11,104-2,D,SF-104,B,202306,15,668,0.0
E1,M11,104-2,D,SF-104,B,202307,16,687,0.0
E1,M11,104-2,D,SF-104,B,202308,17,706,0.0
E1,M11,104-2,D,SF-104,B,202309,18,726,0.0
E1,M11,104-2,D,SF-104,B,202310,19,746,2.0
E1,M11,104-2,D,SF-104,B,202311,20,765,0.0
E1,M11,104-2,D,SF-104,B,202312,21,784,0.0
E1,M11,104-2,D,SF-104,B,202401,22,804,0.0
E1,M11,104-2,D,SF-104,B,202402,23,824,2.0
E1,M11,104-2,D,SF-104,B,202403,24,843,1.0
E1,M11,104-2,D,SF-104,B,202404,25,862,1.0
E1,M11,104-2,D,SF-104,B,202405,26,882,0.0
E1,M11,104-2,D,SF-104,B,202406,27,902,1.0
E1,M11,104-2,D,SF-104,B,202407,28,921,0.0
E1,M11,104-2,D,SF-104,B,202408,29,940,1.0
E1,M11,104-2,D,SF-104,B,202409,30,960,1.0
E1,M11,104-2,D,SF-104,B,202410,31,980,0.0
E1,M11,104-2,E,SF-104,B,202211,8,248,0.0
E1,M11,104-2,E,SF-104,B,202212,9,257,0.0
E1,M11,104-2,E,SF-104,B,202301,10,266,1.0
E1,M11,104-2,E,SF-104,B,202302,11,275,0.0
E1,M11,104-2,E,SF-104,B,202303,12,284,0.0
E1,M11,104-2,E,SF-104,B,202304,13,293,0.0
E1,M11,104-2,E,SF-104,B,202305,14,302,0.0
E1,M11,104-2,E,SF-104,B,202306,15,312,0.0
E1,M11,104-2,E,SF-104,B,202307,16,321,0.0
E1,M11,104-2,E,SF-104,B,202308,17,330,1.0
E1,M11,104-2,E,SF-104,B,202309,18,339,0.0
E1,M11,104-2,E,SF-104,B,202310,19,348,0.0
E1,M11,104-2,E,SF-104,B,202311,20,357,0.0
E1,M11,104-2,E,SF-104,B,202312,21,366,1.0
E1,M11,104-2,E,SF-104,B,202401,22,375,0.0
E1,M11,104-2,E,SF-104,B,202402,23,384,0.0
E1,M11,104-2,E,SF-104,B,202403,24,393,0.0
E1,M11,104-2,E,SF-104,B,202404,25,403,0.0
E1,M11,104-2,E,SF-104,B,202405,26,412,0.0
E1,M11,104-2,E,SF-104,B,202406,27,421,0.0
E1,M11,104-2,E,SF-104,B,202407,28,430,0.0
E1,M11,104-2,E,SF-104,B,202408,29,439,0.0
E1,M11,104-2,E,SF-104,B,202409,30,448,3.0
E1,M11,104-2,E,SF-104,B,202410,31,457,0.0
E1,M11,104-2,E,SF-104,B,202411,32,466,0.0
E1,M11,104-2,E,SF-104,B,202412,33,475,0.0
E1,M11,105-0,A,SF-105,B,202204,1,894,1.0
E1,M11,105-0,A,SF-105,B,202205,2,938,0.0
E1,M11,105-0,A,SF-105,B,202206,3,983,1.0
E1,M11,105-0,A,SF-105,B,202207,4,1027,0.0
E1,M11,105-0,A,SF-105,B,202208,5,1071,0.0
E1,M11,105-0,A,SF-105,B,202209,6,1115,0.0
E1,M11,105-0,A,SF-105,B,202210,7,1159,0.0
E1,M11,105-0,A,SF-105,B,202211,8,1204,0.0
E1,M11,105-0,A,SF-105,B,202212,9,1248,0.0
E1,M11,105-0,A,SF-105,B,202301,10,1292,0.0
E1,M11,105-0,A,SF-105,B,202302,11,1336,0.0
E1,M11,105-0,A,SF-105,B,202303,12,1380,1.0
E1,M11,105-0,A,SF-105,B,202304,13,1425,0.0
E1,M11,105-0,A,SF-105,B,202305,14,1469,0.0
E1,M11,105-0,A,SF-105,B,202306,15,1513,0.0
E1,M11,105-0,A,SF-105,B,202307,16,1557,0.0
E1,M11,105-0,A,SF-105,B,202308,17,1601,1.0
E1,M11,105-0,A,SF-105,B,202309,18,1646,1.0
E1,M11,105-0,A,SF-105,B,202310,19,1690,0.0
E1,M11,105-0,A,SF-105,B,202311,20,1734,0.0
E1,M11,105-0,A,SF-105,B,202312,21,1778,0.0
E1,M11,105-0,A,SF-105,B,202401,22,1822,0.0
E1,M11,105-0,A,SF-105,B,202402,23,1867,0.0
E1,M11,105-0,A,SF-105,B,202403,24,1911,0.0
E1,M11,105-0,A,SF-105,B,202404,25,1955,0.0
E1,M11,105-0,A,SF-105,B,202405,26,1999,1.0
E1,M11,105-0,A,SF-105,B,202406,27,2043,1.0
E1,M11,105-0,A,SF-105,B,202407,28,2088,0.0
E1,M11,105-0,A,SF-105,B,202408,29,2132,3.0
E1,M11,105-0,A,SF-105,B,202409,30,2176,0.0
E1,M11,105-0,A,SF-105,B,202410,31,2220,0.0
E1,M11,105-0,A,SF-105,B,202411,32,2264,1.0
E1,M11,105-0,A,SF-105,B,202412,33,2309,1.0
E1,M11,105-0,ALL,SF-105,B,202203,0,2500,0.0
E1,M11,105-0,ALL,SF-105,B,202204,1,2630,3.0
E1,M11,105-0,ALL,SF-105,B,202205,2,2760,3.0
E1,M11,105-0,ALL,SF-105,B,202206,3,2890,1.0
E1,M11,105-0,ALL,SF-105,B,202207,4,3020,1.0
E1,M11,105-0,ALL,SF-105,B,202208,5,3150,0.0
E1,M11,105-0,ALL,SF-105,B,202209,6,3280,1.0
E1,M11,105-0,ALL,SF-105,B,202210,7,3410,1.0
E1,M11,105-0,ALL,SF-105,B,202211,8,3540,1.0
E1,M11,105-0,ALL,SF-105,B,202212,9,3670,0.0
E1,M11,105-0,ALL,SF-105,B,202301,10,3800,1.0
E1,M11,105-0,ALL,SF-105,B,202302,11,3930,0.0
E1,M11,105-0,ALL,SF-105,B,202303,12,4060,1.0
E1,M11,105-0,ALL,SF-105,B,202304,13,4190,1.0
E1,M11,105-0,ALL,SF-105,B,202305,14,4320,0.0
E1,M11,105-0,ALL,SF-105,B,202306,15,4450,0.0
E1,M11,105-0,ALL,SF-105,B,202307,16,4580,0.0
E1,M11,105-0,ALL,SF-105,B,202308,17,4710,4.0
E1,M11,105-0,ALL,SF-105,B,202309,18,4840,3.0
E1,M11,105-0,ALL,SF-105,B,202310,19,4970,2.0
E1,M11,105-0,ALL,SF-105,B,202311,20,5100,2.0
E1,M11,105-0,ALL,SF-105,B,202312,21,5230,0.0
E1,M11,105-0,ALL,SF-105,B,202401,22,5360,0.0
E1,M11,105-0,ALL,SF-105,B,202402,23,5490,1.0
E1,M11,105-0,ALL,SF-105,B,202403,24,5620,1.0
E1,M11,105-0,ALL,SF-105,B,202404,25,5750,1.0
E1,M11,105-0,ALL,SF-105,B,202405,26,5880,1.0
E1,M11,105-0,ALL,SF-105,B,202406,27,6010,2.0
E1,M11,105-0,ALL,SF-105,B,202407,28,6140,2.0
E1,M11,105-0,ALL,SF-105,B,202408,29,6270,4.0
E1,M11,105-0,ALL,SF-105,B,202409,30,6400,0.0
E1,M11,105-0,ALL,SF-105,B,202410,31,6530,0.0
E1,M11,105-0,ALL,SF-105,B,202411,32,6660,2.0
E1,M11,105-0,ALL,SF-105,B,202412,33,6790,1.0
E1,M11,105-0,B,SF-105,B,202204,1,631,1.0
E1,M11,105-0,B,SF-105,B,202205,2,662,1.0
E1,M11,105-0,B,SF-105,B,202206,3,694,0.0
E1,M11,105-0,B,SF-105,B,202207,4,725,1.0
E1,M11,105-0,B,SF-105,B,202208,5,756,0.0
E1,M11,105-0,B,SF-105,B,202209,6,787,0.0
E1,M11,105-0,B,SF-105,B,202210,7,818,0.0
E1,M11,105-0,B,SF-105,B,202211,8,850,0.0
E1,M11,105-0,B,SF-105,B,202212,9,881,0.0
E1,M11,105-0,B,SF-105,B,202301,10,912,1.0
E1,M11,105-0,B,SF-105,B,202302,11,943,0.0
E1,M11,105-0,B,SF-105,B,202303,12,974,0.0
E1,M11,105-0,B,SF-105,B,202304,13,1006,0.0
E1,M11,105-0,B,SF-105,B,202305,14,1037,0.0
E1,M11,105-0,B,SF-105,B,202306,15,1068,0.0
E1,M11,105-0,B,SF-105,B,202307,16,1099,0.0
E1,M11,105-0,B,SF-105,B,202308,17,1130,2.0
E1,M11,105-0,B,SF-105,B,202309,18,1162,1.0
E1,M11,105-0,B,SF-105,B,202310,19,1193,0.0
E1,M11,105-0,B,SF-105,B,202311,20,1224,0.0
E1,M11,105-0,B,SF-105,B,202312,21,1255,0.0
E1,M11,105-0,B,SF-105,B,202401,22,1286,0.0
E1,M11,105-0,B,SF-105,B,202402,23,1318,0.0
E1,M11,105-0,B,SF-105,B,202403,24,1349,0.0
E1,M11,105-0,B,SF-105,B,202404,25,1380,0.0
E1,M11,105-0,B,SF-105,B,202405,26,1411,0.0
E1,M11,105-0,B,SF-105,B,202406,27,1442,0.0
E1,M11,105-0,B,SF-105,B,202407,28,1474,1.0
E1,M11,105-0,B,SF-105,B,202408,29,1505,0.0
E1,M11,105-0,B,SF-105,B,202409,30,1536,0.0
E1,M11,105-0,B,SF-105,B,202410,31,1567,0.0
E1,M11,105-0,B,SF-105,B,202411,32,1598,0.0
E1,M11,105-0,B,SF-105,B,202412,33,1630,0.0
E1,M11,105-0,C,SF-105,B,202204,1,526,1.0
E1,M11,105-0,C,SF-105,B,202205,2,552,1.0
E1,M11,105-0,C,SF-105,B,202206,3,578,0.0
E1,M11,105-0,C,SF-105,B,202207,4,604,0.0
E1,M11,105-0,C,SF-105,B,202208,5,630,0.0
E1,M11,105-0,C,SF-105,B,202209,6,656,1.0
E1,M11,105-0,C,SF-105,B,202210,7,682,0.0
E1,M11,105-0,C,SF-105,B,202211,8,708,1.0
E1,M11,105-0,C,SF-105,B,202212,9,734,0.0
E1,M11,105-0,C,SF-105,B,202301,10,760,0.0
E1,M11,105-0,C,SF-105,B,202302,11,786,0.0
E1,M11,105-0,C,SF-105,B,202303,12,812,0.0
E1,M11,105-0,C,SF-105,B,202304,13,838,1.0
E1,M11,105-0,C,SF-105,B,202305,14,864,0.0
E1,M11,105-0,C,SF-105,B,202306,15,890,0.0
E1,M11,105-0,C,SF-105,B,202307,16,916,0.0
E1,M11,105-0,C,SF-105,B,202308,17,942,1.0
E1,M11,105-0,C,SF-105,B,202309,18,968,1.0
E1,M11,105-0,C,SF-105,B,202310,19,994,1.0
E1,M11,105-0,C,SF-105,B,202311,20,1020,2.0
E1,M11,105-0,C,SF-105,B,202312,21,1046,0.0
E1,M11,105-0,C,SF-105,B,202401,22,1072,0.0
E1,M11,105-0,C,SF-105,B,202402,23,1098,1.0
E1,M11,105-0,C,SF-105,B,202403,24,1124,0.0
E1,M11,105-0,C,SF-105,B,202404,25,1150,1.0
E1,M11,105-0,C,SF-105,B,202405,26,1176,0.0
E1,M11,105-0,C,SF-105,B,202406,27,1202,0.0
E1,M11,105-0,C,SF-105,B,202407,28,1228,1.0
E1,M11,105-0,C,SF-105,B,202408,29,1254,0.0
E1,M11,105-0,C,SF-105,B,202409,30,1280,0.0
E1,M11,105-0,C,SF-105,B,202410,31,1306,0.0
E1,M11,105-0,C,SF-105,B,202411,32,1332,1.0
E1,M11,105-0,D,SF-105,B,202205,2,414,1.0
E1,M11,105-0,D,SF-105,B,202206,3,434,0.0
E1,M11,105-0,D,SF-105,B,202207,4,453,0.0
E1,M11,105-0,D,SF-105,B,202208,5,472,0.0
E1,M11,105-0,D,SF-105,B,202209,6,492,0.0
E1,M11,105-0,D,SF-105,B,202210,7,512,1.0
E1,M11,105-0,D,SF-105,B,202211,8,531,0.0
E1,M11,105-0,D,SF-105,B,202212,9,550,0.0
E1,M11,105-0,D,SF-105,B,202301,10,570,0.0
E1,M11,105-0,D,SF-105,B,202302,11,590,0.0
E1,M11,105-0,D,SF-105,B,202303,12,609,0.0
E1,M11,105-0,D,SF-105,B,202304,13,628,0.0
E1,M11,105-0,D,SF-105,B,202305,14,648,0.0
E1,M11,105-0,D,SF-105,B,202306,15,668,0.0
E1,M11,105-0,D,SF-105,B,202307,16,687,0.0
E1,M11,105-0,D,SF-105,B,202308,17,706,0.0
E1,M11,105-0,D,SF-105,B,202309,18,726,0.0
E1,M11,105-0,D,SF-105,B,202310,19,746,1.0
E1,M11,105-0,D,SF-105,B,202311,20,765,0.0
E1,M11,105-0,D,SF-105,B,202312,21,784,0.0
E1,M11,105-0,D,SF-105,B,202401,22,804,0.0
E1,M11,105-0,D,SF-105,B,202402,23,824,0.0
E1,M11,105-0,D,SF-105,B,202403,24,843,1.0
E1,M11,105-0,D,SF-105,B,202404,25,862,0.0
E1,M11,105-0,D,SF-105,B,202405,26,882,0.0
E1,M11,105-0,D,SF-105,B,202406,27,902,1.0
E1,M11,105-0,D,SF-105,B,202407,28,921,0.0
E1,M11,105-0,D,SF-105,B,202408,29,940,0.0
E1,M11,105-0,D,SF-105,B,202409,30,960,0.0
E1,M11,105-0,D,SF-105,B,202410,31,980,0.0
E1,M11,105-0,E,SF-105,B,202211,8,248,0.0
E1,M11,105-0,E,SF-105,B,202212,9,257,0.0
E1,M11,105-0,E,SF-105,B,202301,10,266,0.0
E1,M11,105-0,E,SF-105,B,202302,11,275,0.0
E1,M11,105-0,E,SF-105,B,202303,12,284,0.0
E1,M11,105-0,E,SF-105,B,202304,13,293,0.0
E1,M11,105-0,E,SF-105,B,202305,14,302,0.0
E1,M11,105-0,E,SF-105,B,202306,15,312,0.0
E1,M11,105-0,E,SF-105,B,202307,16,321,0.0
E1,M11,105-0,E,SF-105,B,202308,17,330,0.0
E1,M11,105-0,E,SF-105,B,202309,18,339,0.0
E1,M11,105-0,E,SF-105,B,202310,19,348,0.0
E1,M11,105-0,E,SF-105,B,202311,20,357,0.0
E1,M11,105-0,E,SF-105,B,202312,21,366,0.0
E1,M11,105-0,E,SF-105,B,202401,22,375,0.0
E1,M11,105-0,E,SF-105,B,202402,23,384,0.0
E1,M11,105-0,E,SF-105,B,202403,24,393,0.0
E1,M11,105-0,E,SF-105,B,202404,25,403,0.0
E1,M11,105-0,E,SF-105,B,202405,26,412,0.0
E1,M11,105-0,E,SF-105,B,202406,27,421,0.0
E1,M11,105-0,E,SF-105,B,202407,28,430,0.0
E1,M11,105-0,E,SF-105,B,202408,29,439,1.0
E1,M11,105-0,E,SF-105,B,202409,30,448,0.0
E1,M11,105-0,E,SF-105,B,202410,31,457,0.0
E1,M11,105-0,E,SF-105,B,202411,32,466,0.0
E1,M11,105-0,E,SF-105,B,202412,33,475,0.0
E1,M12,100-0,A,SF-100,B,202207,2,938,1.0
E1,M12,100-0,A,SF-100,B,202208,3,983,1.0
E1,M12,100-0,A,SF-100,B,202209,4,1027,1.0
E1,M12,100-0,A,SF-100,B,202210,5,1071,2.0
E1,M12,100-0,A,SF-100,B,202211,6,1115,2.0
E1,M12,100-0,A,SF-100,B,202212,7,1159,1.0
E1,M12,100-0,A,SF-100,B,202301,8,1204,0.0
E1,M12,100-0,A,SF-100,B,202302,9,1248,1.0
E1,M12,100-0,A,SF-100,B,202303,10,1292,0.0
E1,M12,100-0,A,SF-100,B,202304,11,1336,2.0
E1,M12,100-0,A,SF-100,B,202305,12,1380,2.0
E1,M12,100-0,A,SF-100,B,202306,13,1425,0.0
E1,M12,100-0,A,SF-100,B,202307,14,1469,3.0
E1,M12,100-0,A,SF-100,B,202308,15,1513,2.0
E1,M12,100-0,A,SF-100,B,202309,16,1557,1.0
E1,M12,100-0,A,SF-100,B,202310,17,1601,5.0
E1,M12,100-0,A,SF-100,B,202311,18,1646,2.0
E1,M12,100-0,A,SF-100,B,202312,19,1690,5.0
E1,M12,100-0,A,SF-100,B,202401,20,1734,3.0
E1,M12,100-0,A,SF-100,B,202402,21,1778,3.0
E1,M12,100-0,A,SF-100,B,202403,22,1822,3.0
E1,M12,100-0,A,SF-100,B,202404,23,1867,2.0
E1,M12,100-0,A,SF-100,B,202405,24,1911,4.0
E1,M12,100-0,A,SF-100,B,202406,25,1955,2.0
E1,M12,100-0,A,SF-100,B,202407,26,1999,4.0
E1,M12,100-0,A,SF-100,B,202408,27,2043,3.0
E1,M12,100-0,A,SF-100,B,202409,28,2088,2.0
E1,M12,100-0,A,SF-100,B,202410,29,2132,4.0
E1,M12,100-0,A,SF-100,B,202411,30,2176,3.0
E1,M12,100-0,A,SF-100,B,202412,31,2220,2.0
E1,M12,100-0,ALL,SF-100,B,202205,0,2500,0.0
E1,M12,100-0,ALL,SF-100,B,202206,1,2630,1.0
E1,M12,100-0,ALL,SF-100,B,202207,2,2760,1.0
E1,M12,100-0,ALL,SF-100,B,202208,3,2890,5.0
E1,M12,100-0,ALL,SF-100,B,202209,4,3020,2.0
E1,M12,100-0,ALL,SF-100,B,202210,5,3150,3.0
E1,M12,100-0,ALL,SF-100,B,202211,6,3280,6.0
E1,M12,100-0,ALL,SF-100,B,202212,7,3410,4.0
E1,M12,100-0,ALL,SF-100,B,202301,8,3540,3.0
E1,M12,100-0,ALL,SF-100,B,202302,9,3670,3.0
E1,M12,100-0,ALL,SF-100,B,202303,10,3800,6.0
E1,M12,100-0,ALL,SF-100,B,202304,11,3930,7.0
E1,M12,100-0,ALL,SF-100,B,202305,12,4060,2.0
E1,M12,100-0,ALL,SF-100,B,202306,13,4190,2.0
E1,M12,100-0,ALL,SF-100,B,202307,14,4320,6.0
E1,M12,100-0,ALL,SF-100,B,202308,15,4450,5.0
E1,M12,100-0,ALL,SF-100,B,202309,16,4580,4.0
E1,M12,100-0,ALL,SF-100,B,202310,17,4710,8.0
E1,M12,100-0,ALL,SF-100,B,202311,18,4840,8.0
E1,M12,100-0,ALL,SF-100,B,202312,19,4970,7.0
E1,M12,100-0,ALL,SF-100,B,202401,20,5100,7.0
E1,M12,100-0,ALL,SF-100,B,202402,21,5230,10.0
E1,M12,100-0,ALL,SF-100,B,202403,22,5360,4.0
E1,M12,100-0,ALL,SF-100,B,202404,23,5490,5.0
E1,M12,100-0,ALL,SF-100,B,202405,24,5620,6.0
E1,M12,100-0,ALL,SF-100,B,202406,25,5750,7.0
E1,M12,100-0,ALL,SF-100,B,202407,26,5880,7.0
E1,M12,100-0,ALL,SF-100,B,202408,27,6010,7.0
E1,M12,100-0,ALL,SF-100,B,202409,28,6140,8.0
E1,M12,100-0,ALL,SF-100,B,202410,29,6270,11.0
E1,M12,100-0,ALL,SF-100,B,202411,30,6400,5.0
E1,M12,100-0,ALL,SF-100,B,202412,31,6530,4.0
E1,M12,100-0,B,SF-100,B,202207,2,662,0.0
E1,M12,100-0,B,SF-100,B,202208,3,694,1.0
E1,M12,100-0,B,SF-100,B,202209,4,725,0.0
E1,M12,100-0,B,SF-100,B,202210,5,756,0.0
E1,M12,100-0,B,SF-100,B,202211,6,787,2.0
E1,M12,100-0,B,SF-100,B,202212,7,818,2.0
E1,M12,100-0,B,SF-100,B,202301,8,850,1.0
E1,M12,100-0,B,SF-100,B,202302,9,881,0.0
E1,M12,100-0,B,SF-100,B,202303,10,912,1.0
E1,M12,100-0,B,SF-100,B,202304,11,943,1.0
E1,M12,100-0,B,SF-100,B,202305,12,974,0.0
E1,M12,100-0,B,SF-100,B,202306,13,1006,0.0
E1,M12,100-0,B,SF-100,B,202307,14,1037,0.0
E1,M12,100-0,B,SF-100,B,202308,15,1068,0.0
E1,M12,100-0,B,SF-100,B,202309,16,1099,2.0
E1,M12,100-0,B,SF-100,B,202310,17,1130,2.0
E1,M12,100-0,B,SF-100,B,202311,18,1162,2.0
E1,M12,100-0,B,SF-100,B,202312,19,1193,1.0
E1,M12,100-0,B,SF-100,B,202401,20,1224,2.0
E1,M12,100-0,B,SF-100,B,202402,21,1255,4.0
E1,M12,100-0,B,SF-100,B,202403,22,1286,1.0
E1,M12,100-0,B,SF-100,B,202404,23,1318,3.0
E1,M12,100-0,B,SF-100,B,202405,24,1349,1.0
E1,M12,100-0,B,SF-100,B,202406,25,1380,2.0
E1,M12,100-0,B,SF-100,B,202407,26,1411,0.0
E1,M12,100-0,B,SF-100,B,202408,27,1442,0.0
E1,M12,100-0,B,SF-100,B,202409,28,1474,2.0
E1,M12,100-0,B,SF-100,B,202410,29,1505,4.0
E1,M12,100-0,B,SF-100,B,202411,30,1536,1.0
E1,M12,100-0,B,SF-100,B,202412,31,1567,2.0
E1,M12,100-0,C,SF-100,B,202206,1,526,1.0
E1,M12,100-0,C,SF-100,B,202207,2,552,0.0
E1,M12,100-0,C,SF-100,B,202208,3,578,2.0
E1,M12,100-0,C,SF-100,B,202209,4,604,1.0
E1,M12,100-0,C,SF-100,B,202210,5,630,0.0
E1,M12,100-0,C,SF-100,B,202211,6,656,1.0
E1,M12,100-0,C,SF-100,B,202212,7,682,1.0
E1,M12,100-0,C,SF-100,B,202301,8,708,1.0
E1,M12,100-0,C,SF-100,B,202302,9,734,0.0
E1,M12,100-0,C,SF-100,B,202303,10,760,1.0
E1,M12,100-0,C,SF-100,B,202304,11,786,2.0
E1,M12,100-0,C,SF-100,B,202305,12,812,0.0
E1,M12,100-0,C,SF-100,B,202306,13,838,2.0
E1,M12,100-0,C,SF-100,B,202307,14,864,1.0
E1,M12,100-0,C,SF-100,B,202308,15,890,2.0
E1,M12,100-0,C,SF-100,B,202309,16,916,1.0
E1,M12,100-0,C,SF-100,B,202310,17,942,0.0
E1,M12,100-0,C,SF-100,B,202311,18,968,2.0
E1,M12,100-0,C,SF-100,B,202312,19,994,0.0
E1,M12,100-0,C,SF-100,B,202401,20,1020,1.0
E1,M12,100-0,C,SF-100,B,202402,21,1046,2.0
E1,M12,100-0,C,SF-100,B,202403,22,1072,0.0
E1,M12,100-0,C,SF-100,B,202404,23,1098,0.0
E1,M12,100-0,C,SF-100,B,202405,24,1124,1.0
E1,M12,100-0,C,SF-100,B,202406,25,1150,1.0
E1,M12,100-0,C,SF-100,B,202407,26,1176,0.0
E1,M12,100-0,C,SF-100,B,202408,27,1202,2.0
E1,M12,100-0,C,SF-100,B,202409,28,1228,2.0
E1,M12,100-0,C,SF-100,B,202410,29,1254,3.0
E1,M12,100-0,C,SF-100,B,202411,30,1280,1.0
E1,M12,100-0,D,SF-100,B,202207,2,414,0.0
E1,M12,100-0,D,SF-100,B,202208,3,434,1.0
E1,M12,100-0,D,SF-100,B,202209,4,453,0.0
E1,M12,100-0,D,SF-100,B,202210,5,472,1.0
E1,M12,100-0,D,SF-100,B,202211,6,492,1.0
E1,M12,100-0,D,SF-100,B,202212,7,512,0.0
E1,M12,100-0,D,SF-100,B,202301,8,531,1.0
E1,M12,100-0,D,SF-100,B,202302,9,550,1.0
E1,M12,100-0,D,SF-100,B,202303,10,570,4.0
E1,M12,100-0,D,SF-100,B,202304,11,590,1.0
E1,M12,100-0,D,SF-100,B,202305,12,609,0.0
E1,M12,100-0,D,SF-100,B,202306,13,628,0.0
E1,M12,100-0,D,SF-100,B,202307,14,648,2.0
E1,M12,100-0,D,SF-100,B,202308,15,668,0.0
E1,M12,100-0,D,SF-100,B,202309,16,687,0.0
E1,M12,100-0,D,SF-100,B,202310,17,706,0.0
E1,M12,100-0,D,SF-100,B,202311,18,726,1.0
E1,M12,100-0,D,SF-100,B,202312,19,746,1.0
E1,M12,100-0,D,SF-100,B,202401,20,765,1.0
E1,M12,100-0,D,SF-100,B,202402,21,784,1.0
E1,M12,100-0,D,SF-100,B,202403,22,804,0.0
E1,M12,100-0,D,SF-100,B,202404,23,824,0.0
E1,M12,100-0,D,SF-100,B,202405,24,843,0.0
E1,M12,100-0,D,SF-100,B,202406,25,862,1.0
E1,M12,100-0,D,SF-100,B,202407,26,882,3.0
E1,M12,100-0,D,SF-100,B,202408,27,902,1.0
E1,M12,100-0,D,SF-100,B,202409,28,921,2.0
E1,M12,100-0,D,SF-100,B,202410,29,940,0.0
E1,M12,100-0,E,SF-100,B,202301,8,248,0.0
E1,M12,100-0,E,SF-100,B,202302,9,257,1.0
E1,M12,100-0,E,SF-100,B,202303,10,266,0.0
E1,M12,100-0,E,SF-100,B,202304,11,275,1.0
E1,M12,100-0,E,SF-100,B,202305,12,284,0.0
E1,M12,100-0,E,SF-100,B,202306,13,293,0.0
E1,M12,100-0,E,SF-100,B,202307,14,302,0.0
E1,M12,100-0,E,SF-100,B,202308,15,312,1.0
E1,M12,100-0,E,SF-100,B,202309,16,321,0.0
E1,M12,100-0,E,SF-100,B,202310,17,330,1.0
E1,M12,100-0,E,SF-100,B,202311,18,339,1.0
E1,M12,100-0,E,SF-100,B,202312,19,348,0.0
E1,M12,100-0,E,SF-100,B,202401,20,357,0.0
E1,M12,100-0,E,SF-100,B,202402,21,366,0.0
E1,M12,100-0,E,SF-100,B,202403,22,375,0.0
E1,M12,100-0,E,SF-100,B,202404,23,384,0.0
E1,M12,100-0,E,SF-100,B,202405,24,393,0.0
E1,M12,100-0,E,SF-100,B,202406,25,403,1.0
E1,M12,100-0,E,SF-100,B,202407,26,412,0.0
E1,M12,100-0,E,SF-100,B,202408,27,421,1.0
E1,M12,100-0,E,SF-100,B,202409,28,430,0.0
E1,M12,100-0,E,SF-100,B,202410,29,439,0.0
E1,M12,100-0,E,SF-100,B,202411,30,448,0.0
E1,M12,100-0,E,SF-100,B,202412,31,457,0.0
E1,M12,101-0,A,SF-101,B,202206,1,894,2.0
E1,M12,101-0,A,SF-101,B,202207,2,938,0.0
E1,M12,101-0,A,SF-101,B,202208,3,983,0.0
E1,M12,101-0,A,SF-101,B,202209,4,1027,0.0
E1,M12,101-0,A,SF-101,B,202210,5,1071,1.0
E1,M12,101-0,A,SF-101,B,202211,6,1115,0.0
E1,M12,101-0,A,SF-101,B,202212,7,1159,1.0
E1,M12,101-0,A,SF-101,B,202301,8,1204,2.0
E1,M12,101-0,A,SF-101,B,202302,9,1248,1.0
E1,M12,101-0,A,SF-101,B,202303,10,1292,1.0
E1,M12,101-0,A,SF-101,B,202304,11,1336,0.0
E1,M12,101-0,A,SF-101,B,202305,12,1380,1.0
E1,M12,101-0,A,SF-101,B,202306,13,1425,4.0
E1,M12,101-0,A,SF-101,B,202307,14,1469,1.0
E1,M12,101-0,A,SF-101,B,202308,15,1513,0.0
E1,M12,101-0,A,SF-101,B,202309,16,1557,2.0
E1,M12,101-0,A,SF-101,B,202310,17,1601,3.0
E1,M12,101-0,A,SF-101,B,202311,18,1646,0.0
E1,M12,101-0,A,SF-101,B,202312,19,1690,0.0
E1,M12,101-0,A,SF-101,B,202401,20,1734,3.0
E1,M12,101-0,A,SF-101,B,202402,21,1778,1.0
E1,M12,101-0,A,SF-101,B,202403,22,1822,1.0
E1,M12,101-0,A,SF-101,B,202404,23,1867,3.0
E1,M12,101-0,A,SF-101,B,202405,24,1911,0.0
E1,M12,101-0,A,SF-101,B,202406,25,1955,4.0
E1,M12,101-0,A,SF-101,B,202407,26,1999,1.0
E1,M12,101-0,A,SF-101,B,202408,27,2043,2.0
E1,M12,101-0,A,SF-101,B,202409,28,2088,0.0
E1,M12,101-0,A,SF-101,B,202410,29,2132,2.0
E1,M12,101-0,A,SF-101,B,202411,30,2176,2.0
E1,M12,101-0,A,SF-101,B,202412,31,2220,1.0
E1,M12,101-0,ALL,SF-101,B,202205,0,2500,0.0
E1,M12,101-0,ALL,SF-101,B,202206,1,2630,7.0
E1,M12,101-0,ALL,SF-101,B,202207,2,2760,2.0
E1,M12,101-0,ALL,SF-101,B,202208,3,2890,1.0
E1,M12,101-0,ALL,SF-101,B,202209,4,3020,1.0
E1,M12,101-0,ALL,SF-101,B,202210,5,3150,2.0
E1,M12,101-0,ALL,SF-101,B,202211,6,3280,0.0
E1,M12,101-0,ALL,SF-101,B,202212,7,3410,1.0
E1,M12,101-0,ALL,SF-101,B,202301,8,3540,5.0
E1,M12,101-0,ALL,SF-101,B,202302,9,3670,3.0
E1,M12,101-0,ALL,SF-101,B,202303,10,3800,3.0
E1,M12,101-0,ALL,SF-101,B,202304,11,3930,1.0
E1,M12,101-0,ALL,SF-101,B,202305,12,4060,2.0
E1,M12,101-0,ALL,SF-101,B,202306,13,4190,7.0
E1,M12,101-0,ALL,SF-101,B,202307,14,4320,3.0
E1,M12,101-0,ALL,SF-101,B,202308,15,4450,1.0
E1,M12,101-0,ALL,SF-101,B,202309,16,4580,4.0
E1,M12,101-0,ALL,SF-101,B,202310,17,4710,8.0
E1,M12,101-0,ALL,SF-101,B,202311,18,4840,2.0
E1,M12,101-0,ALL,SF-101,B,202312,19,4970,1.0
E1,M12,101-0,ALL,SF-101,B,202401,20,5100,4.0
E1,M12,101-0,ALL,SF-101,B,202402,21,5230,4.0
E1,M12,101-0,ALL,SF-101,B,202403,22,5360,8.0
E1,M12,101-0,ALL,SF-101,B,202404,23,5490,4.0
E1,M12,101-0,ALL,SF-101,B,202405,24,5620,4.0
E1,M12,101-0,ALL,SF-101,B,202406,25,5750,7.0
E1,M12,101-0,ALL,SF-101,B,202407,26,5880,4.0
E1,M12,101-0,ALL,SF-101,B,202408,27,6010,2.0
E1,M12,101-0,ALL,SF-101,B,202409,28,6140,6.0
E1,M12,101-0,ALL,SF-101,B,202410,29,6270,5.0
E1,M12,101-0,ALL,SF-101,B,202411,30,6400,8.0
E1,M12,101-0,ALL,SF-101,B,202412,31,6530,1.0
E1,M12,101-0,B,SF-101,B,202206,1,631,2.0
E1,M12,101-0,B,SF-101,B,202207,2,662,1.0
E1,M12,101-0,B,SF-101,B,202208,3,694,1.0
E1,M12,101-0,B,SF-101,B,202209,4,725,0.0
E1,M12,101-0,B,SF-101,B,202210,5,756,1.0
E1,M12,101-0,B,SF-101,B,202211,6,787,0.0
E1,M12,101-0,B,SF-101,B,202212,7,818,0.0
E1,M12,101-0,B,SF-101,B,202301,8,850,1.0
E1,M12,101-0,B,SF-101,B,202302,9,881,0.0
E1,M12,101-0,B,SF-101,B,202303,10,912,1.0
E1,M12,101-0,B,SF-101,B,202304,11,943,0.0
E1,M12,101-0,B,SF-101,B,202305,12,974,0.0
E1,M12,101-0,B,SF-101,B,202306,13,1006,2.0
E1,M12,101-0,B,SF-101,B,202307,14,1037,1.0
E1,M12,101-0,B,SF-101,B,202308,15,1068,0.0
E1,M12,101-0,B,SF-101,B,202309,16,1099,1.0
E1,M12,101-0,B,SF-101,B,202310,17,1130,1.0
E1,M12,101-0,B,SF-101,B,202311,18,1162,0.0
E1,M12,101-0,B,SF-101,B,202312,19,1193,1.0
E1,M12,101-0,B,SF-101,B,202401,20,1224,0.0
E1,M12,101-0,B,SF-101,B,202402,21,1255,2.0
E1,M12,101-0,B,SF-101,B,202403,22,1286,3.0
E1,M12,101-0,B,SF-101,B,202404,23,1318,1.0
E1,M12,101-0,B,SF-101,B,202405,24,1349,1.0
E1,M12,101-0,B,SF-101,B,202406,25,1380,1.0
E1,M12,101-0,B,SF-101,B,202407,26,1411,2.0
E1,M12,101-0,B,SF-101,B,202408,27,1442,0.0
E1,M12,101-0,B,SF-101,B,202409,28,1474,2.0
E1,M12,101-0,B,SF-101,B,202410,29,1505,0.0
E1,M12,101-0,B,SF-101,B,202411,30,1536,2.0
E1,M12,101-0,B,SF-101,B,202412,31,1567,0.0
E1,M12,101-0,C,SF-101,B,202206,1,526,2.0
E1,M12,101-0,C,SF-101,B,202207,2,552,0.0
E1,M12,101-0,C,SF-101,B,202208,3,578,0.0
E1,M12,101-0,C,SF-101,B,202209,4,604,1.0
E1,M12,101-0,C,SF-101,B,202210,5,630,0.0
E1,M12,101-0,C,SF-101,B,202211,6,656,0.0
E1,M12,101-0,C,SF-101,B,202212,7,682,0.0
E1,M12,101-0,C,SF-101,B,202301,8,708,2.0
E1,M12,101-0,C,SF-101,B,202302,9,734,1.0
E1,M12,101-0,C,SF-101,B,202303,10,760,0.0
E1,M12,101-0,C,SF-101,B,202304,11,786,0.0
E1,M12,101-0,C,SF-101,B,202305,12,812,0.0
E1,M12,101-0,C,SF-101,B,202306,13,838,0.0
E1,M12,101-0,C,SF-101,B,202307,14,864,0.0
E1,M12,101-0,C,SF-101,B,202308,15,890,1.0
E1,M12,101-0,C,SF-101,B,202309,16,916,1.0
E1,M12,101-0,C,SF-101,B,202310,17,942,4.0
E1,M12,101-0,C,SF-101,B,202311,18,968,1.0
E1,M12,101-0,C,SF-101,B,202312,19,994,0.0
E1,M12,101-0,C,SF-101,B,202401,20,1020,0.0
E1,M12,101-0,C,SF-101,B,202402,21,1046,1.0
E1,M12,101-0,C,SF-101,B,202403,22,1072,4.0
E1,M12,101-0,C,SF-101,B,202404,23,1098,0.0
E1,M12,101-0,C,SF-101,B,202405,24,1124,1.0
E1,M12,101-0,C,SF-101,B,202406,25,1150,1.0
E1,M12,101-0,C,SF-101,B,202407,26,1176,0.0
E1,M12,101-0,C,SF-101,B,202408,27,1202,0.0
E1,M12,101-0,C,SF-101,B,202409,28,1228,2.0
E1,M12,101-0,C,SF-101,B,202410,29,1254,1.0
E1,M12,101-0,C,SF-101,B,202411,30,1280,1.0
E1,M12,101-0,D,SF-101,B,202206,1,394,1.0
E1,M12,101-0,D,SF-101,B,202207,2,414,1.0
E1,M12,101-0,D,SF-101,B,202208,3,434,0.0
E1,M12,101-0,D,SF-101,B,202209,4,453,0.0
E1,M12,101-0,D,SF-101,B,202210,5,472,0.0
E1,M12,101-0,D,SF-101,B,202211,6,492,0.0
E1,M12,101-0,D,SF-101,B,202212,7,512,0.0
E1,M12,101-0,D,SF-101,B,202301,8,531,0.0
E1,M12,101-0,D,SF-101,B,202302,9,550,1.0
E1,M12,101-0,D,SF-101,B,202303,10,570,0.0
E1,M12,101-0,D,SF-101,B,202304,11,590,1.0
E1,M12,101-0,D,SF-101,B,202305,12,609,1.0
E1,M12,101-0,D,SF-101,B,202306,13,628,1.0
E1,M12,101-0,D,SF-101,B,202307,14,648,0.0
E1,M12,101-0,D,SF-101,B,202308,15,668,0.0
E1,M12,101-0,D,SF-101,B,202309,16,687,0.0
E1,M12,101-0,D,SF-101,B,202310,17,706,0.0
E1,M12,101-0,D,SF-101,B,202311,18,726,0.0
E1,M12,101-0,D,SF-101,B,202312,19,746,0.0
E1,M12,101-0,D,SF-101,B,202401,20,765,1.0
E1,M12,101-0,D,SF-101,B,202402,21,784,0.0
E1,M12,101-0,D,SF-101,B,202403,22,804,0.0
E1,M12,101-0,D,SF-101,B,202404,23,824,0.0
E1,M12,101-0,D,SF-101,B,202405,24,843,2.0
E1,M12,101-0,D,SF-101,B,202406,25,862,0.0
E1,M12,101-0,D,SF-101,B,202407,26,882,1.0
E1,M12,101-0,D,SF-101,B,202408,27,902,0.0
E1,M12,101-0,D,SF-101,B,202409,28,921,2.0
E1,M12,101-0,D,SF-101,B,202410,29,940,0.0
E1,M12,101-0,E,SF-101,B,202301,8,248,0.0
E1,M12,101-0,E,SF-101,B,202302,9,257,0.0
E1,M12,101-0,E,SF-101,B,202303,10,266,1.0
E1,M12,101-0,E,SF-101,B,202304,11,275,0.0
E1,M12,101-0,E,SF-101,B,202305,12,284,0.0
E1,M12,101-0,E,SF-101,B,202306,13,293,0.0
E1,M12,101-0,E,SF-101,B,202307,14,302,1.0
E1,M12,101-0,E,SF-101,B,202308,15,312,0.0
E1,M12,101-0,E,SF-101,B,202309,16,321,0.0
E1,M12,101-0,E,SF-101,B,202310,17,330,0.0
E1,M12,101-0,E,SF-101,B,202311,18,339,1.0
E1,M12,101-0,E,SF-101,B,202312,19,348,0.0
E1,M12,101-0,E,SF-101,B,202401,20,357,0.0
E1,M12,101-0,E,SF-101,B,202402,21,366,0.0
E1,M12,101-0,E,SF-101,B,202403,22,375,0.0
E1,M12,101-0,E,SF-101,B,202404,23,384,0.0
E1,M12,101-0,E,SF-101,B,202405,24,393,0.0
E1,M12,101-0,E,SF-101,B,202406,25,403,1.0
E1,M12,101-0,E,SF-101,B,202407,26,412,0.0
E1,M12,101-0,E,SF-101,B,202408,27,421,0.0
E1,M12,101-0,E,SF-101,B,202409,28,430,0.0
E1,M12,101-0,E,SF-101,B,202410,29,439,2.0
E1,M12,101-0,E,SF-101,B,202411,30,448,3.0
E1,M12,101-0,E,SF-101,B,202412,31,457,0.0
E1,M12,102-0,A,SF-102,B,202206,1,894,1.0
E1,M12,102-0,A,SF-102,B,202207,2,938,1.0
E1,M12,102-0,A,SF-102,B,202208,3,983,0.0
E1,M12,102-0,A,SF-102,B,202209,4,1027,1.0
E1,M12,102-0,A,SF-102,B,202210,5,1071,1.0
E1,M12,102-0,A,SF-102,B,202211,6,1115,0.0
E1,M12,102-0,A,SF-102,B,202212,7,1159,4.0
E1,M12,102-0,A,SF-102,B,202301,8,1204,3.0
E1,M12,102-0,A,SF-102,B,202302,9,1248,2.0
E1,M12,102-0,A,SF-102,B,202303,10,1292,3.0
E1,M12,102-0,A,SF-102,B,202304,11,1336,0.0
E1,M12,102-0,A,SF-102,B,202305,12,1380,4.0
E1,M12,102-0,A,SF-102,B,202306,13,1425,0.0
E1,M12,102-0,A,SF-102,B,202307,14,1469,0.0
E1,M12,102-0,A,SF-102,B,202308,15,1513,3.0
E1,M12,102-0,A,SF-102,B,202309,16,1557,1.0
E1,M12,102-0,A,SF-102,B,202310,17,1601,6.0
E1,M12,102-0,A,SF-102,B,202311,18,1646,1.0
E1,M12,102-0,A,SF-102,B,202312,19,1690,1.0
E1,M12,102-0,A,SF-102,B,202401,20,1734,3.0
E1,M12,102-0,A,SF-102,B,202402,21,1778,3.0
E1,M12,102-0,A,SF-102,B,202403,22,1822,1.0
E1,M12,102-0,A,SF-102,B,202404,23,1867,1.0
E1,M12,102-0,A,SF-102,B,202405,24,1911,1.0
E1,M12,102-0,A,SF-102,B,202406,25,1955,2.0
E1,M12,102-0,A,SF-102,B,202407,26,1999,0.0
E1,M12,102-0,A,SF-102,B,202408,27,2043,3.0
E1,M12,102-0,A,SF-102,B,202409,28,2088,0.0
E1,M12,102-0,A,SF-102,B,202410,29,2132,2.0
E1,M12,102-0,A,SF-102,B,202411,30,2176,3.0
E1,M12,102-0,A,SF-102,B,202412,31,2220,3.0
E1,M12,102-0,ALL,SF-102,B,202205,0,2500,0.0
E1,M12,102-0,ALL,SF-102,B,202206,1,2630,3.0
E1,M12,102-0,ALL,SF-102,B,202207,2,2760,5.0
E1,M12,102-0,ALL,SF-102,B,202208,3,2890,0.0
E1,M12,102-0,ALL,SF-102,B,202209,4,3020,3.0
E1,M12,102-0,ALL,SF-102,B,202210,5,3150,4.0
E1,M12,102-0,ALL,SF-102,B,202211,6,3280,2.0
E1,M12,102-0,ALL,SF-102,B,202212,7,3410,4.0
E1,M12,102-0,ALL,SF-102,B,202301,8,3540,6.0
E1,M12,102-0,ALL,SF-102,B,202302,9,3670,6.0
E1,M12,102-0,ALL,SF-102,B,202303,10,3800,7.0
E1,M12,102-0,ALL,SF-102,B,202304,11,3930,3.0
E1,M12,102-0,ALL,SF-102,B,202305,12,4060,7.0
E1,M12,102-0,ALL,SF-102,B,202306,13,4190,2.0
E1,M12,102-0,ALL,SF-102,B,202307,14,4320,1.0
E1,M12,102-0,ALL,SF-102,B,202308,15,4450,6.0
E1,M12,102-0,ALL,SF-102,B,202309,16,4580,3.0
E1,M12,102-0,ALL,SF-102,B,202310,17,4710,8.0
E1,M12,102-0,ALL,SF-102,B,202311,18,4840,3.0
E1,M12,102-0,ALL,SF-102,B,202312,19,4970,3.0
E1,M12,102-0,ALL,SF-102,B,202401,20,5100,9.0
E1,M12,102-0,ALL,SF-102,B,202402,21,5230,8.0
E1,M12,102-0,ALL,SF-102,B,202403,22,5360,3.0
E1,M12,102-0,ALL,SF-102,B,202404,23,5490,7.0
E1,M12,102-0,ALL,SF-102,B,202405,24,5620,3.0
E1,M12,102-0,ALL,SF-102,B,202406,25,5750,6.0
E1,M12,102-0,ALL,SF-102,B,202407,26,5880,3.0
E1,M12,102-0,ALL,SF-102,B,202408,27,6010,5.0
E1,M12,102-0,ALL,SF-102,B,202409,28,6140,3.0
E1,M12,102-0,ALL,SF-102,B,202410,29,6270,4.0
E1,M12,102-0,ALL,SF-102,B,202411,30,6400,6.0
E1,M12,102-0,ALL,SF-102,B,202412,31,6530,3.0
E1,M12,102-0,B,SF-102,B,202206,1,631,2.0
E1,M12,102-0,B,SF-102,B,202207,2,662,2.0
E1,M12,102-0,B,SF-102,B,202208,3,694,0.0
E1,M12,102-0,B,SF-102,B,202209,4,725,1.0
E1,M12,102-0,B,SF-102,B,202210,5,756,0.0
E1,M12,102-0,B,SF-102,B,202211,6,787,1.0
E1,M12,102-0,B,SF-102,B,202212,7,818,0.0
E1,M12,102-0,B,SF-102,B,202301,8,850,2.0
E1,M12,102-0,B,SF-102,B,202302,9,881,0.0
E1,M12,102-0,B,SF-102,B,202303,10,912,1.0
E1,M12,102-0,B,SF-102,B,202304,11,943,2.0
E1,M12,102-0,B,SF-102,B,202305,12,974,1.0
E1,M12,102-0,B,SF-102,B,202306,13,1006,0.0
E1,M12,102-0,B,SF-102,B,202307,14,1037,0.0
E1,M12,102-0,B,SF-102,B,202308,15,1068,1.0
E1,M12,102-0,B,SF-102,B,202309,16,1099,1.0
E1,M12,102-0,B,SF-102,B,202310,17,1130,1.0
E1,M12,102-0,B,SF-102,B,202311,18,1162,0.0
E1,M12,102-0,B,SF-102,B,202312,19,1193,1.0
E1,M12,102-0,B,SF-102,B,202401,20,1224,2.0
E1,M12,102-0,B,SF-102,B,202402,21,1255,2.0
E1,M12,102-0,B,SF-102,B,202403,22,1286,2.0
E1,M12,102-0,B,SF-102,B,202404,23,1318,2.0
E1,M12,102-0,B,SF-102,B,202405,24,1349,2.0
E1,M12,102-0,B,SF-102,B,202406,25,1380,1.0
E1,M12,102-0,B,SF-102,B,202407,26,1411,1.0
E1,M12,102-0,B,SF-102,B,202408,27,1442,1.0
E1,M12,102-0,B,SF-102,B,202409,28,1474,1.0
E1,M12,102-0,B,SF-102,B,202410,29,1505,0.0
E1,M12,102-0,B,SF-102,B,202411,30,1536,1.0
E1,M12,102-0,B,SF-102,B,202412,31,1567,0.0
E1,M12,102-0,C,SF-102,B,202207,2,552,0.0
E1,M12,102-0,C,SF-102,B,202208,3,578,0.0
E1,M12,102-0,C,SF-102,B,202209,4,604,0.0
E1,M12,102-0,C,SF-102,B,202210,5,630,3.0
E1,M12,102-0,C,SF-102,B,202211,6,656,0.0
E1,M12,102-0,C,SF-102,B,202212,7,682,0.0
E1,M12,102-0,C,SF-102,B,202301,8,708,0.0
E1,M12,102-0,C,SF-102,B,202302,9,734,3.0
E1,M12,102-0,C,SF-102,B,202303,10,760,2.0
E1,M12,102-0,C,SF-102,B,202304,11,786,0.0
E1,M12,102-0,C,SF-102,B,202305,12,812,2.0
E1,M12,102-0,C,SF-102,B,202306,13,838,2.0
E1,M12,102-0,C,SF-102,B,202307,14,864,1.0
E1,M12,102-0,C,SF-102,B,202308,15,890,2.0
E1,M12,102-0,C,SF-102,B,202309,16,916,0.0
E1,M12,102-0,C,SF-102,B,202310,17,942,1.0
E1,M12,102-0,C,SF-102,B,202311,18,968,1.0
E1,M12,102-0,C,SF-102,B,202312,19,994,1.0
E1,M12,102-0,C,SF-102,B,202401,20,1020,4.0
E1,M12,102-0,C,SF-102,B,202402,21,1046,3.0
E1,M12,102-0,C,SF-102,B,202403,22,1072,0.0
E1,M12,102-0,C,SF-102,B,202404,23,1098,3.0
E1,M12,102-0,C,SF-102,B,202405,24,1124,0.0
E1,M12,102-0,C,SF-102,B,202406,25,1150,2.0
E1,M12,102-0,C,SF-102,B,202407,26,1176,0.0
E1,M12,102-0,C,SF-102,B,202408,27,1202,1.0
E1,M12,102-0,C,SF-102,B,202409,28,1228,2.0
E1,M12,102-0,C,SF-102,B,202410,29,1254,1.0
E1,M12,102-0,C,SF-102,B,202411,30,1280,2.0
E1,M12,102-0,D,SF-102,B,202207,2,414,2.0
E1,M12,102-0,D,SF-102,B,202208,3,434,0.0
E1,M12,102-0,D,SF-102,B,202209,4,453,1.0
E1,M12,102-0,D,SF-102,B,202210,5,472,0.0
E1,M12,102-0,D,SF-102,B,202211,6,492,1.0
E1,M12,102-0,D,SF-102,B,202212,7,512,0.0
E1,M12,102-0,D,SF-102,B,202301,8,531,0.0
E1,M12,102-0,D,SF-102,B,202302,9,550,0.0
E1,M12,102-0,D,SF-102,B,202303,10,570,0.0
E1,M12,102-0,D,SF-102,B,202304,11,590,0.0
E1,M12,102-0,D,SF-102,B,202305,12,609,0.0
E1,M12,102-0,D,SF-102,B,202306,13,628,0.0
E1,M12,102-0,D,SF-102,B,202307,14,648,0.0
E1,M12,102-0,D,SF-102,B,202308,15,668,0.0
E1,M12,102-0,D,SF-102,B,202309,16,687,0.0
E1,M12,102-0,D,SF-102,B,202310,17,706,0.0
E1,M12,102-0,D,SF-102,B,202311,18,726,1.0
E1,M12,102-0,D,SF-102,B,202312,19,746,0.0
E1,M12,102-0,D,SF-102,B,202401,20,765,0.0
E1,M12,102-0,D,SF-102,B,202402,21,784,0.0
E1,M12,102-0,D,SF-102,B,202403,22,804,0.0
E1,M12,102-0,D,SF-102,B,202404,23,824,0.0
E1,M12,102-0,D,SF-102,B,202405,24,843,0.0
E1,M12,102-0,D,SF-102,B,202406,25,862,1.0
E1,M12,102-0,D,SF-102,B,202407,26,882,2.0
E1,M12,102-0,D,SF-102,B,202408,27,902,0.0
E1,M12,102-0,D,SF-102,B,202409,28,921,0.0
E1,M12,102-0,D,SF-102,B,202410,29,940,0.0
E1,M12,102-0,E,SF-102,B,202301,8,248,1.0
E1,M12,102-0,E,SF-102,B,202302,9,257,1.0
E1,M12,102-0,E,SF-102,B,202303,10,266,1.0
E1,M12,102-0,E,SF-102,B,202304,11,275,1.0
E1,M12,102-0,E,SF-102,B,202305,12,284,0.0
E1,M12,102-0,E,SF-102,B,202306,13,293,0.0
E1,M12,102-0,E,SF-102,B,202307,14,302,0.0
E1,M12,102-0,E,SF-102,B,202308,15,312,0.0
E1,M12,102-0,E,SF-102,B,202309,16,321,1.0
E1,M12,102-0,E,SF-102,B,202310,17,330,0.0
E1,M12,102-0,E,SF-102,B,202311,18,339,0.0
E1,M12,102-0,E,SF-102,B,202312,19,348,0.0
E1,M12,102-0,E,SF-102,B,202401,20,357,0.0
E1,M12,102-0,E,SF-102,B,202402,21,366,0.0
E1,M12,102-0,E,SF-102,B,202403,22,375,0.0
E1,M12,102-0,E,SF-102,B,202404,23,384,1.0
E1,M12,102-0,E,SF-102,B,202405,24,393,0.0
E1,M12,102-0,E,SF-102,B,202406,25,403,0.0
E1,M12,102-0,E,SF-102,B,202407,26,412,0.0
E1,M12,102-0,E,SF-102,B,202408,27,421,0.0
E1,M12,102-0,E,SF-102,B,202409,28,430,0.0
E1,M12,102-0,E,SF-102,B,202410,29,439,1.0
E1,M12,102-0,E,SF-102,B,202411,30,448,0.0
E1,M12,102-0,E,SF-102,B,202412,31,457,0.0
E1,M12,103-0,A,SF-103,B,202206,1,894,1.0
E1,M12,103-0,A,SF-103,B,202207,2,938,1.0
E1,M12,103-0,A,SF-103,B,202208,3,983,0.0
E1,M12,103-0,A,SF-103,B,202209,4,1027,1.0
E1,M12,103-0,A,SF-103,B,202210,5,1071,1.0
E1,M12,103-0,A,SF-103,B,202211,6,1115,0.0
E1,M12,103-0,A,SF-103,B,202212,7,1159,1.0
E1,M12,103-0,A,SF-103,B,202301,8,1204,0.0
E1,M12,103-0,A,SF-103,B,202302,9,1248,0.0
E1,M12,103-0,A,SF-103,B,202303,10,1292,2.0
E1,M12,103-0,A,SF-103,B,202304,11,1336,1.0
E1,M12,103-0,A,SF-103,B,202305,12,1380,3.0
E1,M12,103-0,A,SF-103,B,202306,13,1425,2.0
E1,M12,103-0,A,SF-103,B,202307,14,1469,1.0
E1,M12,103-0,A,SF-103,B,202308,15,1513,0.0
E1,M12,103-0,A,SF-103,B,202309,16,1557,3.0
E1,M12,103-0,A,SF-103,B,202310,17,1601,1.0
E1,M12,103-0,A,SF-103,B,202311,18,1646,1.0
E1,M12,103-0,A,SF-103,B,202312,19,1690,0.0
E1,M12,103-0,A,SF-103,B,202401,20,1734,3.0
E1,M12,103-0,A,SF-103,B,202402,21,1778,0.0
E1,M12,103-0,A,SF-103,B,202403,22,1822,4.0
E1,M12,103-0,A,SF-103,B,202404,23,1867,2.0
E1,M12,103-0,A,SF-103,B,202405,24,1911,1.0
E1,M12,103-0,A,SF-103,B,202406,25,1955,1.0
E1,M12,103-0,A,SF-103,B,202407,26,1999,0.0
E1,M12,103-0,A,SF-103,B,202408,27,2043,2.0
E1,M12,103-0,A,SF-103,B,202409,28,2088,0.0
E1,M12,103-0,A,SF-103,B,202410,29,2132,1.0
E1,M12,103-0,A,SF-103,B,202411,30,2176,2.0
E1,M12,103-0,A,SF-103,B,202412,31,2220,2.0
E1,M12,103-0,ALL,SF-103,B,202205,0,2500,2.0
E1,M12,103-0,ALL,SF-103,B,202206,1,2630,1.0
E1,M12,103-0,ALL,SF-103,B,202207,2,2760,2.0
E1,M12,103-0,ALL,SF-103,B,202208,3,2890,1.0
E1,M12,103-0,ALL,SF-103,B,202209,4,3020,1.0
E1,M12,103-0,ALL,SF-103,B,202210,5,3150,1.0
E1,M12,103-0,ALL,SF-103,B,202211,6,3280,4.0
E1,M12,103-0,ALL,SF-103,B,202212,7,3410,1.0
E1,M12,103-0,ALL,SF-103,B,202301,8,3540,3.0
E1,M12,103-0,ALL,SF-103,B,202302,9,3670,1.0
E1,M12,103-0,ALL,SF-103,B,202303,10,3800,5.0
E1,M12,103-0,ALL,SF-103,B,202304,11,3930,4.0
E1,M12,103-0,ALL,SF-103,B,202305,12,4060,5.0
E1,M12,103-0,ALL,SF-103,B,202306,13,4190,5.0
E1,M12,103-0,ALL,SF-103,B,202307,14,4320,2.0
E1,M12,103-0,ALL,SF-103,B,202308,15,4450,3.0
E1,M12,103-0,ALL,SF-103,B,202309,16,4580,9.0
E1,M12,103-0,ALL,SF-103,B,202310,17,4710,6.0
E1,M12,103-0,ALL,SF-103,B,202311,18,4840,2.0
E1,M12,103-0,ALL,SF-103,B,202312,19,4970,1.0
E1,M12,103-0,ALL,SF-103,B,202401,20,5100,4.0
E1,M12,103-0,ALL,SF-103,B,202402,21,5230,2.0
E1,M12,103-0,ALL,SF-103,B,202403,22,5360,5.0
E1,M12,103-0,ALL,SF-103,B,202404,23,5490,5.0
E1,M12,103-0,ALL,SF-103,B,202405,24,5620,5.0
E1,M12,103-0,ALL,SF-103,B,202406,25,5750,2.0
E1,M12,103-0,ALL,SF-103,B,202407,26,5880,1.0
E1,M12,103-0,ALL,SF-103,B,202408,27,6010,6.0
E1,M12,103-0,ALL,SF-103,B,202409,28,6140,2.0
E1,M12,103-0,ALL,SF-103,B,202410,29,6270,3.0
E1,M12,103-0,ALL,SF-103,B,202411,30,6400,5.0
E1,M12,103-0,ALL,SF-103,B,202412,31,6530,3.0
E1,M12,103-0,B,SF-103,B,202205,0,600,1.0
E1,M12,103-0,B,SF-103,B,202207,2,662,1.0
E1,M12,103-0,B,SF-103,B,202208,3,694,1.0
E1,M12,103-0,B,SF-103,B,202209,4,725,0.0
E1,M12,103-0,B,SF-103,B,202210,5,756,0.0
E1,M12,103-0,B,SF-103,B,202211,6,787,0.0
E1,M12,103-0,B,SF-103,B,202212,7,818,0.0
E1,M12,103-0,B,SF-103,B,202301,8,850,1.0
E1,M12,103-0,B,SF-103,B,202302,9,881,0.0
E1,M12,103-0,B,SF-103,B,202303,10,912,2.0
E1,M12,103-0,B,SF-103,B,202304,11,943,1.0
E1,M12,103-0,B,SF-103,B,202305,12,974,0.0
E1,M12,103-0,B,SF-103,B,202306,13,1006,0.0
E1,M12,103-0,B,SF-103,B,202307,14,1037,0.0
E1,M12,103-0,B,SF-103,B,202308,15,1068,2.0
E1,M12,103-0,B,SF-103,B,202309,16,1099,0.0
E1,M12,103-0,B,SF-103,B,202310,17,1130,0.0
E1,M12,103-0,B,SF-103,B,202311,18,1162,1.0
E1,M12,103-0,B,SF-103,B,202312,19,1193,1.0
E1,M12,103-0,B,SF-103,B,202401,20,1224,0.0
E1,M12,103-0,B,SF-103,B,202402,21,1255,1.0
E1,M12,103-0,B,SF-103,B,202403,22,1286,0.0
E1,M12,103-0,B,SF-103,B,202404,23,1318,0.0
E1,M12,103-0,B,SF-103,B,202405,24,1349,2.0
E1,M12,103-0,B,SF-103,B,202406,25,1380,1.0
E1,M12,103-0,B,SF-103,B,202407,26,1411,0.0
E1,M12,103-0,B,SF-103,B,202408,27,1442,2.0
E1,M12,103-0,B,SF-103,B,202409,28,1474,0.0
E1,M12,103-0,B,SF-103,B,202410,29,1505,2.0
E1,M12,103-0,B,SF-103,B,202411,30,1536,3.0
E1,M12,103-0,B,SF-103,B,202412,31,1567,1.0
E1,M12,103-0,C,SF-103,B,202207,2,552,0.0
E1,M12,103-0,C,SF-103,B,202208,3,578,0.0
E1,M12,103-0,C,SF-103,B,202209,4,604,0.0
E1,M12,103-0,C,SF-103,B,202210,5,630,0.0
E1,M12,103-0,C,SF-103,B,202211,6,656,3.0
E1,M12,103-0,C,SF-103,B,202212,7,682,0.0
E1,M12,103-0,C,SF-103,B,202301,8,708,2.0
E1,M12,103-0,C,SF-103,B,202302,9,734,1.0
E1,M12,103-0,C,SF-103,B,202303,10,760,0.0
E1,M12,103-0,C,SF-103,B,202304,11,786,0.0
E1,M12,103-0,C,SF-103,B,202305,12,812,1.0
E1,M12,103-0,C,SF-103,B,202306,13,838,2.0
E1,M12,103-0,C,SF-103,B,202307,14,864,1.0
E1,M12,103-0,C,SF-103,B,202308,15,890,0.0
E1,M12,103-0,C,SF-103,B,202309,16,916,3.0
E1,M12,103-0,C,SF-103,B,202310,17,942,2.0
E1,M12,103-0,C,SF-103,B,202311,18,968,0.0
E1,M12,103-0,C,SF-103,B,202312,19,994,0.0
E1,M12,103-0,C,SF-103,B,202401,20,1020,1.0
E1,M12,103-0,C,SF-103,B,202402,21,1046,0.0
E1,M12,103-0,C,SF-103,B,202403,22,1072,0.0
E1,M12,103-0,C,SF-103,B,202404,23,1098,1.0
E1,M12,103-0,C,SF-103,B,202405,24,1124,2.0
E1,M12,103-0,C,SF-103,B,202406,25,1150,0.0
E1,M12,103-0,C,SF-103,B,202407,26,1176,1.0
E1,M12,103-0,C,SF-103,B,202408,27,1202,1.0
E1,M12,103-0,C,SF-103,B,202409,28,1228,1.0
E1,M12,103-0,C,SF-103,B,202410,29,1254,0.0
E1,M12,103-0,C,SF-103,B,202411,30,1280,0.0
E1,M12,103-0,D,SF-103,B,202205,0,375,1.0
E1,M12,103-0,D,SF-103,B,202207,2,414,0.0
E1,M12,103-0,D,SF-103,B,202208,3,434,0.0
E1,M12,103-0,D,SF-103,B,202209,4,453,0.0
E1,M12,103-0,D,SF-103,B,202210,5,472,0.0
E1,M12,103-0,D,SF-103,B,202211,6,492,1.0
E1,M12,103-0,D,SF-103,B,202212,7,512,0.0
E1,M12,103-0,D,SF-103,B,202301,8,531,0.0
E1,M12,103-0,D,SF-103,B,202302,9,550,0.0
E1,M12,103-0,D,SF-103,B,202303,10,570,1.0
E1,M12,103-0,D,SF-103,B,202304,11,590,2.0
E1,M12,103-0,D,SF-103,B,202305,12,609,1.0
E1,M12,103-0,D,SF-103,B,202306,13,628,1.0
E1,M12,103-0,D,SF-103,B,202307,14,648,0.0
E1,M12,103-0,D,SF-103,B,202308,15,668,1.0
E1,M12,103-0,D,SF-103,B,202309,16,687,3.0
E1,M12,103-0,D,SF-103,B,202310,17,706,0.0
E1,M12,103-0,D,SF-103,B,202311,18,726,0.0
E1,M12,103-0,D,SF-103,B,202312,19,746,0.0
E1,M12,103-0,D,SF-103,B,202401,20,765,0.0
E1,M12,103-0,D,SF-103,B,202402,21,784,0.0
E1,M12,103-0,D,SF-103,B,202403,22,804,1.0
E1,M12,103-0,D,SF-103,B,202404,23,824,2.0
E1,M12,103-0,D,SF-103,B,202405,24,843,0.0
E1,M12,103-0,D,SF-103,B,202406,25,862,0.0
E1,M12,103-0,D,SF-103,B,202407,26,882,0.0
E1,M12,103-0,D,SF-103,B,202408,27,902,1.0
E1,M12,103-0,D,SF-103,B,202409,28,921,0.0
E1,M12,103-0,D,SF-103,B,202410,29,940,0.0
E1,M12,103-0,E,SF-103,B,202301,8,248,0.0
E1,M12,103-0,E,SF-103,B,202302,9,257,0.0
E1,M12,103-0,E,SF-103,B,202303,10,266,0.0
E1,M12,103-0,E,SF-103,B,202304,11,275,0.0
E1,M12,103-0,E,SF-103,B,202305,12,284,0.0
E1,M12,103-0,E,SF-103,B,202306,13,293,0.0
E1,M12,103-0,E,SF-103,B,202307,14,302,0.0
E1,M12,103-0,E,SF-103,B,202308,15,312,0.0
E1,M12,103-0,E,SF-103,B,202309,16,321,0.0
E1,M12,103-0,E,SF-103,B,202310,17,330,3.0
E1,M12,103-0,E,SF-103,B,202311,18,339,0.0
E1,M12,103-0,E,SF-103,B,202312,19,348,0.0
E1,M12,103-0,E,SF-103,B,202401,20,357,0.0
E1,M12,103-0,E,SF-103,B,202402,21,366,1.0
E1,M12,103-0,E,SF-103,B,202403,22,375,0.0
E1,M12,103-0,E,SF-103,B,202404,23,384,0.0
E1,M12,103-0,E,SF-103,B,202405,24,393,0.0
E1,M12,103-0,E,SF-103,B,202406,25,403,0.0
E1,M12,103-0,E,SF-103,B,202407,26,412,0.0
E1,M12,103-0,E,SF-103,B,202408,27,421,0.0
E1,M12,103-0,E,SF-103,B,202409,28,430,1.0
E1,M12,103-0,E,SF-103,B,202410,29,439,0.0
E1,M12,103-0,E,SF-103,B,202411,30,448,0.0
E1,M12,103-0,E,SF-103,B,202412,31,457,0.0
E1,M12,103-1,A,SF-103,B,202206,1,894,1.0
E1,M12,103-1,A,SF-103,B,202207,2,938,1.0
E1,M12,103-1,A,SF-103,B,202208,3,983,0.0
E1,M12,103-1,A,SF-103,B,202209,4,1027,2.0
E1,M12,103-1,A,SF-103,B,202210,5,1071,1.0
E1,M12,103-1,A,SF-103,B,202211,6,1115,3.0
E1,M12,103-1,A,SF-103,B,202212,7,1159,0.0
E1,M12,103-1,A,SF-103,B,202301,8,1204,2.0
E1,M12,103-1,A,SF-103,B,202302,9,1248,2.0
E1,M12,103-1,A,SF-103,B,202303,10,1292,1.0
E1,M12,103-1,A,SF-103,B,202304,11,1336,1.0
E1,M12,103-1,A,SF-103,B,202305,12,1380,1.0
E1,M12,103-1,A,SF-103,B,202306,13,1425,1.0
E1,M12,103-1,A,SF-103,B,202307,14,1469,0.0
E1,M12,103-1,A,SF-103,B,202308,15,1513,1.0
E1,M12,103-1,A,SF-103,B,202309,16,1557,0.0
E1,M12,103-1,A,SF-103,B,202310,17,1601,2.0
E1,M12,103-1,A,SF-103,B,202311,18,1646,0.0
E1,M12,103-1,A,SF-103,B,202312,19,1690,0.0
E1,M12,103-1,A,SF-103,B,202401,20,1734,0.0
E1,M12,103-1,A,SF-103,B,202402,21,1778,2.0
E1,M12,103-1,A,SF-103,B,202403,22,1822,1.0
E1,M12,103-1,A,SF-103,B,202404,23,1867,1.0
E1,M12,103-1,A,SF-103,B,202405,24,1911,1.0
E1,M12,103-1,A,SF-103,B,202406,25,1955,2.0
E1,M12,103-1,A,SF-103,B,202407,26,1999,1.0
E1,M12,103-1,A,SF-103,B,202408,27,2043,3.0
E1,M12,103-1,A,SF-103,B,202409,28,2088,0.0
E1,M12,103-1,A,SF-103,B,202410,29,2132,5.0
E1,M12,103-1,A,SF-103,B,202411,30,2176,1.0
E1,M12,103-1,A,SF-103,B,202412,31,2220,1.0
E1,M12,103-1,ALL,SF-103,B,202205,0,2500,1.0
E1,M12,103-1,ALL,SF-103,B,202206,1,2630,4.0
E1,M12,103-1,ALL,SF-103,B,202207,2,2760,1.0
E1,M12,103-1,ALL,SF-103,B,202208,3,2890,3.0
E1,M12,103-1,ALL,SF-103,B,202209,4,3020,2.0
E1,M12,103-1,ALL,SF-103,B,202210,5,3150,2.0
E1,M12,103-1,ALL,SF-103,B,202211,6,3280,3.0
E1,M12,103-1,ALL,SF-103,B,202212,7,3410,1.0
E1,M12,103-1,ALL,SF-103,B,202301,8,3540,4.0
E1,M12,103-1,ALL,SF-103,B,202302,9,3670,6.0
E1,M12,103-1,ALL,SF-103,B,202303,10,3800,2.0
E1,M12,103-1,ALL,SF-103,B,202304,11,3930,3.0
E1,M12,103-1,ALL,SF-103,B,202305,12,4060,3.0
E1,M12,103-1,ALL,SF-103,B,202306,13,4190,3.0
E1,M12,103-1,ALL,SF-103,B,202307,14,4320,3.0
E1,M12,103-1,ALL,SF-103,B,202308,15,4450,2.0
E1,M12,103-1,ALL,SF-103,B,202309,16,4580,3.0
E1,M12,103-1,ALL,SF-103,B,202310,17,4710,7.0
E1,M12,103-1,ALL,SF-103,B,202311,18,4840,4.0
E1,M12,103-1,ALL,SF-103,B,202312,19,4970,2.0
E1,M12,103-1,ALL,SF-103,B,202401,20,5100,0.0
E1,M12,103-1,ALL,SF-103,B,202402,21,5230,5.0
E1,M12,103-1,ALL,SF-103,B,202403,22,5360,4.0
E1,M12,103-1,ALL,SF-103,B,202404,23,5490,3.0
E1,M12,103-1,ALL,SF-103,B,202405,24,5620,3.0
E1,M12,103-1,ALL,SF-103,B,202406,25,5750,5.0
E1,M12,103-1,ALL,SF-103,B,202407,26,5880,5.0
E1,M12,103-1,ALL,SF-103,B,202408,27,6010,7.0
E1,M12,103-1,ALL,SF-103,B,202409,28,6140,2.0
E1,M12,103-1,ALL,SF-103,B,202410,29,6270,7.0
E1,M12,103-1,ALL,SF-103,B,202411,30,6400,6.0
E1,M12,103-1,ALL,SF-103,B,202412,31,6530,2.0
E1,M12,103-1,B,SF-103,B,202205,0,600,1.0
E1,M12,103-1,B,SF-103,B,202206,1,631,1.0
E1,M12,103-1,B,SF-103,B,202207,2,662,0.0
E1,M12,103-1,B,SF-103,B,202208,3,694,1.0
E1,M12,103-1,B,SF-103,B,202209,4,725,0.0
E1,M12,103-1,B,SF-103,B,202210,5,756,1.0
E1,M12,103-1,B,SF-103,B,202211,6,787,0.0
E1,M12,103-1,B,SF-103,B,202212,7,818,0.0
E1,M12,103-1,B,SF-103,B,202301,8,850,0.0
E1,M12,103-1,B,SF-103,B,202302,9,881,2.0
E1,M12,103-1,B,SF-103,B,202303,10,912,0.0
E1,M12,103-1,B,SF-103,B,202304,11,943,2.0
E1,M12,103-1,B,SF-103,B,202305,12,974,0.0
E1,M12,103-1,B,SF-103,B,202306,13,1006,1.0
E1,M12,103-1,B,SF-103,B,202307,14,1037,1.0
E1,M12,103-1,B,SF-103,B,202308,15,1068,1.0
E1,M12,103-1,B,SF-103,B,202309,16,1099,1.0
E1,M12,103-1,B,SF-103,B,202310,17,1130,3.0
E1,M12,103-1,B,SF-103,B,202311,18,1162,0.0
E1,M12,103-1,B,SF-103,B,202312,19,1193,2.0
E1,M12,103-1,B,SF-103,B,202401,20,1224,0.0
E1,M12,103-1,B,SF-103,B,202402,21,1255,0.0
E1,M12,103-1,B,SF-103,B,202403,22,1286,2.0
E1,M12,103-1,B,SF-103,B,202404,23,1318,0.0
E1,M12,103-1,B,SF-103,B,202405,24,1349,0.0
E1,M12,103-1,B,SF-103,B,202406,25,1380,3.0
E1,M12,103-1,B,SF-103,B,202407,26,1411,3.0
E1,M12,103-1,B,SF-103,B,202408,27,1442,1.0
E1,M12,103-1,B,SF-103,B,202409,28,1474,0.0
E1,M12,103-1,B,SF-103,B,202410,29,1505,2.0
E1,M12,103-1,B,SF-103,B,202411,30,1536,3.0
E1,M12,103-1,B,SF-103,B,202412,31,1567,0.0
E1,M12,103-1,C,SF-103,B,202206,1,526,1.0
E1,M12,103-1,C,SF-103,B,202207,2,552,0.0
E1,M12,103-1,C,SF-103,B,202208,3,578,0.0
E1,M12,103-1,C,SF-103,B,202209,4,604,0.0
E1,M12,103-1,C,SF-103,B,202210,5,630,0.0
E1,M12,103-1,C,SF-103,B,202211,6,656,0.0
E1,M12,103-1,C,SF-103,B,202212,7,682,1.0
E1,M12,103-1,C,SF-103,B,202301,8,708,1.0
E1,M12,103-1,C,SF-103,B,202302,9,734,2.0
E1,M12,103-1,C,SF-103,B,202303,10,760,0.0
E1,M12,103-1,C,SF-103,B,202304,11,786,0.0
E1,M12,103-1,C,SF-103,B,202305,12,812,2.0
E1,M12,103-1,C,SF-103,B,202306,13,838,1.0
E1,M12,103-1,C,SF-103,B,202307,14,864,1.0
E1,M12,103-1,C,SF-103,B,202308,15,890,0.0
E1,M12,103-1,C,SF-103,B,202309,16,916,1.0
E1,M12,103-1,C,SF-103,B,202310,17,942,1.0
E1,M12,103-1,C,SF-103,B,202311,18,968,3.0
E1,M12,103-1,C,SF-103,B,202312,19,994,0.0
E1,M12,103-1,C,SF-103,B,202401,20,1020,0.0
E1,M12,103-1,C,SF-103,B,202402,21,1046,0.0
E1,M12,103-1,C,SF-103,B,202403,22,1072,0.0
E1,M12,103-1,C,SF-103,B,202404,23,1098,2.0
E1,M12,103-1,C,SF-103,B,202405,24,1124,1.0
E1,M12,103-1,C,SF-103,B,202406,25,1150,0.0
E1,M12,103-1,C,SF-103,B,202407,26,1176,1.0
E1,M12,103-1,C,SF-103,B,202408,27,1202,1.0
E1,M12,103-1,C,SF-103,B,202409,28,1228,1.0
E1,M12,103-1,C,SF-103,B,202410,29,1254,0.0
E1,M12,103-1,C,SF-103,B,202411,30,1280,1.0
E1,M12,103-1,D,SF-103,B,202206,1,394,1.0
E1,M12,103-1,D,SF-103,B,202207,2,414,0.0
E1,M12,103-1,D,SF-103,B,202208,3,434,2.0
E1,M12,103-1,D,SF-103,B,202209,4,453,0.0
E1,M12,103-1,D,SF-103,B,202210,5,472,0.0
E1,M12,103-1,D,SF-103,B,202211,6,492,0.0
E1,M12,103-1,D,SF-103,B,202212,7,512,0.0
E1,M12,103-1,D,SF-103,B,202301,8,531,1.0
E1,M12,103-1,D,SF-103,B,202302,9,550,0.0
E1,M12,103-1,D,SF-103,B,202303,10,570,1.0
E1,M12,103-1,D,SF-103,B,202304,11,590,0.0
E1,M12,103-1,D,SF-103,B,202305,12,609,0.0
E1,M12,103-1,D,SF-103,B,202306,13,628,0.0
E1,M12,103-1,D,SF-103,B,202307,14,648,1.0
E1,M12,103-1,D,SF-103,B,202308,15,668,0.0
E1,M12,103-1,D,SF-103,B,202309,16,687,1.0
E1,M12,103-1,D,SF-103,B,202310,17,706,1.0
E1,M12,103-1,D,SF-103,B,202311,18,726,1.0
E1,M12,103-1,D,SF-103,B,202312,19,746,0.0
E1,M12,103-1,D,SF-103,B,202401,20,765,0.0
E1,M12,103-1,D,SF-103,B,202402,21,784,2.0
E1,M12,103-1,D,SF-103,B,202403,22,804,1.0
E1,M12,103-1,D,SF-103,B,202404,23,824,0.0
E1,M12,103-1,D,SF-103,B,202405,24,843,0.0
E1,M12,103-1,D,SF-103,B,202406,25,862,0.0
E1,M12,103-1,D,SF-103,B,202407,26,882,0.0
E1,M12,103-1,D,SF-103,B,202408,27,902,1.0
E1,M12,103-1,D,SF-103,B,202409,28,921,0.0
E1,M12,103-1,D,SF-103,B,202410,29,940,0.0
E1,M12,103-1,E,SF-103,B,202301,8,248,0.0
E1,M12,103-1,E,SF-103,B,202302,9,257,0.0
E1,M12,103-1,E,SF-103,B,202303,10,266,0.0
E1,M12,103-1,E,SF-103,B,202304,11,275,0.0
E1,M12,103-1,E,SF-103,B,202305,12,284,0.0
E1,M12,103-1,E,SF-103,B,202306,13,293,0.0
E1,M12,103-1,E,SF-103,B,202307,14,302,0.0
E1,M12,103-1,E,SF-103,B,202308,15,312,0.0
E1,M12,103-1,E,SF-103,B,202309,16,321,0.0
E1,M12,103-1,E,SF-103,B,202310,17,330,0.0
E1,M12,103-1,E,SF-103,B,202311,18,339,0.0
E1,M12,103-1,E,SF-103,B,202312,19,348,0.0
E1,M12,103-1,E,SF-103,B,202401,20,357,0.0
E1,M12,103-1,E,SF-103,B,202402,21,366,1.0
E1,M12,103-1,E,SF-103,B,202403,22,375,0.0
E1,M12,103-1,E,SF-103,B,202404,23,384,0.0
E1,M12,103-1,E,SF-103,B,202405,24,393,1.0
E1,M12,103-1,E,SF-103,B,202406,25,403,0.0
E1,M12,103-1,E,SF-103,B,202407,26,412,0.0
E1,M12,103-1,E,SF-103,B,202408,27,421,1.0
E1,M12,103-1,E,SF-103,B,202409,28,430,1.0
E1,M12,103-1,E,SF-103,B,202410,29,439,0.0
E1,M12,103-1,E,SF-103,B,202411,30,448,1.0
E1,M12,103-1,E,SF-103,B,202412,31,457,1.0
E1,M12,104-0,A,SF-104,B,202205,0,850,1.0
E1,M12,104-0,A,SF-104,B,202207,2,938,1.0
E1,M12,104-0,A,SF-104,B,202208,3,983,0.0
E1,M12,104-0,A,SF-104,B,202209,4,1027,3.0
E1,M12,104-0,A,SF-104,B,202210,5,1071,2.0
E1,M12,104-0,A,SF-104,B,202211,6,1115,2.0
E1,M12,104-0,A,SF-104,B,202212,7,1159,0.0
E1,M12,104-0,A,SF-104,B,202301,8,1204,0.0
E1,M12,104-0,A,SF-104,B,202302,9,1248,1.0
E1,M12,104-0,A,SF-104,B,202303,10,1292,0.0
E1,M12,104-0,A,SF-104,B,202304,11,1336,1.0
E1,M12,104-0,A,SF-104,B,202305,12,1380,1.0
E1,M12,104-0,A,SF-104,B,202306,13,1425,1.0
E1,M12,104-0,A,SF-104,B,202307,14,1469,2.0
E1,M12,104-0,A,SF-104,B,202308,15,1513,2.0
E1,M12,104-0,A,SF-104,B,202309,16,1557,1.0
E1,M12,104-0,A,SF-104,B,202310,17,1601,2.0
E1,M12,104-0,A,SF-104,B,202311,18,1646,2.0
E1,M12,104-0,A,SF-104,B,202312,19,1690,3.0
E1,M12,104-0,A,SF-104,B,202401,20,1734,1.0
E1,M12,104-0,A,SF-104,B,202402,21,1778,0.0
E1,M12,104-0,A,SF-104,B,202403,22,1822,3.0
E1,M12,104-0,A,SF-104,B,202404,23,1867,1.0
E1,M12,104-0,A,SF-104,B,202405,24,1911,1.0
E1,M12,104-0,A,SF-104,B,202406,25,1955,2.0
E1,M12,104-0,A,SF-104,B,202407,26,1999,1.0
E1,M12,104-0,A,SF-104,B,202408,27,2043,3.0
E1,M12,104-0,A,SF-104,B,202409,28,2088,3.0
E1,M12,104-0,A,SF-104,B,202410,29,2132,4.0
E1,M12,104-0,A,SF-104,B,202411,30,2176,0.0
E1,M12,104-0,A,SF-104,B,202412,31,2220,3.0
E1,M12,104-0,ALL,SF-104,B,202205,0,2500,2.0
E1,M12,104-0,ALL,SF-104,B,202206,1,2630,1.0
E1,M12,104-0,ALL,SF-104,B,202207,2,2760,3.0
E1,M12,104-0,ALL,SF-104,B,202208,3,2890,0.0
E1,M12,104-0,ALL,SF-104,B,202209,4,3020,3.0
E1,M12,104-0,ALL,SF-104,B,202210,5,3150,5.0
E1,M12,104-0,ALL,SF-104,B,202211,6,3280,4.0
E1,M12,104-0,ALL,SF-104,B,202212,7,3410,2.0
E1,M12,104-0,ALL,SF-104,B,202301,8,3540,2.0
E1,M12,104-0,ALL,SF-104,B,202302,9,3670,3.0
E1,M12,104-0,ALL,SF-104,B,202303,10,3800,0.0
E1,M12,104-0,ALL,SF-104,B,202304,11,3930,2.0
E1,M12,104-0,ALL,SF-104,B,202305,12,4060,5.0
E1,M12,104-0,ALL,SF-104,B,202306,13,4190,1.0
E1,M12,104-0,ALL,SF-104,B,202307,14,4320,9.0
E1,M12,104-0,ALL,SF-104,B,202308,15,4450,3.0
E1,M12,104-0,ALL,SF-104,B,202309,16,4580,1.0
E1,M12,104-0,ALL,SF-104,B,202310,17,4710,7.0
E1,M12,104-0,ALL,SF-104,B,202311,18,4840,3.0
E1,M12,104-0,ALL,SF-104,B,202312,19,4970,5.0
E1,M12,104-0,ALL,SF-104,B,202401,20,5100,3.0
E1,M12,104-0,ALL,SF-104,B,202402,21,5230,4.0
E1,M12,104-0,ALL,SF-104,B,202403,22,5360,9.0
E1,M12,104-0,ALL,SF-104,B,202404,23,5490,3.0
E1,M12,104-0,ALL,SF-104,B,202405,24,5620,9.0
E1,M12,104-0,ALL,SF-104,B,202406,25,5750,8.0
E1,M12,104-0,ALL,SF-104,B,202407,26,5880,6.0
E1,M12,104-0,ALL,SF-104,B,202408,27,6010,5.0
E1,M12,104-0,ALL,SF-104,B,202409,28,6140,8.0
E1,M12,104-0,ALL,SF-104,B,202410,29,6270,7.0
E1,M12,104-0,ALL,SF-104,B,202411,30,6400,4.0
E1,M12,104-0,ALL,SF-104,B,202412,31,6530,3.0
E1,M12,104-0,B,SF-104,B,202205,0,600,1.0
E1,M12,104-0,B,SF-104,B,202207,2,662,2.0
E1,M12,104-0,B,SF-104,B,202208,3,694,0.0
E1,M12,104-0,B,SF-104,B,202209,4,725,0.0
E1,M12,104-0,B,SF-104,B,202210,5,756,1.0
E1,M12,104-0,B,SF-104,B,202211,6,787,0.0
E1,M12,104-0,B,SF-104,B,202212,7,818,0.0
E1,M12,104-0,B,SF-104,B,202301,8,850,0.0
E1,M12,104-0,B,SF-104,B,202302,9,881,1.0
E1,M12,104-0,B,SF-104,B,202303,10,912,0.0
E1,M12,104-0,B,SF-104,B,202304,11,943,1.0
E1,M12,104-0,B,SF-104,B,202305,12,974,3.0
E1,M12,104-0,B,SF-104,B,202306,13,1006,0.0
E1,M12,104-0,B,SF-104,B,202307,14,1037,1.0
E1,M12,104-0,B,SF-104,B,202308,15,1068,0.0
E1,M12,104-0,B,SF-104,B,202309,16,1099,0.0
E1,M12,104-0,B,SF-104,B,202310,17,1130,2.0
E1,M12,104-0,B,SF-104,B,202311,18,1162,0.0
E1,M12,104-0,B,SF-104,B,202312,19,1193,0.0
E1,M12,104-0,B,SF-104,B,202401,20,1224,0.0
E1,M12,104-0,B,SF-104,B,202402,21,1255,2.0
E1,M12,104-0,B,SF-104,B,202403,22,1286,3.0
E1,M12,104-0,B,SF-104,B,202404,23,1318,0.0
E1,M12,104-0,B,SF-104,B,202405,24,1349,2.0
E1,M12,104-0,B,SF-104,B,202406,25,1380,1.0
E1,M12,104-0,B,SF-104,B,202407,26,1411,1.0
E1,M12,104-0,B,SF-104,B,202408,27,1442,1.0
E1,M12,104-0,B,SF-104,B,202409,28,1474,1.0
E1,M12,104-0,B,SF-104,B,202410,29,1505,2.0
E1,M12,104-0,B,SF-104,B,202411,30,1536,2.0
E1,M12,104-0,B,SF-104,B,202412,31,1567,0.0
E1,M12,104-0,C,SF-104,B,202206,1,526,1.0
E1,M12,104-0,C,SF-104,B,202207,2,552,0.0
E1,M12,104-0,C,SF-104,B,202208,3,578,0.0
E1,M12,104-0,C,SF-104,B,202209,4,604,0.0
E1,M12,104-0,C,SF-104,B,202210,5,630,2.0
E1,M12,104-0,C,SF-104,B,202211,6,656,0.0
E1,M12,104-0,C,SF-104,B,202212,7,682,0.0
E1,M12,104-0,C,SF-104,B,202301,8,708,2.0
E1,M12,104-0,C,SF-104,B,202302,9,734,0.0
E1,M12,104-0,C,SF-104,B,202303,10,760,0.0
E1,M12,104-0,C,SF-104,B,202304,11,786,0.0
E1,M12,104-0,C,SF-104,B,202305,12,812,0.0
E1,M12,104-0,C,SF-104,B,202306,13,838,0.0
E1,M12,104-0,C,SF-104,B,202307,14,864,3.0
E1,M12,104-0,C,SF-104,B,202308,15,890,1.0
E1,M12,104-0,C,SF-104,B,202309,16,916,0.0
E1,M12,104-0,C,SF-104,B,202310,17,942,2.0
E1,M12,104-0,C,SF-104,B,202311,18,968,1.0
E1,M12,104-0,C,SF-104,B,202312,19,994,0.0
E1,M12,104-0,C,SF-104,B,202401,20,1020,0.0
E1,M12,104-0,C,SF-104,B,202402,21,1046,0.0
E1,M12,104-0,C,SF-104,B,202403,22,1072,1.0
E1,M12,104-0,C,SF-104,B,202404,23,1098,1.0
E1,M12,104-0,C,SF-104,B,202405,24,1124,2.0
E1,M12,104-0,C,SF-104,B,202406,25,1150,3.0
E1,M12,104-0,C,SF-104,B,202407,26,1176,2.0
E1,M12,104-0,C,SF-104,B,202408,27,1202,0.0
E1,M12,104-0,C,SF-104,B,202409,28,1228,2.0
E1,M12,104-0,C,SF-104,B,202410,29,1254,0.0
E1,M12,104-0,C,SF-104,B,202411,30,1280,1.0
E1,M12,104-0,D,SF-104,B,202207,2,414,0.0
E1,M12,104-0,D,SF-104,B,202208,3,434,0.0
E1,M12,104-0,D,SF-104,B,202209,4,453,0.0
E1,M12,104-0,D,SF-104,B,202210,5,472,0.0
E1,M12,104-0,D,SF-104,B,202211,6,492,2.0
E1,M12,104-0,D,SF-104,B,202212,7,512,2.0
E1,M12,104-0,D,SF-104,B,202301,8,531,0.0
E1,M12,104-0,D,SF-104,B,202302,9,550,1.0
E1,M12,104-0,D,SF-104,B,202303,10,570,0.0
E1,M12,104-0,D,SF-104,B,202304,11,590,0.0
E1,M12,104-0,D,SF-104,B,202305,12,609,0.0
E1,M12,104-0,D,SF-104,B,202306,13,628,0.0
E1,M12,104-0,D,SF-104,B,202307,14,648,3.0
E1,M12,104-0,D,SF-104,B,202308,15,668,0.0
E1,M12,104-0,D,SF-104,B,202309,16,687,0.0
E1,M12,104-0,D,SF-104,B,202310,17,706,1.0
E1,M12,104-0,D,SF-104,B,202311,18,726,0.0
E1,M12,104-0,D,SF-104,B,202312,19,746,2.0
E1,M12,104-0,D,SF-104,B,202401,20,765,2.0
E1,M12,104-0,D,SF-104,B,202402,21,784,1.0
E1,M12,104-0,D,SF-104,B,202403,22,804,1.0
E1,M12,104-0,D,SF-104,B,202404,23,824,1.0
E1,M12,104-0,D,SF-104,B,202405,24,843,0.0
E1,M12,104-0,D,SF-104,B,202406,25,862,1.0
E1,M12,104-0,D,SF-104,B,202407,26,882,1.0
E1,M12,104-0,D,SF-104,B,202408,27,902,1.0
E1,M12,104-0,D,SF-104,B,202409,28,921,2.0
E1,M12,104-0,D,SF-104,B,202410,29,940,0.0
E1,M12,104-0,E,SF-104,B,202301,8,248,0.0
E1,M12,104-0,E,SF-104,B,202302,9,257,0.0
E1,M12,104-0,E,SF-104,B,202303,10,266,0.0
E1,M12,104-0,E,SF-104,B,202304,11,275,0.0
E1,M12,104-0,E,SF-104,B,202305,12,284,1.0
E1,M12,104-0,E,SF-104,B,202306,13,293,0.0
E1,M12,104-0,E,SF-104,B,202307,14,302,0.0
E1,M12,104-0,E,SF-104,B,202308,15,312,0.0
E1,M12,104-0,E,SF-104,B,202309,16,321,0.0
E1,M12,104-0,E,SF-104,B,202310,17,330,0.0
E1,M12,104-0,E,SF-104,B,202311,18,339,0.0
E1,M12,104-0,E,SF-104,B,202312,19,348,0.0
E1,M12,104-0,E,SF-104,B,202401,20,357,0.0
E1,M12,104-0,E,SF-104,B,202402,21,366,1.0
E1,M12,104-0,E,SF-104,B,202403,22,375,1.0
E1,M12,104-0,E,SF-104,B,202404,23,384,0.0
E1,M12,104-0,E,SF-104,B,202405,24,393,4.0
E1,M12,104-0,E,SF-104,B,202406,25,403,1.0
E1,M12,104-0,E,SF-104,B,202407,26,412,1.0
E1,M12,104-0,E,SF-104,B,202408,27,421,0.0
E1,M12,104-0,E,SF-104,B,202409,28,430,0.0
E1,M12,104-0,E,SF-104,B,202410,29,439,1.0
E1,M12,104-0,E,SF-104,B,202411,30,448,1.0
E1,M12,104-0,E,SF-104,B,202412,31,457,0.0
E1,M12,105-0,A,SF-105,B,202207,2,938,0.0
E1,M12,105-0,A,SF-105,B,202208,3,983,0.0
E1,M12,105-0,A,SF-105,B,202209,4,1027,1.0
E1,M12,105-0,A,SF-105,B,202210,5,1071,1.0
E1,M12,105-0,A,SF-105,B,202211,6,1115,1.0
E1,M12,105-0,A,SF-105,B,202212,7,1159,0.0
E1,M12,105-0,A,SF-105,B,202301,8,1204,0.0
E1,M12,105-0,A,SF-105,B,202302,9,1248,0.0
E1,M12,105-0,A,SF-105,B,202303,10,1292,1.0
E1,M12,105-0,A,SF-105,B,202304,11,1336,0.0
E1,M12,105-0,A,SF-105,B,202305,12,1380,1.0
E1,M12,105-0,A,SF-105,B,202306,13,1425,0.0
E1,M12,105-0,A,SF-105,B,202307,14,1469,1.0
E1,M12,105-0,A,SF-105,B,202308,15,1513,0.0
E1,M12,105-0,A,SF-105,B,202309,16,1557,1.0
E1,M12,105-0,A,SF-105,B,202310,17,1601,1.0
E1,M12,105-0,A,SF-105,B,202311,18,1646,0.0
E1,M12,105-0,A,SF-105,B,202312,19,1690,2.0
E1,M12,105-0,A,SF-105,B,202401,20,1734,2.0
E1,M12,105-0,A,SF-105,B,202402,21,1778,1.0
E1,M12,105-0,A,SF-105,B,202403,22,1822,0.0
E1,M12,105-0,A,SF-105,B,202404,23,1867,0.0
E1,M12,105-0,A,SF-105,B,202405,24,1911,0.0
E1,M12,105-0,A,SF-105,B,202406,25,1955,1.0
E1,M12,105-0,A,SF-105,B,202407,26,1999,1.0
E1,M12,105-0,A,SF-105,B,202408,27,2043,3.0
E1,M12,105-0,A,SF-105,B,202409,28,2088,1.0
E1,M12,105-0,A,SF-105,B,202410,29,2132,0.0
E1,M12,105-0,A,SF-105,B,202411,30,2176,0.0
E1,M12,105-0,A,SF-105,B,202412,31,2220,2.0
E1,M12,105-0,ALL,SF-105,B,202205,0,2500,0.0
E1,M12,105-0,ALL,SF-105,B,202206,1,2630,3.0
E1,M12,105-0,ALL,SF-105,B,202207,2,2760,0.0
E1,M12,105-0,ALL,SF-105,B,202208,3,2890,0.0
E1,M12,105-0,ALL,SF-105,B,202209,4,3020,2.0
E1,M12,105-0,ALL,SF-105,B,202210,5,3150,3.0
E1,M12,105-0,ALL,SF-105,B,202211,6,3280,2.0
E1,M12,105-0,ALL,SF-105,B,202212,7,3410,2.0
E1,M12,105-0,ALL,SF-105,B,202301,8,3540,0.0
E1,M12,105-0,ALL,SF-105,B,202302,9,3670,0.0
E1,M12,105-0,ALL,SF-105,B,202303,10,3800,1.0
E1,M12,105-0,ALL,SF-105,B,202304,11,3930,0.0
E1,M12,105-0,ALL,SF-105,B,202305,12,4060,1.0
E1,M12,105-0,ALL,SF-105,B,202306,13,4190,1.0
E1,M12,105-0,ALL,SF-105,B,202307,14,4320,2.0
E1,M12,105-0,ALL,SF-105,B,202308,15,4450,1.0
E1,M12,105-0,ALL,SF-105,B,202309,16,4580,2.0
E1,M12,105-0,ALL,SF-105,B,202310,17,4710,2.0
E1,M12,105-0,ALL,SF-105,B,202311,18,4840,2.0
E1,M12,105-0,ALL,SF-105,B,202312,19,4970,2.0
E1,M12,105-0,ALL,SF-105,B,202401,20,5100,3.0
E1,M12,105-0,ALL,SF-105,B,202402,21,5230,2.0
E1,M12,105-0,ALL,SF-105,B,202403,22,5360,2.0
E1,M12,105-0,ALL,SF-105,B,202404,23,5490,4.0
E1,M12,105-0,ALL,SF-105,B,202405,24,5620,0.0
E1,M12,105-0,ALL,SF-105,B,202406,25,5750,3.0
E1,M12,105-0,ALL,SF-105,B,202407,26,5880,3.0
E1,M12,105-0,ALL,SF-105,B,202408,27,6010,5.0
E1,M12,105-0,ALL,SF-105,B,202409,28,6140,3.0
E1,M12,105-0,ALL,SF-105,B,202410,29,6270,2.0
E1,M12,105-0,ALL,SF-105,B,202411,30,6400,1.0
E1,M12,105-0,ALL,SF-105,B,202412,31,6530,2.0
E1,M12,105-0,B,SF-105,B,202206,1,631,3.0
E1,M12,105-0,B,SF-105,B,202207,2,662,0.0
E1,M12,105-0,B,SF-105,B,202208,3,694,0.0
E1,M12,105-0,B,SF-105,B,202209,4,725,0.0
E1,M12,105-0,B,SF-105,B,202210,5,756,0.0
E1,M12,105-0,B,SF-105,B,202211,6,787,1.0
E1,M12,105-0,B,SF-105,B,202212,7,818,0.0
E1,M12,105-0,B,SF-105,B,202301,8,850,0.0
E1,M12,105-0,B,SF-105,B,202302,9,881,0.0
E1,M12,105-0,B,SF-105,B,202303,10,912,0.0
E1,M12,105-0,B,SF-105,B,202304,11,943,0.0
E1,M12,105-0,B,SF-105,B,202305,12,974,0.0
E1,M12,105-0,B,SF-105,B,202306,13,1006,0.0
E1,M12,105-0,B,SF-105,B,202307,14,1037,1.0
E1,M12,105-0,B,SF-105,B,202308,15,1068,1.0
E1,M12,105-0,B,SF-105,B,202309,16,1099,0.0
E1,M12,105-0,B,SF-105,B,202310,17,1130,0.0
E1,M12,105-0,B,SF-105,B,202311,18,1162,1.0
E1,M12,105-0,B,SF-105,B,202312,19,1193,0.0
E1,M12,105-0,B,SF-105,B,202401,20,1224,0.0
E1,M12,105-0,B,SF-105,B,202402,21,1255,0.0
E1,M12,105-0,B,SF-105,B,202403,22,1286,0.0
E1,M12,105-0,B,SF-105,B,202404,23,1318,1.0
E1,M12,105-0,B,SF-105,B,202405,24,1349,0.0
E1,M12,105-0,B,SF-105,B,202406,25,1380,0.0
E1,M12,105-0,B,SF-105,B,202407,26,1411,0.0
E1,M12,105-0,B,SF-105,B,202408,27,1442,2.0
E1,M12,105-0,B,SF-105,B,202409,28,1474,2.0
E1,M12,105-0,B,SF-105,B,202410,29,1505,2.0
E1,M12,105-0,B,SF-105,B,202411,30,1536,0.0
E1,M12,105-0,B,SF-105,B,202412,31,1567,0.0
E1,M12,105-0,C,SF-105,B,202207,2,552,0.0
E1,M12,105-0,C,SF-105,B,202208,3,578,0.0
E1,M12,105-0,C,SF-105,B,202209,4,604,0.0
E1,M12,105-0,C,SF-105,B,202210,5,630,2.0
E1,M12,105-0,C,SF-105,B,202211,6,656,0.0
E1,M12,105-0,C,SF-105,B,202212,7,682,0.0
E1,M12,105-0,C,SF-105,B,202301,8,708,0.0
E1,M12,105-0,C,SF-105,B,202302,9,734,0.0
E1,M12,105-0,C,SF-105,B,202303,10,760,0.0
E1,M12,105-0,C,SF-105,B,202304,11,786,0.0
E1,M12,105-0,C,SF-105,B,202305,12,812,0.0
E1,M12,105-0,C,SF-105,B,202306,13,838,1.0
E1,M12,105-0,C,SF-105,B,202307,14,864,0.0
E1,M12,105-0,C,SF-105,B,202308,15,890,0.0
E1,M12,105-0,C,SF-105,B,202309,16,916,0.0
E1,M12,105-0,C,SF-105,B,202310,17,942,0.0
E1,M12,105-0,C,SF-105,B,202311,18,968,0.0
E1,M12,105-0,C,SF-105,B,202312,19,994,0.0
E1,M12,105-0,C,SF-105,B,202401,20,1020,0.0
E1,M12,105-0,C,SF-105,B,202402,21,1046,1.0
E1,M12,105-0,C,SF-105,B,202403,22,1072,2.0
E1,M12,105-0,C,SF-105,B,202404,23,1098,1.0
E1,M12,105-0,C,SF-105,B,202405,24,1124,0.0
E1,M12,105-0,C,SF-105,B,202406,25,1150,1.0
E1,M12,105-0,C,SF-105,B,202407,26,1176,0.0
E1,M12,105-0,C,SF-105,B,202408,27,1202,0.0
E1,M12,105-0,C,SF-105,B,202409,28,1228,0.0
E1,M12,105-0,C,SF-105,B,202410,29,1254,0.0
E1,M12,105-0,C,SF-105,B,202411,30,1280,1.0
E1,M12,105-0,D,SF-105,B,202207,2,414,0.0
E1,M12,105-0,D,SF-105,B,202208,3,434,0.0
E1,M12,105-0,D,SF-105,B,202209,4,453,1.0
E1,M12,105-0,D,SF-105,B,202210,5,472,0.0
E1,M12,105-0,D,SF-105,B,202211,6,492,0.0
E1,M12,105-0,D,SF-105,B,202212,7,512,2.0
E1,M12,105-0,D,SF-105,B,202301,8,531,0.0
E1,M12,105-0,D,SF-105,B,202302,9,550,0.0
E1,M12,105-0,D,SF-105,B,202303,10,570,0.0
E1,M12,105-0,D,SF-105,B,202304,11,590,0.0
E1,M12,105-0,D,SF-105,B,202305,12,609,0.0
E1,M12,105-0,D,SF-105,B,202306,13,628,0.0
E1,M12,105-0,D,SF-105,B,202307,14,648,0.0
E1,M12,105-0,D,SF-105,B,202308,15,668,0.0
E1,M12,105-0,D,SF-105,B,202309,16,687,1.0
E1,M12,105-0,D,SF-105,B,202310,17,706,1.0
E1,M12,105-0,D,SF-105,B,202311,18,726,1.0
E1,M12,105-0,D,SF-105,B,202312,19,746,0.0
E1,M12,105-0,D,SF-105,B,202401,20,765,1.0
E1,M12,105-0,D,SF-105,B,202402,21,784,0.0
E1,M12,105-0,D,SF-105,B,202403,22,804,0.0
E1,M12,105-0,D,SF-105,B,202404,23,824,1.0
E1,M12,105-0,D,SF-105,B,202405,24,843,0.0
E1,M12,105-0,D,SF-105,B,202406,25,862,1.0
E1,M12,105-0,D,SF-105,B,202407,26,882,2.0
E1,M12,105-0,D,SF-105,B,202408,27,902,0.0
E1,M12,105-0,D,SF-105,B,202409,28,921,0.0
E1,M12,105-0,D,SF-105,B,202410,29,940,0.0
E1,M12,105-0,E,SF-105,B,202301,8,248,0.0
E1,M12,105-0,E,SF-105,B,202302,9,257,0.0
E1,M12,105-0,E,SF-105,B,202303,10,266,0.0
E1,M12,105-0,E,SF-105,B,202304,11,275,0.0
E1,M12,105-0,E,SF-105,B,202305,12,284,0.0
E1,M12,105-0,E,SF-105,B,202306,13,293,0.0
E1,M12,105-0,E,SF-105,B,202307,14,302,0.0
E1,M12,105-0,E,SF-105,B,202308,15,312,0.0
E1,M12,105-0,E,SF-105,B,202309,16,321,0.0
E1,M12,105-0,E,SF-105,B,202310,17,330,0.0
E1,M12,105-0,E,SF-105,B,202311,18,339,0.0
E1,M12,105-0,E,SF-105,B,202312,19,348,0.0
E1,M12,105-0,E,SF-105,B,202401,20,357,0.0
E1,M12,105-0,E,SF-105,B,202402,21,366,0.0
E1,M12,105-0,E,SF-105,B,202403,22,375,0.0
E1,M12,105-0,E,SF-105,B,202404,23,384,1.0
E1,M12,105-0,E,SF-105,B,202405,24,393,0.0
E1,M12,105-0,E,SF-105,B,202406,25,403,0.0
E1,M12,105-0,E,SF-105,B,202407,26,412,0.0
E1,M12,105-0,E,SF-105,B,202408,27,421,0.0
E1,M12,105-0,E,SF-105,B,202409,28,430,0.0
E1,M12,105-0,E,SF-105,B,202410,29,439,0.0
E1,M12,105-0,E,SF-105,B,202411,30,448,0.0
E1,M12,105-0,E,SF-105,B,202412,31,457,0.0
E1,M13,100-0,A,SF-100,B,202208,1,894,2.0
E1,M13,100-0,A,SF-100,B,202209,2,938,0.0
E1,M13,100-0,A,SF-100,B,202210,3,983,3.0
E1,M13,100-0,A,SF-100,B,202211,4,1027,2.0
E1,M13,100-0,A,SF-100,B,202212,5,1071,1.0
E1,M13,100-0,A,SF-100,B,202301,6,1115,2.0
E1,M13,100-0,A,SF-100,B,202302,7,1159,2.0
E1,M13,100-0,A,SF-100,B,202303,8,1204,3.0
E1,M13,100-0,A,SF-100,B,202304,9,1248,1.0
E1,M13,100-0,A,SF-100,B,202305,10,1292,2.0
E1,M13,100-0,A,SF-100,B,202306,11,1336,1.0
E1,M13,100-0,A,SF-100,B,202307,12,1380,2.0
E1,M13,100-0,A,SF-100,B,202308,13,1425,1.0
E1,M13,100-0,A,SF-100,B,202309,14,1469,0.0
E1,M13,100-0,A,SF-100,B,202310,15,1513,1.0
E1,M13,100-0,A,SF-100,B,202311,16,1557,2.0
E1,M13,100-0,A,SF-100,B,202312,17,1601,4.0
E1,M13,100-0,A,SF-100,B,202401,18,1646,1.0
E1,M13,100-0,A,SF-100,B,202402,19,1690,1.0
E1,M13,100-0,A,SF-100,B,202403,20,1734,3.0
E1,M13,100-0,A,SF-100,B,202404,21,1778,5.0
E1,M13,100-0,A,SF-100,B,202405,22,1822,1.0
E1,M13,100-0,A,SF-100,B,202406,23,1867,2.0
E1,M13,100-0,A,SF-100,B,202407,24,1911,0.0
E1,M13,100-0,A,SF-100,B,202408,25,1955,6.0
E1,M13,100-0,A,SF-100,B,202409,26,1999,1.0
E1,M13,100-0,A,SF-100,B,202410,27,2043,1.0
E1,M13,100-0,A,SF-100,B,202411,28,2088,4.0
E1,M13,100-0,A,SF-100,B,202412,29,2132,2.0
E1,M13,100-0,ALL,SF-100,B,202207,0,2500,0.0
E1,M13,100-0,ALL,SF-100,B,202208,1,2630,2.0
E1,M13,100-0,ALL,SF-100,B,202209,2,2760,4.0
E1,M13,100-0,ALL,SF-100,B,202210,3,2890,3.0
E1,M13,100-0,ALL,SF-100,B,202211,4,3020,6.0
E1,M13,100-0,ALL,SF-100,B,202212,5,3150,5.0
E1,M13,100-0,ALL,SF-100,B,202301,6,3280,3.0
E1,M13,100-0,ALL,SF-100,B,202302,7,3410,4.0
E1,M13,100-0,ALL,SF-100,B,202303,8,3540,6.0
E1,M13,100-0,ALL,SF-100,B,202304,9,3670,2.0
E1,M13,100-0,ALL,SF-100,B,202305,10,3800,6.0
E1,M13,100-0,ALL,SF-100,B,202306,11,3930,10.0
E1,M13,100-0,ALL,SF-100,B,202307,12,4060,6.0
E1,M13,100-0,ALL,SF-100,B,202308,13,4190,7.0
E1,M13,100-0,ALL,SF-100,B,202309,14,4320,1.0
E1,M13,100-0,ALL,SF-100,B,202310,15,4450,4.0
E1,M13,100-0,ALL,SF-100,B,202311,16,4580,8.0
E1,M13,100-0,ALL,SF-100,B,202312,17,4710,8.0
E1,M13,100-0,ALL,SF-100,B,202401,18,4840,3.0
E1,M13,100-0,ALL,SF-100,B,202402,19,4970,5.0
E1,M13,100-0,ALL,SF-100,B,202403,20,5100,5.0
E1,M13,100-0,ALL,SF-100,B,202404,21,5230,10.0
E1,M13,100-0,ALL,SF-100,B,202405,22,5360,3.0
E1,M13,100-0,ALL,SF-100,B,202406,23,5490,4.0
E1,M13,100-0,ALL,SF-100,B,202407,24,5620,5.0
E1,M13,100-0,ALL,SF-100,B,202408,25,5750,13.0
E1,M13,100-0,ALL,SF-100,B,202409,26,5880,8.0
E1,M13,100-0,ALL,SF-100,B,202410,27,6010,4.0
E1,M13,100-0,ALL,SF-100,B,202411,28,6140,6.0
E1,M13,100-0,ALL,SF-100,B,202412,29,6270,5.0
E1,M13,100-0,B,SF-100,B,202209,2,662,0.0
E1,M13,100-0,B,SF-100,B,202210,3,694,0.0
E1,M13,100-0,B,SF-100,B,202211,4,725,2.0
E1,M13,100-0,B,SF-100,B,202212,5,756,1.0
E1,M13,100-0,B,SF-100,B,202301,6,787,0.0
E1,M13,100-0,B,SF-100,B,202302,7,818,1.0
E1,M13,100-0,B,SF-100,B,202303,8,850,0.0
E1,M13,100-0,B,SF-100,B,202304,9,881,0.0
E1,M13,100-0,B,SF-100,B,202305,10,912,1.0
E1,M13,100-0,B,SF-100,B,202306,11,943,4.0
E1,M13,100-0,B,SF-100,B,202307,12,974,1.0
E1,M13,100-0,B,SF-100,B,202308,13,1006,2.0
E1,M13,100-0,B,SF-100,B,202309,14,1037,1.0
E1,M13,100-0,B,SF-100,B,202310,15,1068,0.0
E1,M13,100-0,B,SF-100,B,202311,16,1099,2.0
E1,M13,100-0,B,SF-100,B,202312,17,1130,1.0
E1,M13,100-0,B,SF-100,B,202401,18,1162,0.0
E1,M13,100-0,B,SF-100,B,202402,19,1193,0.0
E1,M13,100-0,B,SF-100,B,202403,20,1224,0.0
E1,M13,100-0,B,SF-100,B,202404,21,1255,2.0
E1,M13,100-0,B,SF-100,B,202405,22,1286,1.0
E1,M13,100-0,B,SF-100,B,202406,23,1318,1.0
E1,M13,100-0,B,SF-100,B,202407,24,1349,2.0
E1,M13,100-0,B,SF-100,B,202408,25,1380,1.0
E1,M13,100-0,B,SF-100,B,202409,26,1411,4.0
E1,M13,100-0,B,SF-100,B,202410,27,1442,1.0
E1,M13,100-0,B,SF-100,B,202411,28,1474,2.0
E1,M13,100-0,B,SF-100,B,202412,29,1505,2.0
E1,M13,100-0,C,SF-100,B,202209,2,552,2.0
E1,M13,100-0,C,SF-100,B,202210,3,578,0.0
E1,M13,100-0,C,SF-100,B,202211,4,604,2.0
E1,M13,100-0,C,SF-100,B,202212,5,630,2.0
E1,M13,100-0,C,SF-100,B,202301,6,656,1.0
E1,M13,100-0,C,SF-100,B,202302,7,682,0.0
E1,M13,100-0,C,SF-100,B,202303,8,708,1.0
E1,M13,100-0,C,SF-100,B,202304,9,734,1.0
E1,M13,100-0,C,SF-100,B,202305,10,760,3.0
E1,M13,100-0,C,SF-100,B,202306,11,786,4.0
E1,M13,100-0,C,SF-100,B,202307,12,812,3.0
E1,M13,100-0,C,SF-100,B,202308,13,838,2.0
E1,M13,100-0,C,SF-100,B,202309,14,864,0.0
E1,M13,100-0,C,SF-100,B,202310,15,890,1.0
E1,M13,100-0,C,SF-100,B,202311,16,916,3.0
E1,M13,100-0,C,SF-100,B,202312,17,942,1.0
E1,M13,100-0,C,SF-100,B,202401,18,968,0.0
E1,M13,100-0,C,SF-100,B,202402,19,994,2.0
E1,M13,100-0,C,SF-100,B,202403,20,1020,1.0
E1,M13,100-0,C,SF-100,B,202404,21,1046,2.0
E1,M13,100-0,C,SF-100,B,202405,22,1072,0.0
E1,M13,100-0,C,SF-100,B,202406,23,1098,0.0
E1,M13,100-0,C,SF-100,B,202407,24,1124,1.0
E1,M13,100-0,C,SF-100,B,202408,25,1150,0.0
E1,M13,100-0,C,SF-100,B,202409,26,1176,1.0
E1,M13,100-0,C,SF-100,B,202410,27,1202,0.0
E1,M13,100-0,C,SF-100,B,202411,28,1228,0.0
E1,M13,100-0,D,SF-100,B,202209,2,414,2.0
E1,M13,100-0,D,SF-100,B,202210,3,434,0.0
E1,M13,100-0,D,SF-100,B,202211,4,453,0.0
E1,M13,100-0,D,SF-100,B,202212,5,472,1.0
E1,M13,100-0,D,SF-100,B,202301,6,492,0.0
E1,M13,100-0,D,SF-100,B,202302,7,512,1.0
E1,M13,100-0,D,SF-100,B,202303,8,531,2.0
E1,M13,100-0,D,SF-100,B,202304,9,550,0.0
E1,M13,100-0,D,SF-100,B,202305,10,570,0.0
E1,M13,100-0,D,SF-100,B,202306,11,590,1.0
E1,M13,100-0,D,SF-100,B,202307,12,609,0.0
E1,M13,100-0,D,SF-100,B,202308,13,628,1.0
E1,M13,100-0,D,SF-100,B,202309,14,648,0.0
E1,M13,100-0,D,SF-100,B,202310,15,668,2.0
E1,M13,100-0,D,SF-100,B,202311,16,687,1.0
E1,M13,100-0,D,SF-100,B,202312,17,706,2.0
E1,M13,100-0,D,SF-100,B,202401,18,726,2.0
E1,M13,100-0,D,SF-100,B,202402,19,746,2.0
E1,M13,100-0,D,SF-100,B,202403,20,765,1.0
E1,M13,100-0,D,SF-100,B,202404,21,784,1.0
E1,M13,100-0,D,SF-100,B,202405,22,804,1.0
E1,M13,100-0,D,SF-100,B,202406,23,824,0.0
E1,M13,100-0,D,SF-100,B,202407,24,843,1.0
E1,M13,100-0,D,SF-100,B,202408,25,862,4.0
E1,M13,100-0,D,SF-100,B,202409,26,882,2.0
E1,M13,100-0,D,SF-100,B,202410,27,902,0.0
E1,M13,100-0,E,SF-100,B,202303,8,248,0.0
E1,M13,100-0,E,SF-100,B,202304,9,257,0.0
E1,M13,100-0,E,SF-100,B,202305,10,266,0.0
E1,M13,100-0,E,SF-100,B,202306,11,275,0.0
E1,M13,100-0,E,SF-100,B,202307,12,284,0.0
E1,M13,100-0,E,SF-100,B,202308,13,293,1.0
E1,M13,100-0,E,SF-100,B,202309,14,302,0.0
E1,M13,100-0,E,SF-100,B,202310,15,312,0.0
E1,M13,100-0,E,SF-100,B,202311,16,321,0.0
E1,M13,100-0,E,SF-100,B,202312,17,330,0.0
E1,M13,100-0,E,SF-100,B,202401,18,339,0.0
E1,M13,100-0,E,SF-100,B,202402,19,348,0.0
E1,M13,100-0,E,SF-100,B,202403,20,357,0.0
E1,M13,100-0,E,SF-100,B,202404,21,366,0.0
E1,M13,100-0,E,SF-100,B,202405,22,375,0.0
E1,M13,100-0,E,SF-100,B,202406,23,384,1.0
E1,M13,100-0,E,SF-100,B,202407,24,393,1.0
E1,M13,100-0,E,SF-100,B,202408,25,403,2.0
E1,M13,100-0,E,SF-100,B,202409,26,412,0.0
E1,M13,100-0,E,SF-100,B,202410,27,421,2.0
E1,M13,100-0,E,SF-100,B,202411,28,430,0.0
E1,M13,100-0,E,SF-100,B,202412,29,439,1.0
E1,M13,101-0,A,SF-101,B,202208,1,894,1.0
E1,M13,101-0,A,SF-101,B,202209,2,938,2.0
E1,M13,101-0,A,SF-101,B,202210,3,983,1.0
E1,M13,101-0,A,SF-101,B,202211,4,1027,1.0
E1,M13,101-0,A,SF-101,B,202212,5,1071,1.0
E1,M13,101-0,A,SF-101,B,202301,6,1115,3.0
E1,M13,101-0,A,SF-101,B,202302,7,1159,2.0
E1,M13,101-0,A,SF-101,B,202303,8,1204,1.0
E1,M13,101-0,A,SF-101,B,202304,9,1248,0.0
E1,M13,101-0,A,SF-101,B,202305,10,1292,1.0
E1,M13,101-0,A,SF-101,B,202306,11,1336,0.0
E1,M13,101-0,A,SF-101,B,202307,12,1380,1.0
E1,M13,101-0,A,SF-101,B,202308,13,1425,0.0
E1,M13,101-0,A,SF-101,B,202309,14,1469,0.0
E1,M13,101-0,A,SF-101,B,202310,15,1513,2.0
E1,M13,101-0,A,SF-101,B,202311,16,1557,0.0
E1,M13,101-0,A,SF-101,B,202312,17,1601,0.0
E1,M13,101-0,A,SF-101,B,202401,18,1646,1.0
E1,M13,101-0,A,SF-101,B,202402,19,1690,0.0
E1,M13,101-0,A,SF-101,B,202403,20,1734,2.0
E1,M13,101-0,A,SF-101,B,202404,21,1778,3.0
E1,M13,101-0,A,SF-101,B,202405,22,1822,1.0
E1,M13,101-0,A,SF-101,B,202406,23,1867,3.0
E1,M13,101-0,A,SF-101,B,202407,24,1911,0.0
E1,M13,101-0,A,SF-101,B,202408,25,1955,4.0
E1,M13,101-0,A,SF-101,B,202409,26,1999,2.0
E1,M13,101-0,A,SF-101,B,202410,27,2043,1.0
E1,M13,101-0,A,SF-101,B,202411,28,2088,3.0
E1,M13,101-0,A,SF-101,B,202412,29,2132,2.0
E1,M13,101-0,ALL,SF-101,B,202207,0,2500,2.0
E1,M13,101-0,ALL,SF-101,B,202208,1,2630,1.0
E1,M13,101-0,ALL,SF-101,B,202209,2,2760,2.0
E1,M13,101-0,ALL,SF-101,B,202210,3,2890,1.0
E1,M13,101-0,ALL,SF-101,B,202211,4,3020,3.0
E1,M13,101-0,ALL,SF-101,B,202212,5,3150,1.0
E1,M13,101-0,ALL,SF-101,B,202301,6,3280,5.0
E1,M13,101-0,ALL,SF-101,B,202302,7,3410,4.0
E1,M13,101-0,ALL,SF-101,B,202303,8,3540,1.0
E1,M13,101-0,ALL,SF-101,B,202304,9,3670,3.0
E1,M13,101-0,ALL,SF-101,B,202305,10,3800,4.0
E1,M13,101-0,ALL,SF-101,B,202306,11,3930,0.0
E1,M13,101-0,ALL,SF-101,B,202307,12,4060,3.0
E1,M13,101-0,ALL,SF-101,B,202308,13,4190,5.0
E1,M13,101-0,ALL,SF-101,B,202309,14,4320,2.0
E1,M13,101-0,ALL,SF-101,B,202310,15,4450,5.0
E1,M13,101-0,ALL,SF-101,B,202311,16,4580,0.0
E1,M13,101-0,ALL,SF-101,B,202312,17,4710,4.0
E1,M13,101-0,ALL,SF-101,B,202401,18,4840,6.0
E1,M13,101-0,ALL,SF-101,B,202402,19,4970,3.0
E1,M13,101-0,ALL,SF-101,B,202403,20,5100,7.0
E1,M13,101-0,ALL,SF-101,B,202404,21,5230,6.0
E1,M13,101-0,ALL,SF-101,B,202405,22,5360,4.0
E1,M13,101-0,ALL,SF-101,B,202406,23,5490,9.0
E1,M13,101-0,ALL,SF-101,B,202407,24,5620,3.0
E1,M13,101-0,ALL,SF-101,B,202408,25,5750,9.0
E1,M13,101-0,ALL,SF-101,B,202409,26,5880,3.0
E1,M13,101-0,ALL,SF-101,B,202410,27,6010,2.0
E1,M13,101-0,ALL,SF-101,B,202411,28,6140,6.0
E1,M13,101-0,ALL,SF-101,B,202412,29,6270,3.0
E1,M13,101-0,B,SF-101,B,202209,2,662,0.0
E1,M13,101-0,B,SF-101,B,202210,3,694,0.0
E1,M13,101-0,B,SF-101,B,202211,4,725,1.0
E1,M13,101-0,B,SF-101,B,202212,5,756,0.0
E1,M13,101-0,B,SF-101,B,202301,6,787,1.0
E1,M13,101-0,B,SF-101,B,202302,7,818,1.0
E1,M13,101-0,B,SF-101,B,202303,8,850,0.0
E1,M13,101-0,B,SF-101,B,202304,9,881,1.0
E1,M13,101-0,B,SF-101,B,202305,10,912,3.0
E1,M13,101-0,B,SF-101,B,202306,11,943,0.0
E1,M13,101-0,B,SF-101,B,202307,12,974,1.0
E1,M13,101-0,B,SF-101,B,202308,13,1006,1.0
E1,M13,101-0,B,SF-101,B,202309,14,1037,1.0
E1,M13,101-0,B,SF-101,B,202310,15,1068,1.0
E1,M13,101-0,B,SF-101,B,202311,16,1099,0.0
E1,M13,101-0,B,SF-101,B,202312,17,1130,1.0
E1,M13,101-0,B,SF-101,B,202401,18,1162,3.0
E1,M13,101-0,B,SF-101,B,202402,19,1193,1.0
E1,M13,101-0,B,SF-101,B,202403,20,1224,4.0
E1,M13,101-0,B,SF-101,B,202404,21,1255,0.0
E1,M13,101-0,B,SF-101,B,202405,22,1286,1.0
E1,M13,101-0,B,SF-101,B,202406,23,1318,1.0
E1,M13,101-0,B,SF-101,B,202407,24,1349,0.0
E1,M13,101-0,B,SF-101,B,202408,25,1380,1.0
E1,M13,101-0,B,SF-101,B,202409,26,1411,1.0
E1,M13,101-0,B,SF-101,B,202410,27,1442,1.0
E1,M13,101-0,B,SF-101,B,202411,28,1474,1.0
E1,M13,101-0,B,SF-101,B,202412,29,1505,0.0
E1,M13,101-0,C,SF-101,B,202207,0,500,2.0
E1,M13,101-0,C,SF-101,B,202209,2,552,0.0
E1,M13,101-0,C,SF-101,B,202210,3,578,0.0
E1,M13,101-0,C,SF-101,B,202211,4,604,0.0
E1,M13,101-0,C,SF-101,B,202212,5,630,0.0
E1,M13,101-0,C,SF-101,B,202301,6,656,1.0
E1,M13,101-0,C,SF-101,B,202302,7,682,1.0
E1,M13,101-0,C,SF-101,B,202303,8,708,0.0
E1,M13,101-0,C,SF-101,B,202304,9,734,1.0
E1,M13,101-0,C,SF-101,B,202305,10,760,0.0
E1,M13,101-0,C,SF-101,B,202306,11,786,0.0
E1,M13,101-0,C,SF-101,B,202307,12,812,0.0
E1,M13,101-0,C,SF-101,B,202308,13,838,2.0
E1,M13,101-0,C,SF-101,B,202309,14,864,0.0
E1,M13,101-0,C,SF-101,B,202310,15,890,1.0
E1,M13,101-0,C,SF-101,B,202311,16,916,0.0
E1,M13,101-0,C,SF-101,B,202312,17,942,1.0
E1,M13,101-0,C,SF-101,B,202401,18,968,2.0
E1,M13,101-0,C,SF-101,B,202402,19,994,0.0
E1,M13,101-0,C,SF-101,B,202403,20,1020,0.0
E1,M13,101-0,C,SF-101,B,202404,21,1046,2.0
E1,M13,101-0,C,SF-101,B,202405,22,1072,0.0
E1,M13,101-0,C,SF-101,B,202406,23,1098,2.0
E1,M13,101-0,C,SF-101,B,202407,24,1124,2.0
E1,M13,101-0,C,SF-101,B,202408,25,1150,3.0
E1,M13,101-0,C,SF-101,B,202409,26,1176,0.0
E1,M13,101-0,C,SF-101,B,202410,27,1202,0.0
E1,M13,101-0,C,SF-101,B,202411,28,1228,1.0
E1,M13,101-0,D,SF-101,B,202209,2,414,0.0
E1,M13,101-0,D,SF-101,B,202210,3,434,0.0
E1,M13,101-0,D,SF-101,B,202211,4,453,1.0
E1,M13,101-0,D,SF-101,B,202212,5,472,0.0
E1,M13,101-0,D,SF-101,B,202301,6,492,0.0
E1,M13,101-0,D,SF-101,B,202302,7,512,0.0
E1,M13,101-0,D,SF-101,B,202303,8,531,0.0
E1,M13,101-0,D,SF-101,B,202304,9,550,1.0
E1,M13,101-0,D,SF-101,B,202305,10,570,0.0
E1,M13,101-0,D,SF-101,B,202306,11,590,0.0
E1,M13,101-0,D,SF-101,B,202307,12,609,1.0
E1,M13,101-0,D,SF-101,B,202308,13,628,2.0
E1,M13,101-0,D,SF-101,B,202309,14,648,0.0
E1,M13,101-0,D,SF-101,B,202310,15,668,1.0
E1,M13,101-0,D,SF-101,B,202311,16,687,0.0
E1,M13,101-0,D,SF-101,B,202312,17,706,2.0
E1,M13,101-0,D,SF-101,B,202401,18,726,0.0
E1,M13,101-0,D,SF-101,B,202402,19,746,1.0
E1,M13,101-0,D,SF-101,B,202403,20,765,1.0
E1,M13,101-0,D,SF-101,B,202404,21,784,1.0
E1,M13,101-0,D,SF-101,B,202405,22,804,2.0
E1,M13,101-0,D,SF-101,B,202406,23,824,1.0
E1,M13,101-0,D,SF-101,B,202407,24,843,1.0
E1,M13,101-0,D,SF-101,B,202408,25,862,1.0
E1,M13,101-0,D,SF-101,B,202409,26,882,0.0
E1,M13,101-0,D,SF-101,B,202410,27,902,0.0
E1,M13,101-0,E,SF-101,B,202303,8,248,0.0
E1,M13,101-0,E,SF-101,B,202304,9,257,0.0
E1,M13,101-0,E,SF-101,B,202305,10,266,0.0
E1,M13,101-0,E,SF-101,B,202306,11,275,0.0
E1,M13,101-0,E,SF-101,B,202307,12,284,0.0
E1,M13,101-0,E,SF-101,B,202308,13,293,0.0
E1,M13,101-0,E,SF-101,B,202309,14,302,1.0
E1,M13,101-0,E,SF-101,B,202310,15,312,0.0
E1,M13,101-0,E,SF-101,B,202311,16,321,0.0
E1,M13,101-0,E,SF-101,B,202312,17,330,0.0
E1,M13,101-0,E,SF-101,B,202401,18,339,0.0
E1,M13,101-0,E,SF-101,B,202402,19,348,1.0
E1,M13,101-0,E,SF-101,B,202403,20,357,0.0
E1,M13,101-0,E,SF-101,B,202404,21,366,0.0
E1,M13,101-0,E,SF-101,B,202405,22,375,0.0
E1,M13,101-0,E,SF-101,B,202406,23,384,2.0
E1,M13,101-0,E,SF-101,B,202407,24,393,0.0
E1,M13,101-0,E,SF-101,B,202408,25,403,0.0
E1,M13,101-0,E,SF-101,B,202409,26,412,0.0
E1,M13,101-0,E,SF-101,B,202410,27,421,0.0
E1,M13,101-0,E,SF-101,B,202411,28,430,1.0
E1,M13,101-0,E,SF-101,B,202412,29,439,1.0
E1,M13,102-0,A,SF-102,B,202208,1,894,1.0
E1,M13,102-0,A,SF-102,B,202209,2,938,0.0
E1,M13,102-0,A,SF-102,B,202210,3,983,0.0
E1,M13,102-0,A,SF-102,B,202211,4,1027,1.0
E1,M13,102-0,A,SF-102,B,202212,5,1071,2.0
E1,M13,102-0,A,SF-102,B,202301,6,1115,2.0
E1,M13,102-0,A,SF-102,B,202302,7,1159,3.0
E1,M13,102-0,A,SF-102,B,202303,8,1204,0.0
E1,M13,102-0,A,SF-102,B,202304,9,1248,2.0
E1,M13,102-0,A,SF-102,B,202305,10,1292,0.0
E1,M13,102-0,A,SF-102,B,202306,11,1336,0.0
E1,M13,102-0,A,SF-102,B,202307,12,1380,0.0
E1,M13,102-0,A,SF-102,B,202308,13,1425,0.0
E1,M13,102-0,A,SF-102,B,202309,14,1469,2.0
E1,M13,102-0,A,SF-102,B,202310,15,1513,2.0
E1,M13,102-0,A,SF-102,B,202311,16,1557,3.0
E1,M13,102-0,A,SF-102,B,202312,17,1601,1.0
E1,M13,102-0,A,SF-102,B,202401,18,1646,2.0
E1,M13,102-0,A,SF-102,B,202402,19,1690,4.0
E1,M13,102-0,A,SF-102,B,202403,20,1734,2.0
E1,M13,102-0,A,SF-102,B,202404,21,1778,1.0
E1,M13,102-0,A,SF-102,B,202405,22,1822,0.0
E1,M13,102-0,A,SF-102,B,202406,23,1867,3.0
E1,M13,102-0,A,SF-102,B,202407,24,1911,2.0
E1,M13,102-0,A,SF-102,B,202408,25,1955,2.0
E1,M13,102-0,A,SF-102,B,202409,26,1999,2.0
E1,M13,102-0,A,SF-102,B,202410,27,2043,1.0
E1,M13,102-0,A,SF-102,B,202411,28,2088,0.0
E1,M13,102-0,A,SF-102,B,202412,29,2132,1.0
E1,M13,102-0,ALL,SF-102,B,202207,0,2500,2.0
E1,M13,102-0,ALL,SF-102,B,202208,1,2630,3.0
E1,M13,102-0,ALL,SF-102,B,202209,2,2760,1.0
E1,M13,102-0,ALL,SF-102,B,202210,3,2890,1.0
E1,M13,102-0,ALL,SF-102,B,202211,4,3020,5.0
E1,M13,102-0,ALL,SF-102,B,202212,5,3150,6.0
E1,M13,102-0,ALL,SF-102,B,202301,6,3280,3.0
E1,M13,102-0,ALL,SF-102,B,202302,7,3410,6.0
E1,M13,102-0,ALL,SF-102,B,202303,8,3540,3.0
E1,M13,102-0,ALL,SF-102,B,202304,9,3670,3.0
E1,M13,102-0,ALL,SF-102,B,202305,10,3800,3.0
E1,M13,102-0,ALL,SF-102,B,202306,11,3930,2.0
E1,M13,102-0,ALL,SF-102,B,202307,12,4060,4.0
E1,M13,102-0,ALL,SF-102,B,202308,13,4190,9.0
E1,M13,102-0,ALL,SF-102,B,202309,14,4320,6.0
E1,M13,102-0,ALL,SF-102,B,202310,15,4450,10.0
E1,M13,102-0,ALL,SF-102,B,202311,16,4580,5.0
E1,M13,102-0,ALL,SF-102,B,202312,17,4710,2.0
E1,M13,102-0,ALL,SF-102,B,202401,18,4840,2.0
E1,M13,102-0,ALL,SF-102,B,202402,19,4970,7.0
E1,M13,102-0,ALL,SF-102,B,202403,20,5100,4.0
E1,M13,102-0,ALL,SF-102,B,202404,21,5230,4.0
E1,M13,102-0,ALL,SF-102,B,202405,22,5360,3.0
E1,M13,102-0,ALL,SF-102,B,202406,23,5490,9.0
E1,M13,102-0,ALL,SF-102,B,202407,24,5620,9.0
E1,M13,102-0,ALL,SF-102,B,202408,25,5750,5.0
E1,M13,102-0,ALL,SF-102,B,202409,26,5880,9.0
E1,M13,102-0,ALL,SF-102,B,202410,27,6010,3.0
E1,M13,102-0,ALL,SF-102,B,202411,28,6140,2.0
E1,M13,102-0,ALL,SF-102,B,202412,29,6270,1.0
E1,M13,102-0,B,SF-102,B,202207,0,600,1.0
E1,M13,102-0,B,SF-102,B,202208,1,631,1.0
E1,M13,102-0,B,SF-102,B,202209,2,662,0.0
E1,M13,102-0,B,SF-102,B,202210,3,694,1.0
E1,M13,102-0,B,SF-102,B,202211,4,725,1.0
E1,M13,102-0,B,SF-102,B,202212,5,756,1.0
E1,M13,102-0,B,SF-102,B,202301,6,787,0.0
E1,M13,102-0,B,SF-102,B,202302,7,818,0.0
E1,M13,102-0,B,SF-102,B,202303,8,850,1.0
E1,M13,102-0,B,SF-102,B,202304,9,881,1.0
E1,M13,102-0,B,SF-102,B,202305,10,912,2.0
E1,M13,102-0,B,SF-102,B,202306,11,943,0.0
E1,M13,102-0,B,SF-102,B,202307,12,974,1.0
E1,M13,102-0,B,SF-102,B,202308,13,1006,3.0
E1,M13,102-0,B,SF-102,B,202309,14,1037,2.0
E1,M13,102-0,B,SF-102,B,202310,15,1068,3.0
E1,M13,102-0,B,SF-102,B,202311,16,1099,0.0
E1,M13,102-0,B,SF-102,B,202312,17,1130,0.0
E1,M13,102-0,B,SF-102,B,202401,18,1162,0.0
E1,M13,102-0,B,SF-102,B,202402,19,1193,2.0
E1,M13,102-0,B,SF-102,B,202403,20,1224,0.0
E1,M13,102-0,B,SF-102,B,202404,21,1255,2.0
E1,M13,102-0,B,SF-102,B,202405,22,1286,2.0
E1,M13,102-0,B,SF-102,B,202406,23,1318,3.0
E1,M13,102-0,B,SF-102,B,202407,24,1349,3.0
E1,M13,102-0,B,SF-102,B,202408,25,1380,0.0
E1,M13,102-0,B,SF-102,B,202409,26,1411,3.0
E1,M13,102-0,B,SF-102,B,202410,27,1442,1.0
E1,M13,102-0,B,SF-102,B,202411,28,1474,1.0
E1,M13,102-0,B,SF-102,B,202412,29,1505,0.0
E1,M13,102-0,C,SF-102,B,202208,1,526,1.0
E1,M13,102-0,C,SF-102,B,202209,2,552,0.0
E1,M13,102-0,C,SF-102,B,202210,3,578,0.0
E1,M13,102-0,C,SF-102,B,202211,4,604,2.0
E1,M13,102-0,C,SF-102,B,202212,5,630,2.0
E1,M13,102-0,C,SF-102,B,202301,6,656,1.0
E1,M13,102-0,C,SF-102,B,202302,7,682,3.0
E1,M13,102-0,C,SF-102,B,202303,8,708,1.0
E1,M13,102-0,C,SF-102,B,202304,9,734,0.0
E1,M13,102-0,C,SF-102,B,202305,10,760,1.0
E1,M13,102-0,C,SF-102,B,202306,11,786,1.0
E1,M13,102-0,C,SF-102,B,202307,12,812,2.0
E1,M13,102-0,C,SF-102,B,202308,13,838,3.0
E1,M13,102-0,C,SF-102,B,202309,14,864,0.0
E1,M13,102-0,C,SF-102,B,202310,15,890,5.0
E1,M13,102-0,C,SF-102,B,202311,16,916,1.0
E1,M13,102-0,C,SF-102,B,202312,17,942,0.0
E1,M13,102-0,C,SF-102,B,202401,18,968,0.0
E1,M13,102-0,C,SF-102,B,202402,19,994,0.0
E1,M13,102-0,C,SF-102,B,202403,20,1020,1.0
E1,M13,102-0,C,SF-102,B,202404,21,1046,1.0
E1,M13,102-0,C,SF-102,B,202405,22,1072,0.0
E1,M13,102-0,C,SF-102,B,202406,23,1098,1.0
E1,M13,102-0,C,SF-102,B,202407,24,1124,2.0
E1,M13,102-0,C,SF-102,B,202408,25,1150,0.0
E1,M13,102-0,C,SF-102,B,202409,26,1176,0.0
E1,M13,102-0,C,SF-102,B,202410,27,1202,0.0
E1,M13,102-0,C,SF-102,B,202411,28,1228,1.0
E1,M13,102-0,D,SF-102,B,202207,0,375,1.0
E1,M13,102-0,D,SF-102,B,202209,2,414,1.0
E1,M13,102-0,D,SF-102,B,202210,3,434,0.0
E1,M13,102-0,D,SF-102,B,202211,4,453,1.0
E1,M13,102-0,D,SF-102,B,202212,5,472,1.0
E1,M13,102-0,D,SF-102,B,202301,6,492,0.0
E1,M13,102-0,D,SF-102,B,202302,7,512,0.0
E1,M13,102-0,D,SF-102,B,202303,8,531,0.0
E1,M13,102-0,D,SF-102,B,202304,9,550,0.0
E1,M13,102-0,D,SF-102,B,202305,10,570,0.0
E1,M13,102-0,D,SF-102,B,202306,11,590,1.0
E1,M13,102-0,D,SF-102,B,202307,12,609,1.0
E1,M13,102-0,D,SF-102,B,202308,13,628,2.0
E1,M13,102-0,D,SF-102,B,202309,14,648,0.0
E1,M13,102-0,D,SF-102,B,202310,15,668,0.0
E1,M13,102-0,D,SF-102,B,202311,16,687,1.0
E1,M13,102-0,D,SF-102,B,202312,17,706,1.0
E1,M13,102-0,D,SF-102,B,202401,18,726,0.0
E1,M13,102-0,D,SF-102,B,202402,19,746,1.0
E1,M13,102-0,D,SF-102,B,202403,20,765,0.0
E1,M13,102-0,D,SF-102,B,202404,21,784,0.0
E1,M13,102-0,D,SF-102,B,202405,22,804,1.0
E1,M13,102-0,D,SF-102,B,202406,23,824,1.0
E1,M13,102-0,D,SF-102,B,202407,24,843,0.0
E1,M13,102-0,D,SF-102,B,202408,25,862,1.0
E1,M13,102-0,D,SF-102,B,202409,26,882,3.0
E1,M13,102-0,D,SF-102,B,202410,27,902,0.0
E1,M13,102-0,E,SF-102,B,202303,8,248,1.0
E1,M13,102-0,E,SF-102,B,202304,9,257,0.0
E1,M13,102-0,E,SF-102,B,202305,10,266,0.0
E1,M13,102-0,E,SF-102,B,202306,11,275,0.0
E1,M13,102-0,E,SF-102,B,202307,12,284,0.0
E1,M13,102-0,E,SF-102,B,202308,13,293,1.0
E1,M13,102-0,E,SF-102,B,202309,14,302,2.0
E1,M13,102-0,E,SF-102,B,202310,15,312,0.0
E1,M13,102-0,E,SF-102,B,202311,16,321,0.0
E1,M13,102-0,E,SF-102,B,202312,17,330,0.0
E1,M13,102-0,E,SF-102,B,202401,18,339,0.0
E1,M13,102-0,E,SF-102,B,202402,19,348,0.0
E1,M13,102-0,E,SF-102,B,202403,20,357,1.0
E1,M13,102-0,E,SF-102,B,202404,21,366,0.0
E1,M13,102-0,E,SF-102,B,202405,22,375,0.0
E1,M13,102-0,E,SF-102,B,202406,23,384,1.0
E1,M13,102-0,E,SF-102,B,202407,24,393,2.0
E1,M13,102-0,E,SF-102,B,202408,25,403,2.0
E1,M13,102-0,E,SF-102,B,202409,26,412,1.0
E1,M13,102-0,E,SF-102,B,202410,27,421,1.0
E1,M13,102-0,E,SF-102,B,202411,28,430,0.0
E1,M13,102-0,E,SF-102,B,202412,29,439,0.0
E1,M13,103-0,A,SF-103,B,202208,1,894,1.0
E1,M13,103-0,A,SF-103,B,202209,2,938,2.0
E1,M13,103-0,A,SF-103,B,202210,3,983,2.0
E1,M13,103-0,A,SF-103,B,202211,4,1027,2.0
E1,M13,103-0,A,SF-103,B,202212,5,1071,1.0
E1,M13,103-0,A,SF-103,B,202301,6,1115,2.0
E1,M13,103-0,A,SF-103,B,202302,7,1159,0.0
E1,M13,103-0,A,SF-103,B,202303,8,1204,0.0
E1,M13,103-0,A,SF-103,B,202304,9,1248,0.0
E1,M13,103-0,A,SF-103,B,202305,10,1292,0.0
E1,M13,103-0,A,SF-103,B,202306,11,1336,2.0
E1,M13,103-0,A,SF-103,B,202307,12,1380,0.0
E1,M13,103-0,A,SF-103,B,202308,13,1425,1.0
E1,M13,103-0,A,SF-103,B,202309,14,1469,0.0
E1,M13,103-0,A,SF-103,B,202310,15,1513,1.0
E1,M13,103-0,A,SF-103,B,202311,16,1557,1.0
E1,M13,103-0,A,SF-103,B,202312,17,1601,0.0
E1,M13,103-0,A,SF-103,B,202401,18,1646,1.0
E1,M13,103-0,A,SF-103,B,202402,19,1690,2.0
E1,M13,103-0,A,SF-103,B,202403,20,1734,1.0
E1,M13,103-0,A,SF-103,B,202404,21,1778,2.0
E1,M13,103-0,A,SF-103,B,202405,22,1822,0.0
E1,M13,103-0,A,SF-103,B,202406,23,1867,3.0
E1,M13,103-0,A,SF-103,B,202407,24,1911,0.0
E1,M13,103-0,A,SF-103,B,202408,25,1955,1.0
E1,M13,103-0,A,SF-103,B,202409,26,1999,4.0
E1,M13,103-0,A,SF-103,B,202410,27,2043,2.0
E1,M13,103-0,A,SF-103,B,202411,28,2088,1.0
E1,M13,103-0,A,SF-103,B,202412,29,2132,1.0
E1,M13,103-0,ALL,SF-103,B,202207,0,2500,0.0
E1,M13,103-0,ALL,SF-103,B,202208,1,2630,3.0
E1,M13,103-0,ALL,SF-103,B,202209,2,2760,2.0
E1,M13,103-0,ALL,SF-103,B,202210,3,2890,3.0
E1,M13,103-0,ALL,SF-103,B,202211,4,3020,4.0
E1,M13,103-0,ALL,SF-103,B,202212,5,3150,2.0
E1,M13,103-0,ALL,SF-103,B,202301,6,3280,3.0
E1,M13,103-0,ALL,SF-103,B,202302,7,3410,2.0
E1,M13,103-0,ALL,SF-103,B,202303,8,3540,2.0
E1,M13,103-0,ALL,SF-103,B,202304,9,3670,2.0
E1,M13,103-0,ALL,SF-103,B,202305,10,3800,1.0
E1,M13,103-0,ALL,SF-103,B,202306,11,3930,4.0
E1,M13,103-0,ALL,SF-103,B,202307,12,4060,2.0
E1,M13,103-0,ALL,SF-103,B,202308,13,4190,5.0
E1,M13,103-0,ALL,SF-103,B,202309,14,4320,5.0
E1,M13,103-0,ALL,SF-103,B,202310,15,4450,1.0
E1,M13,103-0,ALL,SF-103,B,202311,16,4580,1.0
E1,M13,103-0,ALL,SF-103,B,202312,17,4710,6.0
E1,M13,103-0,ALL,SF-103,B,202401,18,4840,7.0
E1,M13,103-0,ALL,SF-103,B,202402,19,4970,6.0
E1,M13,103-0,ALL,SF-103,B,202403,20,5100,2.0
E1,M13,103-0,ALL,SF-103,B,202404,21,5230,6.0
E1,M13,103-0,ALL,SF-103,B,202405,22,5360,3.0
E1,M13,103-0,ALL,SF-103,B,202406,23,5490,4.0
E1,M13,103-0,ALL,SF-103,B,202407,24,5620,1.0
E1,M13,103-0,ALL,SF-103,B,202408,25,5750,6.0
E1,M13,103-0,ALL,SF-103,B,202409,26,5880,6.0
E1,M13,103-0,ALL,SF-103,B,202410,27,6010,5.0
E1,M13,103-0,ALL,SF-103,B,202411,28,6140,2.0
E1,M13,103-0,ALL,SF-103,B,202412,29,6270,1.0
E1,M13,103-0,B,SF-103,B,202208,1,631,2.0
E1,M13,103-0,B,SF-103,B,202209,2,662,0.0
E1,M13,103-0,B,SF-103,B,202210,3,694,0.0
E1,M13,103-0,B,SF-103,B,202211,4,725,0.0
E1,M13,103-0,B,SF-103,B,202212,5,756,1.0
E1,M13,103-0,B,SF-103,B,202301,6,787,0.0
E1,M13,103-0,B,SF-103,B,202302,7,818,0.0
E1,M13,103-0,B,SF-103,B,202303,8,850,1.0
E1,M13,103-0,B,SF-103,B,202304,9,881,1.0
E1,M13,103-0,B,SF-103,B,202305,10,912,0.0
E1,M13,103-0,B,SF-103,B,202306,11,943,1.0
E1,M13,103-0,B,SF-103,B,202307,12,974,1.0
E1,M13,103-0,B,SF-103,B,202308,13,1006,2.0
E1,M13,103-0,B,SF-103,B,202309,14,1037,0.0
E1,M13,103-0,B,SF-103,B,202310,15,1068,0.0
E1,M13,103-0,B,SF-103,B,202311,16,1099,0.0
E1,M13,103-0,B,SF-103,B,202312,17,1130,3.0
E1,M13,103-0,B,SF-103,B,202401,18,1162,0.0
E1,M13,103-0,B,SF-103,B,202402,19,1193,1.0
E1,M13,103-0,B,SF-103,B,202403,20,1224,1.0
E1,M13,103-0,B,SF-103,B,202404,21,1255,0.0
E1,M13,103-0,B,SF-103,B,202405,22,1286,1.0
E1,M13,103-0,B,SF-103,B,202406,23,1318,0.0
E1,M13,103-0,B,SF-103,B,202407,24,1349,0.0
E1,M13,103-0,B,SF-103,B,202408,25,1380,2.0
E1,M13,103-0,B,SF-103,B,202409,26,1411,1.0
E1,M13,103-0,B,SF-103,B,202410,27,1442,1.0
E1,M13,103-0,B,SF-103,B,202411,28,1474,1.0
E1,M13,103-0,B,SF-103,B,202412,29,1505,0.0
E1,M13,103-0,C,SF-103,B,202209,2,552,0.0
E1,M13,103-0,C,SF-103,B,202210,3,578,1.0
E1,M13,103-0,C,SF-103,B,202211,4,604,0.0
E1,M13,103-0,C,SF-103,B,202212,5,630,0.0
E1,M13,103-0,C,SF-103,B,202301,6,656,1.0
E1,M13,103-0,C,SF-103,B,202302,7,682,2.0
E1,M13,103-0,C,SF-103,B,202303,8,708,1.0
E1,M13,103-0,C,SF-103,B,202304,9,734,1.0
E1,M13,103-0,C,SF-103,B,202305,10,760,0.0
E1,M13,103-0,C,SF-103,B,202306,11,786,1.0
E1,M13,103-0,C,SF-103,B,202307,12,812,1.0
E1,M13,103-0,C,SF-103,B,202308,13,838,1.0
E1,M13,103-0,C,SF-103,B,202309,14,864,3.0
E1,M13,103-0,C,SF-103,B,202310,15,890,0.0
E1,M13,103-0,C,SF-103,B,202311,16,916,0.0
E1,M13,103-0,C,SF-103,B,202312,17,942,2.0
E1,M13,103-0,C,SF-103,B,202401,18,968,4.0
E1,M13,103-0,C,SF-103,B,202402,19,994,1.0
E1,M13,103-0,C,SF-103,B,202403,20,1020,0.0
E1,M13,103-0,C,SF-103,B,202404,21,1046,1.0
E1,M13,103-0,C,SF-103,B,202405,22,1072,1.0
E1,M13,103-0,C,SF-103,B,202406,23,1098,0.0
E1,M13,103-0,C,SF-103,B,202407,24,1124,1.0
E1,M13,103-0,C,SF-103,B,202408,25,1150,1.0
E1,M13,103-0,C,SF-103,B,202409,26,1176,1.0
E1,M13,103-0,C,SF-103,B,202410,27,1202,1.0
E1,M13,103-0,C,SF-103,B,202411,28,1228,0.0
E1,M13,103-0,D,SF-103,B,202209,2,414,0.0
E1,M13,103-0,D,SF-103,B,202210,3,434,0.0
E1,M13,103-0,D,SF-103,B,202211,4,453,2.0
E1,M13,103-0,D,SF-103,B,202212,5,472,0.0
E1,M13,103-0,D,SF-103,B,202301,6,492,0.0
E1,M13,103-0,D,SF-103,B,202302,7,512,0.0
E1,M13,103-0,D,SF-103,B,202303,8,531,0.0
E1,M13,103-0,D,SF-103,B,202304,9,550,0.0
E1,M13,103-0,D,SF-103,B,202305,10,570,0.0
E1,M13,103-0,D,SF-103,B,202306,11,590,0.0
E1,M13,103-0,D,SF-103,B,202307,12,609,0.0
E1,M13,103-0,D,SF-103,B,202308,13,628,0.0
E1,M13,103-0,D,SF-103,B,202309,14,648,2.0
E1,M13,103-0,D,SF-103,B,202310,15,668,0.0
E1,M13,103-0,D,SF-103,B,202311,16,687,0.0
E1,M13,103-0,D,SF-103,B,202312,17,706,1.0
E1,M13,103-0,D,SF-103,B,202401,18,726,2.0
E1,M13,103-0,D,SF-103,B,202402,19,746,0.0
E1,M13,103-0,D,SF-103,B,202403,20,765,0.0
E1,M13,103-0,D,SF-103,B,202404,21,784,1.0
E1,M13,103-0,D,SF-103,B,202405,22,804,0.0
E1,M13,103-0,D,SF-103,B,202406,23,824,0.0
E1,M13,103-0,D,SF-103,B,202407,24,843,0.0
E1,M13,103-0,D,SF-103,B,202408,25,862,2.0
E1,M13,103-0,D,SF-103,B,202409,26,882,0.0
E1,M13,103-0,D,SF-103,B,202410,27,902,0.0
E1,M13,103-0,E,SF-103,B,202303,8,248,0.0
E1,M13,103-0,E,SF-103,B,202304,9,257,0.0
E1,M13,103-0,E,SF-103,B,202305,10,266,1.0
E1,M13,103-0,E,SF-103,B,202306,11,275,0.0
E1,M13,103-0,E,SF-103,B,202307,12,284,0.0
E1,M13,103-0,E,SF-103,B,202308,13,293,1.0
E1,M13,103-0,E,SF-103,B,202309,14,302,0.0
E1,M13,103-0,E,SF-103,B,202310,15,312,0.0
E1,M13,103-0,E,SF-103,B,202311,16,321,0.0
E1,M13,103-0,E,SF-103,B,202312,17,330,0.0
E1,M13,103-0,E,SF-103,B,202401,18,339,0.0
E1,M13,103-0,E,SF-103,B,202402,19,348,2.0
E1,M13,103-0,E,SF-103,B,202403,20,357,0.0
E1,M13,103-0,E,SF-103,B,202404,21,366,2.0
E1,M13,103-0,E,SF-103,B,202405,22,375,1.0
E1,M13,103-0,E,SF-103,B,202406,23,384,1.0
E1,M13,103-0,E,SF-103,B,202407,24,393,0.0
E1,M13,103-0,E,SF-103,B,202408,25,403,0.0
E1,M13,103-0,E,SF-103,B,202409,26,412,0.0
E1,M13,103-0,E,SF-103,B,202410,27,421,1.0
E1,M13,103-0,E,SF-103,B,202411,28,430,0.0
E1,M13,103-0,E,SF-103,B,202412,29,439,0.0
E1,M13,103-1,A,SF-103,B,202207,0,850,1.0
E1,M13,103-1,A,SF-103,B,202209,2,938,1.0
E1,M13,103-1,A,SF-103,B,202210,3,983,1.0
E1,M13,103-1,A,SF-103,B,202211,4,1027,2.0
E1,M13,103-1,A,SF-103,B,202212,5,1071,2.0
E1,M13,103-1,A,SF-103,B,202301,6,1115,1.0
E1,M13,103-1,A,SF-103,B,202302,7,1159,0.0
E1,M13,103-1,A,SF-103,B,202303,8,1204,2.0
E1,M13,103-1,A,SF-103,B,202304,9,1248,3.0
E1,M13,103-1,A,SF-103,B,202305,10,1292,1.0
E1,M13,103-1,A,SF-103,B,202306,11,1336,1.0
E1,M13,103-1,A,SF-103,B,202307,12,1380,2.0
E1,M13,103-1,A,SF-103,B,202308,13,1425,0.0
E1,M13,103-1,A,SF-103,B,202309,14,1469,0.0
E1,M13,103-1,A,SF-103,B,202310,15,1513,1.0
E1,M13,103-1,A,SF-103,B,202311,16,1557,1.0
E1,M13,103-1,A,SF-103,B,202312,17,1601,2.0
E1,M13,103-1,A,SF-103,B,202401,18,1646,0.0
E1,M13,103-1,A,SF-103,B,202402,19,1690,0.0
E1,M13,103-1,A,SF-103,B,202403,20,1734,1.0
E1,M13,103-1,A,SF-103,B,202404,21,1778,1.0
E1,M13,103-1,A,SF-103,B,202405,22,1822,0.0
E1,M13,103-1,A,SF-103,B,202406,23,1867,2.0
E1,M13,103-1,A,SF-103,B,202407,24,1911,2.0
E1,M13,103-1,A,SF-103,B,202408,25,1955,0.0
E1,M13,103-1,A,SF-103,B,202409,26,1999,2.0
E1,M13,103-1,A,SF-103,B,202410,27,2043,1.0
E1,M13,103-1,A,SF-103,B,202411,28,2088,2.0
E1,M13,103-1,A,SF-103,B,202412,29,2132,1.0
E1,M13,103-1,ALL,SF-103,B,202207,0,2500,1.0
E1,M13,103-1,ALL,SF-103,B,202208,1,2630,3.0
E1,M13,103-1,ALL,SF-103,B,202209,2,2760,2.0
E1,M13,103-1,ALL,SF-103,B,202210,3,2890,2.0
E1,M13,103-1,ALL,SF-103,B,202211,4,3020,3.0
E1,M13,103-1,ALL,SF-103,B,202212,5,3150,3.0
E1,M13,103-1,ALL,SF-103,B,202301,6,3280,2.0
E1,M13,103-1,ALL,SF-103,B,202302,7,3410,0.0
E1,M13,103-1,ALL,SF-103,B,202303,8,3540,3.0
E1,M13,103-1,ALL,SF-103,B,202304,9,3670,4.0
E1,M13,103-1,ALL,SF-103,B,202305,10,3800,4.0
E1,M13,103-1,ALL,SF-103,B,202306,11,3930,5.0
E1,M13,103-1,ALL,SF-103,B,202307,12,4060,2.0
E1,M13,103-1,ALL,SF-103,B,202308,13,4190,2.0
E1,M13,103-1,ALL,SF-103,B,202309,14,4320,1.0
E1,M13,103-1,ALL,SF-103,B,202310,15,4450,3.0
E1,M13,103-1,ALL,SF-103,B,202311,16,4580,2.0
E1,M13,103-1,ALL,SF-103,B,202312,17,4710,5.0
E1,M13,103-1,ALL,SF-103,B,202401,18,4840,3.0
E1,M13,103-1,ALL,SF-103,B,202402,19,4970,2.0
E1,M13,103-1,ALL,SF-103,B,202403,20,5100,2.0
E1,M13,103-1,ALL,SF-103,B,202404,21,5230,2.0
E1,M13,103-1,ALL,SF-103,B,202405,22,5360,2.0
E1,M13,103-1,ALL,SF-103,B,202406,23,5490,4.0
E1,M13,103-1,ALL,SF-103,B,202407,24,5620,7.0
E1,M13,103-1,ALL,SF-103,B,202408,25,5750,3.0
E1,M13,103-1,ALL,SF-103,B,202409,26,5880,3.0
E1,M13,103-1,ALL,SF-103,B,202410,27,6010,2.0
E1,M13,103-1,ALL,SF-103,B,202411,28,6140,7.0
E1,M13,103-1,ALL,SF-103,B,202412,29,6270,4.0
E1,M13,103-1,B,SF-103,B,202209,2,662,0.0
E1,M13,103-1,B,SF-103,B,202210,3,694,0.0
E1,M13,103-1,B,SF-103,B,202211,4,725,1.0
E1,M13,103-1,B,SF-103,B,202212,5,756,0.0
E1,M13,103-1,B,SF-103,B,202301,6,787,0.0
E1,M13,103-1,B,SF-103,B,202302,7,818,0.0
E1,M13,103-1,B,SF-103,B,202303,8,850,0.0
E1,M13,103-1,B,SF-103,B,202304,9,881,0.0
E1,M13,103-1,B,SF-103,B,202305,10,912,2.0
E1,M13,103-1,B,SF-103,B,202306,11,943,1.0
E1,M13,103-1,B,SF-103,B,202307,12,974,0.0
E1,M13,103-1,B,SF-103,B,202308,13,1006,2.0
E1,M13,103-1,B,SF-103,B,202309,14,1037,1.0
E1,M13,103-1,B,SF-103,B,202310,15,1068,0.0
E1,M13,103-1,B,SF-103,B,202311,16,1099,0.0
E1,M13,103-1,B,SF-103,B,202312,17,1130,0.0
E1,M13,103-1,B,SF-103,B,202401,18,1162,0.0
E1,M13,103-1,B,SF-103,B,202402,19,1193,2.0
E1,M13,103-1,B,SF-103,B,202403,20,1224,0.0
E1,M13,103-1,B,SF-103,B,202404,21,1255,0.0
E1,M13,103-1,B,SF-103,B,202405,22,1286,2.0
E1,M13,103-1,B,SF-103,B,202406,23,1318,2.0
E1,M13,103-1,B,SF-103,B,202407,24,1349,1.0
E1,M13,103-1,B,SF-103,B,202408,25,1380,0.0
E1,M13,103-1,B,SF-103,B,202409,26,1411,0.0
E1,M13,103-1,B,SF-103,B,202410,27,1442,0.0
E1,M13,103-1,B,SF-103,B,202411,28,1474,4.0
E1,M13,103-1,B,SF-103,B,202412,29,1505,2.0
E1,M13,103-1,C,SF-103,B,202208,1,526,3.0
E1,M13,103-1,C,SF-103,B,202209,2,552,0.0
E1,M13,103-1,C,SF-103,B,202210,3,578,1.0
E1,M13,103-1,C,SF-103,B,202211,4,604,0.0
E1,M13,103-1,C,SF-103,B,202212,5,630,1.0
E1,M13,103-1,C,SF-103,B,202301,6,656,1.0
E1,M13,103-1,C,SF-103,B,202302,7,682,0.0
E1,M13,103-1,C,SF-103,B,202303,8,708,0.0
E1,M13,103-1,C,SF-103,B,202304,9,734,1.0
E1,M13,103-1,C,SF-103,B,202305,10,760,0.0
E1,M13,103-1,C,SF-103,B,202306,11,786,3.0
E1,M13,103-1,C,SF-103,B,202307,12,812,0.0
E1,M13,103-1,C,SF-103,B,202308,13,838,0.0
E1,M13,103-1,C,SF-103,B,202309,14,864,0.0
E1,M13,103-1,C,SF-103,B,202310,15,890,2.0
E1,M13,103-1,C,SF-103,B,202311,16,916,0.0
E1,M13,103-1,C,SF-103,B,202312,17,942,1.0
E1,M13,103-1,C,SF-103,B,202401,18,968,1.0
E1,M13,103-1,C,SF-103,B,202402,19,994,0.0
E1,M13,103-1,C,SF-103,B,202403,20,1020,0.0
E1,M13,103-1,C,SF-103,B,202404,21,1046,1.0
E1,M13,103-1,C,SF-103,B,202405,22,1072,0.0
E1,M13,103-1,C,SF-103,B,202406,23,1098,0.0
E1,M13,103-1,C,SF-103,B,202407,24,1124,1.0
E1,M13,103-1,C,SF-103,B,202408,25,1150,1.0
E1,M13,103-1,C,SF-103,B,202409,26,1176,1.0
E1,M13,103-1,C,SF-103,B,202410,27,1202,1.0
E1,M13,103-1,C,SF-103,B,202411,28,1228,1.0
E1,M13,103-1,D,SF-103,B,202209,2,414,1.0
E1,M13,103-1,D,SF-103,B,202210,3,434,0.0
E1,M13,103-1,D,SF-103,B,202211,4,453,0.0
E1,M13,103-1,D,SF-103,B,202212,5,472,0.0
E1,M13,103-1,D,SF-103,B,202301,6,492,0.0
E1,M13,103-1,D,SF-103,B,202302,7,512,0.0
E1,M13,103-1,D,SF-103,B,202303,8,531,1.0
E1,M13,103-1,D,SF-103,B,202304,9,550,0.0
E1,M13,103-1,D,SF-103,B,202305,10,570,0.0
E1,M13,103-1,D,SF-103,B,202306,11,590,0.0
E1,M13,103-1,D,SF-103,B,202307,12,609,0.0
E1,M13,103-1,D,SF-103,B,202308,13,628,0.0
E1,M13,103-1,D,SF-103,B,202309,14,648,0.0
E1,M13,103-1,D,SF-103,B,202310,15,668,0.0
E1,M13,103-1,D,SF-103,B,202311,16,687,1.0
E1,M13,103-1,D,SF-103,B,202312,17,706,1.0
E1,M13,103-1,D,SF-103,B,202401,18,726,1.0
E1,M13,103-1,D,SF-103,B,202402,19,746,0.0
E1,M13,103-1,D,SF-103,B,202403,20,765,0.0
E1,M13,103-1,D,SF-103,B,202404,21,784,0.0
E1,M13,103-1,D,SF-103,B,202405,22,804,0.0
E1,M13,103-1,D,SF-103,B,202406,23,824,0.0
E1,M13,103-1,D,SF-103,B,202407,24,843,2.0
E1,M13,103-1,D,SF-103,B,202408,25,862,2.0
E1,M13,103-1,D,SF-103,B,202409,26,882,0.0
E1,M13,103-1,D,SF-103,B,202410,27,902,0.0
E1,M13,103-1,E,SF-103,B,202303,8,248,0.0
E1,M13,103-1,E,SF-103,B,202304,9,257,0.0
E1,M13,103-1,E,SF-103,B,202305,10,266,1.0
E1,M13,103-1,E,SF-103,B,202306,11,275,0.0
E1,M13,103-1,E,SF-103,B,202307,12,284,0.0
E1,M13,103-1,E,SF-103,B,202308,13,293,0.0
E1,M13,103-1,E,SF-103,B,202309,14,302,0.0
E1,M13,103-1,E,SF-103,B,202310,15,312,0.0
E1,M13,103-1,E,SF-103,B,202311,16,321,0.0
E1,M13,103-1,E,SF-103,B,202312,17,330,1.0
E1,M13,103-1,E,SF-103,B,202401,18,339,1.0
E1,M13,103-1,E,SF-103,B,202402,19,348,0.0
E1,M13,103-1,E,SF-103,B,202403,20,357,1.0
E1,M13,103-1,E,SF-103,B,202404,21,366,0.0
E1,M13,103-1,E,SF-103,B,202405,22,375,0.0
E1,M13,103-1,E,SF-103,B,202406,23,384,0.0
E1,M13,103-1,E,SF-103,B,202407,24,393,1.0
E1,M13,103-1,E,SF-103,B,202408,25,403,0.0
E1,M13,103-1,E,SF-103,B,202409,26,412,0.0
E1,M13,103-1,E,SF-103,B,202410,27,421,0.0
E1,M13,103-1,E,SF-103,B,202411,28,430,0.0
E1,M13,103-1,E,SF-103,B,202412,29,439,1.0
E1,M13,104-0,A,SF-104,B,202208,1,894,1.0
E1,M13,104-0,A,SF-104,B,202209,2,938,0.0
E1,M13,104-0,A,SF-104,B,202210,3,983,1.0
E1,M13,104-0,A,SF-104,B,202211,4,1027,0.0
E1,M13,104-0,A,SF-104,B,202212,5,1071,1.0
E1,M13,104-0,A,SF-104,B,202301,6,1115,1.0
E1,M13,104-0,A,SF-104,B,202302,7,1159,1.0
E1,M13,104-0,A,SF-104,B,202303,8,1204,2.0
E1,M13,104-0,A,SF-104,B,202304,9,1248,1.0
E1,M13,104-0,A,SF-104,B,202305,10,1292,1.0
E1,M13,104-0,A,SF-104,B,202306,11,1336,2.0
E1,M13,104-0,A,SF-104,B,202307,12,1380,2.0
E1,M13,104-0,A,SF-104,B,202308,13,1425,1.0
E1,M13,104-0,A,SF-104,B,202309,14,1469,0.0
E1,M13,104-0,A,SF-104,B,202310,15,1513,0.0
E1,M13,104-0,A,SF-104,B,202311,16,1557,2.0
E1,M13,104-0,A,SF-104,B,202312,17,1601,3.0
E1,M13,104-0,A,SF-104,B,202401,18,1646,0.0
E1,M13,104-0,A,SF-104,B,202402,19,1690,4.0
E1,M13,104-0,A,SF-104,B,202403,20,1734,0.0
E1,M13,104-0,A,SF-104,B,202404,21,1778,4.0
E1,M13,104-0,A,SF-104,B,202405,22,1822,2.0
E1,M13,104-0,A,SF-104,B,202406,23,1867,4.0
E1,M13,104-0,A,SF-104,B,202407,24,1911,4.0
E1,M13,104-0,A,SF-104,B,202408,25,1955,2.0
E1,M13,104-0,A,SF-104,B,202409,26,1999,0.0
E1,M13,104-0,A,SF-104,B,202410,27,2043,0.0
E1,M13,104-0,A,SF-104,B,202411,28,2088,1.0
E1,M13,104-0,A,SF-104,B,202412,29,2132,3.0
E1,M13,104-0,ALL,SF-104,B,202207,0,2500,2.0
E1,M13,104-0,ALL,SF-104,B,202208,1,2630,5.0
E1,M13,104-0,ALL,SF-104,B,202209,2,2760,1.0
E1,M13,104-0,ALL,SF-104,B,202210,3,2890,1.0
E1,M13,104-0,ALL,SF-104,B,202211,4,3020,1.0
E1,M13,104-0,ALL,SF-104,B,202212,5,3150,3.0
E1,M13,104-0,ALL,SF-104,B,202301,6,3280,2.0
E1,M13,104-0,ALL,SF-104,B,202302,7,3410,3.0
E1,M13,104-0,ALL,SF-104,B,202303,8,3540,5.0
E1,M13,104-0,ALL,SF-104,B,202304,9,3670,3.0
E1,M13,104-0,ALL,SF-104,B,202305,10,3800,4.0
E1,M13,104-0,ALL,SF-104,B,202306,11,3930,3.0
E1,M13,104-0,ALL,SF-104,B,202307,12,4060,3.0
E1,M13,104-0,ALL,SF-104,B,202308,13,4190,5.0
E1,M13,104-0,ALL,SF-104,B,202309,14,4320,4.0
E1,M13,104-0,ALL,SF-104,B,202310,15,4450,2.0
E1,M13,104-0,ALL,SF-104,B,202311,16,4580,8.0
E1,M13,104-0,ALL,SF-104,B,202312,17,4710,7.0
E1,M13,104-0,ALL,SF-104,B,202401,18,4840,6.0
E1,M13,104-0,ALL,SF-104,B,202402,19,4970,7.0
E1,M13,104-0,ALL,SF-104,B,202403,20,5100,6.0
E1,M13,104-0,ALL,SF-104,B,202404,21,5230,7.0
E1,M13,104-0,ALL,SF-104,B,202405,22,5360,6.0
E1,M13,104-0,ALL,SF-104,B,202406,23,5490,7.0
E1,M13,104-0,ALL,SF-104,B,202407,24,5620,5.0
E1,M13,104-0,ALL,SF-104,B,202408,25,5750,10.0
E1,M13,104-0,ALL,SF-104,B,202409,26,5880,5.0
E1,M13,104-0,ALL,SF-104,B,202410,27,6010,8.0
E1,M13,104-0,ALL,SF-104,B,202411,28,6140,4.0
E1,M13,104-0,ALL,SF-104,B,202412,29,6270,4.0
E1,M13,104-0,B,SF-104,B,202208,1,631,2.0
E1,M13,104-0,B,SF-104,B,202209,2,662,1.0
E1,M13,104-0,B,SF-104,B,202210,3,694,0.0
E1,M13,104-0,B,SF-104,B,202211,4,725,1.0
E1,M13,104-0,B,SF-104,B,202212,5,756,1.0
E1,M13,104-0,B,SF-104,B,202301,6,787,0.0
E1,M13,104-0,B,SF-104,B,202302,7,818,2.0
E1,M13,104-0,B,SF-104,B,202303,8,850,0.0
E1,M13,104-0,B,SF-104,B,202304,9,881,2.0
E1,M13,104-0,B,SF-104,B,202305,10,912,1.0
E1,M13,104-0,B,SF-104,B,202306,11,943,0.0
E1,M13,104-0,B,SF-104,B,202307,12,974,0.0
E1,M13,104-0,B,SF-104,B,202308,13,1006,0.0
E1,M13,104-0,B,SF-104,B,202309,14,1037,2.0
E1,M13,104-0,B,SF-104,B,202310,15,1068,1.0
E1,M13,104-0,B,SF-104,B,202311,16,1099,2.0
E1,M13,104-0,B,SF-104,B,202312,17,1130,2.0
E1,M13,104-0,B,SF-104,B,202401,18,1162,1.0
E1,M13,104-0,B,SF-104,B,202402,19,1193,1.0
E1,M13,104-0,B,SF-104,B,202403,20,1224,1.0
E1,M13,104-0,B,SF-104,B,202404,21,1255,1.0
E1,M13,104-0,B,SF-104,B,202405,22,1286,2.0
E1,M13,104-0,B,SF-104,B,202406,23,1318,1.0
E1,M13,104-0,B,SF-104,B,202407,24,1349,0.0
E1,M13,104-0,B,SF-104,B,202408,25,1380,2.0
E1,M13,104-0,B,SF-104,B,202409,26,1411,2.0
E1,M13,104-0,B,SF-104,B,202410,27,1442,3.0
E1,M13,104-0,B,SF-104,B,202411,28,1474,1.0
E1,M13,104-0,B,SF-104,B,202412,29,1505,1.0
E1,M13,104-0,C,SF-104,B,202208,1,526,2.0
E1,M13,104-0,C,SF-104,B,202209,2,552,0.0
E1,M13,104-0,C,SF-104,B,202210,3,578,0.0
E1,M13,104-0,C,SF-104,B,202211,4,604,0.0
E1,M13,104-0,C,SF-104,B,202212,5,630,1.0
E1,M13,104-0,C,SF-104,B,202301,6,656,1.0
E1,M13,104-0,C,SF-104,B,202302,7,682,0.0
E1,M13,104-0,C,SF-104,B,202303,8,708,0.0
E1,M13,104-0,C,SF-104,B,202304,9,734,0.0
E1,M13,104-0,C,SF-104,B,202305,10,760,1.0
E1,M13,104-0,C,SF-104,B,202306,11,786,0.0
E1,M13,104-0,C,SF-104,B,202307,12,812,0.0
E1,M13,104-0,C,SF-104,B,202308,13,838,2.0
E1,M13,104-0,C,SF-104,B,202309,14,864,1.0
E1,M13,104-0,C,SF-104,B,202310,15,890,1.0
E1,M13,104-0,C,SF-104,B,202311,16,916,2.0
E1,M13,104-0,C,SF-104,B,202312,17,942,1.0
E1,M13,104-0,C,SF-104,B,202401,18,968,4.0
E1,M13,104-0,C,SF-104,B,202402,19,994,2.0
E1,M13,104-0,C,SF-104,B,202403,20,1020,4.0
E1,M13,104-0,C,SF-104,B,202404,21,1046,1.0
E1,M13,104-0,C,SF-104,B,202405,22,1072,0.0
E1,M13,104-0,C,SF-104,B,202406,23,1098,0.0
E1,M13,104-0,C,SF-104,B,202407,24,1124,0.0
E1,M13,104-0,C,SF-104,B,202408,25,1150,4.0
E1,M13,104-0,C,SF-104,B,202409,26,1176,3.0
E1,M13,104-0,C,SF-104,B,202410,27,1202,3.0
E1,M13,104-0,C,SF-104,B,202411,28,1228,1.0
E1,M13,104-0,D,SF-104,B,202207,0,375,2.0
E1,M13,104-0,D,SF-104,B,202209,2,414,0.0
E1,M13,104-0,D,SF-104,B,202210,3,434,0.0
E1,M13,104-0,D,SF-104,B,202211,4,453,0.0
E1,M13,104-0,D,SF-104,B,202212,5,472,0.0
E1,M13,104-0,D,SF-104,B,202301,6,492,0.0
E1,M13,104-0,D,SF-104,B,202302,7,512,0.0
E1,M13,104-0,D,SF-104,B,202303,8,531,1.0
E1,M13,104-0,D,SF-104,B,202304,9,550,0.0
E1,M13,104-0,D,SF-104,B,202305,10,570,1.0
E1,M13,104-0,D,SF-104,B,202306,11,590,1.0
E1,M13,104-0,D,SF-104,B,202307,12,609,1.0
E1,M13,104-0,D,SF-104,B,202308,13,628,1.0
E1,M13,104-0,D,SF-104,B,202309,14,648,1.0
E1,M13,104-0,D,SF-104,B,202310,15,668,0.0
E1,M13,104-0,D,SF-104,B,202311,16,687,1.0
E1,M13,104-0,D,SF-104,B,202312,17,706,1.0
E1,M13,104-0,D,SF-104,B,202401,18,726,0.0
E1,M13,104-0,D,SF-104,B,202402,19,746,0.0
E1,M13,104-0,D,SF-104,B,202403,20,765,1.0
E1,M13,104-0,D,SF-104,B,202404,21,784,1.0
E1,M13,104-0,D,SF-104,B,202405,22,804,2.0
E1,M13,104-0,D,SF-104,B,202406,23,824,1.0
E1,M13,104-0,D,SF-104,B,202407,24,843,1.0
E1,M13,104-0,D,SF-104,B,202408,25,862,1.0
E1,M13,104-0,D,SF-104,B,202409,26,882,0.0
E1,M13,104-0,D,SF-104,B,202410,27,902,1.0
E1,M13,104-0,E,SF-104,B,202303,8,248,2.0
E1,M13,104-0,E,SF-104,B,202304,9,257,0.0
E1,M13,104-0,E,SF-104,B,202305,10,266,0.0
E1,M13,104-0,E,SF-104,B,202306,11,275,0.0
E1,M13,104-0,E,SF-104,B,202307,12,284,0.0
E1,M13,104-0,E,SF-104,B,202308,13,293,1.0
E1,M13,104-0,E,SF-104,B,202309,14,302,0.0
E1,M13,104-0,E,SF-104,B,202310,15,312,0.0
E1,M13,104-0,E,SF-104,B,202311,16,321,1.0
E1,M13,104-0,E,SF-104,B,202312,17,330,0.0
E1,M13,104-0,E,SF-104,B,202401,18,339,1.0
E1,M13,104-0,E,SF-104,B,202402,19,348,0.0
E1,M13,104-0,E,SF-104,B,202403,20,357,0.0
E1,M13,104-0,E,SF-104,B,202404,21,366,0.0
E1,M13,104-0,E,SF-104,B,202405,22,375,0.0
E1,M13,104-0,E,SF-104,B,202406,23,384,1.0
E1,M13,104-0,E,SF-104,B,202407,24,393,0.0
E1,M13,104-0,E,SF-104,B,202408,25,403,1.0
E1,M13,104-0,E,SF-104,B,202409,26,412,0.0
E1,M13,104-0,E,SF-104,B,202410,27,421,1.0
E1,M13,104-0,E,SF-104,B,202411,28,430,1.0
E1,M13,104-0,E,SF-104,B,202412,29,439,0.0
E1,M13,104-1,A,SF-104,B,202208,1,894,1.0
E1,M13,104-1,A,SF-104,B,202209,2,938,3.0
E1,M13,104-1,A,SF-104,B,202210,3,983,1.0
E1,M13,104-1,A,SF-104,B,202211,4,1027,1.0
E1,M13,104-1,A,SF-104,B,202212,5,1071,0.0
E1,M13,104-1,A,SF-104,B,202301,6,1115,2.0
E1,M13,104-1,A,SF-104,B,202302,7,1159,0.0
E1,M13,104-1,A,SF-104,B,202303,8,1204,0.0
E1,M13,104-1,A,SF-104,B,202304,9,1248,1.0
E1,M13,104-1,A,SF-104,B,202305,10,1292,3.0
E1,M13,104-1,A,SF-104,B,202306,11,1336,3.0
E1,M13,104-1,A,SF-104,B,202307,12,1380,2.0
E1,M13,104-1,A,SF-104,B,202308,13,1425,1.0
E1,M13,104-1,A,SF-104,B,202309,14,1469,1.0
E1,M13,104-1,A,SF-104,B,202310,15,1513,2.0
E1,M13,104-1,A,SF-104,B,202311,16,1557,3.0
E1,M13,104-1,A,SF-104,B,202312,17,1601,1.0
E1,M13,104-1,A,SF-104,B,202401,18,1646,2.0
E1,M13,104-1,A,SF-104,B,202402,19,1690,1.0
E1,M13,104-1,A,SF-104,B,202403,20,1734,4.0
E1,M13,104-1,A,SF-104,B,202404,21,1778,1.0
E1,M13,104-1,A,SF-104,B,202405,22,1822,0.0
E1,M13,104-1,A,SF-104,B,202406,23,1867,2.0
E1,M13,104-1,A,SF-104,B,202407,24,1911,2.0
E1,M13,104-1,A,SF-104,B,202408,25,1955,0.0
E1,M13,104-1,A,SF-104,B,202409,26,1999,2.0
E1,M13,104-1,A,SF-104,B,202410,27,2043,2.0
E1,M13,104-1,A,SF-104,B,202411,28,2088,2.0
E1,M13,104-1,A,SF-104,B,202412,29,2132,1.0
E1,M13,104-1,ALL,SF-104,B,202207,0,2500,1.0
E1,M13,104-1,ALL,SF-104,B,202208,1,2630,3.0
E1,M13,104-1,ALL,SF-104,B,202209,2,2760,3.0
E1,M13,104-1,ALL,SF-104,B,202210,3,2890,4.0
E1,M13,104-1,ALL,SF-104,B,202211,4,3020,6.0
E1,M13,104-1,ALL,SF-104,B,202212,5,3150,1.0
E1,M13,104-1,ALL,SF-104,B,202301,6,3280,4.0
E1,M13,104-1,ALL,SF-104,B,202302,7,3410,4.0
E1,M13,104-1,ALL,SF-104,B,202303,8,3540,2.0
E1,M13,104-1,ALL,SF-104,B,202304,9,3670,5.0
E1,M13,104-1,ALL,SF-104,B,202305,10,3800,6.0
E1,M13,104-1,ALL,SF-104,B,202306,11,3930,8.0
E1,M13,104-1,ALL,SF-104,B,202307,12,4060,4.0
E1,M13,104-1,ALL,SF-104,B,202308,13,4190,4.0
E1,M13,104-1,ALL,SF-104,B,202309,14,4320,4.0
E1,M13,104-1,ALL,SF-104,B,202310,15,4450,4.0
E1,M13,104-1,ALL,SF-104,B,202311,16,4580,4.0
E1,M13,104-1,ALL,SF-104,B,202312,17,4710,4.0
E1,M13,104-1,ALL,SF-104,B,202401,18,4840,3.0
E1,M13,104-1,ALL,SF-104,B,202402,19,4970,3.0
E1,M13,104-1,ALL,SF-104,B,202403,20,5100,10.0
E1,M13,104-1,ALL,SF-104,B,202404,21,5230,5.0
E1,M13,104-1,ALL,SF-104,B,202405,22,5360,3.0
E1,M13,104-1,ALL,SF-104,B,202406,23,5490,5.0
E1,M13,104-1,ALL,SF-104,B,202407,24,5620,6.0
E1,M13,104-1,ALL,SF-104,B,202408,25,5750,0.0
E1,M13,104-1,ALL,SF-104,B,202409,26,5880,6.0
E1,M13,104-1,ALL,SF-104,B,202410,27,6010,5.0
E1,M13,104-1,ALL,SF-104,B,202411,28,6140,4.0
E1,M13,104-1,ALL,SF-104,B,202412,29,6270,2.0
E1,M13,104-1,B,SF-104,B,202207,0,600,1.0
E1,M13,104-1,B,SF-104,B,202208,1,631,2.0
E1,M13,104-1,B,SF-104,B,202209,2,662,0.0
E1,M13,104-1,B,SF-104,B,202210,3,694,1.0
E1,M13,104-1,B,SF-104,B,202211,4,725,0.0
E1,M13,104-1,B,SF-104,B,202212,5,756,0.0
E1,M13,104-1,B,SF-104,B,202301,6,787,0.0
E1,M13,104-1,B,SF-104,B,202302,7,818,4.0
E1,M13,104-1,B,SF-104,B,202303,8,850,0.0
E1,M13,104-1,B,SF-104,B,202304,9,881,1.0
E1,M13,104-1,B,SF-104,B,202305,10,912,1.0
E1,M13,104-1,B,SF-104,B,202306,11,943,2.0
E1,M13,104-1,B,SF-104,B,202307,12,974,1.0
E1,M13,104-1,B,SF-104,B,202308,13,1006,0.0
E1,M13,104-1,B,SF-104,B,202309,14,1037,1.0
E1,M13,104-1,B,SF-104,B,202310,15,1068,1.0
E1,M13,104-1,B,SF-104,B,202311,16,1099,1.0
E1,M13,104-1,B,SF-104,B,202312,17,1130,0.0
E1,M13,104-1,B,SF-104,B,202401,18,1162,0.0
E1,M13,104-1,B,SF-104,B,202402,19,1193,2.0
E1,M13,104-1,B,SF-104,B,202403,20,1224,2.0
E1,M13,104-1,B,SF-104,B,202404,21,1255,1.0
E1,M13,104-1,B,SF-104,B,202405,22,1286,1.0
E1,M13,104-1,B,SF-104,B,202406,23,1318,2.0
E1,M13,104-1,B,SF-104,B,202407,24,1349,0.0
E1,M13,104-1,B,SF-104,B,202408,25,1380,0.0
E1,M13,104-1,B,SF-104,B,202409,26,1411,1.0
E1,M13,104-1,B,SF-104,B,202410,27,1442,1.0
E1,M13,104-1,B,SF-104,B,202411,28,1474,2.0
E1,M13,104-1,B,SF-104,B,202412,29,1505,1.0
E1,M13,104-1,C,SF-104,B,202209,2,552,0.0
E1,M13,104-1,C,SF-104,B,202210,3,578,0.0
E1,M13,104-1,C,SF-104,B,202211,4,604,3.0
E1,M13,104-1,C,SF-104,B,202212,5,630,1.0
E1,M13,104-1,C,SF-104,B,202301,6,656,2.0
E1,M13,104-1,C,SF-104,B,202302,7,682,0.0
E1,M13,104-1,C,SF-104,B,202303,8,708,1.0
E1,M13,104-1,C,SF-104,B,202304,9,734,2.0
E1,M13,104-1,C,SF-104,B,202305,10,760,1.0
E1,M13,104-1,C,SF-104,B,202306,11,786,2.0
E1,M13,104-1,C,SF-104,B,202307,12,812,0.0
E1,M13,104-1,C,SF-104,B,202308,13,838,1.0
E1,M13,104-1,C,SF-104,B,202309,14,864,1.0
E1,M13,104-1,C,SF-104,B,202310,15,890,1.0
E1,M13,104-1,C,SF-104,B,202311,16,916,0.0
E1,M13,104-1,C,SF-104,B,202312,17,942,2.0
E1,M13,104-1,C,SF-104,B,202401,18,968,1.0
E1,M13,104-1,C,SF-104,B,202402,19,994,0.0
E1,M13,104-1,C,SF-104,B,202403,20,1020,2.0
E1,M13,104-1,C,SF-104,B,202404,21,1046,3.0
E1,M13,104-1,C,SF-104,B,202405,22,1072,0.0
E1,M13,104-1,C,SF-104,B,202406,23,1098,0.0
E1,M13,104-1,C,SF-104,B,202407,24,1124,0.0
E1,M13,104-1,C,SF-104,B,202408,25,1150,0.0
E1,M13,104-1,C,SF-104,B,202409,26,1176,0.0
E1,M13,104-1,C,SF-104,B,202410,27,1202,0.0
E1,M13,104-1,C,SF-104,B,202411,28,1228,0.0
E1,M13,104-1,D,SF-104,B,202209,2,414,0.0
E1,M13,104-1,D,SF-104,B,202210,3,434,2.0
E1,M13,104-1,D,SF-104,B,202211,4,453,2.0
E1,M13,104-1,D,SF-104,B,202212,5,472,0.0
E1,M13,104-1,D,SF-104,B,202301,6,492,0.0
E1,M13,104-1,D,SF-104,B,202302,7,512,0.0
E1,M13,104-1,D,SF-104,B,202303,8,531,1.0
E1,M13,104-1,D,SF-104,B,202304,9,550,0.0
E1,M13,104-1,D,SF-104,B,202305,10,570,1.0
E1,M13,104-1,D,SF-104,B,202306,11,590,0.0
E1,M13,104-1,D,SF-104,B,202307,12,609,1.0
E1,M13,104-1,D,SF-104,B,202308,13,628,2.0
E1,M13,104-1,D,SF-104,B,202309,14,648,1.0
E1,M13,104-1,D,SF-104,B,202310,15,668,0.0
E1,M13,104-1,D,SF-104,B,202311,16,687,0.0
E1,M13,104-1,D,SF-104,B,202312,17,706,0.0
E1,M13,104-1,D,SF-104,B,202401,18,726,0.0
E1,M13,104-1,D,SF-104,B,202402,19,746,0.0
E1,M13,104-1,D,SF-104,B,202403,20,765,1.0
E1,M13,104-1,D,SF-104,B,202404,21,784,0.0
E1,M13,104-1,D,SF-104,B,202405,22,804,2.0
E1,M13,104-1,D,SF-104,B,202406,23,824,1.0
E1,M13,104-1,D,SF-104,B,202407,24,843,3.0
E1,M13,104-1,D,SF-104,B,202408,25,862,0.0
E1,M13,104-1,D,SF-104,B,202409,26,882,3.0
E1,M13,104-1,D,SF-104,B,202410,27,902,1.0
E1,M13,104-1,E,SF-104,B,202303,8,248,0.0
E1,M13,104-1,E,SF-104,B,202304,9,257,1.0
E1,M13,104-1,E,SF-104,B,202305,10,266,0.0
E1,M13,104-1,E,SF-104,B,202306,11,275,1.0
E1,M13,104-1,E,SF-104,B,202307,12,284,0.0
E1,M13,104-1,E,SF-104,B,202308,13,293,0.0
E1,M13,104-1,E,SF-104,B,202309,14,302,0.0
E1,M13,104-1,E,SF-104,B,202310,15,312,0.0
E1,M13,104-1,E,SF-104,B,202311,16,321,0.0
E1,M13,104-1,E,SF-104,B,202312,17,330,1.0
E1,M13,104-1,E,SF-104,B,202401,18,339,0.0
E1,M13,104-1,E,SF-104,B,202402,19,348,0.0
E1,M13,104-1,E,SF-104,B,202403,20,357,1.0
E1,M13,104-1,E,SF-104,B,202404,21,366,0.0
E1,M13,104-1,E,SF-104,B,202405,22,375,0.0
E1,M13,104-1,E,SF-104,B,202406,23,384,0.0
E1,M13,104-1,E,SF-104,B,202407,24,393,1.0
E1,M13,104-1,E,SF-104,B,202408,25,403,0.0
E1,M13,104-1,E,SF-104,B,202409,26,412,0.0
E1,M13,104-1,E,SF-104,B,202410,27,421,1.0
E1,M13,104-1,E,SF-104,B,202411,28,430,0.0
E1,M13,104-1,E,SF-104,B,202412,29,439,0.0
E1,M13,105-0,A,SF-105,B,202207,0,850,1.0
E1,M13,105-0,A,SF-105,B,202209,2,938,0.0
E1,M13,105-0,A,SF-105,B,202210,3,983,0.0
E1,M13,105-0,A,SF-105,B,202211,4,1027,1.0
E1,M13,105-0,A,SF-105,B,202212,5,1071,0.0
E1,M13,105-0,A,SF-105,B,202301,6,1115,1.0
E1,M13,105-0,A,SF-105,B,202302,7,1159,1.0
E1,M13,105-0,A,SF-105,B,202303,8,1204,0.0
E1,M13,105-0,A,SF-105,B,202304,9,1248,0.0
E1,M13,105-0,A,SF-105,B,202305,10,1292,0.0
E1,M13,105-0,A,SF-105,B,202306,11,1336,1.0
E1,M13,105-0,A,SF-105,B,202307,12,1380,0.0
E1,M13,105-0,A,SF-105,B,202308,13,1425,0.0
E1,M13,105-0,A,SF-105,B,202309,14,1469,3.0
E1,M13,105-0,A,SF-105,B,202310,15,1513,1.0
E1,M13,105-0,A,SF-105,B,202311,16,1557,0.0
E1,M13,105-0,A,SF-105,B,202312,17,1601,0.0
E1,M13,105-0,A,SF-105,B,202401,18,1646,1.0
E1,M13,105-0,A,SF-105,B,202402,19,1690,1.0
E1,M13,105-0,A,SF-105,B,202403,20,1734,0.0
E1,M13,105-0,A,SF-105,B,202404,21,1778,0.0
E1,M13,105-0,A,SF-105,B,202405,22,1822,0.0
E1,M13,105-0,A,SF-105,B,202406,23,1867,0.0
E1,M13,105-0,A,SF-105,B,202407,24,1911,1.0
E1,M13,105-0,A,SF-105,B,202408,25,1955,1.0
E1,M13,105-0,A,SF-105,B,202409,26,1999,1.0
E1,M13,105-0,A,SF-105,B,202410,27,2043,3.0
E1,M13,105-0,A,SF-105,B,202411,28,2088,0.0
E1,M13,105-0,A,SF-105,B,202412,29,2132,1.0
E1,M13,105-0,ALL,SF-105,B,202207,0,2500,2.0
E1,M13,105-0,ALL,SF-105,B,202208,1,2630,1.0
E1,M13,105-0,ALL,SF-105,B,202209,2,2760,1.0
E1,M13,105-0,ALL,SF-105,B,202210,3,2890,0.0
E1,M13,105-0,ALL,SF-105,B,202211,4,3020,1.0
E1,M13,105-0,ALL,SF-105,B,202212,5,3150,1.0
E1,M13,105-0,ALL,SF-105,B,202301,6,3280,3.0
E1,M13,105-0,ALL,SF-105,B,202302,7,3410,1.0
E1,M13,105-0,ALL,SF-105,B,202303,8,3540,0.0
E1,M13,105-0,ALL,SF-105,B,202304,9,3670,2.0
E1,M13,105-0,ALL,SF-105,B,202305,10,3800,1.0
E1,M13,105-0,ALL,SF-105,B,202306,11,3930,1.0
E1,M13,105-0,ALL,SF-105,B,202307,12,4060,2.0
E1,M13,105-0,ALL,SF-105,B,202308,13,4190,0.0
E1,M13,105-0,ALL,SF-105,B,202309,14,4320,3.0
E1,M13,105-0,ALL,SF-105,B,202310,15,4450,3.0
E1,M13,105-0,ALL,SF-105,B,202311,16,4580,1.0
E1,M13,105-0,ALL,SF-105,B,202312,17,4710,1.0
E1,M13,105-0,ALL,SF-105,B,202401,18,4840,3.0
E1,M13,105-0,ALL,SF-105,B,202402,19,4970,2.0
E1,M13,105-0,ALL,SF-105,B,202403,20,5100,1.0
E1,M13,105-0,ALL,SF-105,B,202404,21,5230,0.0
E1,M13,105-0,ALL,SF-105,B,202405,22,5360,0.0
E1,M13,105-0,ALL,SF-105,B,202406,23,5490,2.0
E1,M13,105-0,ALL,SF-105,B,202407,24,5620,1.0
E1,M13,105-0,ALL,SF-105,B,202408,25,5750,2.0
E1,M13,105-0,ALL,SF-105,B,202409,26,5880,2.0
E1,M13,105-0,ALL,SF-105,B,202410,27,6010,3.0
E1,M13,105-0,ALL,SF-105,B,202411,28,6140,0.0
E1,M13,105-0,ALL,SF-105,B,202412,29,6270,1.0
E1,M13,105-0,B,SF-105,B,202209,2,662,1.0
E1,M13,105-0,B,SF-105,B,202210,3,694,0.0
E1,M13,105-0,B,SF-105,B,202211,4,725,0.0
E1,M13,105-0,B,SF-105,B,202212,5,756,1.0
E1,M13,105-0,B,SF-105,B,202301,6,787,1.0
E1,M13,105-0,B,SF-105,B,202302,7,818,0.0
E1,M13,105-0,B,SF-105,B,202303,8,850,0.0
E1,M13,105-0,B,SF-105,B,202304,9,881,0.0
E1,M13,105-0,B,SF-105,B,202305,10,912,0.0
E1,M13,105-0,B,SF-105,B,202306,11,943,0.0
E1,M13,105-0,B,SF-105,B,202307,12,974,0.0
E1,M13,105-0,B,SF-105,B,202308,13,1006,0.0
E1,M13,105-0,B,SF-105,B,202309,14,1037,0.0
E1,M13,105-0,B,SF-105,B,202310,15,1068,1.0
E1,M13,105-0,B,SF-105,B,202311,16,1099,0.0
E1,M13,105-0,B,SF-105,B,202312,17,1130,1.0
E1,M13,105-0,B,SF-105,B,202401,18,1162,0.0
E1,M13,105-0,B,SF-105,B,202402,19,1193,0.0
E1,M13,105-0,B,SF-105,B,202403,20,1224,0.0
E1,M13,105-0,B,SF-105,B,202404,21,1255,0.0
E1,M13,105-0,B,SF-105,B,202405,22,1286,0.0
E1,M13,105-0,B,SF-105,B,202406,23,1318,1.0
E1,M13,105-0,B,SF-105,B,202407,24,1349,0.0
E1,M13,105-0,B,SF-105,B,202408,25,1380,0.0
E1,M13,105-0,B,SF-105,B,202409,26,1411,1.0
E1,M13,105-0,B,SF-105,B,202410,27,1442,0.0
E1,M13,105-0,B,SF-105,B,202411,28,1474,0.0
E1,M13,105-0,B,SF-105,B,202412,29,1505,0.0
E1,M13,105-0,C,SF-105,B,202208,1,526,1.0
E1,M13,105-0,C,SF-105,B,202209,2,552,0.0
E1,M13,105-0,C,SF-105,B,202210,3,578,0.0
E1,M13,105-0,C,SF-105,B,202211,4,604,0.0
E1,M13,105-0,C,SF-105,B,202212,5,630,0.0
E1,M13,105-0,C,SF-105,B,202301,6,656,0.0
E1,M13,105-0,C,SF-105,B,202302,7,682,0.0
E1,M13,105-0,C,SF-105,B,202303,8,708,0.0
E1,M13,105-0,C,SF-105,B,202304,9,734,2.0
E1,M13,105-0,C,SF-105,B,202305,10,760,1.0
E1,M13,105-0,C,SF-105,B,202306,11,786,0.0
E1,M13,105-0,C,SF-105,B,202307,12,812,0.0
E1,M13,105-0,C,SF-105,B,202308,13,838,0.0
E1,M13,105-0,C,SF-105,B,202309,14,864,0.0
E1,M13,105-0,C,SF-105,B,202310,15,890,1.0
E1,M13,105-0,C,SF-105,B,202311,16,916,1.0
E1,M13,105-0,C,SF-105,B,202312,17,942,0.0
E1,M13,105-0,C,SF-105,B,202401,18,968,0.0
E1,M13,105-0,C,SF-105,B,202402,19,994,1.0
E1,M13,105-0,C,SF-105,B,202403,20,1020,0.0
E1,M13,105-0,C,SF-105,B,202404,21,1046,0.0
E1,M13,105-0,C,SF-105,B,202405,22,1072,0.0
E1,M13,105-0,C,SF-105,B,202406,23,1098,0.0
E1,M13,105-0,C,SF-105,B,202407,24,1124,0.0
E1,M13,105-0,C,SF-105,B,202408,25,1150,1.0
E1,M13,105-0,C,SF-105,B,202409,26,1176,0.0
E1,M13,105-0,C,SF-105,B,202410,27,1202,0.0
E1,M13,105-0,C,SF-105,B,202411,28,1228,0.0
E1,M13,105-0,D,SF-105,B,202207,0,375,1.0
E1,M13,105-0,D,SF-105,B,202209,2,414,0.0
E1,M13,105-0,D,SF-105,B,202210,3,434,0.0
E1,M13,105-0,D,SF-105,B,202211,4,453,0.0
E1,M13,105-0,D,SF-105,B,202212,5,472,0.0
E1,M13,105-0,D,SF-105,B,202301,6,492,1.0
E1,M13,105-0,D,SF-105,B,202302,7,512,0.0
E1,M13,105-0,D,SF-105,B,202303,8,531,0.0
E1,M13,105-0,D,SF-105,B,202304,9,550,0.0
E1,M13,105-0,D,SF-105,B,202305,10,570,0.0
E1,M13,105-0,D,SF-105,B,202306,11,590,0.0
E1,M13,105-0,D,SF-105,B,202307,12,609,1.0
E1,M13,105-0,D,SF-105,B,202308,13,628,0.0
E1,M13,105-0,D,SF-105,B,202309,14,648,0.0
E1,M13,105-0,D,SF-105,B,202310,15,668,0.0
E1,M13,105-0,D,SF-105,B,202311,16,687,0.0
E1,M13,105-0,D,SF-105,B,202312,17,706,0.0
E1,M13,105-0,D,SF-105,B,202401,18,726,1.0
E1,M13,105-0,D,SF-105,B,202402,19,746,0.0
E1,M13,105-0,D,SF-105,B,202403,20,765,1.0
E1,M13,105-0,D,SF-105,B,202404,21,784,0.0
E1,M13,105-0,D,SF-105,B,202405,22,804,0.0
E1,M13,105-0,D,SF-105,B,202406,23,824,0.0
E1,M13,105-0,D,SF-105,B,202407,24,843,0.0
E1,M13,105-0,D,SF-105,B,202408,25,862,0.0
E1,M13,105-0,D,SF-105,B,202409,26,882,0.0
E1,M13,105-0,D,SF-105,B,202410,27,902,0.0
E1,M13,105-0,E,SF-105,B,202303,8,248,0.0
E1,M13,105-0,E,SF-105,B,202304,9,257,0.0
E1,M13,105-0,E,SF-105,B,202305,10,266,0.0
E1,M13,105-0,E,SF-105,B,202306,11,275,0.0
E1,M13,105-0,E,SF-105,B,202307,12,284,1.0
E1,M13,105-0,E,SF-105,B,202308,13,293,0.0
E1,M13,105-0,E,SF-105,B,202309,14,302,0.0
E1,M13,105-0,E,SF-105,B,202310,15,312,0.0
E1,M13,105-0,E,SF-105,B,202311,16,321,0.0
E1,M13,105-0,E,SF-105,B,202312,17,330,0.0
E1,M13,105-0,E,SF-105,B,202401,18,339,1.0
E1,M13,105-0,E,SF-105,B,202402,19,348,0.0
E1,M13,105-0,E,SF-105,B,202403,20,357,0.0
E1,M13,105-0,E,SF-105,B,202404,21,366,0.0
E1,M13,105-0,E,SF-105,B,202405,22,375,0.0
E1,M13,105-0,E,SF-105,B,202406,23,384,1.0
E1,M13,105-0,E,SF-105,B,202407,24,393,0.0
E1,M13,105-0,E,SF-105,B,202408,25,403,0.0
E1,M13,105-0,E,SF-105,B,202409,26,412,0.0
E1,M13,105-0,E,SF-105,B,202410,27,421,0.0
E1,M13,105-0,E,SF-105,B,202411,28,430,0.0
E1,M13,105-0,E,SF-105,B,202412,29,439,0.0
